ISO-10303-21;
HEADER;
FILE_DESCRIPTION (( 'STEP AP214' ),
    '1' );
FILE_NAME ('亚克力板.STEP',
    '2026-08-08T03:31:46',
    ( '' ),
    ( '' ),
    'SwSTEP 2.0',
    'SolidWorks 2022',
    '' );
FILE_SCHEMA (( 'AUTOMOTIVE_DESIGN' ));
ENDSEC;

DATA;
#1 = EDGE_CURVE ( 'NONE', #1742, #3137, #11191, .T. ) ;
#2 = LINE ( 'NONE', #9280, #6966 ) ;
#3 = EDGE_LOOP ( 'NONE', ( #5548, #9878, #4991, #3847 ) ) ;
#4 = AXIS2_PLACEMENT_3D ( 'NONE', #5730, #9480, #8560 ) ;
#5 = CARTESIAN_POINT ( 'NONE',  ( 67.99999999999955946, 51.00000000000085265, 0.000000000000000000 ) ) ;
#6 = CARTESIAN_POINT ( 'NONE',  ( -52.99999999999986500, 16.99999999999977973, 5.000000000000000000 ) ) ;
#7 = CARTESIAN_POINT ( 'NONE',  ( -75.97499999999996589, 75.97499999999998010, 5.000000000000000000 ) ) ;
#8 = CARTESIAN_POINT ( 'NONE',  ( 75.97499999999996589, -75.97499999999998010, 5.000000000000000000 ) ) ;
#9 = DIRECTION ( 'NONE',  ( -0.000000000000000000, -0.000000000000000000, 1.000000000000000000 ) ) ;
#10 = ORIENTED_EDGE ( 'NONE', *, *, #11259, .T. ) ;
#11 = DIRECTION ( 'NONE',  ( 1.000000000000000000, 0.000000000000000000, 0.000000000000000000 ) ) ;
#12 = CARTESIAN_POINT ( 'NONE',  ( -35.99999999999957367, -85.00000000000082423, 0.000000000000000000 ) ) ;
#13 = ORIENTED_EDGE ( 'NONE', *, *, #6232, .T. ) ;
#14 = ORIENTED_EDGE ( 'NONE', *, *, #355, .F. ) ;
#15 = EDGE_CURVE ( 'NONE', #11682, #6747, #2, .T. ) ;
#16 = VECTOR ( 'NONE', #8890, 1000.000000000000000 ) ;
#17 = ORIENTED_EDGE ( 'NONE', *, *, #6976, .T. ) ;
#18 = CARTESIAN_POINT ( 'NONE',  ( 84.99999999999995737, -84.99999999999998579, 0.000000000000000000 ) ) ;
#19 = ORIENTED_EDGE ( 'NONE', *, *, #9144, .F. ) ;
#20 = FACE_BOUND ( 'NONE', #5463, .T. ) ;
#21 = AXIS2_PLACEMENT_3D ( 'NONE', #1939, #5686, #8447 ) ;
#22 = DIRECTION ( 'NONE',  ( -0.000000000000000000, -0.000000000000000000, 1.000000000000000000 ) ) ;
#23 = CARTESIAN_POINT ( 'NONE',  ( 15.00000000000000533, 5.159159451845745607E-14, -0.000000000000000000 ) ) ;
#24 = ORIENTED_EDGE ( 'NONE', *, *, #1524, .T. ) ;
#25 = DIRECTION ( 'NONE',  ( 0.000000000000000000, -0.000000000000000000, 1.000000000000000000 ) ) ;
#26 = LINE ( 'NONE', #8634, #5725 ) ;
#27 = ORIENTED_EDGE ( 'NONE', *, *, #9230, .T. ) ;
#28 = ORIENTED_EDGE ( 'NONE', *, *, #5693, .F. ) ;
#29 = CARTESIAN_POINT ( 'NONE',  ( -36.00000000000015632, 85.00000000000038369, 5.000000000000000000 ) ) ;
#30 = EDGE_CURVE ( 'NONE', #9508, #3833, #491, .T. ) ;
#31 = PRESENTATION_LAYER_ASSIGNMENT (  '', '', ( #5930 ) ) ;
#32 = VECTOR ( 'NONE', #296, 1000.000000000000000 ) ;
#33 = EDGE_LOOP ( 'NONE', ( #9299, #3172, #5375, #6866 ) ) ;
#34 = ORIENTED_EDGE ( 'NONE', *, *, #5394, .T. ) ;
#35 = ORIENTED_EDGE ( 'NONE', *, *, #9638, .F. ) ;
#36 = CARTESIAN_POINT ( 'NONE',  ( 114.9999999999999432, -15.00000000000001066, 5.000000000000000000 ) ) ;
#37 = CARTESIAN_POINT ( 'NONE',  ( 32.00000000000009948, -68.00000000000022737, 0.000000000000000000 ) ) ;
#38 = CARTESIAN_POINT ( 'NONE',  ( 1.999999999999542144, 130.0000000000000000, 5.000000000000000000 ) ) ;
#39 = FACE_BOUND ( 'NONE', #11124, .T. ) ;
#40 = CARTESIAN_POINT ( 'NONE',  ( 50.99999999999968026, 34.00000000000059686, 0.000000000000000000 ) ) ;
#41 = VECTOR ( 'NONE', #2299, 1000.000000000000000 ) ;
#42 = EDGE_LOOP ( 'NONE', ( #10022, #11911 ) ) ;
#43 = AXIS2_PLACEMENT_3D ( 'NONE', #4211, #7965, #9808 ) ;
#44 = CARTESIAN_POINT ( 'NONE',  ( -16.99999999999987566, -17.00000000000022382, 0.000000000000000000 ) ) ;
#45 = DIRECTION ( 'NONE',  ( 0.000000000000000000, 0.000000000000000000, -1.000000000000000000 ) ) ;
#46 = ORIENTED_EDGE ( 'NONE', *, *, #10512, .F. ) ;
#47 = AXIS2_PLACEMENT_3D ( 'NONE', #2010, #3721, #4841 ) ;
#48 = AXIS2_PLACEMENT_3D ( 'NONE', #2462, #1539, #9026 ) ;
#49 = ORIENTED_EDGE ( 'NONE', *, *, #5851, .T. ) ;
#50 = VECTOR ( 'NONE', #12098, 1000.000000000000000 ) ;
#51 = CARTESIAN_POINT ( 'NONE',  ( 3.595712070532895536E-13, -79.02499999999960778, 5.000000000000000000 ) ) ;
#52 = DIRECTION ( 'NONE',  ( 1.000000000000000000, 0.000000000000000000, 0.000000000000000000 ) ) ;
#53 = ADVANCED_FACE ( 'NONE', ( #1050 ), #10342, .F. ) ;
#54 = ADVANCED_FACE ( 'NONE', ( #4860 ), #862, .F. ) ;
#55 = DIRECTION ( 'NONE',  ( -0.000000000000000000, -0.000000000000000000, 1.000000000000000000 ) ) ;
#56 = VERTEX_POINT ( 'NONE', #5723 ) ;
#57 = CARTESIAN_POINT ( 'NONE',  ( 19.00000000000022382, -85.00000000000046896, 0.000000000000000000 ) ) ;
#58 = DIRECTION ( 'NONE',  ( 0.000000000000000000, 0.000000000000000000, 1.000000000000000000 ) ) ;
#59 = VECTOR ( 'NONE', #6198, 1000.000000000000000 ) ;
#60 = ORIENTED_EDGE ( 'NONE', *, *, #2117, .T. ) ;
#61 = DIRECTION ( 'NONE',  ( -0.000000000000000000, -0.000000000000000000, 1.000000000000000000 ) ) ;
#62 = CYLINDRICAL_SURFACE ( 'NONE', #10653, 15.00000000000000000 ) ;
#63 = CARTESIAN_POINT ( 'NONE',  ( -31.99999999999968026, -51.00000000000058975, 5.000000000000000000 ) ) ;
#64 = AXIS2_PLACEMENT_3D ( 'NONE', #9975, #5248, #10093 ) ;
#65 = EDGE_CURVE ( 'NONE', #6278, #10556, #8552, .T. ) ;
#66 = LINE ( 'NONE', #9536, #5003 ) ;
#67 = EDGE_CURVE ( 'NONE', #788, #5136, #87, .T. ) ;
#68 = AXIS2_PLACEMENT_3D ( 'NONE', #11468, #6725, #2065 ) ;
#69 = ORIENTED_EDGE ( 'NONE', *, *, #6021, .F. ) ;
#70 = VECTOR ( 'NONE', #1538, 1000.000000000000000 ) ;
#71 = CARTESIAN_POINT ( 'NONE',  ( -75.97499999999996589, 90.97500000000002274, 5.000000000000000000 ) ) ;
#72 = EDGE_CURVE ( 'NONE', #3718, #3374, #66, .T. ) ;
#73 = EDGE_CURVE ( 'NONE', #8170, #760, #9351, .T. ) ;
#74 = FACE_OUTER_BOUND ( 'NONE', #6439, .T. ) ;
#75 = CARTESIAN_POINT ( 'NONE',  ( -53.00000000000003553, 68.00000000000014211, 0.000000000000000000 ) ) ;
#76 = DIRECTION ( 'NONE',  ( -0.000000000000000000, -0.000000000000000000, 1.000000000000000000 ) ) ;
#77 = LINE ( 'NONE', #2901, #1686 ) ;
#78 = EDGE_LOOP ( 'NONE', ( #7979, #2560 ) ) ;
#79 = DIRECTION ( 'NONE',  ( 1.000000000000000000, 0.000000000000000000, 0.000000000000000000 ) ) ;
#80 = DIRECTION ( 'NONE',  ( 0.000000000000000000, 0.000000000000000000, 1.000000000000000000 ) ) ;
#81 = ORIENTED_EDGE ( 'NONE', *, *, #9840, .F. ) ;
#82 = ORIENTED_EDGE ( 'NONE', *, *, #10146, .T. ) ;
#83 = VECTOR ( 'NONE', #3372, 1000.000000000000000 ) ;
#84 = CIRCLE ( 'NONE', #3428, 2.000000000000001776 ) ;
#85 = EDGE_CURVE ( 'NONE', #10355, #6491, #3812, .T. ) ;
#86 = VERTEX_POINT ( 'NONE', #5533 ) ;
#87 = CIRCLE ( 'NONE', #4401, 2.000000000000001776 ) ;
#88 = FACE_OUTER_BOUND ( 'NONE', #2862, .T. ) ;
#89 = ADVANCED_FACE ( 'NONE', ( #7505 ), #1917, .F. ) ;
#90 = EDGE_LOOP ( 'NONE', ( #303, #10149, #11268, #8828 ) ) ;
#91 = FACE_BOUND ( 'NONE', #9607, .T. ) ;
#92 = CIRCLE ( 'NONE', #1077, 2.000000000000001776 ) ;
#93 = DIRECTION ( 'NONE',  ( 1.000000000000000000, 0.000000000000000000, 0.000000000000000000 ) ) ;
#94 = PLANE ( 'NONE',  #968 ) ;
#95 = VERTEX_POINT ( 'NONE', #11381 ) ;
#96 = DIRECTION ( 'NONE',  ( -0.000000000000000000, -0.000000000000000000, 1.000000000000000000 ) ) ;
#97 = DIRECTION ( 'NONE',  ( -0.000000000000000000, -0.000000000000000000, -1.000000000000000000 ) ) ;
#98 = VERTEX_POINT ( 'NONE', #2832 ) ;
#99 = VERTEX_POINT ( 'NONE', #11323 ) ;
#100 = CARTESIAN_POINT ( 'NONE',  ( -17.00000000000004263, 34.00000000000012790, 5.000000000000000000 ) ) ;
#101 = AXIS2_PLACEMENT_3D ( 'NONE', #10195, #1771, #1598 ) ;
#102 = VECTOR ( 'NONE', #11135, 1000.000000000000000 ) ;
#103 = ORIENTED_EDGE ( 'NONE', *, *, #1042, .T. ) ;
#104 = ORIENTED_EDGE ( 'NONE', *, *, #3905, .F. ) ;
#105 = EDGE_CURVE ( 'NONE', #6853, #1946, #5210, .T. ) ;
#106 = ORIENTED_EDGE ( 'NONE', *, *, #2031, .F. ) ;
#107 = DIRECTION ( 'NONE',  ( 0.000000000000000000, 0.000000000000000000, 1.000000000000000000 ) ) ;
#108 = FACE_OUTER_BOUND ( 'NONE', #2498, .T. ) ;
#109 = FACE_OUTER_BOUND ( 'NONE', #3418, .T. ) ;
#110 = AXIS2_PLACEMENT_3D ( 'NONE', #7859, #4232, #3311 ) ;
#111 = FACE_BOUND ( 'NONE', #10565, .T. ) ;
#112 = CARTESIAN_POINT ( 'NONE',  ( 30.00000000000120082, -100.0000000000000142, 0.000000000000000000 ) ) ;
#113 = EDGE_LOOP ( 'NONE', ( #274, #1147, #8944, #2173 ) ) ;
#114 = CIRCLE ( 'NONE', #5412, 2.000000000000000000 ) ;
#115 = CARTESIAN_POINT ( 'NONE',  ( 34.00000000000009948, -68.00000000000022737, 5.000000000000000000 ) ) ;
#116 = CARTESIAN_POINT ( 'NONE',  ( 16.99999999999964118, 85.00000000000073896, 0.000000000000000000 ) ) ;
#117 = ORIENTED_EDGE ( 'NONE', *, *, #355, .T. ) ;
#118 = VERTEX_POINT ( 'NONE', #2954 ) ;
#119 = AXIS2_PLACEMENT_3D ( 'NONE', #6497, #8276, #10251 ) ;
#120 = CARTESIAN_POINT ( 'NONE',  ( -130.0000000000000000, 0.000000000000000000, 5.000000000000000000 ) ) ;
#121 = DIRECTION ( 'NONE',  ( 0.000000000000000000, 0.000000000000000000, 1.000000000000000000 ) ) ;
#122 = LINE ( 'NONE', #7622, #6006 ) ;
#123 = ORIENTED_EDGE ( 'NONE', *, *, #6817, .F. ) ;
#124 = DIRECTION ( 'NONE',  ( 0.000000000000000000, 0.000000000000000000, 1.000000000000000000 ) ) ;
#125 = CARTESIAN_POINT ( 'NONE',  ( 15.00000000000001954, 1.539941579911829628E-13, 5.000000000000000000 ) ) ;
#126 = ORIENTED_EDGE ( 'NONE', *, *, #5131, .F. ) ;
#127 = LINE ( 'NONE', #8478, #2625 ) ;
#128 = CARTESIAN_POINT ( 'NONE',  ( -67.99999999999991473, 50.99999999999990763, 0.000000000000000000 ) ) ;
#129 = DIRECTION ( 'NONE',  ( 1.026627719941218321E-14, -1.000000000000000000, 0.000000000000000000 ) ) ;
#130 = EDGE_CURVE ( 'NONE', #5279, #8294, #8734, .T. ) ;
#131 = ORIENTED_EDGE ( 'NONE', *, *, #2641, .T. ) ;
#132 = ORIENTED_EDGE ( 'NONE', *, *, #11643, .T. ) ;
#133 = DIRECTION ( 'NONE',  ( 0.000000000000000000, 0.000000000000000000, 1.000000000000000000 ) ) ;
#134 = CARTESIAN_POINT ( 'NONE',  ( 52.99999999999968026, 34.00000000000059686, 0.000000000000000000 ) ) ;
#135 = CYLINDRICAL_SURFACE ( 'NONE', #11479, 15.00000000000000000 ) ;
#136 = CARTESIAN_POINT ( 'NONE',  ( 67.99999999999961631, 34.00000000000071054, 0.000000000000000000 ) ) ;
#137 = DIRECTION ( 'NONE',  ( -0.000000000000000000, -0.000000000000000000, 1.000000000000000000 ) ) ;
#138 = ORIENTED_EDGE ( 'NONE', *, *, #8554, .T. ) ;
#139 = EDGE_CURVE ( 'NONE', #9004, #12058, #870, .T. ) ;
#140 = CARTESIAN_POINT ( 'NONE',  ( 84.99999999999937472, 85.00000000000120792, 0.000000000000000000 ) ) ;
#141 = CARTESIAN_POINT ( 'NONE',  ( 15.00000000000120082, -115.0000000000001705, 5.000000000000000000 ) ) ;
#142 = ORIENTED_EDGE ( 'NONE', *, *, #11115, .F. ) ;
#143 = ORIENTED_EDGE ( 'NONE', *, *, #11341, .T. ) ;
#144 = EDGE_CURVE ( 'NONE', #8389, #4888, #11685, .T. ) ;
#145 = ORIENTED_EDGE ( 'NONE', *, *, #6689, .F. ) ;
#146 = LINE ( 'NONE', #2908, #3715 ) ;
#147 = ORIENTED_EDGE ( 'NONE', *, *, #1977, .T. ) ;
#148 = CARTESIAN_POINT ( 'NONE',  ( -17.00000000000011369, 51.00000000000024158, 5.000000000000000000 ) ) ;
#149 = ADVANCED_FACE ( 'NONE', ( #5789 ), #12115, .T. ) ;
#150 = LINE ( 'NONE', #4826, #12047 ) ;
#151 = CARTESIAN_POINT ( 'NONE',  ( -65.99999999999948841, -68.00000000000095213, 5.000000000000000000 ) ) ;
#152 = ORIENTED_EDGE ( 'NONE', *, *, #7458, .T. ) ;
#153 = ADVANCED_FACE ( 'NONE', ( #7389 ), #5048, .F. ) ;
#154 = ADVANCED_FACE ( 'NONE', ( #316 ), #9839, .F. ) ;
#155 = CARTESIAN_POINT ( 'NONE',  ( 84.99999999999990052, -67.99999999999987210, 0.000000000000000000 ) ) ;
#156 = DIRECTION ( 'NONE',  ( 0.000000000000000000, 1.000000000000000000, -0.000000000000000000 ) ) ;
#157 = ORIENTED_EDGE ( 'NONE', *, *, #6767, .T. ) ;
#158 = ORIENTED_EDGE ( 'NONE', *, *, #8405, .T. ) ;
#159 = CARTESIAN_POINT ( 'NONE',  ( -48.99999999999950262, -85.00000000000093792, 0.000000000000000000 ) ) ;
#160 = EDGE_LOOP ( 'NONE', ( #3681, #12008 ) ) ;
#161 = EDGE_LOOP ( 'NONE', ( #7446, #11390 ) ) ;
#162 = ORIENTED_EDGE ( 'NONE', *, *, #1587, .F. ) ;
#163 = CARTESIAN_POINT ( 'NONE',  ( -82.99999999999988631, 67.99999999999990052, 5.000000000000000000 ) ) ;
#164 = DIRECTION ( 'NONE',  ( -0.000000000000000000, -0.000000000000000000, 1.000000000000000000 ) ) ;
#165 = DIRECTION ( 'NONE',  ( 1.000000000000000000, 0.000000000000000000, 0.000000000000000000 ) ) ;
#166 = CARTESIAN_POINT ( 'NONE',  ( 86.99999999999990052, -67.99999999999987210, 0.000000000000000000 ) ) ;
#167 = ORIENTED_EDGE ( 'NONE', *, *, #1418, .T. ) ;
#168 = DIRECTION ( 'NONE',  ( -0.000000000000000000, -0.000000000000000000, 1.000000000000000000 ) ) ;
#169 = AXIS2_PLACEMENT_3D ( 'NONE', #12107, #569, #4313 ) ;
#170 = EDGE_CURVE ( 'NONE', #7787, #8744, #7949, .T. ) ;
#171 = ORIENTED_EDGE ( 'NONE', *, *, #7955, .F. ) ;
#172 = ORIENTED_EDGE ( 'NONE', *, *, #6320, .T. ) ;
#173 = AXIS2_PLACEMENT_3D ( 'NONE', #4960, #8458, #2081 ) ;
#174 = FACE_OUTER_BOUND ( 'NONE', #9832, .T. ) ;
#175 = DIRECTION ( 'NONE',  ( 1.000000000000000000, 0.000000000000000000, 0.000000000000000000 ) ) ;
#176 = FACE_OUTER_BOUND ( 'NONE', #9813, .T. ) ;
#177 = ORIENTED_EDGE ( 'NONE', *, *, #10720, .T. ) ;
#178 = CARTESIAN_POINT ( 'NONE',  ( -16.99999999999964118, -85.00000000000069633, 0.000000000000000000 ) ) ;
#179 = CARTESIAN_POINT ( 'NONE',  ( 69.99999999999967315, 17.00000000000059686, 5.000000000000000000 ) ) ;
#180 = ORIENTED_EDGE ( 'NONE', *, *, #967, .T. ) ;
#181 = DIRECTION ( 'NONE',  ( -0.000000000000000000, -0.000000000000000000, 1.000000000000000000 ) ) ;
#182 = DIRECTION ( 'NONE',  ( -0.7071067811865485719, 0.7071067811865465735, 0.000000000000000000 ) ) ;
#183 = EDGE_CURVE ( 'NONE', #2250, #11915, #8533, .T. ) ;
#184 = VECTOR ( 'NONE', #1489, 1000.000000000000000 ) ;
#185 = CARTESIAN_POINT ( 'NONE',  ( 50.99999999999973710, 17.00000000000048672, 0.000000000000000000 ) ) ;
#186 = ORIENTED_EDGE ( 'NONE', *, *, #10835, .F. ) ;
#187 = ORIENTED_EDGE ( 'NONE', *, *, #2986, .F. ) ;
#188 = EDGE_CURVE ( 'NONE', #9172, #7520, #6193, .T. ) ;
#189 = CARTESIAN_POINT ( 'NONE',  ( -16.99999999999969447, -68.00000000000058265, 5.000000000000000000 ) ) ;
#190 = CARTESIAN_POINT ( 'NONE',  ( 79.02499999999996305, 75.97499999999998010, 5.000000000000000000 ) ) ;
#191 = CIRCLE ( 'NONE', #11395, 2.000000000000000000 ) ;
#192 = DIRECTION ( 'NONE',  ( -0.000000000000000000, -0.000000000000000000, -1.000000000000000000 ) ) ;
#193 = ADVANCED_FACE ( 'NONE', ( #1173 ), #9653, .F. ) ;
#194 = DIRECTION ( 'NONE',  ( -0.000000000000000000, -0.000000000000000000, 1.000000000000000000 ) ) ;
#195 = ORIENTED_EDGE ( 'NONE', *, *, #1301, .T. ) ;
#196 = AXIS2_PLACEMENT_3D ( 'NONE', #4038, #3176, #5219 ) ;
#197 = CARTESIAN_POINT ( 'NONE',  ( 0.000000000000000000, 0.000000000000000000, 5.000000000000000000 ) ) ;
#198 = CARTESIAN_POINT ( 'NONE',  ( -69.99999999999954525, -51.00000000000082423, 5.000000000000000000 ) ) ;
#199 = VERTEX_POINT ( 'NONE', #252 ) ;
#200 = ORIENTED_EDGE ( 'NONE', *, *, #1599, .F. ) ;
#201 = CIRCLE ( 'NONE', #3351, 2.000000000000001776 ) ;
#202 = ORIENTED_EDGE ( 'NONE', *, *, #7088, .T. ) ;
#203 = DIRECTION ( 'NONE',  ( 1.000000000000000000, 0.000000000000000000, 0.000000000000000000 ) ) ;
#204 = VERTEX_POINT ( 'NONE', #11625 ) ;
#205 = CARTESIAN_POINT ( 'NONE',  ( -69.99999999999980105, 16.99999999999965539, 0.000000000000000000 ) ) ;
#206 = DIRECTION ( 'NONE',  ( 0.000000000000000000, 0.000000000000000000, 1.000000000000000000 ) ) ;
#207 = CARTESIAN_POINT ( 'NONE',  ( 35.99999999999974420, 34.00000000000047606, 0.000000000000000000 ) ) ;
#208 = EDGE_CURVE ( 'NONE', #4664, #5912, #2060, .T. ) ;
#209 = EDGE_CURVE ( 'NONE', #3658, #5918, #7757, .T. ) ;
#210 = CARTESIAN_POINT ( 'NONE',  ( -1.999999999999751088, -68.00000000000044054, 5.000000000000000000 ) ) ;
#211 = DIRECTION ( 'NONE',  ( -0.000000000000000000, -0.000000000000000000, 1.000000000000000000 ) ) ;
#212 = CIRCLE ( 'NONE', #1774, 2.000000000000001776 ) ;
#213 = ORIENTED_EDGE ( 'NONE', *, *, #217, .T. ) ;
#214 = ORIENTED_EDGE ( 'NONE', *, *, #9144, .T. ) ;
#215 = LINE ( 'NONE', #1143, #445 ) ;
#216 = AXIS2_PLACEMENT_3D ( 'NONE', #3436, #4589, #3607 ) ;
#217 = EDGE_CURVE ( 'NONE', #1420, #6400, #10103, .T. ) ;
#218 = ORIENTED_EDGE ( 'NONE', *, *, #951, .F. ) ;
#219 = ADVANCED_FACE ( 'NONE', ( #3997 ), #9781, .F. ) ;
#220 = VERTEX_POINT ( 'NONE', #7935 ) ;
#221 = ADVANCED_FACE ( 'NONE', ( #11564 ), #11513, .F. ) ;
#222 = DIRECTION ( 'NONE',  ( -0.000000000000000000, -0.000000000000000000, 1.000000000000000000 ) ) ;
#223 = VERTEX_POINT ( 'NONE', #6768 ) ;
#224 = CARTESIAN_POINT ( 'NONE',  ( -35.99999999999957367, -85.00000000000082423, 5.000000000000000000 ) ) ;
#225 = CARTESIAN_POINT ( 'NONE',  ( -82.99999999999978684, 33.99999999999964473, 5.000000000000000000 ) ) ;
#226 = CARTESIAN_POINT ( 'NONE',  ( 35.99999999999969447, 51.00000000000059686, 0.000000000000000000 ) ) ;
#227 = EDGE_CURVE ( 'NONE', #5316, #10329, #7756, .T. ) ;
#228 = FACE_OUTER_BOUND ( 'NONE', #9464, .T. ) ;
#229 = ORIENTED_EDGE ( 'NONE', *, *, #5665, .F. ) ;
#230 = DIRECTION ( 'NONE',  ( 0.000000000000000000, 0.000000000000000000, 1.000000000000000000 ) ) ;
#231 = LINE ( 'NONE', #2200, #3787 ) ;
#232 = VECTOR ( 'NONE', #1511, 1000.000000000000000 ) ;
#233 = CIRCLE ( 'NONE', #11025, 2.000000000000001776 ) ;
#234 = ORIENTED_EDGE ( 'NONE', *, *, #5851, .F. ) ;
#235 = EDGE_CURVE ( 'NONE', #4243, #2876, #3266, .T. ) ;
#236 = ORIENTED_EDGE ( 'NONE', *, *, #8629, .T. ) ;
#237 = AXIS2_PLACEMENT_3D ( 'NONE', #1248, #2352, #5861 ) ;
#238 = CIRCLE ( 'NONE', #7117, 2.000000000000001776 ) ;
#239 = CARTESIAN_POINT ( 'NONE',  ( -2.000000000000167422, 51.00000000000031974, 0.000000000000000000 ) ) ;
#240 = CARTESIAN_POINT ( 'NONE',  ( 0.000000000000000000, 100.0000000000000142, 5.000000000000000000 ) ) ;
#241 = ADVANCED_FACE ( 'NONE', ( #10759 ), #8609, .F. ) ;
#242 = DIRECTION ( 'NONE',  ( 0.000000000000000000, 0.000000000000000000, 1.000000000000000000 ) ) ;
#243 = EDGE_LOOP ( 'NONE', ( #5448, #3538, #9835, #2645 ) ) ;
#244 = PLANE ( 'NONE',  #5325 ) ;
#245 = DIRECTION ( 'NONE',  ( 1.000000000000000000, 0.000000000000000000, 0.000000000000000000 ) ) ;
#246 = VERTEX_POINT ( 'NONE', #5910 ) ;
#247 = PLANE ( 'NONE',  #9502 ) ;
#248 = CARTESIAN_POINT ( 'NONE',  ( -17.00000000000011369, 51.00000000000024158, 0.000000000000000000 ) ) ;
#249 = AXIS2_PLACEMENT_3D ( 'NONE', #5337, #777, #11973 ) ;
#250 = AXIS2_PLACEMENT_3D ( 'NONE', #2587, #6342, #8065 ) ;
#251 = AXIS2_PLACEMENT_3D ( 'NONE', #8016, #2488, #1617 ) ;
#252 = CARTESIAN_POINT ( 'NONE',  ( 79.02499999999996305, -90.97500000000000853, 0.000000000000000000 ) ) ;
#253 = VERTEX_POINT ( 'NONE', #1417 ) ;
#254 = ORIENTED_EDGE ( 'NONE', *, *, #2257, .F. ) ;
#255 = FACE_OUTER_BOUND ( 'NONE', #8077, .T. ) ;
#256 = ADVANCED_FACE ( 'NONE', ( #7813 ), #3136, .F. ) ;
#257 = DIRECTION ( 'NONE',  ( 0.000000000000000000, 0.000000000000000000, 1.000000000000000000 ) ) ;
#258 = CIRCLE ( 'NONE', #3196, 2.000000000000001776 ) ;
#259 = AXIS2_PLACEMENT_3D ( 'NONE', #10770, #2586, #1668 ) ;
#260 = DIRECTION ( 'NONE',  ( 0.000000000000000000, 0.000000000000000000, 1.000000000000000000 ) ) ;
#262 = DIRECTION ( 'NONE',  ( 0.000000000000000000, 0.000000000000000000, 1.000000000000000000 ) ) ;
#261 = AXIS2_PLACEMENT_3D ( 'NONE', #2515, #7010, #9901 ) ;
#263 = VERTEX_POINT ( 'NONE', #11814 ) ;
#264 = CARTESIAN_POINT ( 'NONE',  ( -31.99999999999968026, -51.00000000000058975, 0.000000000000000000 ) ) ;
#265 = DIRECTION ( 'NONE',  ( 1.000000000000000000, 0.000000000000000000, 0.000000000000000000 ) ) ;
#266 = EDGE_LOOP ( 'NONE', ( #2926, #7614 ) ) ;
#267 = ORIENTED_EDGE ( 'NONE', *, *, #9859, .T. ) ;
#268 = AXIS2_PLACEMENT_3D ( 'NONE', #3649, #4829, #25 ) ;
#269 = AXIS2_PLACEMENT_3D ( 'NONE', #7832, #206, #6908 ) ;
#270 = AXIS2_PLACEMENT_3D ( 'NONE', #4968, #11423, #4847 ) ;
#271 = CIRCLE ( 'NONE', #6938, 2.000000000000001776 ) ;
#272 = ORIENTED_EDGE ( 'NONE', *, *, #5394, .F. ) ;
#273 = CARTESIAN_POINT ( 'NONE',  ( 52.99999999999991473, -33.99999999999987210, 5.000000000000000000 ) ) ;
#274 = ORIENTED_EDGE ( 'NONE', *, *, #2398, .F. ) ;
#275 = CARTESIAN_POINT ( 'NONE',  ( -4.163336342344337027E-14, 17.00000000000009948, 0.000000000000000000 ) ) ;
#276 = LINE ( 'NONE', #4021, #3216 ) ;
#277 = DIRECTION ( 'NONE',  ( 0.000000000000000000, 0.000000000000000000, 1.000000000000000000 ) ) ;
#278 = CIRCLE ( 'NONE', #2440, 2.000000000000000888 ) ;
#279 = LINE ( 'NONE', #8811, #1441 ) ;
#280 = CARTESIAN_POINT ( 'NONE',  ( 79.02499999999996305, 79.02499999999997726, 5.000000000000000000 ) ) ;
#281 = ORIENTED_EDGE ( 'NONE', *, *, #1054, .F. ) ;
#282 = VECTOR ( 'NONE', #6455, 1000.000000000000000 ) ;
#283 = ORIENTED_EDGE ( 'NONE', *, *, #3582, .T. ) ;
#284 = FACE_OUTER_BOUND ( 'NONE', #9486, .T. ) ;
#285 = ORIENTED_EDGE ( 'NONE', *, *, #7416, .F. ) ;
#286 = EDGE_CURVE ( 'NONE', #2752, #10756, #11758, .T. ) ;
#287 = VERTEX_POINT ( 'NONE', #434 ) ;
#288 = VECTOR ( 'NONE', #6151, 1000.000000000000000 ) ;
#289 = CYLINDRICAL_SURFACE ( 'NONE', #11075, 2.000000000000001776 ) ;
#290 = EDGE_LOOP ( 'NONE', ( #6737, #10088 ) ) ;
#291 = LINE ( 'NONE', #4035, #2064 ) ;
#292 = CARTESIAN_POINT ( 'NONE',  ( -33.99999999999968026, -51.00000000000058975, 5.000000000000000000 ) ) ;
#293 = DIRECTION ( 'NONE',  ( 1.000000000000000000, 0.000000000000000000, 0.000000000000000000 ) ) ;
#294 = DIRECTION ( 'NONE',  ( 1.000000000000000000, 0.000000000000000000, 0.000000000000000000 ) ) ;
#295 = ORIENTED_EDGE ( 'NONE', *, *, #8569, .T. ) ;
#296 = DIRECTION ( 'NONE',  ( -0.000000000000000000, -0.000000000000000000, 1.000000000000000000 ) ) ;
#297 = AXIS2_PLACEMENT_3D ( 'NONE', #8845, #4918, #370 ) ;
#298 = EDGE_CURVE ( 'NONE', #9002, #2849, #1073, .T. ) ;
#299 = DIRECTION ( 'NONE',  ( 1.000000000000000000, 0.000000000000000000, 0.000000000000000000 ) ) ;
#300 = CIRCLE ( 'NONE', #3438, 2.000000000000000000 ) ;
#301 = ORIENTED_EDGE ( 'NONE', *, *, #7598, .T. ) ;
#302 = EDGE_CURVE ( 'NONE', #6443, #11549, #1490, .T. ) ;
#303 = ORIENTED_EDGE ( 'NONE', *, *, #11022, .F. ) ;
#304 = VECTOR ( 'NONE', #7940, 1000.000000000000000 ) ;
#305 = AXIS2_PLACEMENT_3D ( 'NONE', #11264, #9412, #2656 ) ;
#306 = CARTESIAN_POINT ( 'NONE',  ( 79.02499999999996305, 0.000000000000000000, 5.000000000000000000 ) ) ;
#307 = DIRECTION ( 'NONE',  ( 1.000000000000000000, 0.000000000000000000, 0.000000000000000000 ) ) ;
#308 = DIRECTION ( 'NONE',  ( 0.000000000000000000, -0.000000000000000000, 1.000000000000000000 ) ) ;
#309 = VERTEX_POINT ( 'NONE', #2226 ) ;
#310 = DIRECTION ( 'NONE',  ( 1.000000000000000000, 0.000000000000000000, -0.000000000000000000 ) ) ;
#311 = EDGE_LOOP ( 'NONE', ( #10977, #2564 ) ) ;
#312 = DIRECTION ( 'NONE',  ( 1.000000000000000000, 0.000000000000000000, 0.000000000000000000 ) ) ;
#313 = ADVANCED_FACE ( 'NONE', ( #11701 ), #3327, .F. ) ;
#314 = CARTESIAN_POINT ( 'NONE',  ( -2.000000000000278444, 85.00000000000055422, 5.000000000000000000 ) ) ;
#315 = VECTOR ( 'NONE', #3677, 1000.000000000000000 ) ;
#316 = FACE_OUTER_BOUND ( 'NONE', #3416, .T. ) ;
#317 = EDGE_CURVE ( 'NONE', #3785, #7310, #7999, .T. ) ;
#318 = ORIENTED_EDGE ( 'NONE', *, *, #12014, .T. ) ;
#319 = ORIENTED_EDGE ( 'NONE', *, *, #209, .F. ) ;
#320 = FACE_OUTER_BOUND ( 'NONE', #3163, .T. ) ;
#321 = FACE_OUTER_BOUND ( 'NONE', #1160, .T. ) ;
#322 = VECTOR ( 'NONE', #4910, 1000.000000000000000 ) ;
#323 = LINE ( 'NONE', #5184, #11796 ) ;
#324 = DIRECTION ( 'NONE',  ( 1.000000000000000000, 0.000000000000000000, 0.000000000000000000 ) ) ;
#325 = VERTEX_POINT ( 'NONE', #10825 ) ;
#326 = LINE ( 'NONE', #3148, #10485 ) ;
#327 = DIRECTION ( 'NONE',  ( 0.000000000000000000, 0.000000000000000000, 1.000000000000000000 ) ) ;
#328 = ORIENTED_EDGE ( 'NONE', *, *, #1418, .F. ) ;
#329 = EDGE_CURVE ( 'NONE', #5574, #7297, #8793, .T. ) ;
#330 = AXIS2_PLACEMENT_3D ( 'NONE', #5917, #8743, #324 ) ;
#331 = VERTEX_POINT ( 'NONE', #8918 ) ;
#332 = LINE ( 'NONE', #9674, #1964 ) ;
#333 = ORIENTED_EDGE ( 'NONE', *, *, #4277, .F. ) ;
#334 = FACE_BOUND ( 'NONE', #7470, .T. ) ;
#335 = CARTESIAN_POINT ( 'NONE',  ( -33.99999999999975131, -34.00000000000046896, 0.000000000000000000 ) ) ;
#336 = LINE ( 'NONE', #1320, #402 ) ;
#337 = FACE_BOUND ( 'NONE', #42, .T. ) ;
#338 = DIRECTION ( 'NONE',  ( 0.000000000000000000, 0.000000000000000000, 1.000000000000000000 ) ) ;
#339 = DIRECTION ( 'NONE',  ( -0.000000000000000000, -0.000000000000000000, 1.000000000000000000 ) ) ;
#340 = EDGE_LOOP ( 'NONE', ( #2240, #1085 ) ) ;
#341 = CIRCLE ( 'NONE', #8973, 2.000000000000001776 ) ;
#342 = EDGE_LOOP ( 'NONE', ( #5598, #5296 ) ) ;
#343 = CARTESIAN_POINT ( 'NONE',  ( -52.99999999999961631, -51.00000000000070344, 0.000000000000000000 ) ) ;
#344 = ADVANCED_FACE ( 'NONE', ( #378 ), #6222, .F. ) ;
#345 = EDGE_LOOP ( 'NONE', ( #7704, #9422 ) ) ;
#346 = VERTEX_POINT ( 'NONE', #5241 ) ;
#347 = CARTESIAN_POINT ( 'NONE',  ( -14.99999999999859845, -135.0000000000001705, 5.000000000000000000 ) ) ;
#348 = VERTEX_POINT ( 'NONE', #1304 ) ;
#349 = DIRECTION ( 'NONE',  ( 0.000000000000000000, 0.000000000000000000, 1.000000000000000000 ) ) ;
#350 = LINE ( 'NONE', #9817, #2804 ) ;
#351 = DIRECTION ( 'NONE',  ( 1.000000000000000000, 0.000000000000000000, 0.000000000000000000 ) ) ;
#352 = DIRECTION ( 'NONE',  ( 0.000000000000000000, 0.000000000000000000, 1.000000000000000000 ) ) ;
#353 = ORIENTED_EDGE ( 'NONE', *, *, #30, .F. ) ;
#354 = LINE ( 'NONE', #9450, #1796 ) ;
#355 = EDGE_CURVE ( 'NONE', #9875, #4170, #4246, .T. ) ;
#356 = DIRECTION ( 'NONE',  ( -0.000000000000000000, -0.000000000000000000, 1.000000000000000000 ) ) ;
#357 = ORIENTED_EDGE ( 'NONE', *, *, #2404, .T. ) ;
#358 = VERTEX_POINT ( 'NONE', #7143 ) ;
#359 = DIRECTION ( 'NONE',  ( 0.000000000000000000, 0.000000000000000000, 1.000000000000000000 ) ) ;
#360 = LINE ( 'NONE', #10876, #10387 ) ;
#361 = CARTESIAN_POINT ( 'NONE',  ( 65.99999999999995737, -67.99999999999998579, 5.000000000000000000 ) ) ;
#362 = FACE_OUTER_BOUND ( 'NONE', #3840, .T. ) ;
#363 = VECTOR ( 'NONE', #454, 1000.000000000000000 ) ;
#364 = ORIENTED_EDGE ( 'NONE', *, *, #11477, .T. ) ;
#365 = EDGE_CURVE ( 'NONE', #7700, #10541, #6891, .T. ) ;
#366 = LINE ( 'NONE', #3074, #5956 ) ;
#367 = VERTEX_POINT ( 'NONE', #7876 ) ;
#368 = LINE ( 'NONE', #7688, #1252 ) ;
#369 = DIRECTION ( 'NONE',  ( 1.000000000000000000, 0.000000000000000000, 0.000000000000000000 ) ) ;
#370 = DIRECTION ( 'NONE',  ( 1.000000000000000000, 0.000000000000000000, 0.000000000000000000 ) ) ;
#371 = EDGE_CURVE ( 'NONE', #1695, #9242, #3820, .T. ) ;
#372 = VECTOR ( 'NONE', #4720, 1000.000000000000000 ) ;
#373 = ORIENTED_EDGE ( 'NONE', *, *, #11759, .F. ) ;
#374 = EDGE_CURVE ( 'NONE', #5155, #4025, #11696, .T. ) ;
#375 = EDGE_CURVE ( 'NONE', #1928, #11681, #11569, .T. ) ;
#376 = ORIENTED_EDGE ( 'NONE', *, *, #3387, .F. ) ;
#377 = CARTESIAN_POINT ( 'NONE',  ( 17.00000000000016698, -68.00000000000035527, 0.000000000000000000 ) ) ;
#378 = FACE_OUTER_BOUND ( 'NONE', #1098, .T. ) ;
#379 = CARTESIAN_POINT ( 'NONE',  ( -79.02499999999996305, 75.97499999999998010, 5.000000000000000000 ) ) ;
#380 = ORIENTED_EDGE ( 'NONE', *, *, #8851, .T. ) ;
#381 = DIRECTION ( 'NONE',  ( -0.000000000000000000, -0.000000000000000000, 1.000000000000000000 ) ) ;
#382 = EDGE_CURVE ( 'NONE', #1903, #5869, #8538, .T. ) ;
#383 = DIRECTION ( 'NONE',  ( 0.000000000000000000, 0.000000000000000000, 1.000000000000000000 ) ) ;
#384 = ORIENTED_EDGE ( 'NONE', *, *, #1301, .F. ) ;
#385 = CARTESIAN_POINT ( 'NONE',  ( -65.99999999999960210, -34.00000000000070344, 0.000000000000000000 ) ) ;
#386 = CARTESIAN_POINT ( 'NONE',  ( 35.99999999999969447, 51.00000000000059686, 5.000000000000000000 ) ) ;
#387 = VERTEX_POINT ( 'NONE', #6040 ) ;
#388 = VECTOR ( 'NONE', #8420, 1000.000000000000000 ) ;
#389 = EDGE_LOOP ( 'NONE', ( #7168, #218 ) ) ;
#390 = VECTOR ( 'NONE', #7465, 1000.000000000000000 ) ;
#391 = DIRECTION ( 'NONE',  ( 1.000000000000000000, 0.000000000000000000, 0.000000000000000000 ) ) ;
#392 = FACE_BOUND ( 'NONE', #9675, .T. ) ;
#393 = CARTESIAN_POINT ( 'NONE',  ( -65.99999999999984368, 33.99999999999976552, 0.000000000000000000 ) ) ;
#394 = CYLINDRICAL_SURFACE ( 'NONE', #8831, 2.000000000000001776 ) ;
#395 = FACE_BOUND ( 'NONE', #9567, .T. ) ;
#396 = EDGE_CURVE ( 'NONE', #10983, #11168, #1361, .T. ) ;
#397 = DIRECTION ( 'NONE',  ( 0.000000000000000000, 0.000000000000000000, 1.000000000000000000 ) ) ;
#398 = DIRECTION ( 'NONE',  ( 1.000000000000000000, 0.000000000000000000, 0.000000000000000000 ) ) ;
#399 = ORIENTED_EDGE ( 'NONE', *, *, #7250, .T. ) ;
#400 = ORIENTED_EDGE ( 'NONE', *, *, #8092, .F. ) ;
#401 = CARTESIAN_POINT ( 'NONE',  ( 94.02499999999986358, -79.02499999999996305, 5.000000000000000000 ) ) ;
#402 = VECTOR ( 'NONE', #8809, 1000.000000000000000 ) ;
#403 = ORIENTED_EDGE ( 'NONE', *, *, #235, .T. ) ;
#404 = EDGE_LOOP ( 'NONE', ( #5107, #8640, #11575, #9774 ) ) ;
#405 = DIRECTION ( 'NONE',  ( 1.000000000000000000, 0.000000000000000000, 0.000000000000000000 ) ) ;
#406 = EDGE_LOOP ( 'NONE', ( #554, #10982, #8145, #11622 ) ) ;
#407 = DIRECTION ( 'NONE',  ( 0.000000000000000000, 0.000000000000000000, 1.000000000000000000 ) ) ;
#408 = CIRCLE ( 'NONE', #5506, 2.000000000000001776 ) ;
#409 = CARTESIAN_POINT ( 'NONE',  ( -84.99999999999995737, 85.00000000000001421, 5.000000000000000000 ) ) ;
#410 = CARTESIAN_POINT ( 'NONE',  ( 32.00000000000003553, -51.00000000000010658, 5.000000000000000000 ) ) ;
#411 = EDGE_CURVE ( 'NONE', #9294, #2267, #10764, .T. ) ;
#412 = DIRECTION ( 'NONE',  ( -2.081668171172167774E-16, -1.000000000000000000, 0.000000000000000000 ) ) ;
#413 = ORIENTED_EDGE ( 'NONE', *, *, #3830, .T. ) ;
#414 = DIRECTION ( 'NONE',  ( 1.000000000000000000, 0.000000000000000000, 0.000000000000000000 ) ) ;
#415 = VERTEX_POINT ( 'NONE', #3141 ) ;
#416 = ORIENTED_EDGE ( 'NONE', *, *, #4801, .F. ) ;
#417 = PLANE ( 'NONE',  #5537 ) ;
#418 = DIRECTION ( 'NONE',  ( -0.000000000000000000, -0.000000000000000000, 1.000000000000000000 ) ) ;
#419 = CARTESIAN_POINT ( 'NONE',  ( -75.97499999999996589, 0.000000000000000000, 0.000000000000000000 ) ) ;
#420 = LINE ( 'NONE', #6028, #7746 ) ;
#421 = VECTOR ( 'NONE', #156, 1000.000000000000000 ) ;
#422 = ORIENTED_EDGE ( 'NONE', *, *, #2519, .T. ) ;
#423 = CARTESIAN_POINT ( 'NONE',  ( -75.97499999999996589, 75.97499999999998010, 0.000000000000000000 ) ) ;
#424 = ORIENTED_EDGE ( 'NONE', *, *, #1892, .T. ) ;
#425 = DIRECTION ( 'NONE',  ( -0.000000000000000000, -0.000000000000000000, 1.000000000000000000 ) ) ;
#426 = DIRECTION ( 'NONE',  ( 0.000000000000000000, 1.000000000000000000, -0.000000000000000000 ) ) ;
#427 = DIRECTION ( 'NONE',  ( -0.000000000000000000, -0.000000000000000000, 1.000000000000000000 ) ) ;
#428 = ORIENTED_EDGE ( 'NONE', *, *, #6537, .F. ) ;
#429 = CIRCLE ( 'NONE', #3375, 2.000000000000001776 ) ;
#430 = EDGE_CURVE ( 'NONE', #2917, #11480, #878, .T. ) ;
#431 = ADVANCED_FACE ( 'NONE', ( #320 ), #851, .F. ) ;
#432 = ORIENTED_EDGE ( 'NONE', *, *, #4568, .T. ) ;
#433 = CARTESIAN_POINT ( 'NONE',  ( 31.99999999999962697, 68.00000000000072475, 0.000000000000000000 ) ) ;
#434 = CARTESIAN_POINT ( 'NONE',  ( -84.99999999999988631, 100.0000000000000284, 5.000000000000000000 ) ) ;
#435 = DIRECTION ( 'NONE',  ( 0.000000000000000000, 0.000000000000000000, 1.000000000000000000 ) ) ;
#436 = ORIENTED_EDGE ( 'NONE', *, *, #10231, .F. ) ;
#437 = CYLINDRICAL_SURFACE ( 'NONE', #3936, 2.000000000000000888 ) ;
#438 = DIRECTION ( 'NONE',  ( 1.000000000000000000, 0.000000000000000000, 0.000000000000000000 ) ) ;
#439 = ORIENTED_EDGE ( 'NONE', *, *, #3671, .F. ) ;
#440 = DIRECTION ( 'NONE',  ( 0.000000000000000000, 0.000000000000000000, 1.000000000000000000 ) ) ;
#441 = ADVANCED_FACE ( 'NONE', ( #3675 ), #5353, .F. ) ;
#442 = DIRECTION ( 'NONE',  ( -0.000000000000000000, -0.000000000000000000, 1.000000000000000000 ) ) ;
#443 = CIRCLE ( 'NONE', #4750, 2.000000000000001776 ) ;
#444 = ORIENTED_EDGE ( 'NONE', *, *, #7906, .F. ) ;
#445 = VECTOR ( 'NONE', #7540, 1000.000000000000000 ) ;
#446 = EDGE_CURVE ( 'NONE', #12126, #581, #500, .T. ) ;
#447 = ADVANCED_FACE ( 'NONE', ( #11928 ), #7380, .F. ) ;
#448 = EDGE_CURVE ( 'NONE', #7936, #2664, #7432, .T. ) ;
#449 = AXIS2_PLACEMENT_3D ( 'NONE', #11299, #164, #3910 ) ;
#450 = AXIS2_PLACEMENT_3D ( 'NONE', #248, #7812, #369 ) ;
#451 = EDGE_LOOP ( 'NONE', ( #4224, #1109, #3494, #9132 ) ) ;
#452 = VECTOR ( 'NONE', #10221, 1000.000000000000000 ) ;
#453 = AXIS2_PLACEMENT_3D ( 'NONE', #115, #2998, #9576 ) ;
#454 = DIRECTION ( 'NONE',  ( -0.000000000000000000, 0.000000000000000000, -1.000000000000000000 ) ) ;
#455 = AXIS2_PLACEMENT_3D ( 'NONE', #40, #6684, #4650 ) ;
#456 = LINE ( 'NONE', #4376, #689 ) ;
#457 = CARTESIAN_POINT ( 'NONE',  ( -68.00000000000001421, 85.00000000000015632, 0.000000000000000000 ) ) ;
#458 = CARTESIAN_POINT ( 'NONE',  ( 75.97499999999996589, -94.02500000000000568, 0.000000000000000000 ) ) ;
#459 = FACE_BOUND ( 'NONE', #5577, .T. ) ;
#460 = EDGE_CURVE ( 'NONE', #11399, #5155, #5466, .T. ) ;
#461 = CARTESIAN_POINT ( 'NONE',  ( 0.000000000000000000, 0.000000000000000000, 0.000000000000000000 ) ) ;
#462 = CARTESIAN_POINT ( 'NONE',  ( 14.99999999999960920, 114.9999999999999574, 5.000000000000000000 ) ) ;
#463 = DIRECTION ( 'NONE',  ( -0.000000000000000000, -0.000000000000000000, 1.000000000000000000 ) ) ;
#464 = ORIENTED_EDGE ( 'NONE', *, *, #9989, .F. ) ;
#465 = EDGE_LOOP ( 'NONE', ( #3425, #11393, #9723, #6219 ) ) ;
#466 = DIRECTION ( 'NONE',  ( -0.000000000000000000, -0.000000000000000000, 1.000000000000000000 ) ) ;
#467 = VECTOR ( 'NONE', #1935, 1000.000000000000000 ) ;
#468 = EDGE_CURVE ( 'NONE', #9971, #11399, #7183, .T. ) ;
#469 = AXIS2_PLACEMENT_3D ( 'NONE', #11140, #2713, #9360 ) ;
#470 = ORIENTED_EDGE ( 'NONE', *, *, #6220, .T. ) ;
#471 = EDGE_CURVE ( 'NONE', #5805, #7227, #11121, .T. ) ;
#472 = VERTEX_POINT ( 'NONE', #11179 ) ;
#473 = DIRECTION ( 'NONE',  ( 1.000000000000000000, 0.000000000000000000, 0.000000000000000000 ) ) ;
#474 = EDGE_LOOP ( 'NONE', ( #12070, #3674, #9403, #162 ) ) ;
#475 = DIRECTION ( 'NONE',  ( -0.000000000000000000, -0.000000000000000000, 1.000000000000000000 ) ) ;
#476 = VECTOR ( 'NONE', #11692, 1000.000000000000000 ) ;
#477 = CARTESIAN_POINT ( 'NONE',  ( 75.97499999999996589, 75.97499999999998010, 0.000000000000000000 ) ) ;
#478 = LINE ( 'NONE', #2377, #10004 ) ;
#479 = DIRECTION ( 'NONE',  ( 1.000000000000000000, 0.000000000000000000, 0.000000000000000000 ) ) ;
#480 = CARTESIAN_POINT ( 'NONE',  ( -31.99999999999997158, 34.00000000000000000, 0.000000000000000000 ) ) ;
#481 = ORIENTED_EDGE ( 'NONE', *, *, #1746, .F. ) ;
#482 = CARTESIAN_POINT ( 'NONE',  ( 65.99999999999995737, -67.99999999999998579, 0.000000000000000000 ) ) ;
#483 = CIRCLE ( 'NONE', #683, 15.00000000000000000 ) ;
#484 = AXIS2_PLACEMENT_3D ( 'NONE', #9479, #4616, #4808 ) ;
#485 = AXIS2_PLACEMENT_3D ( 'NONE', #497, #7993, #3319 ) ;
#486 = ORIENTED_EDGE ( 'NONE', *, *, #10177, .F. ) ;
#487 = EDGE_CURVE ( 'NONE', #8802, #5805, #10516, .T. ) ;
#488 = ORIENTED_EDGE ( 'NONE', *, *, #11908, .F. ) ;
#489 = DIRECTION ( 'NONE',  ( 1.000000000000000000, 0.000000000000000000, 0.000000000000000000 ) ) ;
#490 = DIRECTION ( 'NONE',  ( -0.000000000000000000, -0.000000000000000000, 1.000000000000000000 ) ) ;
#491 = CIRCLE ( 'NONE', #2256, 2.000000000000001776 ) ;
#492 = CARTESIAN_POINT ( 'NONE',  ( 75.97499999999996589, 79.02499999999996305, 0.000000000000000000 ) ) ;
#493 = CARTESIAN_POINT ( 'NONE',  ( 3.053113317719180486E-13, -85.00000000000055422, 0.000000000000000000 ) ) ;
#494 = VERTEX_POINT ( 'NONE', #10144 ) ;
#495 = CARTESIAN_POINT ( 'NONE',  ( 75.97499999999996589, 75.97499999999998010, 5.000000000000000000 ) ) ;
#496 = ORIENTED_EDGE ( 'NONE', *, *, #7598, .F. ) ;
#497 = CARTESIAN_POINT ( 'NONE',  ( -17.00000000000022382, 85.00000000000049738, 0.000000000000000000 ) ) ;
#498 = DIRECTION ( 'NONE',  ( 0.000000000000000000, 0.000000000000000000, 1.000000000000000000 ) ) ;
#499 = VERTEX_POINT ( 'NONE', #789 ) ;
#500 = CIRCLE ( 'NONE', #5602, 15.00000000000000000 ) ;
#501 = ORIENTED_EDGE ( 'NONE', *, *, #551, .T. ) ;
#502 = VECTOR ( 'NONE', #8071, 1000.000000000000000 ) ;
#503 = VERTEX_POINT ( 'NONE', #10944 ) ;
#504 = FACE_OUTER_BOUND ( 'NONE', #1306, .T. ) ;
#505 = CARTESIAN_POINT ( 'NONE',  ( -50.99999999999967315, -34.00000000000058265, 0.000000000000000000 ) ) ;
#506 = CARTESIAN_POINT ( 'NONE',  ( -79.02499999999996305, -94.02500000000000568, 0.000000000000000000 ) ) ;
#507 = ORIENTED_EDGE ( 'NONE', *, *, #10197, .F. ) ;
#508 = DIRECTION ( 'NONE',  ( 0.000000000000000000, -0.000000000000000000, -1.000000000000000000 ) ) ;
#509 = DIRECTION ( 'NONE',  ( -0.000000000000000000, -0.000000000000000000, 1.000000000000000000 ) ) ;
#510 = ORIENTED_EDGE ( 'NONE', *, *, #8037, .F. ) ;
#511 = DIRECTION ( 'NONE',  ( 1.000000000000000000, 0.000000000000000000, 0.000000000000000000 ) ) ;
#512 = CARTESIAN_POINT ( 'NONE',  ( -67.99999999999965894, -17.00000000000058265, 0.000000000000000000 ) ) ;
#513 = ORIENTED_EDGE ( 'NONE', *, *, #8283, .F. ) ;
#514 = AXIS2_PLACEMENT_3D ( 'NONE', #1426, #5180, #1362 ) ;
#515 = EDGE_CURVE ( 'NONE', #10409, #4460, #6777, .T. ) ;
#516 = ORIENTED_EDGE ( 'NONE', *, *, #8554, .F. ) ;
#517 = CARTESIAN_POINT ( 'NONE',  ( 84.99999999999960210, 17.00000000000072120, 0.000000000000000000 ) ) ;
#518 = DIRECTION ( 'NONE',  ( 0.000000000000000000, 0.000000000000000000, 1.000000000000000000 ) ) ;
#519 = CARTESIAN_POINT ( 'NONE',  ( -35.99999999999980815, -17.00000000000034817, 5.000000000000000000 ) ) ;
#520 = FACE_OUTER_BOUND ( 'NONE', #7843, .T. ) ;
#521 = FACE_BOUND ( 'NONE', #10515, .T. ) ;
#522 = DIRECTION ( 'NONE',  ( 1.000000000000000000, 0.000000000000000000, 0.000000000000000000 ) ) ;
#523 = LINE ( 'NONE', #4207, #8465 ) ;
#524 = ORIENTED_EDGE ( 'NONE', *, *, #11795, .F. ) ;
#525 = ORIENTED_EDGE ( 'NONE', *, *, #10775, .F. ) ;
#526 = CARTESIAN_POINT ( 'NONE',  ( 48.99999999999996447, -50.99999999999999289, 0.000000000000000000 ) ) ;
#527 = EDGE_CURVE ( 'NONE', #7672, #7818, #11497, .T. ) ;
#528 = AXIS2_PLACEMENT_3D ( 'NONE', #5612, #993, #1062 ) ;
#529 = ORIENTED_EDGE ( 'NONE', *, *, #3657, .F. ) ;
#530 = EDGE_CURVE ( 'NONE', #11220, #10435, #10111, .T. ) ;
#531 = ORIENTED_EDGE ( 'NONE', *, *, #10749, .F. ) ;
#532 = ORIENTED_EDGE ( 'NONE', *, *, #2493, .T. ) ;
#533 = EDGE_CURVE ( 'NONE', #7087, #8735, #11292, .T. ) ;
#534 = CARTESIAN_POINT ( 'NONE',  ( 14.99999999999987210, 17.00000000000025224, 0.000000000000000000 ) ) ;
#535 = EDGE_CURVE ( 'NONE', #954, #12157, #6204, .T. ) ;
#536 = AXIS2_PLACEMENT_3D ( 'NONE', #5298, #3499, #7258 ) ;
#537 = LINE ( 'NONE', #8028, #6163 ) ;
#538 = CARTESIAN_POINT ( 'NONE',  ( 2.000000000000195399, -51.00000000000032685, 0.000000000000000000 ) ) ;
#539 = CARTESIAN_POINT ( 'NONE',  ( -3.122502256758255925E-15, -15.00000000000001954, 5.000000000000000000 ) ) ;
#540 = DIRECTION ( 'NONE',  ( 1.000000000000000000, 0.000000000000000000, -0.000000000000000000 ) ) ;
#541 = ORIENTED_EDGE ( 'NONE', *, *, #6521, .T. ) ;
#542 = DIRECTION ( 'NONE',  ( 1.000000000000000000, 0.000000000000000000, 0.000000000000000000 ) ) ;
#543 = EDGE_LOOP ( 'NONE', ( #5058, #11812 ) ) ;
#544 = ORIENTED_EDGE ( 'NONE', *, *, #3035, .F. ) ;
#545 = DIRECTION ( 'NONE',  ( -0.000000000000000000, -0.000000000000000000, 1.000000000000000000 ) ) ;
#546 = CARTESIAN_POINT ( 'NONE',  ( 1.942890293094023946E-13, -51.00000000000032685, 5.000000000000000000 ) ) ;
#547 = FACE_OUTER_BOUND ( 'NONE', #3623, .T. ) ;
#548 = LINE ( 'NONE', #6148, #4592 ) ;
#549 = ORIENTED_EDGE ( 'NONE', *, *, #1575, .F. ) ;
#550 = CARTESIAN_POINT ( 'NONE',  ( -50.99999999999950262, -85.00000000000093792, 5.000000000000000000 ) ) ;
#551 = EDGE_CURVE ( 'NONE', #9871, #2334, #4810, .T. ) ;
#552 = CYLINDRICAL_SURFACE ( 'NONE', #9298, 2.000000000000001776 ) ;
#553 = CYLINDRICAL_SURFACE ( 'NONE', #12028, 2.000000000000000000 ) ;
#554 = ORIENTED_EDGE ( 'NONE', *, *, #5865, .F. ) ;
#555 = VERTEX_POINT ( 'NONE', #4422 ) ;
#556 = CARTESIAN_POINT ( 'NONE',  ( -67.99999999999991473, 50.99999999999990763, 5.000000000000000000 ) ) ;
#557 = CARTESIAN_POINT ( 'NONE',  ( -135.0000000000000000, 7.285838599102581908E-15, 5.000000000000000000 ) ) ;
#558 = VERTEX_POINT ( 'NONE', #8171 ) ;
#559 = CARTESIAN_POINT ( 'NONE',  ( 33.99999999999992184, -16.99999999999987566, 0.000000000000000000 ) ) ;
#560 = CARTESIAN_POINT ( 'NONE',  ( -4.163336342344337027E-14, 17.00000000000009948, 5.000000000000000000 ) ) ;
#561 = ORIENTED_EDGE ( 'NONE', *, *, #6248, .F. ) ;
#562 = EDGE_CURVE ( 'NONE', #10220, #1412, #3495, .T. ) ;
#563 = CARTESIAN_POINT ( 'NONE',  ( 31.99999999999997868, -33.99999999999998579, 0.000000000000000000 ) ) ;
#564 = LINE ( 'NONE', #8296, #3568 ) ;
#565 = ORIENTED_EDGE ( 'NONE', *, *, #9842, .F. ) ;
#566 = CIRCLE ( 'NONE', #6654, 2.000000000000000888 ) ;
#567 = ORIENTED_EDGE ( 'NONE', *, *, #10599, .T. ) ;
#568 = ADVANCED_FACE ( 'NONE', ( #10085 ), #1662, .F. ) ;
#569 = DIRECTION ( 'NONE',  ( 0.000000000000000000, 0.000000000000000000, 1.000000000000000000 ) ) ;
#570 = CARTESIAN_POINT ( 'NONE',  ( -50.99999999999961631, -51.00000000000070344, 0.000000000000000000 ) ) ;
#571 = VECTOR ( 'NONE', #10319, 1000.000000000000000 ) ;
#572 = DIRECTION ( 'NONE',  ( 0.000000000000000000, 0.000000000000000000, 1.000000000000000000 ) ) ;
#573 = DIRECTION ( 'NONE',  ( 0.000000000000000000, 0.000000000000000000, 1.000000000000000000 ) ) ;
#574 = VECTOR ( 'NONE', #7609, 1000.000000000000000 ) ;
#575 = FACE_BOUND ( 'NONE', #6522, .T. ) ;
#576 = CARTESIAN_POINT ( 'NONE',  ( -50.99999999999997868, 51.00000000000001421, 5.000000000000000000 ) ) ;
#577 = VERTEX_POINT ( 'NONE', #3864 ) ;
#578 = ORIENTED_EDGE ( 'NONE', *, *, #1246, .F. ) ;
#579 = DIRECTION ( 'NONE',  ( -0.000000000000000000, -0.000000000000000000, 1.000000000000000000 ) ) ;
#580 = VECTOR ( 'NONE', #351, 1000.000000000000000 ) ;
#581 = VERTEX_POINT ( 'NONE', #971 ) ;
#582 = ORIENTED_EDGE ( 'NONE', *, *, #7677, .F. ) ;
#583 = EDGE_CURVE ( 'NONE', #5315, #5440, #3007, .T. ) ;
#584 = EDGE_CURVE ( 'NONE', #10849, #2922, #4226, .T. ) ;
#585 = ORIENTED_EDGE ( 'NONE', *, *, #11511, .T. ) ;
#586 = FACE_BOUND ( 'NONE', #5285, .T. ) ;
#587 = DIRECTION ( 'NONE',  ( 0.000000000000000000, 0.000000000000000000, 1.000000000000000000 ) ) ;
#588 = LINE ( 'NONE', #6480, #11583 ) ;
#589 = DIRECTION ( 'NONE',  ( 0.000000000000000000, 0.000000000000000000, 1.000000000000000000 ) ) ;
#590 = PLANE ( 'NONE',  #4144 ) ;
#591 = AXIS2_PLACEMENT_3D ( 'NONE', #8132, #1507, #10959 ) ;
#592 = EDGE_LOOP ( 'NONE', ( #5488, #813, #2717, #5554 ) ) ;
#593 = DIRECTION ( 'NONE',  ( 0.000000000000000000, 0.000000000000000000, 1.000000000000000000 ) ) ;
#594 = AXIS2_PLACEMENT_3D ( 'NONE', #5084, #3115, #5148 ) ;
#595 = EDGE_CURVE ( 'NONE', #876, #8317, #2269, .T. ) ;
#596 = EDGE_CURVE ( 'NONE', #5726, #11382, #9581, .T. ) ;
#597 = EDGE_CURVE ( 'NONE', #2325, #2679, #9523, .T. ) ;
#598 = ORIENTED_EDGE ( 'NONE', *, *, #7955, .T. ) ;
#599 = CIRCLE ( 'NONE', #8844, 2.000000000000001776 ) ;
#600 = EDGE_LOOP ( 'NONE', ( #4443, #11324, #6651, #11035 ) ) ;
#601 = ADVANCED_FACE ( 'NONE', ( #3922 ), #7679, .F. ) ;
#602 = DIRECTION ( 'NONE',  ( 1.000000000000000000, 0.000000000000000000, 0.000000000000000000 ) ) ;
#603 = DIRECTION ( 'NONE',  ( 1.000000000000000000, 0.000000000000000000, 0.000000000000000000 ) ) ;
#604 = DIRECTION ( 'NONE',  ( 1.000000000000000000, 0.000000000000000000, 0.000000000000000000 ) ) ;
#605 = FACE_OUTER_BOUND ( 'NONE', #5212, .T. ) ;
#606 = ORIENTED_EDGE ( 'NONE', *, *, #4044, .T. ) ;
#607 = DIRECTION ( 'NONE',  ( -0.000000000000000000, -0.000000000000000000, 1.000000000000000000 ) ) ;
#608 = DIRECTION ( 'NONE',  ( 1.000000000000000000, 0.000000000000000000, 0.000000000000000000 ) ) ;
#609 = DIRECTION ( 'NONE',  ( 0.000000000000000000, 0.000000000000000000, 1.000000000000000000 ) ) ;
#610 = AXIS2_PLACEMENT_3D ( 'NONE', #9401, #8414, #12166 ) ;
#611 = EDGE_CURVE ( 'NONE', #12127, #4664, #4908, .T. ) ;
#612 = ORIENTED_EDGE ( 'NONE', *, *, #5880, .T. ) ;
#613 = ORIENTED_EDGE ( 'NONE', *, *, #11178, .T. ) ;
#614 = EDGE_CURVE ( 'NONE', #4270, #9538, #7953, .T. ) ;
#615 = VECTOR ( 'NONE', #97, 1000.000000000000000 ) ;
#616 = DIRECTION ( 'NONE',  ( -0.000000000000000000, -0.000000000000000000, 1.000000000000000000 ) ) ;
#617 = CARTESIAN_POINT ( 'NONE',  ( -33.99999999999975131, -34.00000000000046896, 5.000000000000000000 ) ) ;
#618 = VERTEX_POINT ( 'NONE', #8470 ) ;
#619 = CARTESIAN_POINT ( 'NONE',  ( -79.02499999999996305, 0.000000000000000000, 0.000000000000000000 ) ) ;
#620 = LINE ( 'NONE', #4304, #3470 ) ;
#621 = ORIENTED_EDGE ( 'NONE', *, *, #5208, .T. ) ;
#622 = DIRECTION ( 'NONE',  ( -0.000000000000000000, -0.000000000000000000, 1.000000000000000000 ) ) ;
#623 = DIRECTION ( 'NONE',  ( 0.000000000000000000, 0.000000000000000000, 1.000000000000000000 ) ) ;
#624 = AXIS2_PLACEMENT_3D ( 'NONE', #636, #752, #11017 ) ;
#625 = AXIS2_PLACEMENT_3D ( 'NONE', #10176, #11100, #8154 ) ;
#626 = EDGE_CURVE ( 'NONE', #11297, #8111, #2464, .T. ) ;
#627 = ORIENTED_EDGE ( 'NONE', *, *, #3505, .T. ) ;
#628 = DIRECTION ( 'NONE',  ( 1.000000000000000000, 0.000000000000000000, 0.000000000000000000 ) ) ;
#629 = LINE ( 'NONE', #10956, #9724 ) ;
#630 = VECTOR ( 'NONE', #2830, 1000.000000000000000 ) ;
#632 = CARTESIAN_POINT ( 'NONE',  ( 31.99999999999997868, -33.99999999999998579, 5.000000000000000000 ) ) ;
#631 = CIRCLE ( 'NONE', #9668, 2.000000000000001776 ) ;
#633 = CYLINDRICAL_SURFACE ( 'NONE', #9826, 2.000000000000000888 ) ;
#634 = FACE_BOUND ( 'NONE', #2087, .T. ) ;
#635 = LINE ( 'NONE', #2430, #5954 ) ;
#636 = CARTESIAN_POINT ( 'NONE',  ( 50.99999999999985079, -16.99999999999975131, 5.000000000000000000 ) ) ;
#637 = ORIENTED_EDGE ( 'NONE', *, *, #1599, .T. ) ;
#638 = ORIENTED_EDGE ( 'NONE', *, *, #3832, .F. ) ;
#639 = DIRECTION ( 'NONE',  ( 0.000000000000000000, 0.000000000000000000, 1.000000000000000000 ) ) ;
#640 = CIRCLE ( 'NONE', #2218, 15.00000000000000000 ) ;
#641 = AXIS2_PLACEMENT_3D ( 'NONE', #9198, #7132, #5236 ) ;
#642 = ORIENTED_EDGE ( 'NONE', *, *, #10227, .T. ) ;
#643 = VECTOR ( 'NONE', #4794, 1000.000000000000000 ) ;
#644 = CIRCLE ( 'NONE', #455, 2.000000000000001776 ) ;
#645 = ORIENTED_EDGE ( 'NONE', *, *, #1725, .T. ) ;
#646 = ORIENTED_EDGE ( 'NONE', *, *, #4357, .F. ) ;
#647 = FACE_BOUND ( 'NONE', #712, .T. ) ;
#648 = CARTESIAN_POINT ( 'NONE',  ( -84.99999999999941735, -68.00000000000106581, 0.000000000000000000 ) ) ;
#649 = FACE_OUTER_BOUND ( 'NONE', #4208, .T. ) ;
#650 = VECTOR ( 'NONE', #5026, 1000.000000000000000 ) ;
#651 = CARTESIAN_POINT ( 'NONE',  ( -82.99999999999953104, -34.00000000000082423, 0.000000000000000000 ) ) ;
#653 = DIRECTION ( 'NONE',  ( 0.000000000000000000, 1.000000000000000000, -0.000000000000000000 ) ) ;
#652 = AXIS2_PLACEMENT_3D ( 'NONE', #8655, #1280, #299 ) ;
#654 = ORIENTED_EDGE ( 'NONE', *, *, #1246, .T. ) ;
#655 = AXIS2_PLACEMENT_3D ( 'NONE', #2167, #5059, #5919 ) ;
#656 = CARTESIAN_POINT ( 'NONE',  ( -15.00000000000004263, 34.00000000000012790, 5.000000000000000000 ) ) ;
#657 = EDGE_CURVE ( 'NONE', #2267, #3884, #5800, .T. ) ;
#658 = ORIENTED_EDGE ( 'NONE', *, *, #8198, .F. ) ;
#659 = AXIS2_PLACEMENT_3D ( 'NONE', #5197, #1506, #3463 ) ;
#660 = ORIENTED_EDGE ( 'NONE', *, *, #10125, .F. ) ;
#661 = CARTESIAN_POINT ( 'NONE',  ( 67.99999999999948841, 68.00000000000098055, 0.000000000000000000 ) ) ;
#662 = CYLINDRICAL_SURFACE ( 'NONE', #10979, 2.000000000000001776 ) ;
#663 = CARTESIAN_POINT ( 'NONE',  ( 135.0000000000000000, 14.99999999999999289, 5.000000000000000000 ) ) ;
#664 = EDGE_CURVE ( 'NONE', #2297, #2694, #1037, .T. ) ;
#665 = CYLINDRICAL_SURFACE ( 'NONE', #7937, 2.000000000000001776 ) ;
#666 = ORIENTED_EDGE ( 'NONE', *, *, #6231, .T. ) ;
#667 = CARTESIAN_POINT ( 'NONE',  ( -65.99999999999990052, 50.99999999999990763, 0.000000000000000000 ) ) ;
#668 = CIRCLE ( 'NONE', #8521, 2.000000000000001776 ) ;
#669 = CARTESIAN_POINT ( 'NONE',  ( -48.99999999999992184, 33.99999999999989342, 0.000000000000000000 ) ) ;
#670 = CARTESIAN_POINT ( 'NONE',  ( 18.99999999999987921, 17.00000000000025224, 0.000000000000000000 ) ) ;
#671 = CIRCLE ( 'NONE', #7543, 2.000000000000000888 ) ;
#672 = EDGE_CURVE ( 'NONE', #2664, #4664, #4028, .T. ) ;
#673 = VERTEX_POINT ( 'NONE', #2820 ) ;
#674 = ORIENTED_EDGE ( 'NONE', *, *, #7001, .F. ) ;
#675 = AXIS2_PLACEMENT_3D ( 'NONE', #8850, #2345, #9786 ) ;
#676 = AXIS2_PLACEMENT_3D ( 'NONE', #8693, #10664, #6052 ) ;
#677 = DIRECTION ( 'NONE',  ( 1.000000000000000000, 0.000000000000000000, 0.000000000000000000 ) ) ;
#678 = DIRECTION ( 'NONE',  ( 1.000000000000000000, 0.000000000000000000, -0.000000000000000000 ) ) ;
#679 = ADVANCED_FACE ( 'NONE', ( #7491 ), #7560, .T. ) ;
#680 = ORIENTED_EDGE ( 'NONE', *, *, #8704, .F. ) ;
#681 = DIRECTION ( 'NONE',  ( 0.000000000000000000, 0.000000000000000000, 1.000000000000000000 ) ) ;
#682 = DIRECTION ( 'NONE',  ( 1.000000000000000000, 0.000000000000000000, 0.000000000000000000 ) ) ;
#683 = AXIS2_PLACEMENT_3D ( 'NONE', #3841, #5566, #9313 ) ;
#684 = ORIENTED_EDGE ( 'NONE', *, *, #10902, .F. ) ;
#685 = FACE_OUTER_BOUND ( 'NONE', #406, .T. ) ;
#686 = LINE ( 'NONE', #3502, #7904 ) ;
#687 = AXIS2_PLACEMENT_3D ( 'NONE', #4719, #5840, #9459 ) ;
#688 = ADVANCED_FACE ( 'NONE', ( #174 ), #5592, .F. ) ;
#689 = VECTOR ( 'NONE', #3508, 1000.000000000000000 ) ;
#690 = ORIENTED_EDGE ( 'NONE', *, *, #11717, .F. ) ;
#691 = DIRECTION ( 'NONE',  ( 0.000000000000000000, 0.000000000000000000, 1.000000000000000000 ) ) ;
#692 = CARTESIAN_POINT ( 'NONE',  ( 18.99999999999998934, -16.99999999999998579, 0.000000000000000000 ) ) ;
#693 = AXIS2_PLACEMENT_3D ( 'NONE', #4790, #10454, #8543 ) ;
#694 = CARTESIAN_POINT ( 'NONE',  ( -75.97499999999996589, -90.97500000000002274, 0.000000000000000000 ) ) ;
#695 = DIRECTION ( 'NONE',  ( 1.000000000000000000, 0.000000000000000000, 0.000000000000000000 ) ) ;
#696 = FACE_BOUND ( 'NONE', #10625, .T. ) ;
#697 = DIRECTION ( 'NONE',  ( 0.000000000000000000, 0.000000000000000000, 1.000000000000000000 ) ) ;
#698 = CARTESIAN_POINT ( 'NONE',  ( 48.99999999999955946, 68.00000000000083844, 0.000000000000000000 ) ) ;
#699 = ORIENTED_EDGE ( 'NONE', *, *, #11337, .T. ) ;
#700 = ORIENTED_EDGE ( 'NONE', *, *, #964, .T. ) ;
#701 = PLANE ( 'NONE',  #4685 ) ;
#702 = EDGE_CURVE ( 'NONE', #3974, #10014, #4418, .T. ) ;
#703 = VECTOR ( 'NONE', #11083, 1000.000000000000000 ) ;
#704 = ORIENTED_EDGE ( 'NONE', *, *, #626, .F. ) ;
#705 = ORIENTED_EDGE ( 'NONE', *, *, #7283, .T. ) ;
#706 = ORIENTED_EDGE ( 'NONE', *, *, #9301, .F. ) ;
#707 = CARTESIAN_POINT ( 'NONE',  ( 52.99999999999985079, -16.99999999999975131, 0.000000000000000000 ) ) ;
#708 = DIRECTION ( 'NONE',  ( 1.000000000000000000, 0.000000000000000000, 0.000000000000000000 ) ) ;
#709 = DIRECTION ( 'NONE',  ( 0.000000000000000000, 0.000000000000000000, 1.000000000000000000 ) ) ;
#710 = DIRECTION ( 'NONE',  ( 1.000000000000000000, 0.000000000000000000, 0.000000000000000000 ) ) ;
#711 = CARTESIAN_POINT ( 'NONE',  ( 114.9999999999999432, 14.99999999999999645, 0.000000000000000000 ) ) ;
#712 = EDGE_LOOP ( 'NONE', ( #3392, #11478 ) ) ;
#713 = CIRCLE ( 'NONE', #7392, 2.000000000000001776 ) ;
#714 = ORIENTED_EDGE ( 'NONE', *, *, #3728, .T. ) ;
#715 = DIRECTION ( 'NONE',  ( -0.000000000000000000, -0.000000000000000000, 1.000000000000000000 ) ) ;
#716 = ADVANCED_FACE ( 'NONE', ( #10388 ), #12160, .F. ) ;
#717 = ORIENTED_EDGE ( 'NONE', *, *, #11270, .T. ) ;
#718 = ORIENTED_EDGE ( 'NONE', *, *, #814, .F. ) ;
#719 = AXIS2_PLACEMENT_3D ( 'NONE', #8922, #509, #11763 ) ;
#720 = ORIENTED_EDGE ( 'NONE', *, *, #11936, .F. ) ;
#721 = DIRECTION ( 'NONE',  ( 1.000000000000000000, 0.000000000000000000, 0.000000000000000000 ) ) ;
#722 = FACE_OUTER_BOUND ( 'NONE', #1738, .T. ) ;
#723 = FACE_OUTER_BOUND ( 'NONE', #7042, .T. ) ;
#724 = EDGE_CURVE ( 'NONE', #9269, #6272, #5410, .T. ) ;
#725 = CYLINDRICAL_SURFACE ( 'NONE', #12092, 2.000000000000000000 ) ;
#726 = DIRECTION ( 'NONE',  ( 1.000000000000000000, 0.000000000000000000, 0.000000000000000000 ) ) ;
#727 = ORIENTED_EDGE ( 'NONE', *, *, #8719, .T. ) ;
#728 = CARTESIAN_POINT ( 'NONE',  ( -49.00000000000002842, 68.00000000000014211, 0.000000000000000000 ) ) ;
#729 = FACE_OUTER_BOUND ( 'NONE', #404, .T. ) ;
#730 = ORIENTED_EDGE ( 'NONE', *, *, #11064, .F. ) ;
#731 = VERTEX_POINT ( 'NONE', #5712 ) ;
#732 = DIRECTION ( 'NONE',  ( -0.000000000000000000, -0.000000000000000000, 1.000000000000000000 ) ) ;
#733 = ADVANCED_FACE ( 'NONE', ( #7059 ), #6939, .F. ) ;
#734 = DIRECTION ( 'NONE',  ( -0.000000000000000000, -0.000000000000000000, 1.000000000000000000 ) ) ;
#735 = ORIENTED_EDGE ( 'NONE', *, *, #10720, .F. ) ;
#736 = DIRECTION ( 'NONE',  ( 1.000000000000000000, 0.000000000000000000, 0.000000000000000000 ) ) ;
#737 = CARTESIAN_POINT ( 'NONE',  ( -84.99999999999947420, -51.00000000000093792, 0.000000000000000000 ) ) ;
#738 = VERTEX_POINT ( 'NONE', #9642 ) ;
#739 = LINE ( 'NONE', #8984, #5368 ) ;
#740 = LINE ( 'NONE', #8180, #8285 ) ;
#741 = EDGE_CURVE ( 'NONE', #6645, #2433, #2386, .T. ) ;
#742 = EDGE_CURVE ( 'NONE', #8081, #9706, #8550, .T. ) ;
#743 = ADVANCED_FACE ( 'NONE', ( #4049 ), #5158, .F. ) ;
#744 = ORIENTED_EDGE ( 'NONE', *, *, #4722, .F. ) ;
#745 = CYLINDRICAL_SURFACE ( 'NONE', #5385, 2.000000000000001776 ) ;
#746 = EDGE_CURVE ( 'NONE', #6428, #5807, #3253, .T. ) ;
#747 = DIRECTION ( 'NONE',  ( 1.000000000000000000, 0.000000000000000000, 0.000000000000000000 ) ) ;
#748 = CARTESIAN_POINT ( 'NONE',  ( 2.498001805406602216E-13, -68.00000000000044054, 0.000000000000000000 ) ) ;
#749 = DIRECTION ( 'NONE',  ( 0.000000000000000000, 0.000000000000000000, 1.000000000000000000 ) ) ;
#750 = FACE_BOUND ( 'NONE', #10636, .T. ) ;
#751 = CARTESIAN_POINT ( 'NONE',  ( 67.99999999999990052, -50.99999999999987210, 0.000000000000000000 ) ) ;
#752 = DIRECTION ( 'NONE',  ( 0.000000000000000000, 0.000000000000000000, 1.000000000000000000 ) ) ;
#753 = AXIS2_PLACEMENT_3D ( 'NONE', #517, #6448, #6575 ) ;
#754 = EDGE_LOOP ( 'NONE', ( #4524, #7863, #9491, #4751 ) ) ;
#755 = ORIENTED_EDGE ( 'NONE', *, *, #847, .T. ) ;
#756 = VERTEX_POINT ( 'NONE', #11745 ) ;
#757 = ORIENTED_EDGE ( 'NONE', *, *, #1, .F. ) ;
#758 = AXIS2_PLACEMENT_3D ( 'NONE', #11300, #11359, #3058 ) ;
#759 = EDGE_CURVE ( 'NONE', #9657, #9442, #10123, .T. ) ;
#760 = VERTEX_POINT ( 'NONE', #1222 ) ;
#761 = FACE_BOUND ( 'NONE', #9410, .T. ) ;
#762 = CYLINDRICAL_SURFACE ( 'NONE', #3589, 2.000000000000001776 ) ;
#763 = DIRECTION ( 'NONE',  ( 1.000000000000000000, 0.000000000000000000, 0.000000000000000000 ) ) ;
#764 = DIRECTION ( 'NONE',  ( 1.000000000000000000, 0.000000000000000000, 0.000000000000000000 ) ) ;
#765 = CARTESIAN_POINT ( 'NONE',  ( 79.02499999999996305, 0.000000000000000000, 0.000000000000000000 ) ) ;
#766 = ORIENTED_EDGE ( 'NONE', *, *, #5475, .T. ) ;
#767 = ORIENTED_EDGE ( 'NONE', *, *, #5565, .F. ) ;
#768 = CARTESIAN_POINT ( 'NONE',  ( 2.000000000000000000, 0.000000000000000000, 5.000000000000000000 ) ) ;
#769 = VECTOR ( 'NONE', #10562, 1000.000000000000000 ) ;
#770 = VECTOR ( 'NONE', #1360, 1000.000000000000000 ) ;
#771 = ORIENTED_EDGE ( 'NONE', *, *, #10591, .F. ) ;
#772 = VERTEX_POINT ( 'NONE', #7803 ) ;
#773 = EDGE_CURVE ( 'NONE', #5805, #8802, #11889, .T. ) ;
#774 = ORIENTED_EDGE ( 'NONE', *, *, #3588, .F. ) ;
#775 = LINE ( 'NONE', #6955, #4488 ) ;
#776 = AXIS2_PLACEMENT_3D ( 'NONE', #4334, #4570, #763 ) ;
#777 = DIRECTION ( 'NONE',  ( 0.000000000000000000, 0.000000000000000000, 1.000000000000000000 ) ) ;
#779 = VECTOR ( 'NONE', #3461, 1000.000000000000000 ) ;
#778 = CYLINDRICAL_SURFACE ( 'NONE', #3701, 2.000000000000001776 ) ;
#780 = AXIS2_PLACEMENT_3D ( 'NONE', #3359, #6865, #10624 ) ;
#781 = CARTESIAN_POINT ( 'NONE',  ( -75.97499999999996589, 94.02500000000000568, 5.000000000000000000 ) ) ;
#782 = CARTESIAN_POINT ( 'NONE',  ( -31.99999999999962697, -68.00000000000069633, 5.000000000000000000 ) ) ;
#783 = EDGE_LOOP ( 'NONE', ( #6251, #1384, #9057, #10043 ) ) ;
#784 = DIRECTION ( 'NONE',  ( -0.000000000000000000, -0.000000000000000000, 1.000000000000000000 ) ) ;
#785 = LINE ( 'NONE', #4526, #2816 ) ;
#786 = AXIS2_PLACEMENT_3D ( 'NONE', #8307, #76, #11137 ) ;
#787 = VERTEX_POINT ( 'NONE', #4285 ) ;
#788 = VERTEX_POINT ( 'NONE', #4976 ) ;
#789 = CARTESIAN_POINT ( 'NONE',  ( 32.00000000000009948, -68.00000000000022737, 0.000000000000000000 ) ) ;
#790 = CARTESIAN_POINT ( 'NONE',  ( 75.97499999999996589, -79.02499999999996305, 5.000000000000000000 ) ) ;
#791 = CIRCLE ( 'NONE', #11987, 2.000000000000000888 ) ;
#792 = ORIENTED_EDGE ( 'NONE', *, *, #85, .T. ) ;
#793 = DIRECTION ( 'NONE',  ( 1.000000000000000000, 0.000000000000000000, -0.000000000000000000 ) ) ;
#794 = DIRECTION ( 'NONE',  ( 0.000000000000000000, 0.000000000000000000, 1.000000000000000000 ) ) ;
#795 = ORIENTED_EDGE ( 'NONE', *, *, #2429, .T. ) ;
#796 = DIRECTION ( 'NONE',  ( 1.000000000000000000, 0.000000000000000000, 0.000000000000000000 ) ) ;
#797 = DIRECTION ( 'NONE',  ( 0.000000000000000000, 1.000000000000000000, 0.000000000000000000 ) ) ;
#798 = EDGE_CURVE ( 'NONE', #4919, #12157, #7985, .T. ) ;
#799 = VECTOR ( 'NONE', #8663, 1000.000000000000000 ) ;
#800 = ORIENTED_EDGE ( 'NONE', *, *, #6091, .F. ) ;
#801 = DIRECTION ( 'NONE',  ( 1.000000000000000000, 0.000000000000000000, 0.000000000000000000 ) ) ;
#802 = CARTESIAN_POINT ( 'NONE',  ( 67.99999999999967315, 17.00000000000059686, 5.000000000000000000 ) ) ;
#803 = ADVANCED_FACE ( 'NONE', ( #7925 ), #10631, .F. ) ;
#804 = LINE ( 'NONE', #10283, #5978 ) ;
#805 = DIRECTION ( 'NONE',  ( -0.000000000000000000, -0.000000000000000000, 1.000000000000000000 ) ) ;
#806 = DIRECTION ( 'NONE',  ( 1.000000000000000000, 0.000000000000000000, 0.000000000000000000 ) ) ;
#807 = ORIENTED_EDGE ( 'NONE', *, *, #2324, .F. ) ;
#808 = ADVANCED_FACE ( 'NONE', ( #9895 ), #3124, .F. ) ;
#809 = CARTESIAN_POINT ( 'NONE',  ( 35.99999999999974420, 34.00000000000047606, 0.000000000000000000 ) ) ;
#810 = CYLINDRICAL_SURFACE ( 'NONE', #1801, 2.000000000000001776 ) ;
#811 = EDGE_LOOP ( 'NONE', ( #8316, #4229 ) ) ;
#812 = CIRCLE ( 'NONE', #2984, 2.000000000000001776 ) ;
#813 = ORIENTED_EDGE ( 'NONE', *, *, #2091, .T. ) ;
#814 = EDGE_CURVE ( 'NONE', #3718, #2798, #8965, .T. ) ;
#815 = ORIENTED_EDGE ( 'NONE', *, *, #4300, .T. ) ;
#816 = VECTOR ( 'NONE', #11392, 1000.000000000000000 ) ;
#817 = ORIENTED_EDGE ( 'NONE', *, *, #3242, .T. ) ;
#818 = CIRCLE ( 'NONE', #10837, 2.000000000000001776 ) ;
#819 = ORIENTED_EDGE ( 'NONE', *, *, #11504, .T. ) ;
#820 = FACE_BOUND ( 'NONE', #8347, .T. ) ;
#821 = DIRECTION ( 'NONE',  ( 0.000000000000000000, 0.000000000000000000, -1.000000000000000000 ) ) ;
#822 = DIRECTION ( 'NONE',  ( 1.000000000000000000, 0.000000000000000000, 0.000000000000000000 ) ) ;
#823 = EDGE_CURVE ( 'NONE', #6747, #10644, #10469, .T. ) ;
#824 = CARTESIAN_POINT ( 'NONE',  ( -2.000000000000167422, 51.00000000000031974, 5.000000000000000000 ) ) ;
#825 = DIRECTION ( 'NONE',  ( 0.000000000000000000, 0.000000000000000000, 1.000000000000000000 ) ) ;
#826 = ORIENTED_EDGE ( 'NONE', *, *, #562, .T. ) ;
#827 = VERTEX_POINT ( 'NONE', #2328 ) ;
#828 = FACE_OUTER_BOUND ( 'NONE', #2828, .T. ) ;
#829 = CIRCLE ( 'NONE', #11640, 2.000000000000001776 ) ;
#830 = AXIS2_PLACEMENT_3D ( 'NONE', #5392, #715, #4457 ) ;
#831 = EDGE_CURVE ( 'NONE', #4362, #2385, #10570, .T. ) ;
#832 = VERTEX_POINT ( 'NONE', #1290 ) ;
#833 = VERTEX_POINT ( 'NONE', #11615 ) ;
#834 = AXIS2_PLACEMENT_3D ( 'NONE', #9251, #839, #4586 ) ;
#835 = EDGE_LOOP ( 'NONE', ( #8644, #4153 ) ) ;
#836 = DIRECTION ( 'NONE',  ( 1.000000000000000000, 0.000000000000000000, 0.000000000000000000 ) ) ;
#837 = AXIS2_PLACEMENT_3D ( 'NONE', #1298, #6948, #9780 ) ;
#838 = CIRCLE ( 'NONE', #7721, 2.000000000000001776 ) ;
#839 = DIRECTION ( 'NONE',  ( -0.000000000000000000, -0.000000000000000000, 1.000000000000000000 ) ) ;
#840 = CARTESIAN_POINT ( 'NONE',  ( -84.99999999999967315, -5.828670879282071837E-13, 5.000000000000000000 ) ) ;
#841 = DIRECTION ( 'NONE',  ( -0.000000000000000000, -0.000000000000000000, 1.000000000000000000 ) ) ;
#842 = CYLINDRICAL_SURFACE ( 'NONE', #2822, 2.000000000000001776 ) ;
#843 = ORIENTED_EDGE ( 'NONE', *, *, #12009, .F. ) ;
#844 = CARTESIAN_POINT ( 'NONE',  ( 16.99999999999982236, 34.00000000000036238, 0.000000000000000000 ) ) ;
#845 = CARTESIAN_POINT ( 'NONE',  ( -86.99999999999990052, 67.99999999999990052, 5.000000000000000000 ) ) ;
#846 = CIRCLE ( 'NONE', #7522, 2.000000000000001776 ) ;
#847 = EDGE_CURVE ( 'NONE', #3147, #6258, #10852, .T. ) ;
#848 = CIRCLE ( 'NONE', #9284, 2.000000000000001776 ) ;
#849 = ORIENTED_EDGE ( 'NONE', *, *, #12105, .F. ) ;
#850 = ORIENTED_EDGE ( 'NONE', *, *, #11556, .F. ) ;
#851 = CYLINDRICAL_SURFACE ( 'NONE', #5018, 2.000000000000001776 ) ;
#852 = PLANE ( 'NONE',  #9800 ) ;
#853 = AXIS2_PLACEMENT_3D ( 'NONE', #2242, #10490, #5011 ) ;
#854 = DIRECTION ( 'NONE',  ( 1.000000000000000000, 0.000000000000000000, 0.000000000000000000 ) ) ;
#855 = ORIENTED_EDGE ( 'NONE', *, *, #3598, .F. ) ;
#856 = CARTESIAN_POINT ( 'NONE',  ( -16.99999999999993250, -9.714451465470119729E-14, 0.000000000000000000 ) ) ;
#857 = DIRECTION ( 'NONE',  ( 0.000000000000000000, 0.000000000000000000, 1.000000000000000000 ) ) ;
#858 = EDGE_LOOP ( 'NONE', ( #9381, #7694, #5744, #10705 ) ) ;
#859 = DIRECTION ( 'NONE',  ( 0.000000000000000000, 0.000000000000000000, 1.000000000000000000 ) ) ;
#860 = LINE ( 'NONE', #2705, #5740 ) ;
#861 = EDGE_CURVE ( 'NONE', #9622, #2905, #7319, .T. ) ;
#862 = CYLINDRICAL_SURFACE ( 'NONE', #3433, 2.000000000000001776 ) ;
#863 = CIRCLE ( 'NONE', #6184, 2.000000000000000888 ) ;
#864 = VECTOR ( 'NONE', #8240, 1000.000000000000000 ) ;
#865 = ORIENTED_EDGE ( 'NONE', *, *, #3122, .T. ) ;
#866 = PLANE ( 'NONE',  #2451 ) ;
#867 = DIRECTION ( 'NONE',  ( 1.000000000000000000, 0.000000000000000000, 0.000000000000000000 ) ) ;
#868 = FACE_OUTER_BOUND ( 'NONE', #3, .T. ) ;
#869 = LINE ( 'NONE', #1061, #10206 ) ;
#870 = CIRCLE ( 'NONE', #10899, 2.000000000000001776 ) ;
#871 = ADVANCED_FACE ( 'NONE', ( #8834 ), #417, .T. ) ;
#872 = DIRECTION ( 'NONE',  ( 1.000000000000000000, 0.000000000000000000, 0.000000000000000000 ) ) ;
#873 = ORIENTED_EDGE ( 'NONE', *, *, #3666, .T. ) ;
#874 = DIRECTION ( 'NONE',  ( 1.000000000000000000, 0.000000000000000000, 0.000000000000000000 ) ) ;
#875 = DIRECTION ( 'NONE',  ( 0.000000000000000000, -1.000000000000000000, 0.000000000000000000 ) ) ;
#876 = VERTEX_POINT ( 'NONE', #1585 ) ;
#877 = ORIENTED_EDGE ( 'NONE', *, *, #9997, .T. ) ;
#878 = CIRCLE ( 'NONE', #1087, 2.000000000000001776 ) ;
#879 = VERTEX_POINT ( 'NONE', #2510 ) ;
#880 = VECTOR ( 'NONE', #2774, 1000.000000000000000 ) ;
#881 = CYLINDRICAL_SURFACE ( 'NONE', #8804, 2.000000000000001776 ) ;
#882 = EDGE_LOOP ( 'NONE', ( #4230, #6879, #3698, #7618 ) ) ;
#883 = FACE_BOUND ( 'NONE', #8272, .T. ) ;
#884 = CARTESIAN_POINT ( 'NONE',  ( -128.0000000000000000, 2.449293598294694581E-16, 0.000000000000000000 ) ) ;
#885 = DIRECTION ( 'NONE',  ( -0.000000000000000000, -0.000000000000000000, 1.000000000000000000 ) ) ;
#887 = VERTEX_POINT ( 'NONE', #4462 ) ;
#886 = ADVANCED_FACE ( 'NONE', ( #722 ), #10875, .F. ) ;
#888 = CARTESIAN_POINT ( 'NONE',  ( -79.02499999999996305, 94.02500000000000568, 0.000000000000000000 ) ) ;
#889 = CARTESIAN_POINT ( 'NONE',  ( -94.02499999999986358, 0.000000000000000000, 5.000000000000000000 ) ) ;
#890 = ORIENTED_EDGE ( 'NONE', *, *, #7950, .T. ) ;
#891 = ORIENTED_EDGE ( 'NONE', *, *, #5534, .T. ) ;
#892 = DIRECTION ( 'NONE',  ( -0.000000000000000000, -0.000000000000000000, 1.000000000000000000 ) ) ;
#893 = CIRCLE ( 'NONE', #1887, 2.000000000000001776 ) ;
#894 = EDGE_CURVE ( 'NONE', #10896, #7265, #5358, .T. ) ;
#895 = VERTEX_POINT ( 'NONE', #2683 ) ;
#896 = EDGE_CURVE ( 'NONE', #1072, #7507, #9261, .T. ) ;
#897 = EDGE_CURVE ( 'NONE', #9791, #6645, #3778, .T. ) ;
#898 = ORIENTED_EDGE ( 'NONE', *, *, #10372, .T. ) ;
#899 = ORIENTED_EDGE ( 'NONE', *, *, #967, .F. ) ;
#900 = CARTESIAN_POINT ( 'NONE',  ( 32.00000000000015632, -85.00000000000035527, 0.000000000000000000 ) ) ;
#901 = AXIS2_PLACEMENT_3D ( 'NONE', #12095, #5513, #9253 ) ;
#902 = DIRECTION ( 'NONE',  ( -1.047444401652940638E-14, 1.000000000000000000, 0.000000000000000000 ) ) ;
#903 = DIRECTION ( 'NONE',  ( -0.000000000000000000, -0.000000000000000000, 1.000000000000000000 ) ) ;
#904 = DIRECTION ( 'NONE',  ( -0.000000000000000000, -0.000000000000000000, 1.000000000000000000 ) ) ;
#905 = PLANE ( 'NONE',  #10477 ) ;
#906 = ORIENTED_EDGE ( 'NONE', *, *, #5201, .T. ) ;
#907 = LINE ( 'NONE', #4711, #6735 ) ;
#908 = DIRECTION ( 'NONE',  ( 1.000000000000000000, 0.000000000000000000, 0.000000000000000000 ) ) ;
#909 = AXIS2_PLACEMENT_3D ( 'NONE', #6529, #2296, #4926 ) ;
#910 = EDGE_LOOP ( 'NONE', ( #234, #7769 ) ) ;
#911 = ORIENTED_EDGE ( 'NONE', *, *, #4421, .F. ) ;
#912 = DIRECTION ( 'NONE',  ( 0.000000000000000000, 0.000000000000000000, 1.000000000000000000 ) ) ;
#913 = CARTESIAN_POINT ( 'NONE',  ( -67.99999999999995737, 68.00000000000002842, 0.000000000000000000 ) ) ;
#914 = EDGE_CURVE ( 'NONE', #10166, #1158, #6732, .T. ) ;
#915 = CARTESIAN_POINT ( 'NONE',  ( -34.00000000000009948, 68.00000000000025580, 0.000000000000000000 ) ) ;
#916 = ORIENTED_EDGE ( 'NONE', *, *, #2999, .F. ) ;
#917 = CARTESIAN_POINT ( 'NONE',  ( -65.99999999999965894, -17.00000000000058265, 0.000000000000000000 ) ) ;
#918 = DIRECTION ( 'NONE',  ( 1.000000000000000000, 0.000000000000000000, 0.000000000000000000 ) ) ;
#919 = ORIENTED_EDGE ( 'NONE', *, *, #4579, .T. ) ;
#920 = CARTESIAN_POINT ( 'NONE',  ( 15.00000000000003908, -34.00000000000010658, 5.000000000000000000 ) ) ;
#921 = CARTESIAN_POINT ( 'NONE',  ( 135.0000000000000000, -15.00000000000001243, 0.000000000000000000 ) ) ;
#922 = DIRECTION ( 'NONE',  ( -0.000000000000000000, -0.000000000000000000, 1.000000000000000000 ) ) ;
#923 = DIRECTION ( 'NONE',  ( 0.000000000000000000, -1.000000000000000000, 0.000000000000000000 ) ) ;
#924 = ORIENTED_EDGE ( 'NONE', *, *, #11954, .T. ) ;
#925 = CARTESIAN_POINT ( 'NONE',  ( -4.163336342344337027E-14, 17.00000000000009948, 5.000000000000000000 ) ) ;
#926 = EDGE_CURVE ( 'NONE', #6416, #6297, #1439, .T. ) ;
#927 = DIRECTION ( 'NONE',  ( -0.000000000000000000, -0.000000000000000000, 1.000000000000000000 ) ) ;
#928 = CARTESIAN_POINT ( 'NONE',  ( -69.99999999999985789, 33.99999999999976552, 5.000000000000000000 ) ) ;
#929 = DIRECTION ( 'NONE',  ( -0.000000000000000000, -0.000000000000000000, 1.000000000000000000 ) ) ;
#930 = CARTESIAN_POINT ( 'NONE',  ( 86.99999999999960210, 17.00000000000072120, 5.000000000000000000 ) ) ;
#931 = ORIENTED_EDGE ( 'NONE', *, *, #7115, .T. ) ;
#932 = CYLINDRICAL_SURFACE ( 'NONE', #7525, 2.000000000000001776 ) ;
#933 = DIRECTION ( 'NONE',  ( -0.000000000000000000, -0.000000000000000000, 1.000000000000000000 ) ) ;
#934 = ORIENTED_EDGE ( 'NONE', *, *, #8324, .T. ) ;
#935 = ORIENTED_EDGE ( 'NONE', *, *, #10185, .F. ) ;
#936 = EDGE_CURVE ( 'NONE', #3267, #4824, #3542, .T. ) ;
#937 = ORIENTED_EDGE ( 'NONE', *, *, #6395, .F. ) ;
#938 = DIRECTION ( 'NONE',  ( 0.000000000000000000, 0.000000000000000000, 1.000000000000000000 ) ) ;
#939 = ORIENTED_EDGE ( 'NONE', *, *, #4657, .F. ) ;
#940 = FACE_BOUND ( 'NONE', #11541, .T. ) ;
#941 = CARTESIAN_POINT ( 'NONE',  ( 36.00000000000015632, -85.00000000000035527, 0.000000000000000000 ) ) ;
#942 = CARTESIAN_POINT ( 'NONE',  ( -36.00000000000004263, 51.00000000000012790, 5.000000000000000000 ) ) ;
#943 = ORIENTED_EDGE ( 'NONE', *, *, #9079, .F. ) ;
#944 = CARTESIAN_POINT ( 'NONE',  ( -65.99999999999974420, -4.579669976578770729E-13, 5.000000000000000000 ) ) ;
#945 = LINE ( 'NONE', #3774, #11213 ) ;
#946 = ORIENTED_EDGE ( 'NONE', *, *, #3572, .F. ) ;
#947 = EDGE_LOOP ( 'NONE', ( #2716, #8504 ) ) ;
#948 = DIRECTION ( 'NONE',  ( 1.000000000000000000, 0.000000000000000000, 0.000000000000000000 ) ) ;
#949 = VECTOR ( 'NONE', #418, 1000.000000000000000 ) ;
#950 = ORIENTED_EDGE ( 'NONE', *, *, #7070, .T. ) ;
#951 = EDGE_CURVE ( 'NONE', #7901, #7206, #2602, .T. ) ;
#952 = ADVANCED_FACE ( 'NONE', ( #1759 ), #7188, .F. ) ;
#953 = ORIENTED_EDGE ( 'NONE', *, *, #3338, .F. ) ;
#954 = VERTEX_POINT ( 'NONE', #2566 ) ;
#955 = DIRECTION ( 'NONE',  ( -0.000000000000000000, -0.000000000000000000, -1.000000000000000000 ) ) ;
#956 = CYLINDRICAL_SURFACE ( 'NONE', #3195, 2.000000000000001776 ) ;
#957 = CARTESIAN_POINT ( 'NONE',  ( -2.000000000000098144, 34.00000000000021316, 0.000000000000000000 ) ) ;
#958 = FACE_BOUND ( 'NONE', #10671, .T. ) ;
#960 = ADVANCED_FACE ( 'NONE', ( #5511 ), #6382, .F. ) ;
#959 = DIRECTION ( 'NONE',  ( 5.204170427930419434E-17, 1.000000000000000000, 0.000000000000000000 ) ) ;
#961 = EDGE_LOOP ( 'NONE', ( #10855, #4784, #567, #6048 ) ) ;
#962 = VECTOR ( 'NONE', #2682, 1000.000000000000000 ) ;
#963 = CARTESIAN_POINT ( 'NONE',  ( 50.99999999999973710, 17.00000000000048672, 0.000000000000000000 ) ) ;
#964 = EDGE_CURVE ( 'NONE', #11641, #11572, #1231, .T. ) ;
#965 = CARTESIAN_POINT ( 'NONE',  ( -50.99999999999950262, -85.00000000000093792, 0.000000000000000000 ) ) ;
#966 = ORIENTED_EDGE ( 'NONE', *, *, #3153, .T. ) ;
#967 = EDGE_CURVE ( 'NONE', #7067, #6377, #8293, .T. ) ;
#968 = AXIS2_PLACEMENT_3D ( 'NONE', #2977, #1879, #7532 ) ;
#969 = ORIENTED_EDGE ( 'NONE', *, *, #11952, .T. ) ;
#970 = AXIS2_PLACEMENT_3D ( 'NONE', #9367, #938, #9304 ) ;
#971 = CARTESIAN_POINT ( 'NONE',  ( -135.0000000000000000, 15.00000000000001243, 0.000000000000000000 ) ) ;
#972 = CARTESIAN_POINT ( 'NONE',  ( -35.99999999999957367, -85.00000000000082423, 0.000000000000000000 ) ) ;
#973 = CARTESIAN_POINT ( 'NONE',  ( -65.99999999999980105, 16.99999999999965539, 5.000000000000000000 ) ) ;
#974 = EDGE_LOOP ( 'NONE', ( #1175, #6429, #8435, #6316 ) ) ;
#975 = CARTESIAN_POINT ( 'NONE',  ( -75.97499999999996589, -90.97500000000002274, 5.000000000000000000 ) ) ;
#976 = DIRECTION ( 'NONE',  ( 0.000000000000000000, 0.000000000000000000, 1.000000000000000000 ) ) ;
#977 = EDGE_LOOP ( 'NONE', ( #3947, #6786 ) ) ;
#978 = DIRECTION ( 'NONE',  ( 1.000000000000000000, 0.000000000000000000, 0.000000000000000000 ) ) ;
#979 = ADVANCED_FACE ( 'NONE', ( #2454 ), #6210, .F. ) ;
#980 = DIRECTION ( 'NONE',  ( 1.000000000000000000, 0.000000000000000000, 0.000000000000000000 ) ) ;
#981 = VECTOR ( 'NONE', #5431, 1000.000000000000000 ) ;
#982 = DIRECTION ( 'NONE',  ( -0.000000000000000000, -0.000000000000000000, 1.000000000000000000 ) ) ;
#983 = CIRCLE ( 'NONE', #1389, 2.000000000000001776 ) ;
#984 = CARTESIAN_POINT ( 'NONE',  ( 16.99999999999975131, 51.00000000000049027, 0.000000000000000000 ) ) ;
#985 = EDGE_CURVE ( 'NONE', #1430, #3309, #6153, .T. ) ;
#986 = ORIENTED_EDGE ( 'NONE', *, *, #1460, .T. ) ;
#987 = CIRCLE ( 'NONE', #8059, 2.000000000000001776 ) ;
#988 = DIRECTION ( 'NONE',  ( -0.000000000000000000, -0.000000000000000000, 1.000000000000000000 ) ) ;
#989 = CIRCLE ( 'NONE', #4516, 2.000000000000000888 ) ;
#990 = FACE_OUTER_BOUND ( 'NONE', #11221, .T. ) ;
#991 = DIRECTION ( 'NONE',  ( -0.000000000000000000, -0.000000000000000000, -1.000000000000000000 ) ) ;
#992 = CYLINDRICAL_SURFACE ( 'NONE', #1187, 2.000000000000001776 ) ;
#993 = DIRECTION ( 'NONE',  ( 0.000000000000000000, 0.000000000000000000, 1.000000000000000000 ) ) ;
#994 = VERTEX_POINT ( 'NONE', #8098 ) ;
#995 = DIRECTION ( 'NONE',  ( 1.000000000000000000, 0.000000000000000000, 0.000000000000000000 ) ) ;
#996 = DIRECTION ( 'NONE',  ( 0.000000000000000000, 0.000000000000000000, 1.000000000000000000 ) ) ;
#997 = VERTEX_POINT ( 'NONE', #6263 ) ;
#998 = ORIENTED_EDGE ( 'NONE', *, *, #1474, .F. ) ;
#999 = AXIS2_PLACEMENT_3D ( 'NONE', #2760, #11374, #4536 ) ;
#1000 = EDGE_CURVE ( 'NONE', #6258, #3147, #3002, .T. ) ;
#1001 = ORIENTED_EDGE ( 'NONE', *, *, #3220, .T. ) ;
#1002 = DIRECTION ( 'NONE',  ( 1.000000000000000000, -4.550094363217858838E-15, 0.000000000000000000 ) ) ;
#1003 = ORIENTED_EDGE ( 'NONE', *, *, #7165, .F. ) ;
#1004 = FACE_BOUND ( 'NONE', #2889, .T. ) ;
#1005 = AXIS2_PLACEMENT_3D ( 'NONE', #7036, #5203, #10609 ) ;
#1006 = DIRECTION ( 'NONE',  ( -1.000000000000000000, 0.000000000000000000, 0.000000000000000000 ) ) ;
#1007 = CARTESIAN_POINT ( 'NONE',  ( -70.00000000000001421, 85.00000000000015632, 0.000000000000000000 ) ) ;
#1008 = ORIENTED_EDGE ( 'NONE', *, *, #6677, .F. ) ;
#1009 = DIRECTION ( 'NONE',  ( 0.000000000000000000, 0.000000000000000000, 1.000000000000000000 ) ) ;
#1010 = CARTESIAN_POINT ( 'NONE',  ( -65.99999999999984368, 33.99999999999976552, 5.000000000000000000 ) ) ;
#1011 = VERTEX_POINT ( 'NONE', #4406 ) ;
#1012 = ORIENTED_EDGE ( 'NONE', *, *, #2171, .T. ) ;
#1013 = CARTESIAN_POINT ( 'NONE',  ( -4.139448346937463700E-13, -90.97500000000037801, 0.000000000000000000 ) ) ;
#1014 = VECTOR ( 'NONE', #3517, 1000.000000000000000 ) ;
#1015 = CIRCLE ( 'NONE', #9245, 2.000000000000001776 ) ;
#1016 = VERTEX_POINT ( 'NONE', #9445 ) ;
#1017 = ORIENTED_EDGE ( 'NONE', *, *, #302, .T. ) ;
#1018 = ORIENTED_EDGE ( 'NONE', *, *, #3728, .F. ) ;
#1019 = CARTESIAN_POINT ( 'NONE',  ( 84.99999999999995737, -84.99999999999998579, 0.000000000000000000 ) ) ;
#1020 = CARTESIAN_POINT ( 'NONE',  ( -33.99999999999986500, -2.220446049250313081E-13, 0.000000000000000000 ) ) ;
#1021 = CARTESIAN_POINT ( 'NONE',  ( 50.99999999999979394, 3.747002708109903324E-13, 0.000000000000000000 ) ) ;
#1022 = FACE_BOUND ( 'NONE', #1831, .T. ) ;
#1023 = LINE ( 'NONE', #9330, #6874 ) ;
#1024 = VECTOR ( 'NONE', #9160, 1000.000000000000000 ) ;
#1025 = EDGE_LOOP ( 'NONE', ( #1630, #10754, #6330, #2059 ) ) ;
#1026 = AXIS2_PLACEMENT_3D ( 'NONE', #3231, #5017, #2368 ) ;
#1027 = DIRECTION ( 'NONE',  ( -0.000000000000000000, -0.000000000000000000, 1.000000000000000000 ) ) ;
#1028 = EDGE_CURVE ( 'NONE', #10828, #2798, #8526, .T. ) ;
#1029 = CARTESIAN_POINT ( 'NONE',  ( 67.99999999999995737, -67.99999999999998579, 0.000000000000000000 ) ) ;
#1030 = VERTEX_POINT ( 'NONE', #5579 ) ;
#1031 = AXIS2_PLACEMENT_3D ( 'NONE', #3604, #5455, #9190 ) ;
#1032 = VECTOR ( 'NONE', #8282, 1000.000000000000000 ) ;
#1033 = ORIENTED_EDGE ( 'NONE', *, *, #144, .T. ) ;
#1034 = AXIS2_PLACEMENT_3D ( 'NONE', #10410, #5671, #995 ) ;
#1035 = AXIS2_PLACEMENT_3D ( 'NONE', #550, #8167, #7193 ) ;
#1036 = EDGE_CURVE ( 'NONE', #4980, #3993, #3971, .T. ) ;
#1037 = LINE ( 'NONE', #7744, #10320 ) ;
#1038 = LINE ( 'NONE', #6816, #2530 ) ;
#1039 = DIRECTION ( 'NONE',  ( 1.000000000000000000, 0.000000000000000000, 0.000000000000000000 ) ) ;
#1040 = ORIENTED_EDGE ( 'NONE', *, *, #5941, .F. ) ;
#1041 = CARTESIAN_POINT ( 'NONE',  ( -16.99999999999987566, -17.00000000000022382, 0.000000000000000000 ) ) ;
#1042 = EDGE_CURVE ( 'NONE', #499, #2601, #1815, .T. ) ;
#1043 = LINE ( 'NONE', #10457, #10660 ) ;
#1044 = VECTOR ( 'NONE', #11151, 1000.000000000000000 ) ;
#1045 = ORIENTED_EDGE ( 'NONE', *, *, #9278, .F. ) ;
#1046 = FACE_OUTER_BOUND ( 'NONE', #5426, .T. ) ;
#1047 = CYLINDRICAL_SURFACE ( 'NONE', #2206, 2.000000000000000000 ) ;
#1048 = AXIS2_PLACEMENT_3D ( 'NONE', #8346, #8464, #12100 ) ;
#1049 = CIRCLE ( 'NONE', #64, 2.000000000000001776 ) ;
#1050 = FACE_OUTER_BOUND ( 'NONE', #961, .T. ) ;
#1051 = EDGE_CURVE ( 'NONE', #5110, #4399, #8686, .T. ) ;
#1052 = ORIENTED_EDGE ( 'NONE', *, *, #7280, .T. ) ;
#1053 = AXIS2_PLACEMENT_3D ( 'NONE', #11533, #7712, #11715 ) ;
#1054 = EDGE_CURVE ( 'NONE', #499, #10002, #10318, .T. ) ;
#1055 = EDGE_CURVE ( 'NONE', #2622, #11711, #6928, .T. ) ;
#1056 = EDGE_LOOP ( 'NONE', ( #1008, #7038, #9206, #9640 ) ) ;
#1057 = VECTOR ( 'NONE', #1482, 1000.000000000000000 ) ;
#1058 = DIRECTION ( 'NONE',  ( -0.000000000000000000, 0.000000000000000000, -1.000000000000000000 ) ) ;
#1059 = CARTESIAN_POINT ( 'NONE',  ( 114.9999999999999432, -30.00000000000001421, 0.000000000000000000 ) ) ;
#1060 = DIRECTION ( 'NONE',  ( 0.000000000000000000, 0.000000000000000000, 1.000000000000000000 ) ) ;
#1061 = CARTESIAN_POINT ( 'NONE',  ( 19.00000000000017053, -68.00000000000035527, 0.000000000000000000 ) ) ;
#1062 = DIRECTION ( 'NONE',  ( 1.000000000000000000, 0.000000000000000000, 0.000000000000000000 ) ) ;
#1063 = EDGE_CURVE ( 'NONE', #2212, #4946, #3391, .T. ) ;
#1064 = ORIENTED_EDGE ( 'NONE', *, *, #4640, .F. ) ;
#1065 = LINE ( 'NONE', #6595, #7325 ) ;
#1066 = LINE ( 'NONE', #8565, #816 ) ;
#1067 = VERTEX_POINT ( 'NONE', #7668 ) ;
#1068 = VERTEX_POINT ( 'NONE', #7610 ) ;
#1069 = AXIS2_PLACEMENT_3D ( 'NONE', #7303, #8165, #11977 ) ;
#1070 = AXIS2_PLACEMENT_3D ( 'NONE', #3966, #8643, #3109 ) ;
#1071 = AXIS2_PLACEMENT_3D ( 'NONE', #3856, #3725, #5767 ) ;
#1072 = VERTEX_POINT ( 'NONE', #4647 ) ;
#1073 = CIRCLE ( 'NONE', #675, 2.000000000000001776 ) ;
#1074 = CARTESIAN_POINT ( 'NONE',  ( -99.99999999999994316, -29.99999999999999645, 5.000000000000000000 ) ) ;
#1075 = ORIENTED_EDGE ( 'NONE', *, *, #7128, .F. ) ;
#1076 = FACE_BOUND ( 'NONE', #4687, .T. ) ;
#1077 = AXIS2_PLACEMENT_3D ( 'NONE', #8673, #4736, #6830 ) ;
#1078 = DIRECTION ( 'NONE',  ( -0.000000000000000000, -0.000000000000000000, 1.000000000000000000 ) ) ;
#1079 = CARTESIAN_POINT ( 'NONE',  ( -15.00000000000016698, 68.00000000000036948, 0.000000000000000000 ) ) ;
#1080 = EDGE_LOOP ( 'NONE', ( #9065, #6656, #3944, #5292 ) ) ;
#1081 = ADVANCED_FACE ( 'NONE', ( #108 ), #956, .F. ) ;
#1082 = DIRECTION ( 'NONE',  ( 0.000000000000000000, 0.000000000000000000, 1.000000000000000000 ) ) ;
#1083 = DIRECTION ( 'NONE',  ( 1.000000000000000000, 0.000000000000000000, 0.000000000000000000 ) ) ;
#1084 = ORIENTED_EDGE ( 'NONE', *, *, #5174, .T. ) ;
#1085 = ORIENTED_EDGE ( 'NONE', *, *, #10522, .T. ) ;
#1086 = DIRECTION ( 'NONE',  ( 0.000000000000000000, 0.000000000000000000, 1.000000000000000000 ) ) ;
#1087 = AXIS2_PLACEMENT_3D ( 'NONE', #556, #5178, #8739 ) ;
#1088 = VECTOR ( 'NONE', #11517, 1000.000000000000000 ) ;
#1089 = ORIENTED_EDGE ( 'NONE', *, *, #2356, .T. ) ;
#1090 = EDGE_LOOP ( 'NONE', ( #7942, #5139, #2514, #1253 ) ) ;
#1091 = EDGE_LOOP ( 'NONE', ( #3506, #7360, #3828, #9708 ) ) ;
#1092 = DIRECTION ( 'NONE',  ( -0.000000000000000000, 0.000000000000000000, 1.000000000000000000 ) ) ;
#1093 = FACE_OUTER_BOUND ( 'NONE', #1168, .T. ) ;
#1094 = DIRECTION ( 'NONE',  ( 1.000000000000000000, 0.000000000000000000, 0.000000000000000000 ) ) ;
#1095 = ADVANCED_FACE ( 'NONE', ( #1093 ), #8590, .F. ) ;
#1096 = FACE_BOUND ( 'NONE', #10732, .T. ) ;
#1097 = FACE_OUTER_BOUND ( 'NONE', #3294, .T. ) ;
#1098 = EDGE_LOOP ( 'NONE', ( #2576, #8707, #7221, #2088 ) ) ;
#1099 = AXIS2_PLACEMENT_3D ( 'NONE', #2292, #4423, #6223 ) ;
#1100 = CARTESIAN_POINT ( 'NONE',  ( -84.99999999999995737, 85.00000000000001421, 0.000000000000000000 ) ) ;
#1101 = CARTESIAN_POINT ( 'NONE',  ( 67.99999999999972999, 4.857225732735059864E-13, 0.000000000000000000 ) ) ;
#1102 = ORIENTED_EDGE ( 'NONE', *, *, #10079, .F. ) ;
#1103 = EDGE_LOOP ( 'NONE', ( #1286, #131 ) ) ;
#1104 = AXIS2_PLACEMENT_3D ( 'NONE', #4051, #3924, #3988 ) ;
#1105 = EDGE_CURVE ( 'NONE', #5170, #4196, #2992, .T. ) ;
#1106 = DIRECTION ( 'NONE',  ( 1.000000000000000000, 4.550094363217858838E-15, 0.000000000000000000 ) ) ;
#1107 = LINE ( 'NONE', #5651, #4679 ) ;
#1108 = LINE ( 'NONE', #1968, #9737 ) ;
#1109 = ORIENTED_EDGE ( 'NONE', *, *, #3978, .T. ) ;
#1110 = FACE_OUTER_BOUND ( 'NONE', #9695, .T. ) ;
#1111 = CARTESIAN_POINT ( 'NONE',  ( -15.00000000000000533, -1.563360346837514757E-13, 5.000000000000000000 ) ) ;
#1112 = ORIENTED_EDGE ( 'NONE', *, *, #3886, .F. ) ;
#1113 = PLANE ( 'NONE',  #6360 ) ;
#1114 = DIRECTION ( 'NONE',  ( -0.000000000000000000, -0.000000000000000000, 1.000000000000000000 ) ) ;
#1115 = AXIS2_PLACEMENT_3D ( 'NONE', #5357, #10091, #10830 ) ;
#1116 = DIRECTION ( 'NONE',  ( 0.000000000000000000, 0.000000000000000000, 1.000000000000000000 ) ) ;
#1117 = EDGE_LOOP ( 'NONE', ( #9733, #3592 ) ) ;
#1118 = EDGE_CURVE ( 'NONE', #2104, #8264, #2928, .T. ) ;
#1119 = ORIENTED_EDGE ( 'NONE', *, *, #9753, .T. ) ;
#1120 = AXIS2_PLACEMENT_3D ( 'NONE', #1846, #8230, #3680 ) ;
#1121 = CARTESIAN_POINT ( 'NONE',  ( 79.02499999999996305, 0.000000000000000000, 5.000000000000000000 ) ) ;
#1122 = LINE ( 'NONE', #190, #9930 ) ;
#1123 = DIRECTION ( 'NONE',  ( 1.000000000000000000, 0.000000000000000000, 0.000000000000000000 ) ) ;
#1124 = CARTESIAN_POINT ( 'NONE',  ( 16.99999999999964118, 85.00000000000073896, 0.000000000000000000 ) ) ;
#1125 = ORIENTED_EDGE ( 'NONE', *, *, #5271, .T. ) ;
#1126 = DIRECTION ( 'NONE',  ( -0.000000000000000000, -0.000000000000000000, 1.000000000000000000 ) ) ;
#1127 = EDGE_CURVE ( 'NONE', #7967, #9431, #1894, .T. ) ;
#1128 = CARTESIAN_POINT ( 'NONE',  ( 48.99999999999967315, 34.00000000000059686, 5.000000000000000000 ) ) ;
#1129 = ORIENTED_EDGE ( 'NONE', *, *, #3050, .T. ) ;
#1130 = EDGE_LOOP ( 'NONE', ( #4645, #1530, #11594, #11949 ) ) ;
#1131 = EDGE_CURVE ( 'NONE', #1946, #7234, #10376, .T. ) ;
#1132 = ADVANCED_FACE ( 'NONE', ( #8338 ), #12093, .F. ) ;
#1133 = VERTEX_POINT ( 'NONE', #6681 ) ;
#1134 = CARTESIAN_POINT ( 'NONE',  ( -50.99999999999980815, -3.330669073875469621E-13, 0.000000000000000000 ) ) ;
#1135 = ORIENTED_EDGE ( 'NONE', *, *, #1131, .T. ) ;
#1136 = FACE_BOUND ( 'NONE', #7080, .T. ) ;
#1137 = LINE ( 'NONE', #4079, #5575 ) ;
#1138 = LINE ( 'NONE', #1079, #2939 ) ;
#1139 = PLANE ( 'NONE',  #11666 ) ;
#1140 = CARTESIAN_POINT ( 'NONE',  ( 82.99999999999988631, -67.99999999999987210, 0.000000000000000000 ) ) ;
#1141 = ORIENTED_EDGE ( 'NONE', *, *, #7238, .F. ) ;
#1142 = ORIENTED_EDGE ( 'NONE', *, *, #1610, .F. ) ;
#1143 = CARTESIAN_POINT ( 'NONE',  ( -36.00000000000015632, 85.00000000000038369, 0.000000000000000000 ) ) ;
#1144 = EDGE_CURVE ( 'NONE', #2131, #12126, #640, .T. ) ;
#1145 = ORIENTED_EDGE ( 'NONE', *, *, #4941, .F. ) ;
#1146 = EDGE_CURVE ( 'NONE', #1220, #7029, #10067, .T. ) ;
#1147 = ORIENTED_EDGE ( 'NONE', *, *, #6950, .T. ) ;
#1148 = FACE_OUTER_BOUND ( 'NONE', #5024, .T. ) ;
#1149 = ORIENTED_EDGE ( 'NONE', *, *, #4495, .T. ) ;
#1150 = CARTESIAN_POINT ( 'NONE',  ( 82.99999999999947420, 51.00000000000095923, 5.000000000000000000 ) ) ;
#1151 = CARTESIAN_POINT ( 'NONE',  ( -53.00000000000003553, 68.00000000000014211, 0.000000000000000000 ) ) ;
#1152 = CARTESIAN_POINT ( 'NONE',  ( -69.99999999999960210, -34.00000000000070344, 0.000000000000000000 ) ) ;
#1153 = CARTESIAN_POINT ( 'NONE',  ( -84.99999999999953104, -34.00000000000082423, 0.000000000000000000 ) ) ;
#1154 = ORIENTED_EDGE ( 'NONE', *, *, #2272, .T. ) ;
#1155 = CYLINDRICAL_SURFACE ( 'NONE', #4350, 2.000000000000001776 ) ;
#1156 = CARTESIAN_POINT ( 'NONE',  ( -50.99999999999997868, 51.00000000000001421, 0.000000000000000000 ) ) ;
#1157 = AXIS2_PLACEMENT_3D ( 'NONE', #6695, #3987, #10452 ) ;
#1158 = VERTEX_POINT ( 'NONE', #11229 ) ;
#1159 = EDGE_CURVE ( 'NONE', #7265, #4190, #2808, .T. ) ;
#1160 = EDGE_LOOP ( 'NONE', ( #9943, #5838, #9756, #8238 ) ) ;
#1161 = VECTOR ( 'NONE', #2684, 1000.000000000000000 ) ;
#1162 = DIRECTION ( 'NONE',  ( -0.000000000000000000, -0.000000000000000000, 1.000000000000000000 ) ) ;
#1163 = CARTESIAN_POINT ( 'NONE',  ( 65.99999999999948841, 68.00000000000098055, 0.000000000000000000 ) ) ;
#1164 = CARTESIAN_POINT ( 'NONE',  ( -75.97499999999996589, 90.97500000000002274, 0.000000000000000000 ) ) ;
#1165 = ORIENTED_EDGE ( 'NONE', *, *, #7064, .T. ) ;
#1166 = CYLINDRICAL_SURFACE ( 'NONE', #1594, 2.000000000000001776 ) ;
#1167 = LINE ( 'NONE', #6880, #10738 ) ;
#1168 = EDGE_LOOP ( 'NONE', ( #11948, #4483, #8771, #5843 ) ) ;
#1169 = CARTESIAN_POINT ( 'NONE',  ( 1.999999999999542144, 130.0000000000000000, 5.000000000000000000 ) ) ;
#1170 = CARTESIAN_POINT ( 'NONE',  ( 75.97499999999996589, 0.000000000000000000, 5.000000000000000000 ) ) ;
#1171 = CIRCLE ( 'NONE', #776, 2.000000000000001776 ) ;
#1172 = AXIS2_PLACEMENT_3D ( 'NONE', #11321, #6298, #11950 ) ;
#1173 = FACE_OUTER_BOUND ( 'NONE', #2350, .T. ) ;
#1174 = ORIENTED_EDGE ( 'NONE', *, *, #10563, .F. ) ;
#1175 = ORIENTED_EDGE ( 'NONE', *, *, #8407, .F. ) ;
#1176 = CYLINDRICAL_SURFACE ( 'NONE', #4598, 2.000000000000001776 ) ;
#1177 = CARTESIAN_POINT ( 'NONE',  ( 2.000000000001358025, -130.0000000000000000, 5.000000000000000000 ) ) ;
#1178 = VECTOR ( 'NONE', #4674, 1000.000000000000000 ) ;
#1179 = DIRECTION ( 'NONE',  ( 1.000000000000000000, 0.000000000000000000, 0.000000000000000000 ) ) ;
#1180 = CARTESIAN_POINT ( 'NONE',  ( 50.99999999999991473, -33.99999999999987210, 5.000000000000000000 ) ) ;
#1181 = EDGE_LOOP ( 'NONE', ( #1045, #5194, #2021, #11182 ) ) ;
#1182 = DIRECTION ( 'NONE',  ( 0.000000000000000000, 0.000000000000000000, 1.000000000000000000 ) ) ;
#1183 = CARTESIAN_POINT ( 'NONE',  ( -67.99999999999995737, 68.00000000000002842, 5.000000000000000000 ) ) ;
#1184 = VERTEX_POINT ( 'NONE', #7848 ) ;
#1185 = VERTEX_POINT ( 'NONE', #8710 ) ;
#1186 = EDGE_CURVE ( 'NONE', #9791, #997, #3243, .T. ) ;
#1187 = AXIS2_PLACEMENT_3D ( 'NONE', #5668, #929, #4866 ) ;
#1188 = ADVANCED_FACE ( 'NONE', ( #5889 ), #7975, .F. ) ;
#1189 = VERTEX_POINT ( 'NONE', #8824 ) ;
#1190 = DIRECTION ( 'NONE',  ( 1.000000000000000000, 0.000000000000000000, 0.000000000000000000 ) ) ;
#1191 = ORIENTED_EDGE ( 'NONE', *, *, #11743, .F. ) ;
#1192 = EDGE_CURVE ( 'NONE', #10871, #1189, #11546, .T. ) ;
#1193 = FACE_BOUND ( 'NONE', #8009, .T. ) ;
#1194 = DIRECTION ( 'NONE',  ( -0.000000000000000000, 0.000000000000000000, 1.000000000000000000 ) ) ;
#1195 = DIRECTION ( 'NONE',  ( -0.000000000000000000, -0.000000000000000000, 1.000000000000000000 ) ) ;
#1196 = DIRECTION ( 'NONE',  ( 0.000000000000000000, 0.000000000000000000, -1.000000000000000000 ) ) ;
#1197 = DIRECTION ( 'NONE',  ( 1.000000000000000000, 0.000000000000000000, 0.000000000000000000 ) ) ;
#1198 = AXIS2_PLACEMENT_3D ( 'NONE', #11316, #6699, #8474 ) ;
#1199 = ORIENTED_EDGE ( 'NONE', *, *, #11103, .F. ) ;
#1200 = VERTEX_POINT ( 'NONE', #1396 ) ;
#1201 = DIRECTION ( 'NONE',  ( 0.000000000000000000, 0.000000000000000000, 1.000000000000000000 ) ) ;
#1202 = EDGE_CURVE ( 'NONE', #8636, #6244, #7133, .T. ) ;
#1203 = CIRCLE ( 'NONE', #10226, 2.000000000000000000 ) ;
#1204 = ORIENTED_EDGE ( 'NONE', *, *, #4879, .F. ) ;
#1205 = EDGE_CURVE ( 'NONE', #9556, #7743, #9281, .T. ) ;
#1206 = EDGE_LOOP ( 'NONE', ( #6088, #6930, #11261, #3934 ) ) ;
#1207 = DIRECTION ( 'NONE',  ( 1.000000000000000000, 0.000000000000000000, -0.000000000000000000 ) ) ;
#1208 = EDGE_LOOP ( 'NONE', ( #525, #8657, #1775, #7938 ) ) ;
#1209 = DIRECTION ( 'NONE',  ( 0.000000000000000000, 0.000000000000000000, 1.000000000000000000 ) ) ;
#1210 = EDGE_CURVE ( 'NONE', #10136, #10638, #350, .T. ) ;
#1211 = DIRECTION ( 'NONE',  ( -0.000000000000000000, 0.000000000000000000, -1.000000000000000000 ) ) ;
#1212 = DIRECTION ( 'NONE',  ( -0.000000000000000000, -0.000000000000000000, 1.000000000000000000 ) ) ;
#1213 = DIRECTION ( 'NONE',  ( 1.000000000000000000, 0.000000000000000000, 0.000000000000000000 ) ) ;
#1214 = EDGE_LOOP ( 'NONE', ( #3756, #6066 ) ) ;
#1215 = DIRECTION ( 'NONE',  ( 1.000000000000000000, 0.000000000000000000, 0.000000000000000000 ) ) ;
#1216 = EDGE_CURVE ( 'NONE', #11544, #11903, #3174, .T. ) ;
#1217 = CARTESIAN_POINT ( 'NONE',  ( -79.02499999999996305, 75.97499999999998010, 5.000000000000000000 ) ) ;
#1218 = VECTOR ( 'NONE', #10443, 1000.000000000000000 ) ;
#1219 = EDGE_LOOP ( 'NONE', ( #5846, #9546, #7931, #10913 ) ) ;
#1220 = VERTEX_POINT ( 'NONE', #3300 ) ;
#1221 = CIRCLE ( 'NONE', #6329, 2.000000000000001776 ) ;
#1222 = CARTESIAN_POINT ( 'NONE',  ( -99.99999999999994316, -85.00000000000001421, 5.000000000000000000 ) ) ;
#1223 = CARTESIAN_POINT ( 'NONE',  ( -84.99999999999958789, -17.00000000000071054, 0.000000000000000000 ) ) ;
#1224 = DIRECTION ( 'NONE',  ( 0.000000000000000000, 0.000000000000000000, 1.000000000000000000 ) ) ;
#1225 = ORIENTED_EDGE ( 'NONE', *, *, #10084, .F. ) ;
#1226 = LINE ( 'NONE', #2948, #7014 ) ;
#1227 = ORIENTED_EDGE ( 'NONE', *, *, #11872, .T. ) ;
#1228 = EDGE_CURVE ( 'NONE', #11034, #8348, #9686, .T. ) ;
#1229 = FACE_OUTER_BOUND ( 'NONE', #11209, .T. ) ;
#1230 = LINE ( 'NONE', #3077, #3003 ) ;
#1231 = CIRCLE ( 'NONE', #4558, 2.000000000000000000 ) ;
#1232 = AXIS2_PLACEMENT_3D ( 'NONE', #11056, #5346, #3320 ) ;
#1233 = AXIS2_PLACEMENT_3D ( 'NONE', #5936, #11535, #2364 ) ;
#1234 = DIRECTION ( 'NONE',  ( -0.000000000000000000, -0.000000000000000000, 1.000000000000000000 ) ) ;
#1235 = ORIENTED_EDGE ( 'NONE', *, *, #11651, .F. ) ;
#1236 = ORIENTED_EDGE ( 'NONE', *, *, #11119, .T. ) ;
#1237 = DIRECTION ( 'NONE',  ( 0.000000000000000000, 0.000000000000000000, 1.000000000000000000 ) ) ;
#1238 = AXIS2_PLACEMENT_3D ( 'NONE', #409, #11605, #11734 ) ;
#1239 = CARTESIAN_POINT ( 'NONE',  ( -99.99999999999994316, 30.00000000000001421, 5.000000000000000000 ) ) ;
#1240 = AXIS2_PLACEMENT_3D ( 'NONE', #6217, #2517, #7195 ) ;
#1241 = CIRCLE ( 'NONE', #6348, 2.000000000000001776 ) ;
#1242 = LINE ( 'NONE', #4996, #6485 ) ;
#1244 = DIRECTION ( 'NONE',  ( -1.000000000000000000, 0.000000000000000000, 0.000000000000000000 ) ) ;
#1243 = VECTOR ( 'NONE', #784, 1000.000000000000000 ) ;
#1245 = ORIENTED_EDGE ( 'NONE', *, *, #3929, .F. ) ;
#1246 = EDGE_CURVE ( 'NONE', #1328, #3409, #2435, .T. ) ;
#1247 = CARTESIAN_POINT ( 'NONE',  ( 84.99999999999965894, 6.106226635438360972E-13, 0.000000000000000000 ) ) ;
#1248 = CARTESIAN_POINT ( 'NONE',  ( -33.99999999999975131, -34.00000000000046896, 0.000000000000000000 ) ) ;
#1249 = ORIENTED_EDGE ( 'NONE', *, *, #9617, .F. ) ;
#1250 = EDGE_LOOP ( 'NONE', ( #7815, #9052 ) ) ;
#1251 = CIRCLE ( 'NONE', #3597, 2.000000000000001776 ) ;
#1252 = VECTOR ( 'NONE', #8787, 1000.000000000000000 ) ;
#1253 = ORIENTED_EDGE ( 'NONE', *, *, #9777, .F. ) ;
#1254 = EDGE_CURVE ( 'NONE', #8883, #5383, #5179, .T. ) ;
#1255 = LINE ( 'NONE', #3949, #5304 ) ;
#1256 = EDGE_LOOP ( 'NONE', ( #12069, #1324 ) ) ;
#1257 = DIRECTION ( 'NONE',  ( 1.000000000000000000, 0.000000000000000000, 0.000000000000000000 ) ) ;
#1258 = CARTESIAN_POINT ( 'NONE',  ( -65.99999999999995737, 68.00000000000002842, 0.000000000000000000 ) ) ;
#1259 = CARTESIAN_POINT ( 'NONE',  ( -67.99999999999960210, -34.00000000000070344, 5.000000000000000000 ) ) ;
#1260 = DIRECTION ( 'NONE',  ( 1.000000000000000000, 0.000000000000000000, 0.000000000000000000 ) ) ;
#1261 = LINE ( 'NONE', #8017, #232 ) ;
#1262 = ORIENTED_EDGE ( 'NONE', *, *, #5494, .T. ) ;
#1263 = AXIS2_PLACEMENT_3D ( 'NONE', #5945, #7789, #5142 ) ;
#1264 = ORIENTED_EDGE ( 'NONE', *, *, #8975, .F. ) ;
#1265 = DIRECTION ( 'NONE',  ( -0.000000000000000000, -0.000000000000000000, 1.000000000000000000 ) ) ;
#1266 = ORIENTED_EDGE ( 'NONE', *, *, #8365, .F. ) ;
#1267 = AXIS2_PLACEMENT_3D ( 'NONE', #2042, #7630, #10399 ) ;
#1268 = EDGE_LOOP ( 'NONE', ( #10351, #3688, #2819, #4757 ) ) ;
#1269 = CIRCLE ( 'NONE', #1865, 2.000000000000001776 ) ;
#1270 = EDGE_CURVE ( 'NONE', #263, #12025, #6936, .T. ) ;
#1271 = FACE_OUTER_BOUND ( 'NONE', #7858, .T. ) ;
#1272 = ORIENTED_EDGE ( 'NONE', *, *, #3310, .F. ) ;
#1273 = LINE ( 'NONE', #4895, #10696 ) ;
#1274 = CARTESIAN_POINT ( 'NONE',  ( -2.775557561562891351E-13, 85.00000000000055422, 0.000000000000000000 ) ) ;
#1275 = DIRECTION ( 'NONE',  ( -0.000000000000000000, -0.000000000000000000, -1.000000000000000000 ) ) ;
#1276 = LINE ( 'NONE', #4222, #8650 ) ;
#1277 = VERTEX_POINT ( 'NONE', #477 ) ;
#1278 = LINE ( 'NONE', #3062, #1218 ) ;
#1279 = AXIS2_PLACEMENT_3D ( 'NONE', #51, #9339, #5650 ) ;
#1280 = DIRECTION ( 'NONE',  ( 0.000000000000000000, 0.000000000000000000, 1.000000000000000000 ) ) ;
#1281 = EDGE_CURVE ( 'NONE', #8175, #2622, #10796, .T. ) ;
#1282 = AXIS2_PLACEMENT_3D ( 'NONE', #8012, #518, #1611 ) ;
#1283 = ADVANCED_FACE ( 'NONE', ( #9880 ), #9632, .F. ) ;
#1284 = EDGE_CURVE ( 'NONE', #833, #8212, #6738, .T. ) ;
#1285 = ORIENTED_EDGE ( 'NONE', *, *, #5238, .F. ) ;
#1286 = ORIENTED_EDGE ( 'NONE', *, *, #5987, .T. ) ;
#1287 = VECTOR ( 'NONE', #9828, 1000.000000000000000 ) ;
#1288 = EDGE_CURVE ( 'NONE', #2849, #9002, #10863, .T. ) ;
#1289 = VECTOR ( 'NONE', #2885, 1000.000000000000000 ) ;
#1290 = CARTESIAN_POINT ( 'NONE',  ( -52.99999999999997868, 51.00000000000001421, 5.000000000000000000 ) ) ;
#1291 = CARTESIAN_POINT ( 'NONE',  ( -150.0000000000000000, 7.285838599102581908E-15, 5.000000000000000000 ) ) ;
#1292 = FACE_OUTER_BOUND ( 'NONE', #3000, .T. ) ;
#1293 = LINE ( 'NONE', #10634, #3610 ) ;
#1294 = ORIENTED_EDGE ( 'NONE', *, *, #1719, .F. ) ;
#1295 = DIRECTION ( 'NONE',  ( -0.000000000000000000, -0.000000000000000000, 1.000000000000000000 ) ) ;
#1296 = ORIENTED_EDGE ( 'NONE', *, *, #73, .F. ) ;
#1297 = CYLINDRICAL_SURFACE ( 'NONE', #7934, 2.000000000000001776 ) ;
#1298 = CARTESIAN_POINT ( 'NONE',  ( 33.99999999999992184, -16.99999999999987566, 0.000000000000000000 ) ) ;
#1299 = DIRECTION ( 'NONE',  ( 1.000000000000000000, 0.000000000000000000, 0.000000000000000000 ) ) ;
#1300 = EDGE_LOOP ( 'NONE', ( #6004, #138, #4632, #9797 ) ) ;
#1301 = EDGE_CURVE ( 'NONE', #738, #9641, #846, .T. ) ;
#1302 = ORIENTED_EDGE ( 'NONE', *, *, #4277, .T. ) ;
#1303 = CARTESIAN_POINT ( 'NONE',  ( -16.99999999999998579, 17.00000000000001421, 0.000000000000000000 ) ) ;
#1304 = CARTESIAN_POINT ( 'NONE',  ( -94.02499999999982094, -75.97499999999998010, 5.000000000000000000 ) ) ;
#1305 = CYLINDRICAL_SURFACE ( 'NONE', #9332, 2.000000000000001776 ) ;
#1306 = EDGE_LOOP ( 'NONE', ( #11761, #7487, #11459, #8702 ) ) ;
#1307 = DIRECTION ( 'NONE',  ( 1.000000000000000000, 0.000000000000000000, 0.000000000000000000 ) ) ;
#1308 = LINE ( 'NONE', #3940, #10931 ) ;
#1309 = ORIENTED_EDGE ( 'NONE', *, *, #2959, .F. ) ;
#1310 = CARTESIAN_POINT ( 'NONE',  ( -86.99999999999990052, 67.99999999999990052, 0.000000000000000000 ) ) ;
#1311 = CARTESIAN_POINT ( 'NONE',  ( -69.99999999999997158, 68.00000000000002842, 0.000000000000000000 ) ) ;
#1312 = VERTEX_POINT ( 'NONE', #225 ) ;
#1313 = AXIS2_PLACEMENT_3D ( 'NONE', #9481, #6414, #5543 ) ;
#1314 = EDGE_CURVE ( 'NONE', #2002, #9375, #11485, .T. ) ;
#1315 = ORIENTED_EDGE ( 'NONE', *, *, #9487, .T. ) ;
#1316 = CARTESIAN_POINT ( 'NONE',  ( 48.99999999999991473, -33.99999999999987210, 0.000000000000000000 ) ) ;
#1317 = EDGE_LOOP ( 'NONE', ( #7312, #3556 ) ) ;
#1318 = FACE_BOUND ( 'NONE', #10675, .T. ) ;
#1319 = DIRECTION ( 'NONE',  ( 1.000000000000000000, 0.000000000000000000, 0.000000000000000000 ) ) ;
#1320 = CARTESIAN_POINT ( 'NONE',  ( 48.99999999999973710, 17.00000000000048672, 0.000000000000000000 ) ) ;
#1321 = FACE_BOUND ( 'NONE', #5335, .T. ) ;
#1322 = CARTESIAN_POINT ( 'NONE',  ( -84.99999999999990052, 67.99999999999990052, 0.000000000000000000 ) ) ;
#1323 = DIRECTION ( 'NONE',  ( -0.000000000000000000, -0.000000000000000000, -1.000000000000000000 ) ) ;
#1324 = ORIENTED_EDGE ( 'NONE', *, *, #4749, .T. ) ;
#1325 = ORIENTED_EDGE ( 'NONE', *, *, #2004, .F. ) ;
#1326 = CARTESIAN_POINT ( 'NONE',  ( -2.000000000000042633, 17.00000000000009948, 0.000000000000000000 ) ) ;
#1327 = ORIENTED_EDGE ( 'NONE', *, *, #5565, .T. ) ;
#1328 = VERTEX_POINT ( 'NONE', #3112 ) ;
#1329 = LINE ( 'NONE', #2192, #4595 ) ;
#1330 = ORIENTED_EDGE ( 'NONE', *, *, #2291, .T. ) ;
#1331 = CARTESIAN_POINT ( 'NONE',  ( -82.99999999999994316, 85.00000000000001421, 0.000000000000000000 ) ) ;
#1332 = LINE ( 'NONE', #2611, #59 ) ;
#1333 = DIRECTION ( 'NONE',  ( 0.000000000000000000, 0.000000000000000000, 1.000000000000000000 ) ) ;
#1334 = DIRECTION ( 'NONE',  ( 0.000000000000000000, 0.000000000000000000, 1.000000000000000000 ) ) ;
#1335 = ORIENTED_EDGE ( 'NONE', *, *, #7001, .T. ) ;
#1336 = CARTESIAN_POINT ( 'NONE',  ( -48.99999999999980815, -3.330669073875469621E-13, 5.000000000000000000 ) ) ;
#1337 = FACE_OUTER_BOUND ( 'NONE', #1351, .T. ) ;
#1338 = EDGE_CURVE ( 'NONE', #1492, #3485, #1332, .T. ) ;
#1339 = EDGE_CURVE ( 'NONE', #4390, #2433, #6368, .T. ) ;
#1340 = ORIENTED_EDGE ( 'NONE', *, *, #9851, .T. ) ;
#1341 = ORIENTED_EDGE ( 'NONE', *, *, #2032, .F. ) ;
#1342 = EDGE_CURVE ( 'NONE', #4783, #4238, #5364, .T. ) ;
#1343 = DIRECTION ( 'NONE',  ( 1.000000000000000000, 0.000000000000000000, 0.000000000000000000 ) ) ;
#1344 = CARTESIAN_POINT ( 'NONE',  ( -90.97499999999982379, -75.97499999999998010, 0.000000000000000000 ) ) ;
#1345 = DIRECTION ( 'NONE',  ( 1.000000000000000000, 0.000000000000000000, 0.000000000000000000 ) ) ;
#1346 = EDGE_CURVE ( 'NONE', #3164, #7457, #9177, .T. ) ;
#1347 = CARTESIAN_POINT ( 'NONE',  ( -51.00000000000008527, 85.00000000000027001, 0.000000000000000000 ) ) ;
#1348 = CIRCLE ( 'NONE', #9795, 2.000000000000001776 ) ;
#1349 = ORIENTED_EDGE ( 'NONE', *, *, #1559, .F. ) ;
#1350 = CARTESIAN_POINT ( 'NONE',  ( -29.99999999999880984, -100.0000000000000142, 0.000000000000000000 ) ) ;
#1351 = EDGE_LOOP ( 'NONE', ( #10203, #5529, #6022, #6809 ) ) ;
#1352 = CARTESIAN_POINT ( 'NONE',  ( 53.00000000000008527, -85.00000000000022737, 0.000000000000000000 ) ) ;
#1353 = CARTESIAN_POINT ( 'NONE',  ( 86.99999999999937472, 85.00000000000120792, 5.000000000000000000 ) ) ;
#1354 = ADVANCED_FACE ( 'NONE', ( #5386 ), #762, .F. ) ;
#1355 = EDGE_CURVE ( 'NONE', #3084, #11304, #1453, .T. ) ;
#1356 = CARTESIAN_POINT ( 'NONE',  ( 67.99999999999995737, -67.99999999999998579, 0.000000000000000000 ) ) ;
#1357 = CIRCLE ( 'NONE', #8218, 2.000000000000001776 ) ;
#1358 = ORIENTED_EDGE ( 'NONE', *, *, #1516, .T. ) ;
#1359 = ORIENTED_EDGE ( 'NONE', *, *, #7308, .F. ) ;
#1360 = DIRECTION ( 'NONE',  ( -0.000000000000000000, -0.000000000000000000, 1.000000000000000000 ) ) ;
#1361 = LINE ( 'NONE', #4183, #304 ) ;
#1362 = DIRECTION ( 'NONE',  ( 0.000000000000000000, -0.000000000000000000, 1.000000000000000000 ) ) ;
#1363 = EDGE_CURVE ( 'NONE', #3950, #2967, #11252, .T. ) ;
#1364 = VERTEX_POINT ( 'NONE', #7176 ) ;
#1365 = CARTESIAN_POINT ( 'NONE',  ( 90.97499999999986642, 75.97499999999998010, 5.000000000000000000 ) ) ;
#1366 = CARTESIAN_POINT ( 'NONE',  ( -82.99999999999937472, -85.00000000000117950, 5.000000000000000000 ) ) ;
#1367 = ORIENTED_EDGE ( 'NONE', *, *, #8186, .F. ) ;
#1368 = CARTESIAN_POINT ( 'NONE',  ( -51.00000000000008527, 85.00000000000027001, 0.000000000000000000 ) ) ;
#1369 = DIRECTION ( 'NONE',  ( 0.000000000000000000, 0.000000000000000000, 1.000000000000000000 ) ) ;
#1370 = CIRCLE ( 'NONE', #8223, 2.000000000000000000 ) ;
#1371 = ORIENTED_EDGE ( 'NONE', *, *, #10079, .T. ) ;
#1372 = AXIS2_PLACEMENT_3D ( 'NONE', #11417, #4646, #10317 ) ;
#1373 = EDGE_CURVE ( 'NONE', #6487, #6050, #9086, .T. ) ;
#1374 = VERTEX_POINT ( 'NONE', #3586 ) ;
#1375 = AXIS2_PLACEMENT_3D ( 'NONE', #3707, #3770, #5683 ) ;
#1376 = AXIS2_PLACEMENT_3D ( 'NONE', #7775, #5926, #11530 ) ;
#1377 = LINE ( 'NONE', #6843, #6673 ) ;
#1378 = DIRECTION ( 'NONE',  ( -0.000000000000000000, -0.000000000000000000, 1.000000000000000000 ) ) ;
#1379 = CARTESIAN_POINT ( 'NONE',  ( 94.02499999999986358, -79.02499999999996305, 0.000000000000000000 ) ) ;
#1380 = DIRECTION ( 'NONE',  ( 1.000000000000000000, 0.000000000000000000, 0.000000000000000000 ) ) ;
#1381 = FACE_BOUND ( 'NONE', #3808, .T. ) ;
#1382 = DIRECTION ( 'NONE',  ( 1.000000000000000000, 0.000000000000000000, 0.000000000000000000 ) ) ;
#1383 = CARTESIAN_POINT ( 'NONE',  ( -48.99999999999966604, -34.00000000000058265, 0.000000000000000000 ) ) ;
#1384 = ORIENTED_EDGE ( 'NONE', *, *, #227, .F. ) ;
#1385 = ORIENTED_EDGE ( 'NONE', *, *, #10402, .F. ) ;
#1386 = CARTESIAN_POINT ( 'NONE',  ( 75.97499999999996589, 79.02499999999996305, 5.000000000000000000 ) ) ;
#1387 = EDGE_CURVE ( 'NONE', #7103, #5900, #3013, .T. ) ;
#1388 = CIRCLE ( 'NONE', #8239, 2.000000000000001776 ) ;
#1389 = AXIS2_PLACEMENT_3D ( 'NONE', #7977, #3245, #294 ) ;
#1390 = VERTEX_POINT ( 'NONE', #7349 ) ;
#1391 = ORIENTED_EDGE ( 'NONE', *, *, #2324, .T. ) ;
#1392 = CARTESIAN_POINT ( 'NONE',  ( 16.99999999999964118, 85.00000000000073896, 0.000000000000000000 ) ) ;
#1393 = ORIENTED_EDGE ( 'NONE', *, *, #4955, .T. ) ;
#1394 = CARTESIAN_POINT ( 'NONE',  ( -84.99999999999972999, 16.99999999999953104, 0.000000000000000000 ) ) ;
#1395 = AXIS2_PLACEMENT_3D ( 'NONE', #11931, #4303, #7204 ) ;
#1396 = CARTESIAN_POINT ( 'NONE',  ( -2.000000000000098144, 34.00000000000021316, 5.000000000000000000 ) ) ;
#1397 = CARTESIAN_POINT ( 'NONE',  ( 84.99999999999990052, -67.99999999999987210, 5.000000000000000000 ) ) ;
#1398 = AXIS2_PLACEMENT_3D ( 'NONE', #7351, #11096, #9063 ) ;
#1399 = DIRECTION ( 'NONE',  ( 0.000000000000000000, 0.000000000000000000, 1.000000000000000000 ) ) ;
#1400 = CARTESIAN_POINT ( 'NONE',  ( -35.99999999999997868, 34.00000000000000000, 0.000000000000000000 ) ) ;
#1401 = EDGE_LOOP ( 'NONE', ( #186, #3308, #3870, #8461 ) ) ;
#1402 = CARTESIAN_POINT ( 'NONE',  ( 68.00000000000001421, -85.00000000000011369, 0.000000000000000000 ) ) ;
#1403 = VECTOR ( 'NONE', #2504, 1000.000000000000000 ) ;
#1404 = VERTEX_POINT ( 'NONE', #11094 ) ;
#1405 = EDGE_LOOP ( 'NONE', ( #935, #10126, #7692, #11843 ) ) ;
#1406 = CARTESIAN_POINT ( 'NONE',  ( 33.99999999999957367, 85.00000000000085265, 0.000000000000000000 ) ) ;
#1407 = DIRECTION ( 'NONE',  ( 1.000000000000000000, 0.000000000000000000, 0.000000000000000000 ) ) ;
#1408 = EDGE_CURVE ( 'NONE', #348, #2002, #11786, .T. ) ;
#1409 = CARTESIAN_POINT ( 'NONE',  ( 18.99999999999998934, -16.99999999999998579, 5.000000000000000000 ) ) ;
#1410 = CARTESIAN_POINT ( 'NONE',  ( 82.99999999999984368, -50.99999999999975131, 0.000000000000000000 ) ) ;
#1411 = VECTOR ( 'NONE', #2431, 1000.000000000000000 ) ;
#1412 = VERTEX_POINT ( 'NONE', #4333 ) ;
#1413 = CYLINDRICAL_SURFACE ( 'NONE', #7722, 15.00000000000000000 ) ;
#1414 = ORIENTED_EDGE ( 'NONE', *, *, #10050, .T. ) ;
#1415 = CARTESIAN_POINT ( 'NONE',  ( -33.99999999999980815, -17.00000000000034817, 0.000000000000000000 ) ) ;
#1416 = DIRECTION ( 'NONE',  ( -0.000000000000000000, -0.000000000000000000, 1.000000000000000000 ) ) ;
#1417 = CARTESIAN_POINT ( 'NONE',  ( -75.97499999999996589, -79.02499999999996305, 5.000000000000000000 ) ) ;
#1418 = EDGE_CURVE ( 'NONE', #3400, #6554, #8084, .T. ) ;
#1419 = VECTOR ( 'NONE', #5804, 1000.000000000000000 ) ;
#1420 = VERTEX_POINT ( 'NONE', #3421 ) ;
#1421 = CIRCLE ( 'NONE', #8280, 2.000000000000000000 ) ;
#1422 = ORIENTED_EDGE ( 'NONE', *, *, #1054, .T. ) ;
#1423 = DIRECTION ( 'NONE',  ( 1.000000000000000000, 0.000000000000000000, 0.000000000000000000 ) ) ;
#1424 = CARTESIAN_POINT ( 'NONE',  ( 33.99999999999997868, -33.99999999999998579, 5.000000000000000000 ) ) ;
#1425 = ADVANCED_FACE ( 'NONE', ( #10922 ), #3527, .F. ) ;
#1426 = CARTESIAN_POINT ( 'NONE',  ( 0.000000000000000000, -94.02500000000000568, 5.000000000000000000 ) ) ;
#1427 = ORIENTED_EDGE ( 'NONE', *, *, #4387, .F. ) ;
#1428 = CARTESIAN_POINT ( 'NONE',  ( -50.99999999999961631, -51.00000000000070344, 5.000000000000000000 ) ) ;
#1429 = CARTESIAN_POINT ( 'NONE',  ( -75.97499999999996589, 79.02499999999996305, 5.000000000000000000 ) ) ;
#1430 = VERTEX_POINT ( 'NONE', #10972 ) ;
#1431 = DIRECTION ( 'NONE',  ( 0.000000000000000000, 0.000000000000000000, 1.000000000000000000 ) ) ;
#1432 = CARTESIAN_POINT ( 'NONE',  ( 16.99999999999998579, -16.99999999999998579, 0.000000000000000000 ) ) ;
#1433 = AXIS2_PLACEMENT_3D ( 'NONE', #7568, #8479, #10461 ) ;
#1434 = ORIENTED_EDGE ( 'NONE', *, *, #1913, .T. ) ;
#1435 = CIRCLE ( 'NONE', #4359, 2.000000000000001776 ) ;
#1436 = EDGE_CURVE ( 'NONE', #2134, #4101, #10861, .T. ) ;
#1437 = EDGE_CURVE ( 'NONE', #8394, #2526, #7230, .T. ) ;
#1438 = EDGE_CURVE ( 'NONE', #9004, #11304, #4504, .T. ) ;
#1439 = CIRCLE ( 'NONE', #6339, 2.000000000000001776 ) ;
#1440 = EDGE_LOOP ( 'NONE', ( #1909, #272, #11816, #10834 ) ) ;
#1441 = VECTOR ( 'NONE', #7780, 1000.000000000000000 ) ;
#1442 = AXIS2_PLACEMENT_3D ( 'NONE', #3439, #607, #11690 ) ;
#1443 = FACE_OUTER_BOUND ( 'NONE', #7385, .T. ) ;
#1444 = CARTESIAN_POINT ( 'NONE',  ( 14.99999999999998401, -16.99999999999998579, 5.000000000000000000 ) ) ;
#1445 = CYLINDRICAL_SURFACE ( 'NONE', #659, 2.000000000000001776 ) ;
#1446 = CARTESIAN_POINT ( 'NONE',  ( -32.00000000000015632, 85.00000000000038369, 0.000000000000000000 ) ) ;
#1447 = FACE_BOUND ( 'NONE', #7639, .T. ) ;
#1448 = DIRECTION ( 'NONE',  ( -0.000000000000000000, -0.000000000000000000, 1.000000000000000000 ) ) ;
#1449 = FACE_OUTER_BOUND ( 'NONE', #5396, .T. ) ;
#1450 = ORIENTED_EDGE ( 'NONE', *, *, #9680, .F. ) ;
#1451 = VERTEX_POINT ( 'NONE', #1464 ) ;
#1452 = DIRECTION ( 'NONE',  ( 0.000000000000000000, -1.000000000000000000, 0.000000000000000000 ) ) ;
#1453 = CIRCLE ( 'NONE', #4970, 2.000000000000001776 ) ;
#1454 = AXIS2_PLACEMENT_3D ( 'NONE', #116, #2878, #10445 ) ;
#1455 = VECTOR ( 'NONE', #1549, 1000.000000000000000 ) ;
#1456 = ORIENTED_EDGE ( 'NONE', *, *, #7637, .F. ) ;
#1457 = ORIENTED_EDGE ( 'NONE', *, *, #209, .T. ) ;
#1458 = VECTOR ( 'NONE', #12077, 1000.000000000000000 ) ;
#1459 = CARTESIAN_POINT ( 'NONE',  ( -48.99999999999972289, -17.00000000000045830, 5.000000000000000000 ) ) ;
#1460 = EDGE_CURVE ( 'NONE', #9503, #4857, #5217, .T. ) ;
#1461 = ORIENTED_EDGE ( 'NONE', *, *, #9453, .T. ) ;
#1462 = LINE ( 'NONE', #10115, #2642 ) ;
#1463 = AXIS2_PLACEMENT_3D ( 'NONE', #9650, #3132, #9719 ) ;
#1464 = CARTESIAN_POINT ( 'NONE',  ( -48.99999999999966604, -34.00000000000058265, 5.000000000000000000 ) ) ;
#1465 = CARTESIAN_POINT ( 'NONE',  ( -84.99999999999958789, -17.00000000000071054, 0.000000000000000000 ) ) ;
#1466 = CARTESIAN_POINT ( 'NONE',  ( -17.00000000000016698, 68.00000000000036948, 5.000000000000000000 ) ) ;
#1467 = DIRECTION ( 'NONE',  ( -0.000000000000000000, -0.000000000000000000, 1.000000000000000000 ) ) ;
#1468 = ORIENTED_EDGE ( 'NONE', *, *, #2607, .F. ) ;
#1469 = DIRECTION ( 'NONE',  ( 0.000000000000000000, 0.000000000000000000, 1.000000000000000000 ) ) ;
#1470 = AXIS2_PLACEMENT_3D ( 'NONE', #4739, #8429, #1730 ) ;
#1471 = CIRCLE ( 'NONE', #10096, 2.000000000000001776 ) ;
#1472 = ORIENTED_EDGE ( 'NONE', *, *, #9148, .F. ) ;
#1473 = ORIENTED_EDGE ( 'NONE', *, *, #7681, .T. ) ;
#1474 = EDGE_CURVE ( 'NONE', #6104, #10044, #537, .T. ) ;
#1475 = DIRECTION ( 'NONE',  ( 1.000000000000000000, 0.000000000000000000, -0.000000000000000000 ) ) ;
#1476 = CARTESIAN_POINT ( 'NONE',  ( 82.99999999999971578, -16.99999999999951683, 5.000000000000000000 ) ) ;
#1477 = CARTESIAN_POINT ( 'NONE',  ( -86.99999999999953104, -34.00000000000082423, 5.000000000000000000 ) ) ;
#1478 = DIRECTION ( 'NONE',  ( 1.000000000000000000, 0.000000000000000000, 0.000000000000000000 ) ) ;
#1479 = ORIENTED_EDGE ( 'NONE', *, *, #7264, .T. ) ;
#1480 = AXIS2_PLACEMENT_3D ( 'NONE', #3951, #11650, #6971 ) ;
#1481 = CARTESIAN_POINT ( 'NONE',  ( 0.000000000000000000, 75.97499999999998010, 5.000000000000000000 ) ) ;
#1482 = DIRECTION ( 'NONE',  ( -0.000000000000000000, -0.000000000000000000, -1.000000000000000000 ) ) ;
#1483 = DIRECTION ( 'NONE',  ( 1.000000000000000000, 0.000000000000000000, 0.000000000000000000 ) ) ;
#1484 = EDGE_LOOP ( 'NONE', ( #1948, #1514, #2648, #1325 ) ) ;
#1485 = AXIS2_PLACEMENT_3D ( 'NONE', #11985, #8288, #4360 ) ;
#1486 = EDGE_CURVE ( 'NONE', #5409, #6408, #1522, .T. ) ;
#1487 = VERTEX_POINT ( 'NONE', #10302 ) ;
#1488 = VECTOR ( 'NONE', #927, 1000.000000000000000 ) ;
#1489 = DIRECTION ( 'NONE',  ( -1.000000000000000000, 0.000000000000000000, 0.000000000000000000 ) ) ;
#1490 = LINE ( 'NONE', #10645, #8927 ) ;
#1491 = CYLINDRICAL_SURFACE ( 'NONE', #10527, 15.00000000000000000 ) ;
#1492 = VERTEX_POINT ( 'NONE', #8576 ) ;
#1493 = CARTESIAN_POINT ( 'NONE',  ( -69.99999999999943157, -85.00000000000106581, 0.000000000000000000 ) ) ;
#1494 = CARTESIAN_POINT ( 'NONE',  ( 33.99999999999968736, 51.00000000000059686, 0.000000000000000000 ) ) ;
#1495 = ORIENTED_EDGE ( 'NONE', *, *, #1051, .T. ) ;
#1496 = DIRECTION ( 'NONE',  ( -0.000000000000000000, -0.000000000000000000, 1.000000000000000000 ) ) ;
#1497 = DIRECTION ( 'NONE',  ( 0.000000000000000000, 0.000000000000000000, 1.000000000000000000 ) ) ;
#1498 = EDGE_LOOP ( 'NONE', ( #126, #9806, #2062, #1972 ) ) ;
#1499 = VECTOR ( 'NONE', #4534, 1000.000000000000000 ) ;
#1500 = ADVANCED_FACE ( 'NONE', ( #6664 ), #2911, .F. ) ;
#1501 = EDGE_CURVE ( 'NONE', #2667, #7728, #4770, .T. ) ;
#1502 = ORIENTED_EDGE ( 'NONE', *, *, #6707, .T. ) ;
#1503 = CARTESIAN_POINT ( 'NONE',  ( 0.000000000000000000, -94.02500000000000568, 5.000000000000000000 ) ) ;
#1504 = CARTESIAN_POINT ( 'NONE',  ( 86.99999999999971578, -16.99999999999951683, 0.000000000000000000 ) ) ;
#1505 = EDGE_CURVE ( 'NONE', #3732, #4980, #11401, .T. ) ;
#1506 = DIRECTION ( 'NONE',  ( -0.000000000000000000, -0.000000000000000000, 1.000000000000000000 ) ) ;
#1507 = DIRECTION ( 'NONE',  ( 0.000000000000000000, -0.000000000000000000, -1.000000000000000000 ) ) ;
#1508 = FACE_BOUND ( 'NONE', #10191, .T. ) ;
#1509 = ADVANCED_FACE ( 'NONE', ( #3647 ), #4755, .F. ) ;
#1510 = CARTESIAN_POINT ( 'NONE',  ( 7.806255641895630939E-16, 15.00000000000000533, -0.000000000000000000 ) ) ;
#1511 = DIRECTION ( 'NONE',  ( 1.000000000000000000, 4.550094363217858838E-15, 0.000000000000000000 ) ) ;
#1512 = ORIENTED_EDGE ( 'NONE', *, *, #10522, .F. ) ;
#1513 = EDGE_CURVE ( 'NONE', #9431, #95, #4184, .T. ) ;
#1514 = ORIENTED_EDGE ( 'NONE', *, *, #9334, .T. ) ;
#1515 = DIRECTION ( 'NONE',  ( 1.000000000000000000, 0.000000000000000000, 0.000000000000000000 ) ) ;
#1516 = EDGE_CURVE ( 'NONE', #1695, #1940, #8443, .T. ) ;
#1517 = EDGE_LOOP ( 'NONE', ( #3500, #6638 ) ) ;
#1518 = ORIENTED_EDGE ( 'NONE', *, *, #9056, .T. ) ;
#1519 = ORIENTED_EDGE ( 'NONE', *, *, #227, .T. ) ;
#1520 = FACE_BOUND ( 'NONE', #9784, .T. ) ;
#1521 = CIRCLE ( 'NONE', #6932, 2.000000000000001776 ) ;
#1522 = LINE ( 'NONE', #1573, #7726 ) ;
#1523 = DIRECTION ( 'NONE',  ( 0.000000000000000000, 0.000000000000000000, 1.000000000000000000 ) ) ;
#1524 = EDGE_CURVE ( 'NONE', #503, #2115, #7594, .T. ) ;
#1525 = DIRECTION ( 'NONE',  ( 1.000000000000000000, 0.000000000000000000, 0.000000000000000000 ) ) ;
#1526 = DIRECTION ( 'NONE',  ( 1.000000000000000000, -4.550094363217858838E-15, 0.000000000000000000 ) ) ;
#1527 = VERTEX_POINT ( 'NONE', #5746 ) ;
#1528 = DIRECTION ( 'NONE',  ( 0.000000000000000000, 0.000000000000000000, 1.000000000000000000 ) ) ;
#1529 = EDGE_CURVE ( 'NONE', #5190, #3742, #150, .T. ) ;
#1530 = ORIENTED_EDGE ( 'NONE', *, *, #1, .T. ) ;
#1531 = ORIENTED_EDGE ( 'NONE', *, *, #5839, .F. ) ;
#1532 = CARTESIAN_POINT ( 'NONE',  ( 33.99999999999974420, 34.00000000000047606, 0.000000000000000000 ) ) ;
#1533 = CARTESIAN_POINT ( 'NONE',  ( 90.97499999999986642, -75.97499999999998010, 5.000000000000000000 ) ) ;
#1534 = CARTESIAN_POINT ( 'NONE',  ( -1.665334536937734811E-13, 51.00000000000031974, 0.000000000000000000 ) ) ;
#1535 = CARTESIAN_POINT ( 'NONE',  ( -18.99999999999998934, 17.00000000000001421, 0.000000000000000000 ) ) ;
#1536 = ORIENTED_EDGE ( 'NONE', *, *, #5321, .T. ) ;
#1537 = LINE ( 'NONE', #5286, #3985 ) ;
#1538 = DIRECTION ( 'NONE',  ( -0.000000000000000000, -0.000000000000000000, -1.000000000000000000 ) ) ;
#1539 = DIRECTION ( 'NONE',  ( -0.000000000000000000, -0.000000000000000000, 1.000000000000000000 ) ) ;
#1540 = ADVANCED_FACE ( 'NONE', ( #2976 ), #4569, .F. ) ;
#1541 = ORIENTED_EDGE ( 'NONE', *, *, #4471, .T. ) ;
#1542 = ORIENTED_EDGE ( 'NONE', *, *, #3484, .T. ) ;
#1543 = DIRECTION ( 'NONE',  ( 1.000000000000000000, 0.000000000000000000, 0.000000000000000000 ) ) ;
#1544 = DIRECTION ( 'NONE',  ( 0.000000000000000000, 0.000000000000000000, 1.000000000000000000 ) ) ;
#1545 = ORIENTED_EDGE ( 'NONE', *, *, #5928, .F. ) ;
#1546 = CARTESIAN_POINT ( 'NONE',  ( 35.99999999999998579, -33.99999999999998579, 0.000000000000000000 ) ) ;
#1547 = CYLINDRICAL_SURFACE ( 'NONE', #3281, 2.000000000000001776 ) ;
#1548 = EDGE_LOOP ( 'NONE', ( #7766, #3552 ) ) ;
#1549 = DIRECTION ( 'NONE',  ( 0.000000000000000000, 1.000000000000000000, -0.000000000000000000 ) ) ;
#1550 = CARTESIAN_POINT ( 'NONE',  ( -50.99999999999997868, 51.00000000000001421, 0.000000000000000000 ) ) ;
#1551 = AXIS2_PLACEMENT_3D ( 'NONE', #2424, #3735, #6235 ) ;
#1552 = EDGE_LOOP ( 'NONE', ( #6965, #11933 ) ) ;
#1553 = DIRECTION ( 'NONE',  ( 1.000000000000000000, 0.000000000000000000, 0.000000000000000000 ) ) ;
#1554 = DIRECTION ( 'NONE',  ( 0.000000000000000000, 0.000000000000000000, 1.000000000000000000 ) ) ;
#1555 = AXIS2_PLACEMENT_3D ( 'NONE', #5146, #1333, #7794 ) ;
#1556 = CARTESIAN_POINT ( 'NONE',  ( -14.99999999999993250, -9.714451465470119729E-14, 0.000000000000000000 ) ) ;
#1557 = CARTESIAN_POINT ( 'NONE',  ( 0.000000000000000000, 94.02500000000000568, 5.000000000000000000 ) ) ;
#1558 = AXIS2_PLACEMENT_3D ( 'NONE', #7364, #1701, #11046 ) ;
#1559 = EDGE_CURVE ( 'NONE', #11362, #3144, #4385, .T. ) ;
#1560 = FACE_BOUND ( 'NONE', #10733, .T. ) ;
#1561 = CARTESIAN_POINT ( 'NONE',  ( 15.00000000000000533, 5.159159451845745607E-14, 5.000000000000000000 ) ) ;
#1562 = CARTESIAN_POINT ( 'NONE',  ( -50.99999999999980815, -3.330669073875469621E-13, 0.000000000000000000 ) ) ;
#1563 = ORIENTED_EDGE ( 'NONE', *, *, #5467, .F. ) ;
#1564 = ORIENTED_EDGE ( 'NONE', *, *, #10362, .F. ) ;
#1565 = DIRECTION ( 'NONE',  ( 1.000000000000000000, 0.000000000000000000, 0.000000000000000000 ) ) ;
#1566 = AXIS2_PLACEMENT_3D ( 'NONE', #9062, #9007, #7231 ) ;
#1567 = VECTOR ( 'NONE', #2303, 1000.000000000000000 ) ;
#1568 = VERTEX_POINT ( 'NONE', #884 ) ;
#1569 = EDGE_CURVE ( 'NONE', #86, #8839, #3894, .T. ) ;
#1570 = VERTEX_POINT ( 'NONE', #3769 ) ;
#1571 = ORIENTED_EDGE ( 'NONE', *, *, #7390, .F. ) ;
#1572 = FACE_BOUND ( 'NONE', #9454, .T. ) ;
#1573 = CARTESIAN_POINT ( 'NONE',  ( -52.99999999999992184, 33.99999999999989342, 0.000000000000000000 ) ) ;
#1574 = CARTESIAN_POINT ( 'NONE',  ( -65.99999999999984368, 33.99999999999976552, 0.000000000000000000 ) ) ;
#1575 = EDGE_CURVE ( 'NONE', #387, #6835, #3022, .T. ) ;
#1576 = CARTESIAN_POINT ( 'NONE',  ( -82.99999999999978684, 33.99999999999964473, 0.000000000000000000 ) ) ;
#1577 = PLANE ( 'NONE',  #2968 ) ;
#1578 = AXIS2_PLACEMENT_3D ( 'NONE', #12062, #573, #5483 ) ;
#1579 = ORIENTED_EDGE ( 'NONE', *, *, #85, .F. ) ;
#1580 = CARTESIAN_POINT ( 'NONE',  ( -1.665334536937734811E-13, 51.00000000000031974, 0.000000000000000000 ) ) ;
#1581 = ORIENTED_EDGE ( 'NONE', *, *, #11651, .T. ) ;
#1582 = EDGE_CURVE ( 'NONE', #8500, #11630, #7739, .T. ) ;
#1583 = CIRCLE ( 'NONE', #8448, 15.00000000000001421 ) ;
#1584 = VERTEX_POINT ( 'NONE', #941 ) ;
#1585 = CARTESIAN_POINT ( 'NONE',  ( 86.99999999999937472, 85.00000000000120792, 0.000000000000000000 ) ) ;
#1586 = DIRECTION ( 'NONE',  ( 1.000000000000000000, 0.000000000000000000, 0.000000000000000000 ) ) ;
#1587 = EDGE_CURVE ( 'NONE', #11991, #10068, #4689, .T. ) ;
#1588 = CARTESIAN_POINT ( 'NONE',  ( -50.99999999999972289, -17.00000000000045830, 0.000000000000000000 ) ) ;
#1589 = CARTESIAN_POINT ( 'NONE',  ( 33.99999999999963052, 68.00000000000072475, 0.000000000000000000 ) ) ;
#1590 = EDGE_LOOP ( 'NONE', ( #10291, #3493 ) ) ;
#1591 = CYLINDRICAL_SURFACE ( 'NONE', #5363, 2.000000000000001776 ) ;
#1592 = CARTESIAN_POINT ( 'NONE',  ( 135.0000000000000000, -15.00000000000001243, 5.000000000000000000 ) ) ;
#1593 = DIRECTION ( 'NONE',  ( 1.000000000000000000, 0.000000000000000000, 0.000000000000000000 ) ) ;
#1594 = AXIS2_PLACEMENT_3D ( 'NONE', #8031, #11739, #9886 ) ;
#1595 = EDGE_LOOP ( 'NONE', ( #229, #9173, #6016, #4802 ) ) ;
#1596 = ORIENTED_EDGE ( 'NONE', *, *, #8955, .T. ) ;
#1597 = VECTOR ( 'NONE', #11536, 1000.000000000000000 ) ;
#1598 = DIRECTION ( 'NONE',  ( 1.000000000000000000, 0.000000000000000000, 0.000000000000000000 ) ) ;
#1599 = EDGE_CURVE ( 'NONE', #3518, #7256, #12133, .T. ) ;
#1600 = CYLINDRICAL_SURFACE ( 'NONE', #11512, 2.000000000000001776 ) ;
#1601 = ORIENTED_EDGE ( 'NONE', *, *, #10877, .T. ) ;
#1602 = CARTESIAN_POINT ( 'NONE',  ( 52.99999999999997158, -50.99999999999999289, 0.000000000000000000 ) ) ;
#1603 = LINE ( 'NONE', #7944, #10140 ) ;
#1604 = ORIENTED_EDGE ( 'NONE', *, *, #4117, .T. ) ;
#1605 = DIRECTION ( 'NONE',  ( 1.000000000000000000, 0.000000000000000000, 0.000000000000000000 ) ) ;
#1606 = LINE ( 'NONE', #3394, #1024 ) ;
#1607 = VECTOR ( 'NONE', #7641, 1000.000000000000000 ) ;
#1608 = AXIS2_PLACEMENT_3D ( 'NONE', #1100, #3976, #8532 ) ;
#1609 = ORIENTED_EDGE ( 'NONE', *, *, #3215, .T. ) ;
#1610 = EDGE_CURVE ( 'NONE', #6730, #118, #10278, .T. ) ;
#1611 = DIRECTION ( 'NONE',  ( 1.000000000000000000, 0.000000000000000000, 0.000000000000000000 ) ) ;
#1612 = AXIS2_PLACEMENT_3D ( 'NONE', #5423, #10094, #4540 ) ;
#1614 = CYLINDRICAL_SURFACE ( 'NONE', #8705, 2.000000000000000888 ) ;
#1613 = CIRCLE ( 'NONE', #6331, 2.000000000000001776 ) ;
#1615 = DIRECTION ( 'NONE',  ( 0.000000000000000000, 0.000000000000000000, 1.000000000000000000 ) ) ;
#1616 = FACE_BOUND ( 'NONE', #543, .T. ) ;
#1617 = DIRECTION ( 'NONE',  ( 1.000000000000000000, 0.000000000000000000, 0.000000000000000000 ) ) ;
#1618 = SURFACE_STYLE_FILL_AREA ( #2540 ) ;
#1619 = ORIENTED_EDGE ( 'NONE', *, *, #11494, .F. ) ;
#1620 = ORIENTED_EDGE ( 'NONE', *, *, #9306, .T. ) ;
#1621 = LINE ( 'NONE', #1850, #8818 ) ;
#1622 = AXIS2_PLACEMENT_3D ( 'NONE', #11909, #3423, #4453 ) ;
#1623 = VECTOR ( 'NONE', #10070, 1000.000000000000000 ) ;
#1624 = AXIS2_PLACEMENT_3D ( 'NONE', #9391, #12039, #5586 ) ;
#1625 = VECTOR ( 'NONE', #1196, 1000.000000000000000 ) ;
#1626 = EDGE_LOOP ( 'NONE', ( #6477, #9260 ) ) ;
#1627 = EDGE_CURVE ( 'NONE', #5626, #3704, #9902, .T. ) ;
#1628 = AXIS2_PLACEMENT_3D ( 'NONE', #3317, #9024, #8970 ) ;
#1629 = ORIENTED_EDGE ( 'NONE', *, *, #11336, .F. ) ;
#1630 = ORIENTED_EDGE ( 'NONE', *, *, #1505, .F. ) ;
#1631 = DIRECTION ( 'NONE',  ( -0.000000000000000000, -0.000000000000000000, 1.000000000000000000 ) ) ;
#1632 = DIRECTION ( 'NONE',  ( -0.000000000000000000, -0.000000000000000000, 1.000000000000000000 ) ) ;
#1633 = CARTESIAN_POINT ( 'NONE',  ( -69.99999999999948841, -68.00000000000095213, 5.000000000000000000 ) ) ;
#1634 = VECTOR ( 'NONE', #5443, 1000.000000000000000 ) ;
#1635 = CARTESIAN_POINT ( 'NONE',  ( 16.99999999999987566, 17.00000000000025224, 0.000000000000000000 ) ) ;
#1637 = DIRECTION ( 'NONE',  ( 0.000000000000000000, 0.000000000000000000, -1.000000000000000000 ) ) ;
#1636 = COLOUR_RGB ( '',0.7921568627450980005, 0.8196078431372548767, 0.9333333333333333481 ) ;
#1638 = ORIENTED_EDGE ( 'NONE', *, *, #11503, .T. ) ;
#1639 = CIRCLE ( 'NONE', #8110, 2.000000000000001776 ) ;
#1640 = ORIENTED_EDGE ( 'NONE', *, *, #1965, .F. ) ;
#1641 = LINE ( 'NONE', #4638, #8683 ) ;
#1642 = EDGE_LOOP ( 'NONE', ( #6311, #8432 ) ) ;
#1643 = ADVANCED_FACE ( 'NONE', ( #4139 ), #2305, .T. ) ;
#1644 = AXIS2_PLACEMENT_3D ( 'NONE', #8694, #4881, #8631 ) ;
#1645 = ORIENTED_EDGE ( 'NONE', *, *, #1959, .F. ) ;
#1646 = ORIENTED_EDGE ( 'NONE', *, *, #4563, .F. ) ;
#1647 = DIRECTION ( 'NONE',  ( 0.000000000000000000, 0.000000000000000000, 1.000000000000000000 ) ) ;
#1648 = CARTESIAN_POINT ( 'NONE',  ( 31.99999999999962697, 68.00000000000072475, 0.000000000000000000 ) ) ;
#1649 = DIRECTION ( 'NONE',  ( -0.000000000000000000, -0.000000000000000000, 1.000000000000000000 ) ) ;
#1651 = ADVANCED_FACE ( 'NONE', ( #9801 ), #9743, .F. ) ;
#1650 = CARTESIAN_POINT ( 'NONE',  ( -17.00000000000011369, 51.00000000000024158, 0.000000000000000000 ) ) ;
#1652 = ORIENTED_EDGE ( 'NONE', *, *, #10629, .T. ) ;
#1653 = FACE_OUTER_BOUND ( 'NONE', #11803, .T. ) ;
#1654 = EDGE_CURVE ( 'NONE', #1451, #4190, #6175, .T. ) ;
#1655 = EDGE_CURVE ( 'NONE', #5519, #3021, #10086, .T. ) ;
#1656 = DIRECTION ( 'NONE',  ( 0.000000000000000000, 0.000000000000000000, 1.000000000000000000 ) ) ;
#1657 = AXIS2_PLACEMENT_3D ( 'NONE', #189, #6709, #10468 ) ;
#1658 = ORIENTED_EDGE ( 'NONE', *, *, #6987, .F. ) ;
#1659 = ORIENTED_EDGE ( 'NONE', *, *, #11351, .T. ) ;
#1660 = AXIS2_PLACEMENT_3D ( 'NONE', #7445, #1116, #2706 ) ;
#1661 = VECTOR ( 'NONE', #5066, 1000.000000000000000 ) ;
#1662 = CYLINDRICAL_SURFACE ( 'NONE', #8340, 2.000000000000001776 ) ;
#1663 = FACE_OUTER_BOUND ( 'NONE', #5768, .T. ) ;
#1664 = EDGE_LOOP ( 'NONE', ( #3380, #7596, #705, #1986 ) ) ;
#1665 = CARTESIAN_POINT ( 'NONE',  ( 50.99999999999997158, -50.99999999999999289, 0.000000000000000000 ) ) ;
#1666 = DIRECTION ( 'NONE',  ( -0.000000000000000000, -0.000000000000000000, 1.000000000000000000 ) ) ;
#1667 = ORIENTED_EDGE ( 'NONE', *, *, #4837, .T. ) ;
#1668 = DIRECTION ( 'NONE',  ( 1.000000000000000000, 0.000000000000000000, 0.000000000000000000 ) ) ;
#1669 = DIRECTION ( 'NONE',  ( 1.000000000000000000, 0.000000000000000000, 0.000000000000000000 ) ) ;
#1670 = VECTOR ( 'NONE', #1106, 1000.000000000000000 ) ;
#1671 = VECTOR ( 'NONE', #3751, 1000.000000000000000 ) ;
#1672 = EDGE_CURVE ( 'NONE', #9242, #10704, #8754, .T. ) ;
#1673 = VERTEX_POINT ( 'NONE', #1379 ) ;
#1674 = CARTESIAN_POINT ( 'NONE',  ( -18.99999999999982236, -34.00000000000034817, 0.000000000000000000 ) ) ;
#1675 = AXIS2_PLACEMENT_3D ( 'NONE', #9397, #3801, #4785 ) ;
#1676 = FACE_OUTER_BOUND ( 'NONE', #8777, .T. ) ;
#1677 = AXIS2_PLACEMENT_3D ( 'NONE', #7434, #12162, #9399 ) ;
#1678 = DIRECTION ( 'NONE',  ( -0.000000000000000000, -0.000000000000000000, 1.000000000000000000 ) ) ;
#1679 = LINE ( 'NONE', #11831, #981 ) ;
#1680 = FACE_BOUND ( 'NONE', #7717, .T. ) ;
#1681 = LINE ( 'NONE', #11016, #6344 ) ;
#1682 = CARTESIAN_POINT ( 'NONE',  ( -69.99999999999974420, -4.577220682980475521E-13, 0.000000000000000000 ) ) ;
#1683 = VERTEX_POINT ( 'NONE', #11652 ) ;
#1684 = ORIENTED_EDGE ( 'NONE', *, *, #3618, .T. ) ;
#1685 = ADVANCED_FACE ( 'NONE', ( #3222 ), #6973, .F. ) ;
#1686 = VECTOR ( 'NONE', #7516, 1000.000000000000000 ) ;
#1687 = ORIENTED_EDGE ( 'NONE', *, *, #7493, .T. ) ;
#1688 = ORIENTED_EDGE ( 'NONE', *, *, #4626, .T. ) ;
#1689 = ORIENTED_EDGE ( 'NONE', *, *, #8719, .F. ) ;
#1690 = DIRECTION ( 'NONE',  ( 0.000000000000000000, 0.000000000000000000, 1.000000000000000000 ) ) ;
#1691 = CARTESIAN_POINT ( 'NONE',  ( -94.02499999999982094, 0.000000000000000000, 5.000000000000000000 ) ) ;
#1692 = CARTESIAN_POINT ( 'NONE',  ( -82.99999999999984368, 50.99999999999976552, 0.000000000000000000 ) ) ;
#1693 = DIRECTION ( 'NONE',  ( 1.000000000000000000, 0.000000000000000000, 0.000000000000000000 ) ) ;
#1694 = CARTESIAN_POINT ( 'NONE',  ( -114.9999999999999432, 15.00000000000001066, 5.000000000000000000 ) ) ;
#1695 = VERTEX_POINT ( 'NONE', #5067 ) ;
#1696 = EDGE_LOOP ( 'NONE', ( #7945, #11755 ) ) ;
#1697 = CARTESIAN_POINT ( 'NONE',  ( 0.000000000000000000, 75.97499999999998010, 0.000000000000000000 ) ) ;
#1698 = ORIENTED_EDGE ( 'NONE', *, *, #4955, .F. ) ;
#1699 = ORIENTED_EDGE ( 'NONE', *, *, #6075, .F. ) ;
#1700 = ORIENTED_EDGE ( 'NONE', *, *, #741, .T. ) ;
#1701 = DIRECTION ( 'NONE',  ( -0.000000000000000000, -0.000000000000000000, 1.000000000000000000 ) ) ;
#1702 = CARTESIAN_POINT ( 'NONE',  ( -16.99999999999998579, 17.00000000000001421, 0.000000000000000000 ) ) ;
#1703 = CARTESIAN_POINT ( 'NONE',  ( 17.00000000000016698, -68.00000000000035527, 0.000000000000000000 ) ) ;
#1704 = FACE_OUTER_BOUND ( 'NONE', #3348, .T. ) ;
#1705 = DIRECTION ( 'NONE',  ( 1.000000000000000000, 0.000000000000000000, 0.000000000000000000 ) ) ;
#1706 = ORIENTED_EDGE ( 'NONE', *, *, #2107, .T. ) ;
#1707 = EDGE_CURVE ( 'NONE', #10689, #8896, #10723, .T. ) ;
#1708 = DIRECTION ( 'NONE',  ( 1.000000000000000000, 0.000000000000000000, 0.000000000000000000 ) ) ;
#1709 = EDGE_CURVE ( 'NONE', #5034, #10386, #5378, .T. ) ;
#1710 = DIRECTION ( 'NONE',  ( 1.000000000000000000, 0.000000000000000000, 0.000000000000000000 ) ) ;
#1711 = ORIENTED_EDGE ( 'NONE', *, *, #11875, .F. ) ;
#1712 = EDGE_CURVE ( 'NONE', #9246, #8053, #8511, .T. ) ;
#1713 = ORIENTED_EDGE ( 'NONE', *, *, #1719, .T. ) ;
#1714 = ADVANCED_FACE ( 'NONE', ( #5872 ), #4200, .F. ) ;
#1715 = DIRECTION ( 'NONE',  ( -0.000000000000000000, -0.000000000000000000, 1.000000000000000000 ) ) ;
#1716 = CARTESIAN_POINT ( 'NONE',  ( -75.97499999999996589, 90.97500000000002274, 5.000000000000000000 ) ) ;
#1717 = VERTEX_POINT ( 'NONE', #1258 ) ;
#1718 = CARTESIAN_POINT ( 'NONE',  ( -15.00000000000016698, 68.00000000000036948, 5.000000000000000000 ) ) ;
#1719 = EDGE_CURVE ( 'NONE', #787, #11318, #278, .T. ) ;
#1720 = EDGE_CURVE ( 'NONE', #9550, #10174, #9296, .T. ) ;
#1721 = CYLINDRICAL_SURFACE ( 'NONE', #2301, 2.000000000000001776 ) ;
#1722 = ORIENTED_EDGE ( 'NONE', *, *, #9079, .T. ) ;
#1723 = CARTESIAN_POINT ( 'NONE',  ( -132.0000000000000000, 0.000000000000000000, 5.000000000000000000 ) ) ;
#1724 = CARTESIAN_POINT ( 'NONE',  ( 66.00000000000001421, -85.00000000000011369, 0.000000000000000000 ) ) ;
#1725 = EDGE_CURVE ( 'NONE', #9971, #4025, #1137, .T. ) ;
#1726 = EDGE_CURVE ( 'NONE', #10358, #5760, #5564, .T. ) ;
#1727 = EDGE_LOOP ( 'NONE', ( #11984, #2161 ) ) ;
#1728 = CARTESIAN_POINT ( 'NONE',  ( -70.00000000000001421, 85.00000000000015632, 5.000000000000000000 ) ) ;
#1729 = DIRECTION ( 'NONE',  ( 1.000000000000000000, 0.000000000000000000, 0.000000000000000000 ) ) ;
#1730 = DIRECTION ( 'NONE',  ( 1.000000000000000000, 0.000000000000000000, 0.000000000000000000 ) ) ;
#1731 = FACE_OUTER_BOUND ( 'NONE', #8603, .T. ) ;
#1732 = FACE_BOUND ( 'NONE', #9825, .T. ) ;
#1733 = EDGE_CURVE ( 'NONE', #11505, #3429, #2623, .T. ) ;
#1734 = CARTESIAN_POINT ( 'NONE',  ( -16.99999999999987566, -17.00000000000022382, 5.000000000000000000 ) ) ;
#1735 = DIRECTION ( 'NONE',  ( -1.000000000000000000, 0.000000000000000000, 0.000000000000000000 ) ) ;
#1736 = AXIS2_PLACEMENT_3D ( 'NONE', #10571, #7804, #52 ) ;
#1737 = ORIENTED_EDGE ( 'NONE', *, *, #7130, .F. ) ;
#1738 = EDGE_LOOP ( 'NONE', ( #5397, #6990, #3596, #1119 ) ) ;
#1739 = ORIENTED_EDGE ( 'NONE', *, *, #3114, .T. ) ;
#1740 = ORIENTED_EDGE ( 'NONE', *, *, #5408, .T. ) ;
#1741 = AXIS2_PLACEMENT_3D ( 'NONE', #6623, #10438, #1951 ) ;
#1742 = VERTEX_POINT ( 'NONE', #3953 ) ;
#1743 = FACE_BOUND ( 'NONE', #2114, .T. ) ;
#1744 = CARTESIAN_POINT ( 'NONE',  ( -52.99999999999986500, 16.99999999999977973, 0.000000000000000000 ) ) ;
#1745 = CARTESIAN_POINT ( 'NONE',  ( 30.00000000000120082, -100.0000000000000142, 5.000000000000000000 ) ) ;
#1746 = EDGE_CURVE ( 'NONE', #5912, #7462, #276, .T. ) ;
#1747 = LINE ( 'NONE', #2614, #9038 ) ;
#1748 = CARTESIAN_POINT ( 'NONE',  ( -84.99999999999937472, -85.00000000000117950, 0.000000000000000000 ) ) ;
#1749 = ORIENTED_EDGE ( 'NONE', *, *, #4328, .T. ) ;
#1750 = ORIENTED_EDGE ( 'NONE', *, *, #1559, .T. ) ;
#1751 = CARTESIAN_POINT ( 'NONE',  ( -53.00000000000003553, 68.00000000000014211, 5.000000000000000000 ) ) ;
#1752 = AXIS2_PLACEMENT_3D ( 'NONE', #10973, #9999, #2555 ) ;
#1753 = VECTOR ( 'NONE', #922, 1000.000000000000000 ) ;
#1754 = ORIENTED_EDGE ( 'NONE', *, *, #3631, .F. ) ;
#1755 = ORIENTED_EDGE ( 'NONE', *, *, #3020, .F. ) ;
#1756 = ORIENTED_EDGE ( 'NONE', *, *, #9537, .F. ) ;
#1757 = CARTESIAN_POINT ( 'NONE',  ( 30.00000000000120082, -115.0000000000000142, 0.000000000000000000 ) ) ;
#1758 = CIRCLE ( 'NONE', #4905, 2.000000000000001776 ) ;
#1759 = FACE_OUTER_BOUND ( 'NONE', #3867, .T. ) ;
#1760 = CARTESIAN_POINT ( 'NONE',  ( 65.99999999999982947, -33.99999999999975131, 5.000000000000000000 ) ) ;
#1761 = AXIS2_PLACEMENT_3D ( 'NONE', #539, #412, #4278 ) ;
#1762 = DIRECTION ( 'NONE',  ( 1.000000000000000000, 0.000000000000000000, 0.000000000000000000 ) ) ;
#1763 = CYLINDRICAL_SURFACE ( 'NONE', #11810, 2.000000000000001776 ) ;
#1764 = ORIENTED_EDGE ( 'NONE', *, *, #11694, .F. ) ;
#1765 = DIRECTION ( 'NONE',  ( 1.000000000000000000, 0.000000000000000000, 0.000000000000000000 ) ) ;
#1766 = FACE_OUTER_BOUND ( 'NONE', #3014, .T. ) ;
#1767 = AXIS2_PLACEMENT_3D ( 'NONE', #5984, #10767, #1307 ) ;
#1768 = ORIENTED_EDGE ( 'NONE', *, *, #4953, .T. ) ;
#1769 = EDGE_LOOP ( 'NONE', ( #10567, #2252, #645, #7028 ) ) ;
#1770 = EDGE_CURVE ( 'NONE', #8319, #1570, #10665, .T. ) ;
#1771 = DIRECTION ( 'NONE',  ( 0.000000000000000000, 0.000000000000000000, -1.000000000000000000 ) ) ;
#1772 = DIRECTION ( 'NONE',  ( 1.000000000000000000, 0.000000000000000000, 0.000000000000000000 ) ) ;
#1773 = CARTESIAN_POINT ( 'NONE',  ( -69.99999999999948841, -68.00000000000095213, 0.000000000000000000 ) ) ;
#1774 = AXIS2_PLACEMENT_3D ( 'NONE', #559, #9035, #4363 ) ;
#1775 = ORIENTED_EDGE ( 'NONE', *, *, #7343, .T. ) ;
#1776 = DIRECTION ( 'NONE',  ( 0.000000000000000000, 0.000000000000000000, 1.000000000000000000 ) ) ;
#1777 = CARTESIAN_POINT ( 'NONE',  ( -52.99999999999992184, 33.99999999999989342, 5.000000000000000000 ) ) ;
#1778 = VERTEX_POINT ( 'NONE', #3405 ) ;
#1779 = CARTESIAN_POINT ( 'NONE',  ( -35.99999999999992184, 16.99999999999988987, 0.000000000000000000 ) ) ;
#1780 = LINE ( 'NONE', #1915, #630 ) ;
#1781 = DIRECTION ( 'NONE',  ( 1.000000000000000000, 0.000000000000000000, -0.000000000000000000 ) ) ;
#1782 = VECTOR ( 'NONE', #5149, 1000.000000000000000 ) ;
#1783 = EDGE_CURVE ( 'NONE', #4517, #10647, #4260, .T. ) ;
#1784 = VERTEX_POINT ( 'NONE', #8243 ) ;
#1785 = FACE_OUTER_BOUND ( 'NONE', #6060, .T. ) ;
#1786 = CARTESIAN_POINT ( 'NONE',  ( 67.99999999999948841, 68.00000000000098055, 5.000000000000000000 ) ) ;
#1787 = CARTESIAN_POINT ( 'NONE',  ( 52.99999999999991473, -33.99999999999987210, 0.000000000000000000 ) ) ;
#1788 = DIRECTION ( 'NONE',  ( -0.000000000000000000, -0.000000000000000000, -1.000000000000000000 ) ) ;
#1789 = CARTESIAN_POINT ( 'NONE',  ( -79.02499999999996305, 0.000000000000000000, 5.000000000000000000 ) ) ;
#1790 = ORIENTED_EDGE ( 'NONE', *, *, #9616, .F. ) ;
#1791 = FACE_OUTER_BOUND ( 'NONE', #1498, .T. ) ;
#1792 = ADVANCED_FACE ( 'NONE', ( #5310 ), #6290, .F. ) ;
#1793 = FILL_AREA_STYLE_COLOUR ( '', #11023 ) ;
#1794 = AXIS2_PLACEMENT_3D ( 'NONE', #10307, #11219, #3898 ) ;
#1795 = VERTEX_POINT ( 'NONE', #519 ) ;
#1796 = VECTOR ( 'NONE', #5704, 1000.000000000000000 ) ;
#1797 = VERTEX_POINT ( 'NONE', #4377 ) ;
#1798 = EDGE_CURVE ( 'NONE', #3429, #7743, #8188, .T. ) ;
#1799 = ADVANCED_FACE ( 'NONE', ( #8131 ), #5370, .T. ) ;
#1800 = VERTEX_POINT ( 'NONE', #4317 ) ;
#1801 = AXIS2_PLACEMENT_3D ( 'NONE', #12066, #6243, #5434 ) ;
#1802 = ORIENTED_EDGE ( 'NONE', *, *, #3909, .T. ) ;
#1803 = CIRCLE ( 'NONE', #5742, 15.00000000000000000 ) ;
#1804 = DIRECTION ( 'NONE',  ( 1.000000000000000000, 0.000000000000000000, 0.000000000000000000 ) ) ;
#1805 = ORIENTED_EDGE ( 'NONE', *, *, #7285, .T. ) ;
#1806 = FACE_BOUND ( 'NONE', #5631, .T. ) ;
#1807 = CARTESIAN_POINT ( 'NONE',  ( 84.99999999999992895, 100.0000000000000000, 5.000000000000000000 ) ) ;
#1808 = CARTESIAN_POINT ( 'NONE',  ( 90.97499999999986642, 0.000000000000000000, 5.000000000000000000 ) ) ;
#1809 = ORIENTED_EDGE ( 'NONE', *, *, #10835, .T. ) ;
#1810 = DIRECTION ( 'NONE',  ( 0.000000000000000000, -0.000000000000000000, -1.000000000000000000 ) ) ;
#1811 = LINE ( 'NONE', #9126, #9845 ) ;
#1812 = ORIENTED_EDGE ( 'NONE', *, *, #6906, .T. ) ;
#1813 = ORIENTED_EDGE ( 'NONE', *, *, #3814, .F. ) ;
#1814 = CARTESIAN_POINT ( 'NONE',  ( 69.99999999999984368, -33.99999999999975131, 5.000000000000000000 ) ) ;
#1815 = CIRCLE ( 'NONE', #11837, 2.000000000000001776 ) ;
#1816 = AXIS2_PLACEMENT_3D ( 'NONE', #9976, #11072, #5249 ) ;
#1817 = VECTOR ( 'NONE', #3044, 1000.000000000000000 ) ;
#1818 = EDGE_LOOP ( 'NONE', ( #6549, #11542, #11938, #7907 ) ) ;
#1819 = EDGE_CURVE ( 'NONE', #4510, #2465, #8072, .T. ) ;
#1820 = EDGE_LOOP ( 'NONE', ( #8920, #7645 ) ) ;
#1821 = AXIS2_PLACEMENT_3D ( 'NONE', #2263, #6806, #9759 ) ;
#1822 = VERTEX_POINT ( 'NONE', #2361 ) ;
#1823 = CARTESIAN_POINT ( 'NONE',  ( 0.000000000000000000, 75.97499999999998010, 5.000000000000000000 ) ) ;
#1824 = VECTOR ( 'NONE', #5166, 1000.000000000000000 ) ;
#1825 = CIRCLE ( 'NONE', #7329, 2.000000000000001776 ) ;
#1826 = DIRECTION ( 'NONE',  ( 0.000000000000000000, 0.000000000000000000, 1.000000000000000000 ) ) ;
#1827 = DIRECTION ( 'NONE',  ( 0.000000000000000000, -1.000000000000000000, 0.000000000000000000 ) ) ;
#1828 = CIRCLE ( 'NONE', #11426, 2.000000000000001776 ) ;
#1829 = DIRECTION ( 'NONE',  ( 1.000000000000000000, 4.550094363217858838E-15, 0.000000000000000000 ) ) ;
#1830 = CARTESIAN_POINT ( 'NONE',  ( -48.99999999999992184, 33.99999999999989342, 0.000000000000000000 ) ) ;
#1831 = EDGE_LOOP ( 'NONE', ( #5244, #2738 ) ) ;
#1832 = DIRECTION ( 'NONE',  ( -0.000000000000000000, -0.000000000000000000, 1.000000000000000000 ) ) ;
#1833 = DIRECTION ( 'NONE',  ( 1.000000000000000000, 0.000000000000000000, 0.000000000000000000 ) ) ;
#1834 = VECTOR ( 'NONE', #10958, 1000.000000000000000 ) ;
#1835 = CIRCLE ( 'NONE', #7148, 2.000000000000001776 ) ;
#1836 = ORIENTED_EDGE ( 'NONE', *, *, #3948, .T. ) ;
#1837 = ADVANCED_FACE ( 'NONE', ( #10101 ), #1614, .F. ) ;
#1838 = ORIENTED_EDGE ( 'NONE', *, *, #7102, .T. ) ;
#1839 = DIRECTION ( 'NONE',  ( 1.000000000000000000, 0.000000000000000000, 0.000000000000000000 ) ) ;
#1840 = DIRECTION ( 'NONE',  ( 0.000000000000000000, -0.000000000000000000, -1.000000000000000000 ) ) ;
#1841 = CIRCLE ( 'NONE', #4012, 2.000000000000001776 ) ;
#1842 = LINE ( 'NONE', #1907, #12085 ) ;
#1843 = EDGE_LOOP ( 'NONE', ( #6685, #1739 ) ) ;
#1844 = AXIS2_PLACEMENT_3D ( 'NONE', #5473, #10204, #7500 ) ;
#1845 = CARTESIAN_POINT ( 'NONE',  ( 14.99999999999963762, 85.00000000000073896, 0.000000000000000000 ) ) ;
#1846 = CARTESIAN_POINT ( 'NONE',  ( 50.99999999999979394, 3.747002708109903324E-13, 5.000000000000000000 ) ) ;
#1847 = VERTEX_POINT ( 'NONE', #694 ) ;
#1848 = DIRECTION ( 'NONE',  ( -0.000000000000000000, -0.000000000000000000, 1.000000000000000000 ) ) ;
#1849 = CARTESIAN_POINT ( 'NONE',  ( -68.00000000000001421, 85.00000000000015632, 0.000000000000000000 ) ) ;
#1850 = CARTESIAN_POINT ( 'NONE',  ( 31.99999999999980815, 17.00000000000036238, 0.000000000000000000 ) ) ;
#1851 = EDGE_CURVE ( 'NONE', #9246, #331, #6114, .T. ) ;
#1852 = DIRECTION ( 'NONE',  ( -0.000000000000000000, -0.000000000000000000, 1.000000000000000000 ) ) ;
#1853 = VECTOR ( 'NONE', #2389, 1000.000000000000000 ) ;
#1854 = AXIS2_PLACEMENT_3D ( 'NONE', #10735, #10617, #405 ) ;
#1855 = ORIENTED_EDGE ( 'NONE', *, *, #1408, .T. ) ;
#1856 = LINE ( 'NONE', #4613, #8728 ) ;
#1857 = CARTESIAN_POINT ( 'NONE',  ( -65.99999999999995737, 68.00000000000002842, 5.000000000000000000 ) ) ;
#1858 = LINE ( 'NONE', #5609, #2245 ) ;
#1859 = DIRECTION ( 'NONE',  ( 1.000000000000000000, 0.000000000000000000, 0.000000000000000000 ) ) ;
#1860 = CARTESIAN_POINT ( 'NONE',  ( 4.139448346937463700E-13, -90.97500000000037801, 5.000000000000000000 ) ) ;
#1861 = ORIENTED_EDGE ( 'NONE', *, *, #8912, .F. ) ;
#1862 = DIRECTION ( 'NONE',  ( 0.000000000000000000, 0.000000000000000000, 1.000000000000000000 ) ) ;
#1863 = DIRECTION ( 'NONE',  ( 1.000000000000000000, 0.000000000000000000, 0.000000000000000000 ) ) ;
#1864 = ORIENTED_EDGE ( 'NONE', *, *, #72, .T. ) ;
#1865 = AXIS2_PLACEMENT_3D ( 'NONE', #9696, #9757, #7910 ) ;
#1866 = ORIENTED_EDGE ( 'NONE', *, *, #2467, .T. ) ;
#1867 = EDGE_CURVE ( 'NONE', #5621, #5688, #2044, .T. ) ;
#1868 = ADVANCED_FACE ( 'NONE', ( #7032 ), #10908, .F. ) ;
#1869 = VECTOR ( 'NONE', #616, 1000.000000000000000 ) ;
#1870 = EDGE_CURVE ( 'NONE', #3409, #1328, #1251, .T. ) ;
#1871 = ORIENTED_EDGE ( 'NONE', *, *, #5035, .F. ) ;
#1872 = VECTOR ( 'NONE', #5798, 1000.000000000000000 ) ;
#1873 = LINE ( 'NONE', #11148, #10011 ) ;
#1874 = ORIENTED_EDGE ( 'NONE', *, *, #9691, .F. ) ;
#1875 = ADVANCED_FACE ( 'NONE', ( #7215 ), #1445, .F. ) ;
#1876 = FACE_BOUND ( 'NONE', #10412, .T. ) ;
#1877 = EDGE_CURVE ( 'NONE', #8891, #1568, #5970, .T. ) ;
#1878 = DIRECTION ( 'NONE',  ( -1.000000000000000000, 0.000000000000000000, 0.000000000000000000 ) ) ;
#1879 = DIRECTION ( 'NONE',  ( 0.7071067811865465735, 0.7071067811865485719, -0.000000000000000000 ) ) ;
#1880 = EDGE_LOOP ( 'NONE', ( #4873, #11024 ) ) ;
#1881 = CARTESIAN_POINT ( 'NONE',  ( 0.000000000000000000, 0.000000000000000000, 5.000000000000000000 ) ) ;
#1882 = CARTESIAN_POINT ( 'NONE',  ( -19.00000000000022382, 85.00000000000049738, 0.000000000000000000 ) ) ;
#1883 = ORIENTED_EDGE ( 'NONE', *, *, #6091, .T. ) ;
#1884 = ORIENTED_EDGE ( 'NONE', *, *, #1063, .F. ) ;
#1885 = DIRECTION ( 'NONE',  ( 0.000000000000000000, 0.000000000000000000, 1.000000000000000000 ) ) ;
#1886 = EDGE_CURVE ( 'NONE', #11567, #731, #3417, .T. ) ;
#1887 = AXIS2_PLACEMENT_3D ( 'NONE', #8000, #1544, #10826 ) ;
#1888 = ORIENTED_EDGE ( 'NONE', *, *, #5416, .F. ) ;
#1889 = VERTEX_POINT ( 'NONE', #9931 ) ;
#1890 = ORIENTED_EDGE ( 'NONE', *, *, #8334, .T. ) ;
#1891 = DIRECTION ( 'NONE',  ( 0.000000000000000000, -0.000000000000000000, 1.000000000000000000 ) ) ;
#1892 = EDGE_CURVE ( 'NONE', #1717, #5044, #5256, .T. ) ;
#1893 = AXIS2_PLACEMENT_3D ( 'NONE', #1534, #11617, #6941 ) ;
#1894 = LINE ( 'NONE', #2872, #9072 ) ;
#1895 = DIRECTION ( 'NONE',  ( 0.000000000000000000, 0.000000000000000000, 1.000000000000000000 ) ) ;
#1896 = FACE_BOUND ( 'NONE', #4077, .T. ) ;
#1897 = DIRECTION ( 'NONE',  ( -0.000000000000000000, -0.000000000000000000, 1.000000000000000000 ) ) ;
#1898 = EDGE_LOOP ( 'NONE', ( #1790, #123, #7853, #8197 ) ) ;
#1899 = CARTESIAN_POINT ( 'NONE',  ( -79.02499999999996305, 0.000000000000000000, 5.000000000000000000 ) ) ;
#1900 = EDGE_CURVE ( 'NONE', #9766, #3959, #863, .T. ) ;
#1901 = DIRECTION ( 'NONE',  ( -0.000000000000000000, -0.000000000000000000, 1.000000000000000000 ) ) ;
#1902 = AXIS2_PLACEMENT_3D ( 'NONE', #7880, #11636, #3210 ) ;
#1903 = VERTEX_POINT ( 'NONE', #632 ) ;
#1904 = ORIENTED_EDGE ( 'NONE', *, *, #12084, .T. ) ;
#1905 = CARTESIAN_POINT ( 'NONE',  ( 6.938893903907228378E-14, -17.00000000000011369, 0.000000000000000000 ) ) ;
#1906 = CARTESIAN_POINT ( 'NONE',  ( -35.99999999999975131, -34.00000000000046896, 0.000000000000000000 ) ) ;
#1907 = CARTESIAN_POINT ( 'NONE',  ( -31.99999999999991829, 16.99999999999988987, 0.000000000000000000 ) ) ;
#1908 = AXIS2_PLACEMENT_3D ( 'NONE', #3741, #3807, #11126 ) ;
#1909 = ORIENTED_EDGE ( 'NONE', *, *, #11193, .F. ) ;
#1910 = CARTESIAN_POINT ( 'NONE',  ( -90.97499999999982379, 0.000000000000000000, 5.000000000000000000 ) ) ;
#1911 = CARTESIAN_POINT ( 'NONE',  ( -33.99999999999957367, -85.00000000000082423, 0.000000000000000000 ) ) ;
#1912 = ORIENTED_EDGE ( 'NONE', *, *, #1569, .F. ) ;
#1913 = EDGE_CURVE ( 'NONE', #8721, #2526, #9356, .T. ) ;
#1914 = LINE ( 'NONE', #1723, #282 ) ;
#1915 = CARTESIAN_POINT ( 'NONE',  ( -92.49999999999984368, -92.50000000000011369, 5.000000000000000000 ) ) ;
#1916 = DIRECTION ( 'NONE',  ( 1.000000000000000000, 0.000000000000000000, 0.000000000000000000 ) ) ;
#1917 = CYLINDRICAL_SURFACE ( 'NONE', #1267, 2.000000000000001776 ) ;
#1918 = ORIENTED_EDGE ( 'NONE', *, *, #144, .F. ) ;
#1919 = CARTESIAN_POINT ( 'NONE',  ( -19.00000000000004619, 34.00000000000012790, 0.000000000000000000 ) ) ;
#1920 = DIRECTION ( 'NONE',  ( 0.000000000000000000, 0.000000000000000000, 1.000000000000000000 ) ) ;
#1921 = CARTESIAN_POINT ( 'NONE',  ( -84.99999999999972999, 16.99999999999953104, 0.000000000000000000 ) ) ;
#1922 = CARTESIAN_POINT ( 'NONE',  ( -67.99999999999948841, -68.00000000000095213, 5.000000000000000000 ) ) ;
#1923 = CARTESIAN_POINT ( 'NONE',  ( 16.99999999999993250, 1.387778780781445676E-13, 5.000000000000000000 ) ) ;
#1924 = ORIENTED_EDGE ( 'NONE', *, *, #5625, .F. ) ;
#1925 = DIRECTION ( 'NONE',  ( -0.000000000000000000, -0.000000000000000000, 1.000000000000000000 ) ) ;
#1926 = DIRECTION ( 'NONE',  ( 1.000000000000000000, 0.000000000000000000, 0.000000000000000000 ) ) ;
#1927 = ORIENTED_EDGE ( 'NONE', *, *, #1338, .F. ) ;
#1928 = VERTEX_POINT ( 'NONE', #9414 ) ;
#1929 = ORIENTED_EDGE ( 'NONE', *, *, #2785, .F. ) ;
#1930 = ADVANCED_FACE ( 'NONE', ( #8367 ), #3691, .F. ) ;
#1931 = DIRECTION ( 'NONE',  ( 1.000000000000000000, -4.550094363217858838E-15, 0.000000000000000000 ) ) ;
#1932 = VERTEX_POINT ( 'NONE', #7578 ) ;
#1933 = FACE_BOUND ( 'NONE', #3849, .T. ) ;
#1934 = AXIS2_PLACEMENT_3D ( 'NONE', #1019, #4772, #3661 ) ;
#1935 = DIRECTION ( 'NONE',  ( -0.000000000000000000, -0.000000000000000000, 1.000000000000000000 ) ) ;
#1936 = CARTESIAN_POINT ( 'NONE',  ( -79.02499999999996305, -79.02499999999997726, 0.000000000000000000 ) ) ;
#1937 = VERTEX_POINT ( 'NONE', #9221 ) ;
#1938 = FACE_OUTER_BOUND ( 'NONE', #4892, .T. ) ;
#1939 = CARTESIAN_POINT ( 'NONE',  ( -84.99999999999947420, -51.00000000000093792, 5.000000000000000000 ) ) ;
#1940 = VERTEX_POINT ( 'NONE', #928 ) ;
#1941 = ORIENTED_EDGE ( 'NONE', *, *, #10919, .T. ) ;
#1942 = LINE ( 'NONE', #1013, #3185 ) ;
#1943 = EDGE_CURVE ( 'NONE', #246, #2967, #804, .T. ) ;
#1944 = AXIS2_PLACEMENT_3D ( 'NONE', #913, #9267, #5195 ) ;
#1945 = ORIENTED_EDGE ( 'NONE', *, *, #3020, .T. ) ;
#1946 = VERTEX_POINT ( 'NONE', #75 ) ;
#1947 = EDGE_CURVE ( 'NONE', #204, #4238, #11080, .T. ) ;
#1948 = ORIENTED_EDGE ( 'NONE', *, *, #11664, .F. ) ;
#1949 = FACE_OUTER_BOUND ( 'NONE', #4795, .T. ) ;
#1950 = DIRECTION ( 'NONE',  ( -0.000000000000000000, -0.000000000000000000, 1.000000000000000000 ) ) ;
#1951 = DIRECTION ( 'NONE',  ( -0.000000000000000000, 0.000000000000000000, -1.000000000000000000 ) ) ;
#1952 = FACE_BOUND ( 'NONE', #9372, .T. ) ;
#1953 = DIRECTION ( 'NONE',  ( 0.000000000000000000, -1.000000000000000000, 0.000000000000000000 ) ) ;
#1954 = AXIS2_PLACEMENT_3D ( 'NONE', #8099, #11860, #6876 ) ;
#1955 = ORIENTED_EDGE ( 'NONE', *, *, #4283, .T. ) ;
#1956 = CARTESIAN_POINT ( 'NONE',  ( 2.498001805406602216E-13, -68.00000000000044054, 0.000000000000000000 ) ) ;
#1957 = DIRECTION ( 'NONE',  ( 0.000000000000000000, 0.000000000000000000, 1.000000000000000000 ) ) ;
#1958 = EDGE_CURVE ( 'NONE', #3374, #2093, #1858, .T. ) ;
#1959 = EDGE_CURVE ( 'NONE', #9242, #1695, #668, .T. ) ;
#1960 = EDGE_CURVE ( 'NONE', #8948, #6713, #5541, .T. ) ;
#1961 = ORIENTED_EDGE ( 'NONE', *, *, #2277, .T. ) ;
#1962 = CIRCLE ( 'NONE', #8827, 2.000000000000001776 ) ;
#1963 = EDGE_LOOP ( 'NONE', ( #6130, #4820, #4748, #2280 ) ) ;
#1964 = VECTOR ( 'NONE', #4197, 1000.000000000000000 ) ;
#1965 = EDGE_CURVE ( 'NONE', #7227, #8853, #8914, .T. ) ;
#1966 = DIRECTION ( 'NONE',  ( -1.000000000000000000, 0.000000000000000000, 0.000000000000000000 ) ) ;
#1967 = LINE ( 'NONE', #5841, #7043 ) ;
#1968 = CARTESIAN_POINT ( 'NONE',  ( -86.99999999999947420, -51.00000000000093792, 0.000000000000000000 ) ) ;
#1969 = ORIENTED_EDGE ( 'NONE', *, *, #10531, .F. ) ;
#1970 = LINE ( 'NONE', #11125, #3946 ) ;
#1971 = DIRECTION ( 'NONE',  ( 0.000000000000000000, 0.000000000000000000, 1.000000000000000000 ) ) ;
#1972 = ORIENTED_EDGE ( 'NONE', *, *, #9842, .T. ) ;
#1973 = CARTESIAN_POINT ( 'NONE',  ( 50.99999999999955946, 68.00000000000083844, 5.000000000000000000 ) ) ;
#1974 = DIRECTION ( 'NONE',  ( -0.000000000000000000, -0.000000000000000000, 1.000000000000000000 ) ) ;
#1975 = AXIS2_PLACEMENT_3D ( 'NONE', #7896, #11590, #6974 ) ;
#1976 = DIRECTION ( 'NONE',  ( 0.000000000000000000, 0.000000000000000000, 1.000000000000000000 ) ) ;
#1977 = EDGE_CURVE ( 'NONE', #4575, #10083, #5585, .T. ) ;
#1978 = ORIENTED_EDGE ( 'NONE', *, *, #3456, .F. ) ;
#1979 = CARTESIAN_POINT ( 'NONE',  ( -79.02499999999996305, 0.000000000000000000, 5.000000000000000000 ) ) ;
#1980 = AXIS2_PLACEMENT_3D ( 'NONE', #7232, #9948, #3590 ) ;
#1981 = LINE ( 'NONE', #379, #1088 ) ;
#1982 = CARTESIAN_POINT ( 'NONE',  ( -94.02499999999982094, -79.02499999999996305, 5.000000000000000000 ) ) ;
#1983 = CYLINDRICAL_SURFACE ( 'NONE', #7868, 2.000000000000001776 ) ;
#1984 = APPLICATION_CONTEXT ( 'automotive_design' ) ;
#1985 = CARTESIAN_POINT ( 'NONE',  ( 84.99999999999954525, 34.00000000000083844, 0.000000000000000000 ) ) ;
#1986 = ORIENTED_EDGE ( 'NONE', *, *, #2913, .T. ) ;
#1987 = CARTESIAN_POINT ( 'NONE',  ( 2.000000000000250910, -68.00000000000044054, 0.000000000000000000 ) ) ;
#1988 = CARTESIAN_POINT ( 'NONE',  ( 14.99999999999981704, 34.00000000000036238, 0.000000000000000000 ) ) ;
#1989 = ORIENTED_EDGE ( 'NONE', *, *, #9462, .F. ) ;
#1990 = VERTEX_POINT ( 'NONE', #3752 ) ;
#1991 = EDGE_CURVE ( 'NONE', #1946, #6853, #10095, .T. ) ;
#1992 = ORIENTED_EDGE ( 'NONE', *, *, #2551, .F. ) ;
#1993 = CARTESIAN_POINT ( 'NONE',  ( -18.99999999999975486, -51.00000000000046896, 0.000000000000000000 ) ) ;
#1994 = ORIENTED_EDGE ( 'NONE', *, *, #5021, .T. ) ;
#1995 = FACE_BOUND ( 'NONE', #5853, .T. ) ;
#1996 = DIRECTION ( 'NONE',  ( 0.000000000000000000, 0.000000000000000000, -1.000000000000000000 ) ) ;
#1997 = LINE ( 'NONE', #207, #9413 ) ;
#1998 = VERTEX_POINT ( 'NONE', #11136 ) ;
#1999 = CYLINDRICAL_SURFACE ( 'NONE', #4431, 2.000000000000001776 ) ;
#2000 = CARTESIAN_POINT ( 'NONE',  ( 1.999999999999778844, 68.00000000000042633, 0.000000000000000000 ) ) ;
#2001 = ORIENTED_EDGE ( 'NONE', *, *, #3978, .F. ) ;
#2002 = VERTEX_POINT ( 'NONE', #1982 ) ;
#2003 = DIRECTION ( 'NONE',  ( -1.000000000000000000, 0.000000000000000000, 0.000000000000000000 ) ) ;
#2004 = EDGE_CURVE ( 'NONE', #3039, #12005, #7513, .T. ) ;
#2005 = AXIS2_PLACEMENT_3D ( 'NONE', #1956, #4846, #7673 ) ;
#2006 = ORIENTED_EDGE ( 'NONE', *, *, #4541, .F. ) ;
#2007 = ORIENTED_EDGE ( 'NONE', *, *, #12014, .F. ) ;
#2008 = VERTEX_POINT ( 'NONE', #5729 ) ;
#2009 = CARTESIAN_POINT ( 'NONE',  ( -67.99999999999991473, 50.99999999999990763, 5.000000000000000000 ) ) ;
#2010 = CARTESIAN_POINT ( 'NONE',  ( -16.99999999999975131, -51.00000000000046896, 5.000000000000000000 ) ) ;
#2011 = PLANE ( 'NONE',  #8817 ) ;
#2012 = FACE_BOUND ( 'NONE', #10748, .T. ) ;
#2013 = CARTESIAN_POINT ( 'NONE',  ( -65.99999999999965894, -17.00000000000058265, 5.000000000000000000 ) ) ;
#2014 = VECTOR ( 'NONE', #11188, 1000.000000000000000 ) ;
#2015 = EDGE_LOOP ( 'NONE', ( #2938, #488, #11620, #3116 ) ) ;
#2016 = AXIS2_PLACEMENT_3D ( 'NONE', #10242, #892, #3713 ) ;
#2017 = CARTESIAN_POINT ( 'NONE',  ( -15.00000000000011191, 51.00000000000024158, 0.000000000000000000 ) ) ;
#2018 = LINE ( 'NONE', #3670, #11058 ) ;
#2019 = CIRCLE ( 'NONE', #10858, 2.000000000000001776 ) ;
#2020 = ADVANCED_FACE ( 'NONE', ( #868 ), #2710, .F. ) ;
#2021 = ORIENTED_EDGE ( 'NONE', *, *, #9001, .T. ) ;
#2022 = AXIS2_PLACEMENT_3D ( 'NONE', #10691, #3068, #6815 ) ;
#2023 = CIRCLE ( 'NONE', #5754, 2.000000000000001776 ) ;
#2024 = ORIENTED_EDGE ( 'NONE', *, *, #4283, .F. ) ;
#2025 = CIRCLE ( 'NONE', #3005, 2.000000000000001776 ) ;
#2026 = VECTOR ( 'NONE', #9516, 1000.000000000000000 ) ;
#2027 = EDGE_CURVE ( 'NONE', #10792, #6104, #5667, .T. ) ;
#2028 = DIRECTION ( 'NONE',  ( -0.000000000000000000, 0.000000000000000000, 1.000000000000000000 ) ) ;
#2029 = LINE ( 'NONE', #1163, #372 ) ;
#2030 = FACE_OUTER_BOUND ( 'NONE', #10395, .T. ) ;
#2031 = EDGE_CURVE ( 'NONE', #7678, #11981, #12057, .T. ) ;
#2032 = EDGE_CURVE ( 'NONE', #6192, #10107, #2658, .T. ) ;
#2033 = ORIENTED_EDGE ( 'NONE', *, *, #9526, .T. ) ;
#2034 = CARTESIAN_POINT ( 'NONE',  ( -16.99999999999982236, -34.00000000000034817, 0.000000000000000000 ) ) ;
#2035 = FACE_OUTER_BOUND ( 'NONE', #7476, .T. ) ;
#2036 = VECTOR ( 'NONE', #1078, 1000.000000000000000 ) ;
#2037 = EDGE_LOOP ( 'NONE', ( #7991, #4075, #6489, #10998 ) ) ;
#2038 = CARTESIAN_POINT ( 'NONE',  ( -65.99999999999948841, -68.00000000000095213, 0.000000000000000000 ) ) ;
#2039 = FACE_OUTER_BOUND ( 'NONE', #11996, .T. ) ;
#2040 = EDGE_CURVE ( 'NONE', #7346, #8255, #5482, .T. ) ;
#2041 = CIRCLE ( 'NONE', #9897, 2.000000000000001776 ) ;
#2042 = CARTESIAN_POINT ( 'NONE',  ( 67.99999999999990052, -50.99999999999987210, 0.000000000000000000 ) ) ;
#2043 = ORIENTED_EDGE ( 'NONE', *, *, #7968, .F. ) ;
#2044 = CIRCLE ( 'NONE', #3412, 2.000000000000001776 ) ;
#2045 = ORIENTED_EDGE ( 'NONE', *, *, #7798, .F. ) ;
#2046 = AXIS2_PLACEMENT_3D ( 'NONE', #1415, #9083, #7932 ) ;
#2047 = CARTESIAN_POINT ( 'NONE',  ( -50.99999999999980815, -3.330669073875469621E-13, 0.000000000000000000 ) ) ;
#2048 = CARTESIAN_POINT ( 'NONE',  ( -0.000000000000000000, 75.97499999999998010, 0.000000000000000000 ) ) ;
#2049 = CARTESIAN_POINT ( 'NONE',  ( 79.02499999999996305, 75.97499999999998010, 5.000000000000000000 ) ) ;
#2050 = CARTESIAN_POINT ( 'NONE',  ( -99.99999999999994316, 85.00000000000001421, 0.000000000000000000 ) ) ;
#2051 = EDGE_LOOP ( 'NONE', ( #510, #9887 ) ) ;
#2052 = DIRECTION ( 'NONE',  ( 1.000000000000000000, 0.000000000000000000, 0.000000000000000000 ) ) ;
#2053 = CARTESIAN_POINT ( 'NONE',  ( -35.99999999999975131, -34.00000000000046896, 5.000000000000000000 ) ) ;
#2054 = ORIENTED_EDGE ( 'NONE', *, *, #9439, .F. ) ;
#2055 = ORIENTED_EDGE ( 'NONE', *, *, #4287, .F. ) ;
#2056 = AXIS2_PLACEMENT_3D ( 'NONE', #4109, #10879, #3189 ) ;
#2057 = ADVANCED_FACE ( 'NONE', ( #12120 ), #7450, .F. ) ;
#2058 = AXIS2_PLACEMENT_3D ( 'NONE', #5664, #5913, #2837 ) ;
#2059 = ORIENTED_EDGE ( 'NONE', *, *, #11937, .T. ) ;
#2060 = CIRCLE ( 'NONE', #5393, 15.00000000000001421 ) ;
#2061 = DIRECTION ( 'NONE',  ( 0.000000000000000000, 0.000000000000000000, 1.000000000000000000 ) ) ;
#2062 = ORIENTED_EDGE ( 'NONE', *, *, #8475, .T. ) ;
#2063 = LINE ( 'NONE', #6905, #7359 ) ;
#2064 = VECTOR ( 'NONE', #2194, 1000.000000000000000 ) ;
#2065 = DIRECTION ( 'NONE',  ( 1.000000000000000000, 0.000000000000000000, 0.000000000000000000 ) ) ;
#2066 = LINE ( 'NONE', #7595, #390 ) ;
#2067 = CARTESIAN_POINT ( 'NONE',  ( 33.99999999999974420, 34.00000000000047606, 0.000000000000000000 ) ) ;
#2068 = DIRECTION ( 'NONE',  ( -0.000000000000000000, -0.000000000000000000, 1.000000000000000000 ) ) ;
#2069 = ORIENTED_EDGE ( 'NONE', *, *, #6817, .T. ) ;
#2070 = EDGE_LOOP ( 'NONE', ( #6086, #10430, #1961, #8799 ) ) ;
#2071 = CARTESIAN_POINT ( 'NONE',  ( 86.99999999999971578, -16.99999999999951683, 5.000000000000000000 ) ) ;
#2072 = EDGE_CURVE ( 'NONE', #3282, #9944, #9908, .T. ) ;
#2073 = VECTOR ( 'NONE', #2290, 1000.000000000000000 ) ;
#2074 = VECTOR ( 'NONE', #4436, 1000.000000000000000 ) ;
#2075 = ORIENTED_EDGE ( 'NONE', *, *, #3310, .T. ) ;
#2076 = ORIENTED_EDGE ( 'NONE', *, *, #1042, .F. ) ;
#2077 = FACE_OUTER_BOUND ( 'NONE', #5225, .T. ) ;
#2078 = EDGE_LOOP ( 'NONE', ( #11508, #2778, #9718, #3071 ) ) ;
#2079 = FACE_OUTER_BOUND ( 'NONE', #11561, .T. ) ;
#2080 = DIRECTION ( 'NONE',  ( 1.000000000000000000, 0.000000000000000000, 0.000000000000000000 ) ) ;
#2081 = DIRECTION ( 'NONE',  ( 1.000000000000000000, 0.000000000000000000, 0.000000000000000000 ) ) ;
#2082 = FACE_OUTER_BOUND ( 'NONE', #5549, .T. ) ;
#2083 = ORIENTED_EDGE ( 'NONE', *, *, #6452, .F. ) ;
#2084 = VECTOR ( 'NONE', #734, 1000.000000000000000 ) ;
#2085 = LINE ( 'NONE', #5031, #4161 ) ;
#2086 = LINE ( 'NONE', #8715, #4573 ) ;
#2087 = EDGE_LOOP ( 'NONE', ( #283, #7653 ) ) ;
#2088 = ORIENTED_EDGE ( 'NONE', *, *, #1654, .T. ) ;
#2089 = DIRECTION ( 'NONE',  ( 0.000000000000000000, 0.000000000000000000, 1.000000000000000000 ) ) ;
#2090 = CYLINDRICAL_SURFACE ( 'NONE', #7245, 2.000000000000001776 ) ;
#2091 = EDGE_CURVE ( 'NONE', #7246, #4989, #11801, .T. ) ;
#2092 = CARTESIAN_POINT ( 'NONE',  ( -48.99999999999992184, 33.99999999999989342, 5.000000000000000000 ) ) ;
#2093 = VERTEX_POINT ( 'NONE', #10753 ) ;
#2094 = DIRECTION ( 'NONE',  ( 1.000000000000000000, 0.000000000000000000, 0.000000000000000000 ) ) ;
#2095 = LINE ( 'NONE', #1111, #5171 ) ;
#2096 = ORIENTED_EDGE ( 'NONE', *, *, #1505, .T. ) ;
#2097 = LINE ( 'NONE', #1169, #3797 ) ;
#2098 = DIRECTION ( 'NONE',  ( -0.000000000000000000, -0.000000000000000000, 1.000000000000000000 ) ) ;
#2099 = CIRCLE ( 'NONE', #5427, 2.000000000000001776 ) ;
#2100 = PRODUCT_RELATED_PRODUCT_CATEGORY ( 'part', '', ( #8142 ) ) ;
#2101 = DIRECTION ( 'NONE',  ( 0.000000000000000000, 0.000000000000000000, 1.000000000000000000 ) ) ;
#2102 = EDGE_CURVE ( 'NONE', #12005, #4236, #1841, .T. ) ;
#2103 = EDGE_LOOP ( 'NONE', ( #5061, #8205, #2981, #5323 ) ) ;
#2104 = VERTEX_POINT ( 'NONE', #10814 ) ;
#2105 = AXIS2_PLACEMENT_3D ( 'NONE', #737, #3622, #10151 ) ;
#2106 = CYLINDRICAL_SURFACE ( 'NONE', #8321, 2.000000000000001776 ) ;
#2107 = EDGE_CURVE ( 'NONE', #8555, #9400, #7155, .T. ) ;
#2108 = CARTESIAN_POINT ( 'NONE',  ( 2.000000000000070166, -17.00000000000011369, 5.000000000000000000 ) ) ;
#2109 = CARTESIAN_POINT ( 'NONE',  ( 14.99999999999974776, 51.00000000000049027, 5.000000000000000000 ) ) ;
#2110 = CARTESIAN_POINT ( 'NONE',  ( 67.99999999999990052, -50.99999999999987210, 5.000000000000000000 ) ) ;
#2111 = EDGE_LOOP ( 'NONE', ( #10269, #9449, #2310, #2563 ) ) ;
#2112 = DIRECTION ( 'NONE',  ( 0.000000000000000000, 1.000000000000000000, -0.000000000000000000 ) ) ;
#2113 = FACE_OUTER_BOUND ( 'NONE', #2940, .T. ) ;
#2114 = EDGE_LOOP ( 'NONE', ( #5589, #9594 ) ) ;
#2115 = VERTEX_POINT ( 'NONE', #9960 ) ;
#2116 = EDGE_CURVE ( 'NONE', #7456, #10792, #548, .T. ) ;
#2117 = EDGE_CURVE ( 'NONE', #6713, #2565, #2457, .T. ) ;
#2118 = VERTEX_POINT ( 'NONE', #1410 ) ;
#2119 = CARTESIAN_POINT ( 'NONE',  ( 3.122502256758255925E-15, 15.00000000000001954, 5.000000000000000000 ) ) ;
#2120 = EDGE_CURVE ( 'NONE', #4101, #1412, #8717, .T. ) ;
#2121 = ORIENTED_EDGE ( 'NONE', *, *, #4579, .F. ) ;
#2122 = FACE_BOUND ( 'NONE', #8625, .T. ) ;
#2123 = CARTESIAN_POINT ( 'NONE',  ( 52.99999999999979394, 3.747002708109903324E-13, 0.000000000000000000 ) ) ;
#2124 = CARTESIAN_POINT ( 'NONE',  ( 84.99999999999960210, 17.00000000000072120, 0.000000000000000000 ) ) ;
#2125 = CARTESIAN_POINT ( 'NONE',  ( -32.00000000000009948, 68.00000000000025580, 5.000000000000000000 ) ) ;
#2126 = CARTESIAN_POINT ( 'NONE',  ( 79.02499999999996305, 94.02500000000000568, 5.000000000000000000 ) ) ;
#2127 = VERTEX_POINT ( 'NONE', #1535 ) ;
#2128 = ORIENTED_EDGE ( 'NONE', *, *, #7772, .T. ) ;
#2129 = CARTESIAN_POINT ( 'NONE',  ( 75.97499999999996589, 94.02500000000000568, 5.000000000000000000 ) ) ;
#2130 = ORIENTED_EDGE ( 'NONE', *, *, #8330, .T. ) ;
#2131 = VERTEX_POINT ( 'NONE', #7988 ) ;
#2132 = DIRECTION ( 'NONE',  ( 1.000000000000000000, -2.081668171172167774E-16, 0.000000000000000000 ) ) ;
#2133 = ADVANCED_FACE ( 'NONE', ( #7126 ), #2279, .F. ) ;
#2134 = VERTEX_POINT ( 'NONE', #8559 ) ;
#2135 = DIRECTION ( 'NONE',  ( 0.000000000000000000, 0.000000000000000000, 1.000000000000000000 ) ) ;
#2136 = DIRECTION ( 'NONE',  ( 0.000000000000000000, 0.000000000000000000, 1.000000000000000000 ) ) ;
#2137 = CARTESIAN_POINT ( 'NONE',  ( 84.99999999999960210, 17.00000000000072120, 5.000000000000000000 ) ) ;
#2138 = CARTESIAN_POINT ( 'NONE',  ( -14.99999999999987566, -17.00000000000022382, 5.000000000000000000 ) ) ;
#2139 = EDGE_LOOP ( 'NONE', ( #8553, #12168 ) ) ;
#2140 = CARTESIAN_POINT ( 'NONE',  ( 14.99999999999963762, 85.00000000000073896, 0.000000000000000000 ) ) ;
#2141 = AXIS2_PLACEMENT_3D ( 'NONE', #2209, #10692, #2276 ) ;
#2142 = EDGE_LOOP ( 'NONE', ( #12075, #6036 ) ) ;
#2143 = ORIENTED_EDGE ( 'NONE', *, *, #9824, .F. ) ;
#2144 = ADVANCED_FACE ( 'NONE', ( #362 ), #135, .F. ) ;
#2145 = VECTOR ( 'NONE', #10184, 1000.000000000000000 ) ;
#2146 = CARTESIAN_POINT ( 'NONE',  ( -29.99999999999880984, -100.0000000000000142, 5.000000000000000000 ) ) ;
#2148 = AXIS2_PLACEMENT_3D ( 'NONE', #10375, #8456, #5761 ) ;
#2147 = CARTESIAN_POINT ( 'NONE',  ( -33.99999999999980815, -17.00000000000034817, 0.000000000000000000 ) ) ;
#2149 = DIRECTION ( 'NONE',  ( -0.000000000000000000, -0.000000000000000000, 1.000000000000000000 ) ) ;
#2150 = VERTEX_POINT ( 'NONE', #5096 ) ;
#2151 = DIRECTION ( 'NONE',  ( -0.000000000000000000, -0.000000000000000000, 1.000000000000000000 ) ) ;
#2152 = LINE ( 'NONE', #9466, #643 ) ;
#2153 = ORIENTED_EDGE ( 'NONE', *, *, #3460, .T. ) ;
#2154 = DIRECTION ( 'NONE',  ( -0.000000000000000000, 0.000000000000000000, -1.000000000000000000 ) ) ;
#2155 = CARTESIAN_POINT ( 'NONE',  ( 35.99999999999986500, 2.498001805406602216E-13, 5.000000000000000000 ) ) ;
#2156 = CIRCLE ( 'NONE', #5481, 2.000000000000000888 ) ;
#2157 = AXIS2_PLACEMENT_3D ( 'NONE', #3403, #7159, #1553 ) ;
#2158 = DIRECTION ( 'NONE',  ( 1.000000000000000000, 0.000000000000000000, 0.000000000000000000 ) ) ;
#2159 = EDGE_CURVE ( 'NONE', #12025, #263, #6557, .T. ) ;
#2160 = ORIENTED_EDGE ( 'NONE', *, *, #7056, .F. ) ;
#2161 = ORIENTED_EDGE ( 'NONE', *, *, #9555, .T. ) ;
#2162 = DIRECTION ( 'NONE',  ( 1.000000000000000000, 0.000000000000000000, 0.000000000000000000 ) ) ;
#2163 = DIRECTION ( 'NONE',  ( 1.000000000000000000, 0.000000000000000000, 0.000000000000000000 ) ) ;
#2164 = FACE_OUTER_BOUND ( 'NONE', #11742, .T. ) ;
#2165 = CARTESIAN_POINT ( 'NONE',  ( 94.02499999999986358, -79.02499999999996305, 5.000000000000000000 ) ) ;
#2166 = VERTEX_POINT ( 'NONE', #6878 ) ;
#2167 = CARTESIAN_POINT ( 'NONE',  ( -3.595712070532930372E-13, -79.02500000000038938, 5.000000000000000000 ) ) ;
#2168 = DIRECTION ( 'NONE',  ( -0.000000000000000000, -0.000000000000000000, 1.000000000000000000 ) ) ;
#2169 = ORIENTED_EDGE ( 'NONE', *, *, #9782, .F. ) ;
#2170 = ORIENTED_EDGE ( 'NONE', *, *, #2159, .F. ) ;
#2171 = EDGE_CURVE ( 'NONE', #1068, #1487, #1293, .T. ) ;
#2172 = VECTOR ( 'NONE', #2471, 1000.000000000000000 ) ;
#2173 = ORIENTED_EDGE ( 'NONE', *, *, #286, .F. ) ;
#2174 = CARTESIAN_POINT ( 'NONE',  ( 53.00000000000003553, -68.00000000000011369, 5.000000000000000000 ) ) ;
#2175 = EDGE_LOOP ( 'NONE', ( #7633, #7773, #766, #11099 ) ) ;
#2176 = FACE_BOUND ( 'NONE', #5299, .T. ) ;
#2177 = ADVANCED_FACE ( 'NONE', ( #2211 ), #5967, .F. ) ;
#2178 = DIRECTION ( 'NONE',  ( -1.000000000000000000, 0.000000000000000000, 0.000000000000000000 ) ) ;
#2179 = DIRECTION ( 'NONE',  ( 0.000000000000000000, 0.000000000000000000, 1.000000000000000000 ) ) ;
#2180 = EDGE_CURVE ( 'NONE', #3120, #10556, #420, .T. ) ;
#2181 = ADVANCED_FACE ( 'NONE', ( #7862 ), #11618, .F. ) ;
#2182 =( NAMED_UNIT ( * ) SI_UNIT ( $, .STERADIAN. ) SOLID_ANGLE_UNIT ( ) );
#2183 = DIRECTION ( 'NONE',  ( -0.000000000000000000, -0.000000000000000000, 1.000000000000000000 ) ) ;
#2184 = LINE ( 'NONE', #6979, #7691 ) ;
#2185 = AXIS2_PLACEMENT_3D ( 'NONE', #2034, #5783, #4855 ) ;
#2186 = ORIENTED_EDGE ( 'NONE', *, *, #6271, .F. ) ;
#2187 = EDGE_LOOP ( 'NONE', ( #9249, #2584, #2288, #8531 ) ) ;
#2188 = DIRECTION ( 'NONE',  ( 1.000000000000000000, 0.000000000000000000, 0.000000000000000000 ) ) ;
#2189 = ORIENTED_EDGE ( 'NONE', *, *, #3397, .T. ) ;
#2190 = AXIS2_PLACEMENT_3D ( 'NONE', #3842, #7468, #3045 ) ;
#2191 = ORIENTED_EDGE ( 'NONE', *, *, #1438, .T. ) ;
#2192 = CARTESIAN_POINT ( 'NONE',  ( -99.99999999999994316, -85.00000000000001421, 5.000000000000000000 ) ) ;
#2193 = ORIENTED_EDGE ( 'NONE', *, *, #1210, .T. ) ;
#2194 = DIRECTION ( 'NONE',  ( -0.000000000000000000, -0.000000000000000000, 1.000000000000000000 ) ) ;
#2195 = DIRECTION ( 'NONE',  ( 0.000000000000000000, 0.000000000000000000, 1.000000000000000000 ) ) ;
#2196 = DIRECTION ( 'NONE',  ( 1.000000000000000000, 0.000000000000000000, 0.000000000000000000 ) ) ;
#2197 = FACE_OUTER_BOUND ( 'NONE', #3474, .T. ) ;
#2198 = ORIENTED_EDGE ( 'NONE', *, *, #6690, .F. ) ;
#2199 = LINE ( 'NONE', #7615, #4747 ) ;
#2200 = CARTESIAN_POINT ( 'NONE',  ( -32.00000000000004263, 51.00000000000012790, 0.000000000000000000 ) ) ;
#2201 = CIRCLE ( 'NONE', #2983, 2.000000000000001776 ) ;
#2202 = CIRCLE ( 'NONE', #5343, 2.000000000000000000 ) ;
#2203 = EDGE_CURVE ( 'NONE', #11473, #9978, #7928, .T. ) ;
#2204 = ORIENTED_EDGE ( 'NONE', *, *, #11414, .F. ) ;
#2205 = EDGE_LOOP ( 'NONE', ( #1874, #8112, #2639, #8406 ) ) ;
#2206 = AXIS2_PLACEMENT_3D ( 'NONE', #10339, #2951, #4730 ) ;
#2207 = AXIS2_PLACEMENT_3D ( 'NONE', #4268, #8079, #4087 ) ;
#2208 = DIRECTION ( 'NONE',  ( 0.000000000000000000, 0.000000000000000000, -1.000000000000000000 ) ) ;
#2209 = CARTESIAN_POINT ( 'NONE',  ( -84.99999999999953104, -34.00000000000082423, 5.000000000000000000 ) ) ;
#2210 = DIRECTION ( 'NONE',  ( 1.000000000000000000, 0.000000000000000000, 0.000000000000000000 ) ) ;
#2211 = FACE_OUTER_BOUND ( 'NONE', #5336, .T. ) ;
#2212 = VERTEX_POINT ( 'NONE', #6322 ) ;
#2213 = CIRCLE ( 'NONE', #8685, 2.000000000000001776 ) ;
#2214 = DIRECTION ( 'NONE',  ( 1.000000000000000000, 0.000000000000000000, 0.000000000000000000 ) ) ;
#2215 = ORIENTED_EDGE ( 'NONE', *, *, #7138, .T. ) ;
#2216 = CARTESIAN_POINT ( 'NONE',  ( 68.00000000000001421, -85.00000000000011369, 0.000000000000000000 ) ) ;
#2217 = CARTESIAN_POINT ( 'NONE',  ( 84.99999999999941735, 68.00000000000109424, 5.000000000000000000 ) ) ;
#2218 = AXIS2_PLACEMENT_3D ( 'NONE', #7421, #2742, #6494 ) ;
#2219 = ADVANCED_FACE ( 'NONE', ( #4346 ), #4410, .F. ) ;
#2220 = AXIS2_PLACEMENT_3D ( 'NONE', #8221, #6393, #1483 ) ;
#2221 = CIRCLE ( 'NONE', #3780, 2.000000000000001776 ) ;
#2222 = DIRECTION ( 'NONE',  ( 0.000000000000000000, 0.000000000000000000, 1.000000000000000000 ) ) ;
#2223 = CIRCLE ( 'NONE', #9890, 15.00000000000000000 ) ;
#2224 = ORIENTED_EDGE ( 'NONE', *, *, #2027, .F. ) ;
#2225 = EDGE_LOOP ( 'NONE', ( #10029, #1199, #9394, #3094 ) ) ;
#2226 = CARTESIAN_POINT ( 'NONE',  ( -69.99999999999974420, -4.577220682980475521E-13, 5.000000000000000000 ) ) ;
#2227 = AXIS2_PLACEMENT_3D ( 'NONE', #8201, #7109, #708 ) ;
#2228 = CARTESIAN_POINT ( 'NONE',  ( -31.99999999999986144, -2.220446049250313081E-13, 5.000000000000000000 ) ) ;
#2229 = ORIENTED_EDGE ( 'NONE', *, *, #396, .T. ) ;
#2230 = CIRCLE ( 'NONE', #8503, 2.000000000000001776 ) ;
#2231 = CARTESIAN_POINT ( 'NONE',  ( -18.99999999999982236, -34.00000000000034817, 0.000000000000000000 ) ) ;
#2232 = FACE_OUTER_BOUND ( 'NONE', #5305, .T. ) ;
#2233 = EDGE_LOOP ( 'NONE', ( #3292, #8302 ) ) ;
#2234 = DIRECTION ( 'NONE',  ( 1.000000000000000000, 0.000000000000000000, 0.000000000000000000 ) ) ;
#2235 = DIRECTION ( 'NONE',  ( -0.000000000000000000, -0.000000000000000000, 1.000000000000000000 ) ) ;
#2236 = EDGE_LOOP ( 'NONE', ( #6328, #2618, #9119, #7274 ) ) ;
#2237 = VECTOR ( 'NONE', #5973, 1000.000000000000000 ) ;
#2238 = ORIENTED_EDGE ( 'NONE', *, *, #2744, .F. ) ;
#2239 = DIRECTION ( 'NONE',  ( -0.000000000000000000, -0.000000000000000000, 1.000000000000000000 ) ) ;
#2240 = ORIENTED_EDGE ( 'NONE', *, *, #2621, .T. ) ;
#2241 = CARTESIAN_POINT ( 'NONE',  ( -94.02499999999986358, 79.02499999999996305, 5.000000000000000000 ) ) ;
#2242 = CARTESIAN_POINT ( 'NONE',  ( -50.99999999999967315, -34.00000000000058265, 5.000000000000000000 ) ) ;
#2243 = CYLINDRICAL_SURFACE ( 'NONE', #11189, 2.000000000000001776 ) ;
#2244 = ADVANCED_FACE ( 'NONE', ( #8277 ), #842, .F. ) ;
#2245 = VECTOR ( 'NONE', #10217, 1000.000000000000000 ) ;
#2246 = EDGE_CURVE ( 'NONE', #287, #8212, #3545, .T. ) ;
#2247 = FACE_BOUND ( 'NONE', #5262, .T. ) ;
#2248 = FACE_OUTER_BOUND ( 'NONE', #6829, .T. ) ;
#2249 = DIRECTION ( 'NONE',  ( 1.000000000000000000, 0.000000000000000000, 0.000000000000000000 ) ) ;
#2250 = VERTEX_POINT ( 'NONE', #9194 ) ;
#2251 = AXIS2_PLACEMENT_3D ( 'NONE', #3171, #6859, #4893 ) ;
#2252 = ORIENTED_EDGE ( 'NONE', *, *, #468, .F. ) ;
#2253 = LINE ( 'NONE', #2312, #9068 ) ;
#2254 = ADVANCED_FACE ( 'NONE', ( #2632 ), #665, .F. ) ;
#2255 = ORIENTED_EDGE ( 'NONE', *, *, #6690, .T. ) ;
#2256 = AXIS2_PLACEMENT_3D ( 'NONE', #8423, #1976, #3746 ) ;
#2257 = EDGE_CURVE ( 'NONE', #4411, #10801, #7191, .T. ) ;
#2258 = ORIENTED_EDGE ( 'NONE', *, *, #8155, .T. ) ;
#2259 = AXIS2_PLACEMENT_3D ( 'NONE', #1394, #407, #10619 ) ;
#2260 = CYLINDRICAL_SURFACE ( 'NONE', #10294, 2.000000000000001776 ) ;
#2261 = ORIENTED_EDGE ( 'NONE', *, *, #798, .F. ) ;
#2262 = DIRECTION ( 'NONE',  ( 0.000000000000000000, 0.000000000000000000, -1.000000000000000000 ) ) ;
#2263 = CARTESIAN_POINT ( 'NONE',  ( -30.00000000000039790, 115.0000000000000142, 5.000000000000000000 ) ) ;
#2264 = DIRECTION ( 'NONE',  ( 1.000000000000000000, 0.000000000000000000, 0.000000000000000000 ) ) ;
#2265 = ADVANCED_FACE ( 'NONE', ( #10135 ), #9022, .F. ) ;
#2266 = LINE ( 'NONE', #11738, #9625 ) ;
#2267 = VERTEX_POINT ( 'NONE', #10252 ) ;
#2268 = DIRECTION ( 'NONE',  ( 1.000000000000000000, 0.000000000000000000, 0.000000000000000000 ) ) ;
#2269 = CIRCLE ( 'NONE', #7764, 2.000000000000001776 ) ;
#2270 = VECTOR ( 'NONE', #11079, 1000.000000000000000 ) ;
#2271 = EDGE_LOOP ( 'NONE', ( #1531, #966, #1001, #8328 ) ) ;
#2272 = EDGE_CURVE ( 'NONE', #10573, #9578, #9507, .T. ) ;
#2273 = ORIENTED_EDGE ( 'NONE', *, *, #8155, .F. ) ;
#2274 = CIRCLE ( 'NONE', #10130, 2.000000000000001776 ) ;
#2275 = DIRECTION ( 'NONE',  ( 1.000000000000000000, 0.000000000000000000, 0.000000000000000000 ) ) ;
#2276 = DIRECTION ( 'NONE',  ( 1.000000000000000000, 0.000000000000000000, 0.000000000000000000 ) ) ;
#2277 = EDGE_CURVE ( 'NONE', #6194, #10180, #5340, .T. ) ;
#2278 = DIRECTION ( 'NONE',  ( -0.000000000000000000, -0.000000000000000000, -1.000000000000000000 ) ) ;
#2279 = PLANE ( 'NONE',  #2056 ) ;
#2280 = ORIENTED_EDGE ( 'NONE', *, *, #1746, .T. ) ;
#2281 = FACE_OUTER_BOUND ( 'NONE', #7557, .T. ) ;
#2282 = VERTEX_POINT ( 'NONE', #782 ) ;
#2283 = DIRECTION ( 'NONE',  ( -1.000000000000000000, 0.000000000000000000, 0.000000000000000000 ) ) ;
#2284 = CARTESIAN_POINT ( 'NONE',  ( 99.99999999999994316, 85.00000000000001421, 0.000000000000000000 ) ) ;
#2285 = VECTOR ( 'NONE', #11800, 1000.000000000000000 ) ;
#2286 = DIRECTION ( 'NONE',  ( -0.000000000000000000, 0.000000000000000000, 1.000000000000000000 ) ) ;
#2287 = ORIENTED_EDGE ( 'NONE', *, *, #1205, .F. ) ;
#2288 = ORIENTED_EDGE ( 'NONE', *, *, #11726, .T. ) ;
#2289 = CARTESIAN_POINT ( 'NONE',  ( 19.00000000000017053, -68.00000000000035527, 5.000000000000000000 ) ) ;
#2290 = DIRECTION ( 'NONE',  ( -1.000000000000000000, 0.000000000000000000, 0.000000000000000000 ) ) ;
#2291 = EDGE_CURVE ( 'NONE', #358, #2694, #2575, .T. ) ;
#2292 = CARTESIAN_POINT ( 'NONE',  ( 34.00000000000015632, -85.00000000000035527, 0.000000000000000000 ) ) ;
#2293 = CIRCLE ( 'NONE', #11916, 2.000000000000001776 ) ;
#2294 = EDGE_LOOP ( 'NONE', ( #9016, #1698 ) ) ;
#2295 = CARTESIAN_POINT ( 'NONE',  ( 2.000000000000000000, 0.000000000000000000, 0.000000000000000000 ) ) ;
#2296 = DIRECTION ( 'NONE',  ( -0.000000000000000000, -0.000000000000000000, 1.000000000000000000 ) ) ;
#2297 = VERTEX_POINT ( 'NONE', #9254 ) ;
#2298 = LINE ( 'NONE', #8618, #11462 ) ;
#2299 = DIRECTION ( 'NONE',  ( -3.283314521725916504E-15, 1.000000000000000000, 0.000000000000000000 ) ) ;
#2300 = EDGE_LOOP ( 'NONE', ( #11660, #7969 ) ) ;
#2301 = AXIS2_PLACEMENT_3D ( 'NONE', #9208, #6453, #4604 ) ;
#2302 = VERTEX_POINT ( 'NONE', #2746 ) ;
#2303 = DIRECTION ( 'NONE',  ( 1.000000000000000000, -2.081668171172167774E-16, 0.000000000000000000 ) ) ;
#2304 = LINE ( 'NONE', #4078, #1661 ) ;
#2305 = PLANE ( 'NONE',  #8314 ) ;
#2306 = CARTESIAN_POINT ( 'NONE',  ( -52.99999999999972999, -17.00000000000045830, 5.000000000000000000 ) ) ;
#2307 = FACE_BOUND ( 'NONE', #8986, .T. ) ;
#2308 = DIRECTION ( 'NONE',  ( -0.000000000000000000, -0.000000000000000000, 1.000000000000000000 ) ) ;
#2309 = CARTESIAN_POINT ( 'NONE',  ( -79.02499999999996305, -90.97500000000000853, 5.000000000000000000 ) ) ;
#2310 = ORIENTED_EDGE ( 'NONE', *, *, #11410, .T. ) ;
#2311 = ORIENTED_EDGE ( 'NONE', *, *, #8037, .T. ) ;
#2312 = CARTESIAN_POINT ( 'NONE',  ( -82.99999999999972999, 16.99999999999953104, 0.000000000000000000 ) ) ;
#2313 = ORIENTED_EDGE ( 'NONE', *, *, #11867, .F. ) ;
#2314 = ADVANCED_FACE ( 'NONE', ( #4465 ), #9078, .F. ) ;
#2315 = EDGE_LOOP ( 'NONE', ( #735, #11525, #2191, #49 ) ) ;
#2316 = DIRECTION ( 'NONE',  ( 1.000000000000000000, 0.000000000000000000, 0.000000000000000000 ) ) ;
#2317 = ORIENTED_EDGE ( 'NONE', *, *, #6901, .T. ) ;
#2318 = DIRECTION ( 'NONE',  ( -1.000000000000000000, 0.000000000000000000, 0.000000000000000000 ) ) ;
#2319 = DIRECTION ( 'NONE',  ( 1.000000000000000000, 0.000000000000000000, 0.000000000000000000 ) ) ;
#2320 = CARTESIAN_POINT ( 'NONE',  ( -16.99999999999987566, -17.00000000000022382, 0.000000000000000000 ) ) ;
#2321 = PLANE ( 'NONE',  #2953 ) ;
#2322 = ORIENTED_EDGE ( 'NONE', *, *, #4563, .T. ) ;
#2323 = DIRECTION ( 'NONE',  ( 0.000000000000000000, 0.000000000000000000, 1.000000000000000000 ) ) ;
#2324 = EDGE_CURVE ( 'NONE', #9944, #5034, #6438, .T. ) ;
#2325 = VERTEX_POINT ( 'NONE', #10187 ) ;
#2326 = ADVANCED_FACE ( 'NONE', ( #605 ), #1763, .F. ) ;
#2327 = ORIENTED_EDGE ( 'NONE', *, *, #2999, .T. ) ;
#2328 = CARTESIAN_POINT ( 'NONE',  ( -5.164363622273674387E-13, 150.0000000000000000, 0.000000000000000000 ) ) ;
#2329 = DIRECTION ( 'NONE',  ( 1.000000000000000000, 0.000000000000000000, 0.000000000000000000 ) ) ;
#2330 = DIRECTION ( 'NONE',  ( 0.000000000000000000, 0.000000000000000000, 1.000000000000000000 ) ) ;
#2332 = EDGE_CURVE ( 'NONE', #7025, #6889, #1203, .T. ) ;
#2331 = DIRECTION ( 'NONE',  ( 0.000000000000000000, 0.000000000000000000, 1.000000000000000000 ) ) ;
#2333 = VECTOR ( 'NONE', #8542, 1000.000000000000000 ) ;
#2334 = VERTEX_POINT ( 'NONE', #9140 ) ;
#2335 = DIRECTION ( 'NONE',  ( 0.000000000000000000, 0.000000000000000000, 1.000000000000000000 ) ) ;
#2336 = EDGE_LOOP ( 'NONE', ( #1918, #9870, #8765, #8250 ) ) ;
#2337 = ADVANCED_FACE ( 'NONE', ( #7424 ), #11166, .F. ) ;
#2338 = LINE ( 'NONE', #3377, #11474 ) ;
#2339 = EDGE_CURVE ( 'NONE', #4282, #8255, #5914, .T. ) ;
#2340 = DIRECTION ( 'NONE',  ( 0.000000000000000000, 0.000000000000000000, 1.000000000000000000 ) ) ;
#2341 = CARTESIAN_POINT ( 'NONE',  ( -84.99999999999972999, 16.99999999999953104, 0.000000000000000000 ) ) ;
#2342 = EDGE_LOOP ( 'NONE', ( #10052, #8048, #2130, #8224 ) ) ;
#2343 = ORIENTED_EDGE ( 'NONE', *, *, #527, .T. ) ;
#2344 = DIRECTION ( 'NONE',  ( -0.000000000000000000, -0.000000000000000000, 1.000000000000000000 ) ) ;
#2345 = DIRECTION ( 'NONE',  ( -0.000000000000000000, 0.000000000000000000, -1.000000000000000000 ) ) ;
#2346 = CARTESIAN_POINT ( 'NONE',  ( 67.99999999999978684, -16.99999999999964118, 5.000000000000000000 ) ) ;
#2347 = VERTEX_POINT ( 'NONE', #7613 ) ;
#2348 = DIRECTION ( 'NONE',  ( -0.000000000000000000, -0.000000000000000000, 1.000000000000000000 ) ) ;
#2349 = FACE_OUTER_BOUND ( 'NONE', #4778, .T. ) ;
#2350 = EDGE_LOOP ( 'NONE', ( #8001, #10020, #10328, #5837 ) ) ;
#2351 = DIRECTION ( 'NONE',  ( 1.000000000000000000, 0.000000000000000000, 0.000000000000000000 ) ) ;
#2352 = DIRECTION ( 'NONE',  ( -0.000000000000000000, -0.000000000000000000, 1.000000000000000000 ) ) ;
#2353 = AXIS2_PLACEMENT_3D ( 'NONE', #4396, #4451, #8323 ) ;
#2354 = EDGE_LOOP ( 'NONE', ( #1125, #8962 ) ) ;
#2355 = VECTOR ( 'NONE', #10182, 1000.000000000000000 ) ;
#2356 = EDGE_CURVE ( 'NONE', #5170, #6347, #644, .T. ) ;
#2357 = ORIENTED_EDGE ( 'NONE', *, *, #11202, .F. ) ;
#2358 = AXIS2_PLACEMENT_3D ( 'NONE', #9798, #11649, #1190 ) ;
#2359 = CARTESIAN_POINT ( 'NONE',  ( -86.99999999999967315, -5.826221585683776629E-13, 5.000000000000000000 ) ) ;
#2360 = CARTESIAN_POINT ( 'NONE',  ( -48.99999999999997158, 51.00000000000001421, 5.000000000000000000 ) ) ;
#2361 = CARTESIAN_POINT ( 'NONE',  ( -86.99999999999938893, -85.00000000000117950, 5.000000000000000000 ) ) ;
#2362 = LINE ( 'NONE', #6115, #3143 ) ;
#2363 = FACE_BOUND ( 'NONE', #12088, .T. ) ;
#2364 = DIRECTION ( 'NONE',  ( 1.000000000000000000, 0.000000000000000000, 0.000000000000000000 ) ) ;
#2365 = CARTESIAN_POINT ( 'NONE',  ( -14.99999999999880629, -114.9999999999998721, 5.000000000000000000 ) ) ;
#2366 = ORIENTED_EDGE ( 'NONE', *, *, #1707, .T. ) ;
#2367 = ORIENTED_EDGE ( 'NONE', *, *, #1159, .T. ) ;
#2368 = DIRECTION ( 'NONE',  ( 1.000000000000000000, 0.000000000000000000, 0.000000000000000000 ) ) ;
#2369 = EDGE_CURVE ( 'NONE', #9766, #6361, #10508, .T. ) ;
#2370 = EDGE_LOOP ( 'NONE', ( #1699, #8515 ) ) ;
#2371 = ORIENTED_EDGE ( 'NONE', *, *, #1284, .T. ) ;
#2372 = LINE ( 'NONE', #10281, #2636 ) ;
#2373 = VERTEX_POINT ( 'NONE', #2013 ) ;
#2374 = FACE_BOUND ( 'NONE', #5502, .T. ) ;
#2375 = VECTOR ( 'NONE', #6401, 1000.000000000000000 ) ;
#2376 = CARTESIAN_POINT ( 'NONE',  ( 65.99999999999988631, -50.99999999999987210, 0.000000000000000000 ) ) ;
#2377 = CARTESIAN_POINT ( 'NONE',  ( -0.000000000000000000, 100.0000000000000142, 0.000000000000000000 ) ) ;
#2378 = DIRECTION ( 'NONE',  ( 1.000000000000000000, 0.000000000000000000, 0.000000000000000000 ) ) ;
#2379 = DIRECTION ( 'NONE',  ( 0.000000000000000000, 1.000000000000000000, -0.000000000000000000 ) ) ;
#2380 = VERTEX_POINT ( 'NONE', #11361 ) ;
#2381 = FACE_OUTER_BOUND ( 'NONE', #1664, .T. ) ;
#2382 = ADVANCED_FACE ( 'NONE', ( #228 ), #905, .F. ) ;
#2383 = CIRCLE ( 'NONE', #1198, 2.000000000000001776 ) ;
#2384 = VERTEX_POINT ( 'NONE', #166 ) ;
#2385 = VERTEX_POINT ( 'NONE', #3972 ) ;
#2386 = LINE ( 'NONE', #2146, #7570 ) ;
#2387 = LINE ( 'NONE', #4105, #10773 ) ;
#2388 = CYLINDRICAL_SURFACE ( 'NONE', #9543, 2.000000000000001776 ) ;
#2389 = DIRECTION ( 'NONE',  ( -0.000000000000000000, -0.000000000000000000, 1.000000000000000000 ) ) ;
#2390 = VECTOR ( 'NONE', #9561, 1000.000000000000000 ) ;
#2391 = ORIENTED_EDGE ( 'NONE', *, *, #317, .T. ) ;
#2392 = VECTOR ( 'NONE', #3305, 1000.000000000000000 ) ;
#2393 = EDGE_CURVE ( 'NONE', #11473, #6443, #2932, .T. ) ;
#2394 = CARTESIAN_POINT ( 'NONE',  ( 33.99999999999986500, 2.498001805406602216E-13, 0.000000000000000000 ) ) ;
#2395 = LINE ( 'NONE', #11806, #288 ) ;
#2396 = DIRECTION ( 'NONE',  ( 1.000000000000000000, 0.000000000000000000, 0.000000000000000000 ) ) ;
#2397 = EDGE_LOOP ( 'NONE', ( #660, #1149, #11159, #5953 ) ) ;
#2398 = EDGE_CURVE ( 'NONE', #3336, #2752, #4562, .T. ) ;
#2399 = AXIS2_PLACEMENT_3D ( 'NONE', #5189, #1369, #7884 ) ;
#2400 = EDGE_LOOP ( 'NONE', ( #1596, #9023, #9986, #1479 ) ) ;
#2401 = AXIS2_PLACEMENT_3D ( 'NONE', #9565, #7658, #4948 ) ;
#2402 = ADVANCED_FACE ( 'NONE', ( #4898 ), #11233, .T. ) ;
#2403 = CARTESIAN_POINT ( 'NONE',  ( -67.99999999999954525, -51.00000000000082423, 0.000000000000000000 ) ) ;
#2404 = EDGE_CURVE ( 'NONE', #2438, #5576, #10380, .T. ) ;
#2405 = DIRECTION ( 'NONE',  ( 0.000000000000000000, 1.000000000000000000, -0.000000000000000000 ) ) ;
#2406 = VECTOR ( 'NONE', #9009, 1000.000000000000000 ) ;
#2407 = FACE_OUTER_BOUND ( 'NONE', #3580, .T. ) ;
#2408 = ORIENTED_EDGE ( 'NONE', *, *, #6407, .T. ) ;
#2409 = DIRECTION ( 'NONE',  ( 1.000000000000000000, 0.000000000000000000, 0.000000000000000000 ) ) ;
#2410 = ADVANCED_FACE ( 'NONE', ( #2082 ), #8593, .F. ) ;
#2411 = CYLINDRICAL_SURFACE ( 'NONE', #4248, 2.000000000000001776 ) ;
#2412 = VECTOR ( 'NONE', #6744, 1000.000000000000000 ) ;
#2413 = ORIENTED_EDGE ( 'NONE', *, *, #8376, .F. ) ;
#2414 = DIRECTION ( 'NONE',  ( 1.000000000000000000, 0.000000000000000000, 0.000000000000000000 ) ) ;
#2415 = FACE_OUTER_BOUND ( 'NONE', #8004, .T. ) ;
#2416 = AXIS2_PLACEMENT_3D ( 'NONE', #7947, #3279, #10898 ) ;
#2417 = EDGE_LOOP ( 'NONE', ( #7413, #7198, #1225, #3081 ) ) ;
#2418 = AXIS2_PLACEMENT_3D ( 'NONE', #100, #1086, #3048 ) ;
#2419 = ADVANCED_FACE ( 'NONE', ( #1097 ), #3912, .F. ) ;
#2420 = CIRCLE ( 'NONE', #2220, 2.000000000000001776 ) ;
#2421 = EDGE_LOOP ( 'NONE', ( #4446, #627, #8784, #8284 ) ) ;
#2422 = CIRCLE ( 'NONE', #4176, 15.00000000000000000 ) ;
#2423 = CIRCLE ( 'NONE', #8269, 2.000000000000001776 ) ;
#2424 = CARTESIAN_POINT ( 'NONE',  ( -67.99999999999980105, 16.99999999999965539, 5.000000000000000000 ) ) ;
#2425 = CARTESIAN_POINT ( 'NONE',  ( 82.99999999999954525, 34.00000000000083844, 0.000000000000000000 ) ) ;
#2426 = DIRECTION ( 'NONE',  ( 0.000000000000000000, 0.000000000000000000, 1.000000000000000000 ) ) ;
#2427 = CARTESIAN_POINT ( 'NONE',  ( -50.99999999999980815, -3.330669073875469621E-13, 5.000000000000000000 ) ) ;
#2428 = FACE_BOUND ( 'NONE', #290, .T. ) ;
#2429 = EDGE_CURVE ( 'NONE', #12025, #8832, #1023, .T. ) ;
#2430 = CARTESIAN_POINT ( 'NONE',  ( -18.99999999999992895, -9.689958529487172699E-14, 0.000000000000000000 ) ) ;
#2431 = DIRECTION ( 'NONE',  ( -0.000000000000000000, -0.000000000000000000, -1.000000000000000000 ) ) ;
#2432 = ORIENTED_EDGE ( 'NONE', *, *, #11875, .T. ) ;
#2433 = VERTEX_POINT ( 'NONE', #8530 ) ;
#2434 = CYLINDRICAL_SURFACE ( 'NONE', #2207, 2.000000000000001776 ) ;
#2435 = CIRCLE ( 'NONE', #3982, 2.000000000000001776 ) ;
#2436 = AXIS2_PLACEMENT_3D ( 'NONE', #461, #5874, #10783 ) ;
#2437 = CIRCLE ( 'NONE', #10674, 2.000000000000001776 ) ;
#2438 = VERTEX_POINT ( 'NONE', #4709 ) ;
#2439 = EDGE_LOOP ( 'NONE', ( #8139, #2988 ) ) ;
#2440 = AXIS2_PLACEMENT_3D ( 'NONE', #3042, #6791, #8808 ) ;
#2441 = VERTEX_POINT ( 'NONE', #112 ) ;
#2442 = FACE_BOUND ( 'NONE', #10127, .T. ) ;
#2443 = CIRCLE ( 'NONE', #3420, 2.000000000000000888 ) ;
#2444 = DIRECTION ( 'NONE',  ( -0.000000000000000000, -0.000000000000000000, 1.000000000000000000 ) ) ;
#2445 = DIRECTION ( 'NONE',  ( 1.000000000000000000, 0.000000000000000000, 0.000000000000000000 ) ) ;
#2446 = EDGE_CURVE ( 'NONE', #3785, #4411, #4907, .T. ) ;
#2447 = DIRECTION ( 'NONE',  ( 0.000000000000000000, 0.000000000000000000, 1.000000000000000000 ) ) ;
#2448 = CARTESIAN_POINT ( 'NONE',  ( 65.99999999999978684, -16.99999999999964118, 5.000000000000000000 ) ) ;
#2449 = ORIENTED_EDGE ( 'NONE', *, *, #1991, .T. ) ;
#2450 = CARTESIAN_POINT ( 'NONE',  ( 14.99999999999953992, 135.0000000000000568, 5.000000000000000000 ) ) ;
#2451 = AXIS2_PLACEMENT_3D ( 'NONE', #5536, #3689, #8950 ) ;
#2452 = EDGE_LOOP ( 'NONE', ( #7581, #4791 ) ) ;
#2453 = ORIENTED_EDGE ( 'NONE', *, *, #9764, .F. ) ;
#2454 = FACE_OUTER_BOUND ( 'NONE', #9014, .T. ) ;
#2455 = CARTESIAN_POINT ( 'NONE',  ( 135.0000000000000000, 0.000000000000000000, 5.000000000000000000 ) ) ;
#2456 = FACE_OUTER_BOUND ( 'NONE', #1440, .T. ) ;
#2457 = LINE ( 'NONE', #8904, #83 ) ;
#2458 = ORIENTED_EDGE ( 'NONE', *, *, #8528, .T. ) ;
#2459 = CIRCLE ( 'NONE', #5395, 2.000000000000001776 ) ;
#2460 = CARTESIAN_POINT ( 'NONE',  ( 99.99999999999994316, 29.99999999999999645, 0.000000000000000000 ) ) ;
#2461 = CARTESIAN_POINT ( 'NONE',  ( -36.00000000000009948, 68.00000000000025580, 5.000000000000000000 ) ) ;
#2462 = CARTESIAN_POINT ( 'NONE',  ( 50.99999999999955946, 68.00000000000083844, 0.000000000000000000 ) ) ;
#2463 = EDGE_LOOP ( 'NONE', ( #8040, #9302, #5911, #4577 ) ) ;
#2464 = CIRCLE ( 'NONE', #3443, 2.000000000000000888 ) ;
#2465 = VERTEX_POINT ( 'NONE', #11487 ) ;
#2466 = VECTOR ( 'NONE', #11448, 1000.000000000000000 ) ;
#2467 = EDGE_CURVE ( 'NONE', #1797, #555, #11793, .T. ) ;
#2468 = DIRECTION ( 'NONE',  ( -0.000000000000000000, -0.000000000000000000, 1.000000000000000000 ) ) ;
#2469 = DIRECTION ( 'NONE',  ( -0.000000000000000000, -0.000000000000000000, 1.000000000000000000 ) ) ;
#2470 = VERTEX_POINT ( 'NONE', #1830 ) ;
#2471 = DIRECTION ( 'NONE',  ( 0.000000000000000000, 1.000000000000000000, -0.000000000000000000 ) ) ;
#2472 = CARTESIAN_POINT ( 'NONE',  ( 128.0000000000000000, 0.000000000000000000, 5.000000000000000000 ) ) ;
#2473 = ORIENTED_EDGE ( 'NONE', *, *, #2120, .T. ) ;
#2474 = DIRECTION ( 'NONE',  ( 1.000000000000000000, 0.000000000000000000, 0.000000000000000000 ) ) ;
#2475 = PRODUCT_DEFINITION ( '未知', '', #7146, #9193 ) ;
#2476 = CARTESIAN_POINT ( 'NONE',  ( -33.99999999999968026, -51.00000000000058975, 0.000000000000000000 ) ) ;
#2477 = CIRCLE ( 'NONE', #9338, 2.000000000000000000 ) ;
#2478 = EDGE_CURVE ( 'NONE', #4390, #6828, #10440, .T. ) ;
#2479 = ADVANCED_FACE ( 'NONE', ( #3793 ), #7550, .F. ) ;
#2480 = ORIENTED_EDGE ( 'NONE', *, *, #9456, .F. ) ;
#2481 = CIRCLE ( 'NONE', #5618, 2.000000000000000888 ) ;
#2482 = CYLINDRICAL_SURFACE ( 'NONE', #753, 2.000000000000001776 ) ;
#2483 = CARTESIAN_POINT ( 'NONE',  ( -32.00000000000004263, 51.00000000000012790, 0.000000000000000000 ) ) ;
#2484 = CARTESIAN_POINT ( 'NONE',  ( 0.000000000000000000, -100.0000000000000142, 5.000000000000000000 ) ) ;
#2485 = DIRECTION ( 'NONE',  ( -0.000000000000000000, -0.000000000000000000, 1.000000000000000000 ) ) ;
#2486 = FACE_BOUND ( 'NONE', #10048, .T. ) ;
#2487 = EDGE_CURVE ( 'NONE', #8987, #11681, #10415, .T. ) ;
#2488 = DIRECTION ( 'NONE',  ( 0.000000000000000000, 0.000000000000000000, 1.000000000000000000 ) ) ;
#2489 = CARTESIAN_POINT ( 'NONE',  ( 86.99999999999965894, 6.106226635438360972E-13, 0.000000000000000000 ) ) ;
#2490 = ORIENTED_EDGE ( 'NONE', *, *, #5287, .T. ) ;
#2491 = ORIENTED_EDGE ( 'NONE', *, *, #130, .F. ) ;
#2492 = DIRECTION ( 'NONE',  ( 0.000000000000000000, 0.000000000000000000, 1.000000000000000000 ) ) ;
#2493 = EDGE_CURVE ( 'NONE', #7119, #8485, #5120, .T. ) ;
#2494 = CIRCLE ( 'NONE', #8363, 2.000000000000000888 ) ;
#2495 = VERTEX_POINT ( 'NONE', #2138 ) ;
#2496 = ADVANCED_FACE ( 'NONE', ( #8826 ), #7795, .F. ) ;
#2497 = EDGE_LOOP ( 'NONE', ( #1272, #9088, #1684, #9290 ) ) ;
#2498 = EDGE_LOOP ( 'NONE', ( #4983, #6094, #5119, #2946 ) ) ;
#2499 = FACE_BOUND ( 'NONE', #1696, .T. ) ;
#2500 = VECTOR ( 'NONE', #9344, 1000.000000000000000 ) ;
#2501 = CARTESIAN_POINT ( 'NONE',  ( 19.00000000000011369, -51.00000000000022737, 0.000000000000000000 ) ) ;
#2502 = CARTESIAN_POINT ( 'NONE',  ( 132.0000000000000000, 2.449293598294694581E-16, 5.000000000000000000 ) ) ;
#2503 = CARTESIAN_POINT ( 'NONE',  ( 1.249000902703301108E-13, -34.00000000000022737, 0.000000000000000000 ) ) ;
#2504 = DIRECTION ( 'NONE',  ( 0.000000000000000000, -1.000000000000000000, 0.000000000000000000 ) ) ;
#2505 = ORIENTED_EDGE ( 'NONE', *, *, #10961, .F. ) ;
#2506 = CARTESIAN_POINT ( 'NONE',  ( 51.00000000000008527, -85.00000000000022737, 5.000000000000000000 ) ) ;
#2507 = EDGE_LOOP ( 'NONE', ( #11421, #5320, #5613, #11437 ) ) ;
#2508 = EDGE_CURVE ( 'NONE', #4535, #8883, #2266, .T. ) ;
#2509 = ORIENTED_EDGE ( 'NONE', *, *, #12007, .F. ) ;
#2510 = CARTESIAN_POINT ( 'NONE',  ( -35.99999999999992184, 16.99999999999988987, 5.000000000000000000 ) ) ;
#2511 = CARTESIAN_POINT ( 'NONE',  ( 52.99999999999979394, 3.747002708109903324E-13, 5.000000000000000000 ) ) ;
#2512 = DIRECTION ( 'NONE',  ( -0.000000000000000000, -0.000000000000000000, 1.000000000000000000 ) ) ;
#2513 = DIRECTION ( 'NONE',  ( 1.000000000000000000, 0.000000000000000000, 0.000000000000000000 ) ) ;
#2514 = ORIENTED_EDGE ( 'NONE', *, *, #2859, .T. ) ;
#2515 = CARTESIAN_POINT ( 'NONE',  ( -4.139448346937463700E-13, -90.97500000000037801, 5.000000000000000000 ) ) ;
#2516 = CARTESIAN_POINT ( 'NONE',  ( 15.00000000000016342, -68.00000000000035527, 5.000000000000000000 ) ) ;
#2517 = DIRECTION ( 'NONE',  ( -0.000000000000000000, -0.000000000000000000, 1.000000000000000000 ) ) ;
#2518 = ORIENTED_EDGE ( 'NONE', *, *, #5106, .T. ) ;
#2519 = EDGE_CURVE ( 'NONE', #1364, #8747, #9214, .T. ) ;
#2520 = ORIENTED_EDGE ( 'NONE', *, *, #3979, .T. ) ;
#2521 = DIRECTION ( 'NONE',  ( 1.000000000000000000, 0.000000000000000000, 0.000000000000000000 ) ) ;
#2522 = DIRECTION ( 'NONE',  ( 0.000000000000000000, 0.000000000000000000, 1.000000000000000000 ) ) ;
#2523 = EDGE_LOOP ( 'NONE', ( #10926, #4046, #7051, #1969 ) ) ;
#2524 = FACE_OUTER_BOUND ( 'NONE', #243, .T. ) ;
#2525 = DIRECTION ( 'NONE',  ( 0.000000000000000000, -1.000000000000000000, 0.000000000000000000 ) ) ;
#2526 = VERTEX_POINT ( 'NONE', #11675 ) ;
#2527 = LINE ( 'NONE', #5187, #7923 ) ;
#2528 = DIRECTION ( 'NONE',  ( 0.000000000000000000, 0.000000000000000000, 1.000000000000000000 ) ) ;
#2529 = EDGE_CURVE ( 'NONE', #10801, #7310, #11983, .T. ) ;
#2530 = VECTOR ( 'NONE', #8724, 1000.000000000000000 ) ;
#2531 = ORIENTED_EDGE ( 'NONE', *, *, #8403, .F. ) ;
#2532 = CARTESIAN_POINT ( 'NONE',  ( 48.99999999999973710, 17.00000000000048672, 0.000000000000000000 ) ) ;
#2533 = DIRECTION ( 'NONE',  ( 1.000000000000000000, 0.000000000000000000, 0.000000000000000000 ) ) ;
#2534 = CIRCLE ( 'NONE', #7251, 2.000000000000001776 ) ;
#2535 = DIRECTION ( 'NONE',  ( 1.000000000000000000, 0.000000000000000000, 0.000000000000000000 ) ) ;
#2536 = FACE_OUTER_BOUND ( 'NONE', #2600, .T. ) ;
#2537 = CIRCLE ( 'NONE', #3513, 2.000000000000001776 ) ;
#2538 = FACE_BOUND ( 'NONE', #6420, .T. ) ;
#2539 = DIRECTION ( 'NONE',  ( 1.000000000000000000, 0.000000000000000000, 0.000000000000000000 ) ) ;
#2540 = FILL_AREA_STYLE ('',( #1793 ) ) ;
#2541 = EDGE_LOOP ( 'NONE', ( #6782, #1700, #4187, #9234 ) ) ;
#2542 = EDGE_LOOP ( 'NONE', ( #10838, #6450 ) ) ;
#2543 = CARTESIAN_POINT ( 'NONE',  ( 1.999999999999903855, 34.00000000000021316, 0.000000000000000000 ) ) ;
#2544 = EDGE_CURVE ( 'NONE', #10083, #4575, #5492, .T. ) ;
#2545 = CIRCLE ( 'NONE', #7852, 2.000000000000000000 ) ;
#2546 = AXIS2_PLACEMENT_3D ( 'NONE', #10230, #2061, #5810 ) ;
#2547 = ORIENTED_EDGE ( 'NONE', *, *, #8181, .F. ) ;
#2548 = ADVANCED_FACE ( 'NONE', ( #9634 ), #7914, .T. ) ;
#2549 = ORIENTED_EDGE ( 'NONE', *, *, #3149, .T. ) ;
#2550 = EDGE_LOOP ( 'NONE', ( #4284, #11582 ) ) ;
#2551 = EDGE_CURVE ( 'NONE', #2115, #4501, #4315, .T. ) ;
#2552 = FACE_BOUND ( 'NONE', #9365, .T. ) ;
#2553 = EDGE_CURVE ( 'NONE', #494, #1717, #983, .T. ) ;
#2554 = DIRECTION ( 'NONE',  ( -1.000000000000000000, 0.000000000000000000, 0.000000000000000000 ) ) ;
#2555 = DIRECTION ( 'NONE',  ( 1.000000000000000000, 0.000000000000000000, 0.000000000000000000 ) ) ;
#2556 = CYLINDRICAL_SURFACE ( 'NONE', #7278, 2.000000000000000888 ) ;
#2557 = DIRECTION ( 'NONE',  ( 0.000000000000000000, 0.000000000000000000, 1.000000000000000000 ) ) ;
#2558 = VECTOR ( 'NONE', #805, 1000.000000000000000 ) ;
#2559 = VERTEX_POINT ( 'NONE', #6996 ) ;
#2560 = ORIENTED_EDGE ( 'NONE', *, *, #1063, .T. ) ;
#2561 = FACE_OUTER_BOUND ( 'NONE', #3989, .T. ) ;
#2562 = ADVANCED_FACE ( 'NONE', ( #2197 ), #2321, .T. ) ;
#2563 = ORIENTED_EDGE ( 'NONE', *, *, #5437, .F. ) ;
#2564 = ORIENTED_EDGE ( 'NONE', *, *, #6195, .T. ) ;
#2565 = VERTEX_POINT ( 'NONE', #10741 ) ;
#2566 = CARTESIAN_POINT ( 'NONE',  ( 86.99999999999954525, 34.00000000000083844, 5.000000000000000000 ) ) ;
#2567 = DIRECTION ( 'NONE',  ( 1.000000000000000000, 0.000000000000000000, 0.000000000000000000 ) ) ;
#2568 = DIRECTION ( 'NONE',  ( 1.000000000000000000, 0.000000000000000000, 0.000000000000000000 ) ) ;
#2569 = CARTESIAN_POINT ( 'NONE',  ( 16.99999999999975131, 51.00000000000049027, 0.000000000000000000 ) ) ;
#2570 = EDGE_LOOP ( 'NONE', ( #7147, #9937 ) ) ;
#2571 = CARTESIAN_POINT ( 'NONE',  ( -4.640641421447204258E-13, 135.0000000000000000, 5.000000000000000000 ) ) ;
#2572 = EDGE_CURVE ( 'NONE', #11544, #9649, #4500, .T. ) ;
#2573 = CARTESIAN_POINT ( 'NONE',  ( 0.000000000000000000, 0.000000000000000000, 0.000000000000000000 ) ) ;
#2574 = AXIS2_PLACEMENT_3D ( 'NONE', #3303, #10574, #4279 ) ;
#2575 = CIRCLE ( 'NONE', #5138, 2.000000000000001776 ) ;
#2576 = ORIENTED_EDGE ( 'NONE', *, *, #1159, .F. ) ;
#2577 = VERTEX_POINT ( 'NONE', #5951 ) ;
#2578 = AXIS2_PLACEMENT_3D ( 'NONE', #11593, #339, #7781 ) ;
#2579 = DIRECTION ( 'NONE',  ( -0.000000000000000000, -0.000000000000000000, 1.000000000000000000 ) ) ;
#2580 = LINE ( 'NONE', #2697, #2084 ) ;
#2581 = EDGE_LOOP ( 'NONE', ( #800, #1658, #10304, #9053 ) ) ;
#2582 = CARTESIAN_POINT ( 'NONE',  ( -84.99999999999988631, 100.0000000000000284, 0.000000000000000000 ) ) ;
#2583 = DIRECTION ( 'NONE',  ( 0.000000000000000000, 0.000000000000000000, 1.000000000000000000 ) ) ;
#2584 = ORIENTED_EDGE ( 'NONE', *, *, #11511, .F. ) ;
#2585 = EDGE_CURVE ( 'NONE', #2577, #5495, #7074, .T. ) ;
#2586 = DIRECTION ( 'NONE',  ( 0.000000000000000000, 0.000000000000000000, 1.000000000000000000 ) ) ;
#2587 = CARTESIAN_POINT ( 'NONE',  ( -4.713499807438230156E-13, 135.0000000000000000, 0.000000000000000000 ) ) ;
#2588 = AXIS2_PLACEMENT_3D ( 'NONE', #1562, #9110, #10106 ) ;
#2589 = VECTOR ( 'NONE', #10626, 1000.000000000000000 ) ;
#2590 = ORIENTED_EDGE ( 'NONE', *, *, #9115, .F. ) ;
#2591 = DIRECTION ( 'NONE',  ( 1.000000000000000000, 0.000000000000000000, 0.000000000000000000 ) ) ;
#2592 = LINE ( 'NONE', #6351, #11091 ) ;
#2593 = AXIS2_PLACEMENT_3D ( 'NONE', #2476, #8233, #11993 ) ;
#2595 = CARTESIAN_POINT ( 'NONE',  ( -31.99999999999968026, -51.00000000000058975, 0.000000000000000000 ) ) ;
#2594 = VECTOR ( 'NONE', #8815, 1000.000000000000000 ) ;
#2596 = CARTESIAN_POINT ( 'NONE',  ( 1.249000902703301108E-13, -34.00000000000022737, 0.000000000000000000 ) ) ;
#2597 = FACE_BOUND ( 'NONE', #2836, .T. ) ;
#2598 = CARTESIAN_POINT ( 'NONE',  ( -52.99999999999955946, -68.00000000000082423, 5.000000000000000000 ) ) ;
#2599 = LINE ( 'NONE', #6356, #1014 ) ;
#2600 = EDGE_LOOP ( 'NONE', ( #12117, #4034, #5451, #2624 ) ) ;
#2601 = VERTEX_POINT ( 'NONE', #9701 ) ;
#2602 = CIRCLE ( 'NONE', #7913, 2.000000000000000000 ) ;
#2603 = CIRCLE ( 'NONE', #450, 2.000000000000000000 ) ;
#2604 = CIRCLE ( 'NONE', #11243, 2.000000000000001776 ) ;
#2605 = EDGE_LOOP ( 'NONE', ( #2054, #7353, #3167, #4528 ) ) ;
#2606 = VERTEX_POINT ( 'NONE', #9884 ) ;
#2607 = EDGE_CURVE ( 'NONE', #8948, #6314, #1276, .T. ) ;
#2608 = EDGE_CURVE ( 'NONE', #6915, #5190, #11409, .T. ) ;
#2609 = ORIENTED_EDGE ( 'NONE', *, *, #8484, .F. ) ;
#2610 = FACE_BOUND ( 'NONE', #3775, .T. ) ;
#2611 = CARTESIAN_POINT ( 'NONE',  ( 79.02499999999996305, 0.000000000000000000, 5.000000000000000000 ) ) ;
#2612 = DIRECTION ( 'NONE',  ( 0.000000000000000000, 0.000000000000000000, -1.000000000000000000 ) ) ;
#2613 = AXIS2_PLACEMENT_3D ( 'NONE', #8885, #10739, #2319 ) ;
#2614 = CARTESIAN_POINT ( 'NONE',  ( -7.806255641895630939E-16, -15.00000000000000533, -0.000000000000000000 ) ) ;
#2615 = CARTESIAN_POINT ( 'NONE',  ( -33.99999999999997158, 34.00000000000000000, 5.000000000000000000 ) ) ;
#2616 = ORIENTED_EDGE ( 'NONE', *, *, #2040, .T. ) ;
#2617 = CIRCLE ( 'NONE', #11059, 2.000000000000001776 ) ;
#2618 = ORIENTED_EDGE ( 'NONE', *, *, #329, .T. ) ;
#2619 = DIRECTION ( 'NONE',  ( -0.000000000000000000, -0.000000000000000000, 1.000000000000000000 ) ) ;
#2620 = EDGE_CURVE ( 'NONE', #4018, #8832, #989, .T. ) ;
#2621 = EDGE_CURVE ( 'NONE', #8066, #4965, #4326, .T. ) ;
#2622 = VERTEX_POINT ( 'NONE', #9125 ) ;
#2623 = CIRCLE ( 'NONE', #269, 2.000000000000001776 ) ;
#2624 = ORIENTED_EDGE ( 'NONE', *, *, #5475, .F. ) ;
#2625 = VECTOR ( 'NONE', #9404, 1000.000000000000000 ) ;
#2626 = ADVANCED_FACE ( 'NONE', ( #10056 ), #5499, .F. ) ;
#2627 = ORIENTED_EDGE ( 'NONE', *, *, #9925, .F. ) ;
#2628 = LINE ( 'NONE', #4245, #184 ) ;
#2629 = DIRECTION ( 'NONE',  ( 1.000000000000000000, 0.000000000000000000, 0.000000000000000000 ) ) ;
#2630 = LINE ( 'NONE', #4407, #2145 ) ;
#2631 = CARTESIAN_POINT ( 'NONE',  ( 7.806255641895630939E-16, 15.00000000000000533, 5.000000000000000000 ) ) ;
#2632 = FACE_OUTER_BOUND ( 'NONE', #6770, .T. ) ;
#2633 = ORIENTED_EDGE ( 'NONE', *, *, #4749, .F. ) ;
#2634 = LINE ( 'NONE', #8345, #10072 ) ;
#2635 = CYLINDRICAL_SURFACE ( 'NONE', #1240, 2.000000000000001776 ) ;
#2636 = VECTOR ( 'NONE', #11134, 1000.000000000000000 ) ;
#2637 = EDGE_CURVE ( 'NONE', #2559, #11553, #1747, .T. ) ;
#2638 = ORIENTED_EDGE ( 'NONE', *, *, #2789, .F. ) ;
#2639 = ORIENTED_EDGE ( 'NONE', *, *, #1342, .T. ) ;
#2640 = VECTOR ( 'NONE', #7572, 1000.000000000000000 ) ;
#2641 = EDGE_CURVE ( 'NONE', #11019, #3863, #10623, .T. ) ;
#2642 = VECTOR ( 'NONE', #3475, 1000.000000000000000 ) ;
#2643 = DIRECTION ( 'NONE',  ( 1.000000000000000000, 0.000000000000000000, 0.000000000000000000 ) ) ;
#2644 = DIRECTION ( 'NONE',  ( 1.000000000000000000, 0.000000000000000000, 0.000000000000000000 ) ) ;
#2645 = ORIENTED_EDGE ( 'NONE', *, *, #10312, .F. ) ;
#2646 = CARTESIAN_POINT ( 'NONE',  ( -65.99999999999954525, -51.00000000000082423, 5.000000000000000000 ) ) ;
#2647 = DIRECTION ( 'NONE',  ( 1.000000000000000000, 0.000000000000000000, 0.000000000000000000 ) ) ;
#2648 = ORIENTED_EDGE ( 'NONE', *, *, #3307, .T. ) ;
#2649 = CARTESIAN_POINT ( 'NONE',  ( -33.99999999999997158, 34.00000000000000000, 5.000000000000000000 ) ) ;
#2650 = DIRECTION ( 'NONE',  ( 1.000000000000000000, 0.000000000000000000, 0.000000000000000000 ) ) ;
#2651 = AXIS2_PLACEMENT_3D ( 'NONE', #6276, #10023, #677 ) ;
#2652 = AXIS2_PLACEMENT_3D ( 'NONE', #3938, #11571, #4923 ) ;
#2653 = ADVANCED_FACE ( 'NONE', ( #10118 ), #5388, .F. ) ;
#2654 = ORIENTED_EDGE ( 'NONE', *, *, #10447, .T. ) ;
#2655 = CARTESIAN_POINT ( 'NONE',  ( -4.139448346937463700E-13, 90.97500000000037801, 0.000000000000000000 ) ) ;
#2656 = DIRECTION ( 'NONE',  ( 1.000000000000000000, -4.550094363217858838E-15, 0.000000000000000000 ) ) ;
#2657 = CIRCLE ( 'NONE', #8750, 2.000000000000001776 ) ;
#2658 = LINE ( 'NONE', #6591, #5382 ) ;
#2659 = LINE ( 'NONE', #6413, #4508 ) ;
#2660 = LINE ( 'NONE', #8494, #3265 ) ;
#2661 = PLANE ( 'NONE',  #6155 ) ;
#2662 = DIRECTION ( 'NONE',  ( 0.000000000000000000, 0.000000000000000000, 1.000000000000000000 ) ) ;
#2663 = ORIENTED_EDGE ( 'NONE', *, *, #10598, .T. ) ;
#2664 = VERTEX_POINT ( 'NONE', #9239 ) ;
#2665 = CIRCLE ( 'NONE', #9136, 2.000000000000001776 ) ;
#2666 = ORIENTED_EDGE ( 'NONE', *, *, #1707, .F. ) ;
#2667 = VERTEX_POINT ( 'NONE', #8203 ) ;
#2668 = EDGE_LOOP ( 'NONE', ( #646, #496 ) ) ;
#2669 = FACE_BOUND ( 'NONE', #8450, .T. ) ;
#2670 = DIRECTION ( 'NONE',  ( 1.000000000000000000, 0.000000000000000000, 0.000000000000000000 ) ) ;
#2671 = DIRECTION ( 'NONE',  ( 0.000000000000000000, 0.000000000000000000, 1.000000000000000000 ) ) ;
#2672 = CARTESIAN_POINT ( 'NONE',  ( 69.99999999999997158, -67.99999999999998579, 0.000000000000000000 ) ) ;
#2673 = DIRECTION ( 'NONE',  ( -1.000000000000000000, 0.000000000000000000, 0.000000000000000000 ) ) ;
#2674 = ORIENTED_EDGE ( 'NONE', *, *, #6984, .F. ) ;
#2675 = ORIENTED_EDGE ( 'NONE', *, *, #5476, .F. ) ;
#2676 = LINE ( 'NONE', #6488, #2783 ) ;
#2677 = EDGE_CURVE ( 'NONE', #10614, #4337, #4572, .T. ) ;
#2678 = ORIENTED_EDGE ( 'NONE', *, *, #9056, .F. ) ;
#2679 = VERTEX_POINT ( 'NONE', #824 ) ;
#2680 = CIRCLE ( 'NONE', #4064, 2.000000000000001776 ) ;
#2681 = ORIENTED_EDGE ( 'NONE', *, *, #9505, .T. ) ;
#2682 = DIRECTION ( 'NONE',  ( -0.000000000000000000, -0.000000000000000000, 1.000000000000000000 ) ) ;
#2683 = CARTESIAN_POINT ( 'NONE',  ( 79.02499999999996305, -79.02499999999997726, 0.000000000000000000 ) ) ;
#2684 = DIRECTION ( 'NONE',  ( -0.000000000000000000, -0.000000000000000000, 1.000000000000000000 ) ) ;
#2685 = CARTESIAN_POINT ( 'NONE',  ( -84.99999999999978684, 33.99999999999964473, 5.000000000000000000 ) ) ;
#2686 = UNCERTAINTY_MEASURE_WITH_UNIT (LENGTH_MEASURE( 1.000000000000000082E-05 ), #11491, 'distance_accuracy_value', 'NONE');
#2687 = ADVANCED_FACE ( 'NONE', ( #10000 ), #6426, .F. ) ;
#2688 = DIRECTION ( 'NONE',  ( -0.000000000000000000, -0.000000000000000000, 1.000000000000000000 ) ) ;
#2689 = ORIENTED_EDGE ( 'NONE', *, *, #7661, .T. ) ;
#2690 = FACE_OUTER_BOUND ( 'NONE', #10200, .T. ) ;
#2691 = DIRECTION ( 'NONE',  ( 0.000000000000000000, 0.000000000000000000, 1.000000000000000000 ) ) ;
#2692 = ADVANCED_FACE ( 'NONE', ( #8262 ), #2556, .F. ) ;
#2693 = ORIENTED_EDGE ( 'NONE', *, *, #7544, .T. ) ;
#2694 = VERTEX_POINT ( 'NONE', #3478 ) ;
#2695 = EDGE_CURVE ( 'NONE', #9528, #1312, #12018, .T. ) ;
#2696 = CARTESIAN_POINT ( 'NONE',  ( 67.99999999999955946, 51.00000000000085265, 0.000000000000000000 ) ) ;
#2697 = CARTESIAN_POINT ( 'NONE',  ( 82.99999999999977263, -33.99999999999963762, 0.000000000000000000 ) ) ;
#2698 = EDGE_CURVE ( 'NONE', #4831, #3366, #4134, .T. ) ;
#2699 = EDGE_CURVE ( 'NONE', #6511, #6403, #3539, .T. ) ;
#2700 = ORIENTED_EDGE ( 'NONE', *, *, #10051, .T. ) ;
#2701 = CARTESIAN_POINT ( 'NONE',  ( 69.99999999999967315, 17.00000000000059686, 0.000000000000000000 ) ) ;
#2702 = DIRECTION ( 'NONE',  ( 1.000000000000000000, 0.000000000000000000, 0.000000000000000000 ) ) ;
#2703 = VERTEX_POINT ( 'NONE', #7111 ) ;
#2704 = DIRECTION ( 'NONE',  ( -0.000000000000000000, -0.000000000000000000, 1.000000000000000000 ) ) ;
#2705 = CARTESIAN_POINT ( 'NONE',  ( 82.99999999999984368, -50.99999999999975131, 0.000000000000000000 ) ) ;
#2706 = DIRECTION ( 'NONE',  ( 1.000000000000000000, 0.000000000000000000, 0.000000000000000000 ) ) ;
#2707 = ORIENTED_EDGE ( 'NONE', *, *, #1314, .T. ) ;
#2708 = CARTESIAN_POINT ( 'NONE',  ( 2.000000000000070166, -17.00000000000011369, 0.000000000000000000 ) ) ;
#2709 = CARTESIAN_POINT ( 'NONE',  ( -70.00000000000001421, 85.00000000000015632, 0.000000000000000000 ) ) ;
#2710 = CYLINDRICAL_SURFACE ( 'NONE', #484, 2.000000000000001776 ) ;
#2711 = CARTESIAN_POINT ( 'NONE',  ( -14.99999999999880629, -114.9999999999998721, 0.000000000000000000 ) ) ;
#2712 = FACE_BOUND ( 'NONE', #1214, .T. ) ;
#2713 = DIRECTION ( 'NONE',  ( 0.000000000000000000, 0.000000000000000000, 1.000000000000000000 ) ) ;
#2714 = FACE_OUTER_BOUND ( 'NONE', #5036, .T. ) ;
#2715 = VECTOR ( 'NONE', #5159, 1000.000000000000000 ) ;
#2716 = ORIENTED_EDGE ( 'NONE', *, *, #926, .F. ) ;
#2717 = ORIENTED_EDGE ( 'NONE', *, *, #6315, .T. ) ;
#2718 = EDGE_CURVE ( 'NONE', #6626, #4073, #6692, .T. ) ;
#2719 = EDGE_LOOP ( 'NONE', ( #10594, #11598, #2343, #849 ) ) ;
#2720 = ORIENTED_EDGE ( 'NONE', *, *, #382, .F. ) ;
#2721 = AXIS2_PLACEMENT_3D ( 'NONE', #7422, #9252, #5580 ) ;
#2722 = AXIS2_PLACEMENT_3D ( 'NONE', #9406, #982, #3811 ) ;
#2723 = FACE_OUTER_BOUND ( 'NONE', #6202, .T. ) ;
#2724 = ORIENTED_EDGE ( 'NONE', *, *, #11867, .T. ) ;
#2725 = FACE_BOUND ( 'NONE', #2370, .T. ) ;
#2726 = CARTESIAN_POINT ( 'NONE',  ( -33.99999999999997158, 34.00000000000000000, 0.000000000000000000 ) ) ;
#2727 = DIRECTION ( 'NONE',  ( 0.000000000000000000, 0.000000000000000000, 1.000000000000000000 ) ) ;
#2728 = ORIENTED_EDGE ( 'NONE', *, *, #3457, .T. ) ;
#2729 = FACE_OUTER_BOUND ( 'NONE', #9891, .T. ) ;
#2730 = LINE ( 'NONE', #889, #7104 ) ;
#2731 = EDGE_LOOP ( 'NONE', ( #5162, #3415, #3352, #4701 ) ) ;
#2732 = ORIENTED_EDGE ( 'NONE', *, *, #4014, .T. ) ;
#2733 = DIRECTION ( 'NONE',  ( -0.000000000000000000, -0.000000000000000000, 1.000000000000000000 ) ) ;
#2734 = EDGE_CURVE ( 'NONE', #3144, #11362, #2213, .T. ) ;
#2735 = VECTOR ( 'NONE', #3043, 1000.000000000000000 ) ;
#2736 = AXIS2_PLACEMENT_3D ( 'NONE', #3541, #11757, #3603 ) ;
#2737 = ORIENTED_EDGE ( 'NONE', *, *, #8437, .T. ) ;
#2738 = ORIENTED_EDGE ( 'NONE', *, *, #6688, .T. ) ;
#2739 = ORIENTED_EDGE ( 'NONE', *, *, #2332, .F. ) ;
#2740 = CARTESIAN_POINT ( 'NONE',  ( 75.97499999999996589, -94.02500000000000568, 5.000000000000000000 ) ) ;
#2741 = VECTOR ( 'NONE', #9415, 1000.000000000000000 ) ;
#2742 = DIRECTION ( 'NONE',  ( 0.000000000000000000, -0.000000000000000000, -1.000000000000000000 ) ) ;
#2743 = CARTESIAN_POINT ( 'NONE',  ( -82.99999999999994316, 85.00000000000001421, 5.000000000000000000 ) ) ;
#2744 = EDGE_CURVE ( 'NONE', #2441, #11549, #6200, .T. ) ;
#2745 = LINE ( 'NONE', #2631, #3846 ) ;
#2746 = CARTESIAN_POINT ( 'NONE',  ( -31.99999999999997158, 34.00000000000000000, 5.000000000000000000 ) ) ;
#2747 = EDGE_LOOP ( 'NONE', ( #10787, #5439 ) ) ;
#2748 = DIRECTION ( 'NONE',  ( 1.000000000000000000, 0.000000000000000000, 0.000000000000000000 ) ) ;
#2749 = DIRECTION ( 'NONE',  ( 0.000000000000000000, 0.000000000000000000, 1.000000000000000000 ) ) ;
#2750 = CIRCLE ( 'NONE', #9434, 2.000000000000001776 ) ;
#2751 = ORIENTED_EDGE ( 'NONE', *, *, #4953, .F. ) ;
#2752 = VERTEX_POINT ( 'NONE', #651 ) ;
#2753 = DIRECTION ( 'NONE',  ( 0.000000000000000000, -0.000000000000000000, -1.000000000000000000 ) ) ;
#2754 = CARTESIAN_POINT ( 'NONE',  ( 33.99999999999992184, -16.99999999999987566, 5.000000000000000000 ) ) ;
#2755 = EDGE_CURVE ( 'NONE', #7456, #3805, #4397, .T. ) ;
#2756 = ADVANCED_FACE ( 'NONE', ( #8151 ), #4335, .T. ) ;
#2757 = DIRECTION ( 'NONE',  ( -0.000000000000000000, -0.000000000000000000, 1.000000000000000000 ) ) ;
#2758 = VECTOR ( 'NONE', #9270, 1000.000000000000000 ) ;
#2759 = EDGE_LOOP ( 'NONE', ( #10642, #12165, #11744, #700 ) ) ;
#2760 = CARTESIAN_POINT ( 'NONE',  ( -50.99999999999950262, -85.00000000000093792, 0.000000000000000000 ) ) ;
#2761 = CARTESIAN_POINT ( 'NONE',  ( 65.99999999999948841, 68.00000000000098055, 0.000000000000000000 ) ) ;
#2762 = EDGE_LOOP ( 'NONE', ( #10581, #654 ) ) ;
#2763 = LINE ( 'NONE', #11071, #10280 ) ;
#2764 = LINE ( 'NONE', #8419, #9873 ) ;
#2765 = DIRECTION ( 'NONE',  ( 0.000000000000000000, 0.000000000000000000, 1.000000000000000000 ) ) ;
#2766 = EDGE_CURVE ( 'NONE', #3039, #5020, #2019, .T. ) ;
#2767 = CARTESIAN_POINT ( 'NONE',  ( 65.99999999999961631, 34.00000000000071054, 0.000000000000000000 ) ) ;
#2768 = ADVANCED_FACE ( 'NONE', ( #8384 ), #7535, .F. ) ;
#2769 = AXIS2_PLACEMENT_3D ( 'NONE', #1748, #3650, #9064 ) ;
#2770 = EDGE_CURVE ( 'NONE', #325, #5822, #6333, .T. ) ;
#2771 = ORIENTED_EDGE ( 'NONE', *, *, #2744, .T. ) ;
#2772 = LINE ( 'NONE', #2655, #8720 ) ;
#2773 = ADVANCED_FACE ( 'NONE', ( #8633 ), #10306, .F. ) ;
#2774 = DIRECTION ( 'NONE',  ( 0.000000000000000000, -1.000000000000000000, 0.000000000000000000 ) ) ;
#2775 = CARTESIAN_POINT ( 'NONE',  ( -48.99999999999961631, -51.00000000000070344, 0.000000000000000000 ) ) ;
#2776 = CARTESIAN_POINT ( 'NONE',  ( -1.999999999999806599, -51.00000000000032685, 0.000000000000000000 ) ) ;
#2777 = CYLINDRICAL_SURFACE ( 'NONE', #10543, 2.000000000000001776 ) ;
#2778 = ORIENTED_EDGE ( 'NONE', *, *, #9809, .F. ) ;
#2779 = DIRECTION ( 'NONE',  ( 0.000000000000000000, 0.000000000000000000, 1.000000000000000000 ) ) ;
#2780 = CARTESIAN_POINT ( 'NONE',  ( 84.99999999999984368, -50.99999999999975131, 0.000000000000000000 ) ) ;
#2781 = AXIS2_PLACEMENT_3D ( 'NONE', #9361, #933, #8801 ) ;
#2782 = ORIENTED_EDGE ( 'NONE', *, *, #3138, .T. ) ;
#2783 = VECTOR ( 'NONE', #9243, 1000.000000000000000 ) ;
#2784 = VERTEX_POINT ( 'NONE', #5816 ) ;
#2785 = EDGE_CURVE ( 'NONE', #6272, #8500, #7467, .T. ) ;
#2786 = ORIENTED_EDGE ( 'NONE', *, *, #10372, .F. ) ;
#2787 = AXIS2_PLACEMENT_3D ( 'NONE', #11476, #9623, #3106 ) ;
#2788 = CARTESIAN_POINT ( 'NONE',  ( 67.99999999999943157, 85.00000000000110845, 0.000000000000000000 ) ) ;
#2789 = EDGE_CURVE ( 'NONE', #2373, #4989, #7140, .T. ) ;
#2790 = ORIENTED_EDGE ( 'NONE', *, *, #7458, .F. ) ;
#2791 = FACE_BOUND ( 'NONE', #8055, .T. ) ;
#2792 = CARTESIAN_POINT ( 'NONE',  ( 84.99999999999990052, -67.99999999999987210, 5.000000000000000000 ) ) ;
#2793 = CYLINDRICAL_SURFACE ( 'NONE', #3134, 2.000000000000000888 ) ;
#2794 = EDGE_LOOP ( 'NONE', ( #544, #4118, #8452, #612 ) ) ;
#2795 = DIRECTION ( 'NONE',  ( 1.000000000000000000, 0.000000000000000000, 0.000000000000000000 ) ) ;
#2796 = CARTESIAN_POINT ( 'NONE',  ( 31.99999999999968736, 51.00000000000059686, 0.000000000000000000 ) ) ;
#2797 = EDGE_LOOP ( 'NONE', ( #11021, #1502 ) ) ;
#2798 = VERTEX_POINT ( 'NONE', #888 ) ;
#2799 = DIRECTION ( 'NONE',  ( 0.000000000000000000, 1.000000000000000000, 0.000000000000000000 ) ) ;
#2800 = VECTOR ( 'NONE', #1950, 1000.000000000000000 ) ;
#2801 = AXIS2_PLACEMENT_3D ( 'NONE', #8994, #10105, #5313 ) ;
#2802 = ORIENTED_EDGE ( 'NONE', *, *, #11295, .T. ) ;
#2803 = ORIENTED_EDGE ( 'NONE', *, *, #1144, .F. ) ;
#2804 = VECTOR ( 'NONE', #6132, 1000.000000000000000 ) ;
#2805 = EDGE_CURVE ( 'NONE', #2876, #7340, #9101, .T. ) ;
#2806 = ORIENTED_EDGE ( 'NONE', *, *, #4823, .F. ) ;
#2807 = CARTESIAN_POINT ( 'NONE',  ( -84.99999999999990052, 67.99999999999990052, 0.000000000000000000 ) ) ;
#2808 = LINE ( 'NONE', #6562, #5960 ) ;
#2809 = FACE_OUTER_BOUND ( 'NONE', #11203, .T. ) ;
#2810 = LINE ( 'NONE', #6385, #3067 ) ;
#2811 = CARTESIAN_POINT ( 'NONE',  ( -84.99999999999988631, -100.0000000000000284, 5.000000000000000000 ) ) ;
#2812 = ORIENTED_EDGE ( 'NONE', *, *, #4341, .T. ) ;
#2813 = FACE_OUTER_BOUND ( 'NONE', #8445, .T. ) ;
#2814 = LINE ( 'NONE', #10257, #8502 ) ;
#2815 = AXIS2_PLACEMENT_3D ( 'NONE', #5998, #2178, #5128 ) ;
#2816 = VECTOR ( 'NONE', #5706, 1000.000000000000000 ) ;
#2817 = AXIS2_PLACEMENT_3D ( 'NONE', #5599, #11128, #3743 ) ;
#2818 = ORIENTED_EDGE ( 'NONE', *, *, #6734, .F. ) ;
#2819 = ORIENTED_EDGE ( 'NONE', *, *, #9989, .T. ) ;
#2820 = CARTESIAN_POINT ( 'NONE',  ( -82.99999999999941735, -68.00000000000106581, 5.000000000000000000 ) ) ;
#2821 = CARTESIAN_POINT ( 'NONE',  ( -86.99999999999984368, 50.99999999999976552, 0.000000000000000000 ) ) ;
#2822 = AXIS2_PLACEMENT_3D ( 'NONE', #1589, #11053, #8342 ) ;
#2823 = CARTESIAN_POINT ( 'NONE',  ( 31.99999999999991829, -16.99999999999987566, 5.000000000000000000 ) ) ;
#2824 = EDGE_LOOP ( 'NONE', ( #7807, #3565 ) ) ;
#2825 = VECTOR ( 'NONE', #10793, 1000.000000000000000 ) ;
#2826 = CARTESIAN_POINT ( 'NONE',  ( 86.99999999999977263, -33.99999999999963762, 5.000000000000000000 ) ) ;
#2827 = CARTESIAN_POINT ( 'NONE',  ( -84.99999999999995737, 85.00000000000001421, 5.000000000000000000 ) ) ;
#2828 = EDGE_LOOP ( 'NONE', ( #2413, #7139, #12131, #7371 ) ) ;
#2829 = CARTESIAN_POINT ( 'NONE',  ( -79.02499999999996305, 94.02500000000000568, 5.000000000000000000 ) ) ;
#2830 = DIRECTION ( 'NONE',  ( 0.7071067811865485719, -0.7071067811865465735, 0.000000000000000000 ) ) ;
#2831 = DIRECTION ( 'NONE',  ( 1.000000000000000000, 0.000000000000000000, 0.000000000000000000 ) ) ;
#2832 = CARTESIAN_POINT ( 'NONE',  ( 35.99999999999992184, -16.99999999999987566, 5.000000000000000000 ) ) ;
#2833 = AXIS2_PLACEMENT_3D ( 'NONE', #6704, #5661, #2894 ) ;
#2834 = ADVANCED_FACE ( 'NONE', ( #3773 ), #1139, .F. ) ;
#2835 = CIRCLE ( 'NONE', #9112, 2.000000000000000000 ) ;
#2836 = EDGE_LOOP ( 'NONE', ( #11416, #10400 ) ) ;
#2837 = DIRECTION ( 'NONE',  ( 1.000000000000000000, 0.000000000000000000, 0.000000000000000000 ) ) ;
#2838 = CARTESIAN_POINT ( 'NONE',  ( -82.99999999999947420, -51.00000000000093792, 5.000000000000000000 ) ) ;
#2839 = DIRECTION ( 'NONE',  ( 1.000000000000000000, 0.000000000000000000, 0.000000000000000000 ) ) ;
#2840 = LINE ( 'NONE', #4617, #2741 ) ;
#2841 = AXIS2_PLACEMENT_3D ( 'NONE', #11878, #7200, #2521 ) ;
#2842 = CARTESIAN_POINT ( 'NONE',  ( -35.99999999999997868, 34.00000000000000000, 5.000000000000000000 ) ) ;
#2843 = ORIENTED_EDGE ( 'NONE', *, *, #7992, .F. ) ;
#2844 = ADVANCED_FACE ( 'NONE', ( #2729 ), #4758, .F. ) ;
#2845 = CARTESIAN_POINT ( 'NONE',  ( 50.99999999999997158, -50.99999999999999289, 0.000000000000000000 ) ) ;
#2846 = DIRECTION ( 'NONE',  ( 0.000000000000000000, 0.000000000000000000, 1.000000000000000000 ) ) ;
#2847 = ORIENTED_EDGE ( 'NONE', *, *, #67, .F. ) ;
#2848 = CIRCLE ( 'NONE', #8540, 2.000000000000001776 ) ;
#2849 = VERTEX_POINT ( 'NONE', #2978 ) ;
#2850 = EDGE_CURVE ( 'NONE', #1998, #1312, #2041, .T. ) ;
#2851 = AXIS2_PLACEMENT_3D ( 'NONE', #3255, #1475, #5229 ) ;
#2852 = EDGE_LOOP ( 'NONE', ( #10929, #1620, #2771, #6760 ) ) ;
#2853 = DIRECTION ( 'NONE',  ( 0.000000000000000000, 0.000000000000000000, 1.000000000000000000 ) ) ;
#2854 = ORIENTED_EDGE ( 'NONE', *, *, #7503, .F. ) ;
#2855 = FACE_BOUND ( 'NONE', #4651, .T. ) ;
#2856 = CARTESIAN_POINT ( 'NONE',  ( 130.0000000000000000, 0.000000000000000000, 5.000000000000000000 ) ) ;
#2857 = DIRECTION ( 'NONE',  ( 0.000000000000000000, 0.000000000000000000, 1.000000000000000000 ) ) ;
#2858 = ORIENTED_EDGE ( 'NONE', *, *, #10745, .F. ) ;
#2859 = EDGE_CURVE ( 'NONE', #6297, #6416, #7341, .T. ) ;
#2860 = CARTESIAN_POINT ( 'NONE',  ( -67.99999999999943157, -85.00000000000106581, 5.000000000000000000 ) ) ;
#2861 = LINE ( 'NONE', #2796, #10042 ) ;
#2862 = EDGE_LOOP ( 'NONE', ( #2198, #10228, #7136, #7414 ) ) ;
#2863 = ORIENTED_EDGE ( 'NONE', *, *, #5957, .T. ) ;
#2864 = CARTESIAN_POINT ( 'NONE',  ( -67.99999999999980105, 16.99999999999965539, 0.000000000000000000 ) ) ;
#2865 = AXIS2_PLACEMENT_3D ( 'NONE', #10286, #7580, #6650 ) ;
#2866 = EDGE_CURVE ( 'NONE', #4196, #11088, #9300, .T. ) ;
#2867 = EDGE_LOOP ( 'NONE', ( #2204, #9683, #10509, #2143 ) ) ;
#2868 = ORIENTED_EDGE ( 'NONE', *, *, #11352, .F. ) ;
#2869 = EDGE_LOOP ( 'NONE', ( #1414, #8880 ) ) ;
#2870 = CARTESIAN_POINT ( 'NONE',  ( -114.9999999999999432, 30.00000000000001421, 0.000000000000000000 ) ) ;
#2871 = VECTOR ( 'NONE', #1649, 1000.000000000000000 ) ;
#2872 = CARTESIAN_POINT ( 'NONE',  ( -36.00000000000004263, 51.00000000000012790, 0.000000000000000000 ) ) ;
#2873 = DIRECTION ( 'NONE',  ( 0.000000000000000000, -0.000000000000000000, 1.000000000000000000 ) ) ;
#2874 = FACE_BOUND ( 'NONE', #3906, .T. ) ;
#2875 = DIRECTION ( 'NONE',  ( 1.000000000000000000, 0.000000000000000000, 0.000000000000000000 ) ) ;
#2876 = VERTEX_POINT ( 'NONE', #9373 ) ;
#2877 = CARTESIAN_POINT ( 'NONE',  ( 33.99999999999957367, 85.00000000000085265, 5.000000000000000000 ) ) ;
#2878 = DIRECTION ( 'NONE',  ( -0.000000000000000000, -0.000000000000000000, 1.000000000000000000 ) ) ;
#2879 = ADVANCED_FACE ( 'NONE', ( #10238 ), #6727, .T. ) ;
#2880 = AXIS2_PLACEMENT_3D ( 'NONE', #4551, #8309, #872 ) ;
#2881 = ORIENTED_EDGE ( 'NONE', *, *, #11295, .F. ) ;
#2882 = ORIENTED_EDGE ( 'NONE', *, *, #4639, .T. ) ;
#2883 = DIRECTION ( 'NONE',  ( 0.000000000000000000, 0.000000000000000000, -1.000000000000000000 ) ) ;
#2884 = DIRECTION ( 'NONE',  ( -0.000000000000000000, -0.000000000000000000, 1.000000000000000000 ) ) ;
#2885 = DIRECTION ( 'NONE',  ( -0.000000000000000000, -0.000000000000000000, 1.000000000000000000 ) ) ;
#2886 = ORIENTED_EDGE ( 'NONE', *, *, #6541, .T. ) ;
#2887 = CARTESIAN_POINT ( 'NONE',  ( 84.99999999999977263, -33.99999999999963762, 5.000000000000000000 ) ) ;
#2888 = CARTESIAN_POINT ( 'NONE',  ( 1.361677722148822135E-12, -130.0000000000000000, 0.000000000000000000 ) ) ;
#2889 = EDGE_LOOP ( 'NONE', ( #10112, #5051 ) ) ;
#2890 = CYLINDRICAL_SURFACE ( 'NONE', #6949, 2.000000000000001776 ) ;
#2891 = CARTESIAN_POINT ( 'NONE',  ( -84.99999999999953104, -34.00000000000082423, 0.000000000000000000 ) ) ;
#2892 = CARTESIAN_POINT ( 'NONE',  ( 17.00000000000004263, -34.00000000000010658, 0.000000000000000000 ) ) ;
#2893 = EDGE_CURVE ( 'NONE', #8744, #1990, #483, .T. ) ;
#2894 = DIRECTION ( 'NONE',  ( 1.000000000000000000, 0.000000000000000000, 0.000000000000000000 ) ) ;
#2895 = VERTEX_POINT ( 'NONE', #944 ) ;
#2896 = PLANE ( 'NONE',  #3813 ) ;
#2897 = DIRECTION ( 'NONE',  ( -1.000000000000000000, 0.000000000000000000, 0.000000000000000000 ) ) ;
#2898 = CARTESIAN_POINT ( 'NONE',  ( -67.99999999999985789, 33.99999999999976552, 0.000000000000000000 ) ) ;
#2899 = DIRECTION ( 'NONE',  ( 0.000000000000000000, 1.000000000000000000, 0.000000000000000000 ) ) ;
#2900 = ADVANCED_FACE ( 'NONE', ( #1938 ), #1999, .F. ) ;
#2901 = CARTESIAN_POINT ( 'NONE',  ( 18.99999999999969802, 68.00000000000061107, 0.000000000000000000 ) ) ;
#2902 = ORIENTED_EDGE ( 'NONE', *, *, #3657, .T. ) ;
#2903 = LINE ( 'NONE', #6652, #452 ) ;
#2904 = CARTESIAN_POINT ( 'NONE',  ( 90.97499999999986642, 79.02499999999997726, 5.000000000000000000 ) ) ;
#2905 = VERTEX_POINT ( 'NONE', #2915 ) ;
#2906 = ORIENTED_EDGE ( 'NONE', *, *, #1314, .F. ) ;
#2907 = ORIENTED_EDGE ( 'NONE', *, *, #9089, .T. ) ;
#2908 = CARTESIAN_POINT ( 'NONE',  ( -69.99999999999974420, -4.577220682980475521E-13, 0.000000000000000000 ) ) ;
#2909 = EDGE_LOOP ( 'NONE', ( #3437, #6029 ) ) ;
#2910 = FACE_BOUND ( 'NONE', #5695, .T. ) ;
#2911 = CYLINDRICAL_SURFACE ( 'NONE', #11662, 2.000000000000001776 ) ;
#2912 = FACE_OUTER_BOUND ( 'NONE', #4494, .T. ) ;
#2914 = EDGE_LOOP ( 'NONE', ( #3700, #104, #3533, #2473 ) ) ;
#2913 = EDGE_CURVE ( 'NONE', #5639, #11242, #5823, .T. ) ;
#2915 = CARTESIAN_POINT ( 'NONE',  ( 2.000000000000125677, -34.00000000000022737, 5.000000000000000000 ) ) ;
#2916 = LINE ( 'NONE', #5750, #1411 ) ;
#2917 = VERTEX_POINT ( 'NONE', #7898 ) ;
#2918 = ORIENTED_EDGE ( 'NONE', *, *, #9216, .T. ) ;
#2919 = FACE_OUTER_BOUND ( 'NONE', #10237, .T. ) ;
#2920 = EDGE_CURVE ( 'NONE', #10717, #6274, #6026, .T. ) ;
#2921 = CIRCLE ( 'NONE', #5673, 2.000000000000001776 ) ;
#2922 = VERTEX_POINT ( 'NONE', #210 ) ;
#2923 = EDGE_CURVE ( 'NONE', #1940, #10704, #9380, .T. ) ;
#2924 = EDGE_CURVE ( 'NONE', #3653, #1903, #3956, .T. ) ;
#2925 = ORIENTED_EDGE ( 'NONE', *, *, #8569, .F. ) ;
#2926 = ORIENTED_EDGE ( 'NONE', *, *, #1900, .T. ) ;
#2927 = LINE ( 'NONE', #5578, #2355 ) ;
#2928 = LINE ( 'NONE', #5829, #2800 ) ;
#2929 = CARTESIAN_POINT ( 'NONE',  ( -75.97499999999996589, 75.97499999999998010, 5.000000000000000000 ) ) ;
#2930 = ADVANCED_FACE ( 'NONE', ( #2248 ), #10668, .F. ) ;
#2931 = FACE_BOUND ( 'NONE', #78, .T. ) ;
#2932 = LINE ( 'NONE', #10322, #5172 ) ;
#2933 = CIRCLE ( 'NONE', #10404, 2.000000000000001776 ) ;
#2934 = EDGE_LOOP ( 'NONE', ( #8078, #4131 ) ) ;
#2935 = CIRCLE ( 'NONE', #9811, 15.00000000000000000 ) ;
#2936 = CARTESIAN_POINT ( 'NONE',  ( 18.99999999999993250, 1.387778780781445676E-13, 5.000000000000000000 ) ) ;
#2937 = CARTESIAN_POINT ( 'NONE',  ( 15.00000000000120082, -115.0000000000001705, 5.000000000000000000 ) ) ;
#2938 = ORIENTED_EDGE ( 'NONE', *, *, #5957, .F. ) ;
#2939 = VECTOR ( 'NONE', #4827, 1000.000000000000000 ) ;
#2940 = EDGE_LOOP ( 'NONE', ( #8594, #10075, #4210, #470 ) ) ;
#2941 = AXIS2_PLACEMENT_3D ( 'NONE', #5593, #7091, #11826 ) ;
#2942 = CARTESIAN_POINT ( 'NONE',  ( -50.99999999999972289, -17.00000000000045830, 5.000000000000000000 ) ) ;
#2943 = DIRECTION ( 'NONE',  ( 0.000000000000000000, 0.000000000000000000, 1.000000000000000000 ) ) ;
#2944 = ADVANCED_FACE ( 'NONE', ( #6793 ), #9804, .F. ) ;
#2945 = DIRECTION ( 'NONE',  ( -0.000000000000000000, -0.000000000000000000, 1.000000000000000000 ) ) ;
#2946 = ORIENTED_EDGE ( 'NONE', *, *, #9453, .F. ) ;
#2947 = FACE_OUTER_BOUND ( 'NONE', #2400, .T. ) ;
#2948 = CARTESIAN_POINT ( 'NONE',  ( 18.99999999999993250, 1.387778780781445676E-13, 0.000000000000000000 ) ) ;
#2949 = ORIENTED_EDGE ( 'NONE', *, *, #7006, .T. ) ;
#2950 = CARTESIAN_POINT ( 'NONE',  ( 75.97499999999996589, -79.02499999999996305, 0.000000000000000000 ) ) ;
#2951 = DIRECTION ( 'NONE',  ( -0.000000000000000000, -0.000000000000000000, 1.000000000000000000 ) ) ;
#2952 = VECTOR ( 'NONE', #8991, 1000.000000000000000 ) ;
#2953 = AXIS2_PLACEMENT_3D ( 'NONE', #6070, #4096, #7851 ) ;
#2954 = CARTESIAN_POINT ( 'NONE',  ( 29.99999999999960920, 100.0000000000000142, 0.000000000000000000 ) ) ;
#2955 = EDGE_LOOP ( 'NONE', ( #9646, #4998, #6708, #4555 ) ) ;
#2956 = ORIENTED_EDGE ( 'NONE', *, *, #8407, .T. ) ;
#2957 = AXIS2_PLACEMENT_3D ( 'NONE', #10027, #3450, #736 ) ;
#2958 = LINE ( 'NONE', #5797, #8331 ) ;
#2959 = EDGE_CURVE ( 'NONE', #4857, #7419, #838, .T. ) ;
#2960 = FACE_OUTER_BOUND ( 'NONE', #11850, .T. ) ;
#2961 = DIRECTION ( 'NONE',  ( 1.000000000000000000, 0.000000000000000000, 0.000000000000000000 ) ) ;
#2962 = DIRECTION ( 'NONE',  ( 1.000000000000000000, 0.000000000000000000, 0.000000000000000000 ) ) ;
#2963 = EDGE_LOOP ( 'NONE', ( #5090, #3467, #9950, #9702 ) ) ;
#2964 = DIRECTION ( 'NONE',  ( 1.000000000000000000, 0.000000000000000000, 0.000000000000000000 ) ) ;
#2965 = LINE ( 'NONE', #6715, #4937 ) ;
#2966 = ORIENTED_EDGE ( 'NONE', *, *, #1712, .T. ) ;
#2967 = VERTEX_POINT ( 'NONE', #2125 ) ;
#2968 = AXIS2_PLACEMENT_3D ( 'NONE', #5329, #7352, #11961 ) ;
#2969 = VECTOR ( 'NONE', #3665, 1000.000000000000000 ) ;
#2970 = ORIENTED_EDGE ( 'NONE', *, *, #5558, .F. ) ;
#2971 = CARTESIAN_POINT ( 'NONE',  ( -68.00000000000001421, 85.00000000000015632, 0.000000000000000000 ) ) ;
#2972 = ORIENTED_EDGE ( 'NONE', *, *, #4262, .F. ) ;
#2973 = FACE_BOUND ( 'NONE', #8080, .T. ) ;
#2974 = CIRCLE ( 'NONE', #3553, 2.000000000000000000 ) ;
#2976 = FACE_OUTER_BOUND ( 'NONE', #5418, .T. ) ;
#2975 = AXIS2_PLACEMENT_3D ( 'NONE', #4981, #310, #6944 ) ;
#2977 = CARTESIAN_POINT ( 'NONE',  ( -92.49999999999984368, -92.50000000000011369, 5.000000000000000000 ) ) ;
#2978 = CARTESIAN_POINT ( 'NONE',  ( -2.000000000000450306, 130.0000000000000000, 5.000000000000000000 ) ) ;
#2979 = CARTESIAN_POINT ( 'NONE',  ( 14.99999999999969269, 68.00000000000061107, 0.000000000000000000 ) ) ;
#2980 = EDGE_LOOP ( 'NONE', ( #8642, #7829, #432, #5752 ) ) ;
#2981 = ORIENTED_EDGE ( 'NONE', *, *, #7435, .T. ) ;
#2982 = CARTESIAN_POINT ( 'NONE',  ( 79.02499999999996305, 0.000000000000000000, 5.000000000000000000 ) ) ;
#2983 = AXIS2_PLACEMENT_3D ( 'NONE', #4744, #2846, #1926 ) ;
#2984 = AXIS2_PLACEMENT_3D ( 'NONE', #4281, #593, #9066 ) ;
#2985 = VERTEX_POINT ( 'NONE', #6913 ) ;
#2986 = EDGE_CURVE ( 'NONE', #5044, #1778, #7122, .T. ) ;
#2987 = EDGE_CURVE ( 'NONE', #9978, #7936, #2422, .T. ) ;
#2988 = ORIENTED_EDGE ( 'NONE', *, *, #759, .T. ) ;
#2989 = CARTESIAN_POINT ( 'NONE',  ( -52.99999999999967315, -34.00000000000058265, 5.000000000000000000 ) ) ;
#2990 = ORIENTED_EDGE ( 'NONE', *, *, #1355, .T. ) ;
#2991 = CARTESIAN_POINT ( 'NONE',  ( 52.99999999999974420, 17.00000000000048672, 5.000000000000000000 ) ) ;
#2992 = LINE ( 'NONE', #11163, #8095 ) ;
#2993 = PLANE ( 'NONE',  #1741 ) ;
#2994 = DIRECTION ( 'NONE',  ( 1.000000000000000000, 0.000000000000000000, 0.000000000000000000 ) ) ;
#2995 = AXIS2_PLACEMENT_3D ( 'NONE', #6456, #3744, #8549 ) ;
#2996 = VERTEX_POINT ( 'NONE', #11657 ) ;
#2997 = VECTOR ( 'NONE', #1452, 1000.000000000000000 ) ;
#2998 = DIRECTION ( 'NONE',  ( 0.000000000000000000, 0.000000000000000000, 1.000000000000000000 ) ) ;
#2999 = EDGE_CURVE ( 'NONE', #3497, #2606, #4766, .T. ) ;
#3000 = EDGE_LOOP ( 'NONE', ( #1924, #704, #1955, #3252 ) ) ;
#3001 = EDGE_CURVE ( 'NONE', #1184, #6729, #8696, .T. ) ;
#3002 = CIRCLE ( 'NONE', #9670, 2.000000000000001776 ) ;
#3003 = VECTOR ( 'NONE', #426, 1000.000000000000000 ) ;
#3004 = ORIENTED_EDGE ( 'NONE', *, *, #374, .T. ) ;
#3005 = AXIS2_PLACEMENT_3D ( 'NONE', #2845, #5485, #11 ) ;
#3006 = CIRCLE ( 'NONE', #5555, 2.000000000000000888 ) ;
#3007 = LINE ( 'NONE', #4851, #10905 ) ;
#3008 = CARTESIAN_POINT ( 'NONE',  ( -48.99999999999980815, -3.330669073875469621E-13, 0.000000000000000000 ) ) ;
#3009 = PLANE ( 'NONE',  #6017 ) ;
#3010 = ORIENTED_EDGE ( 'NONE', *, *, #11042, .F. ) ;
#3011 = CARTESIAN_POINT ( 'NONE',  ( 0.000000000000000000, 75.97499999999998010, 5.000000000000000000 ) ) ;
#3012 = CARTESIAN_POINT ( 'NONE',  ( -49.00000000000002842, 68.00000000000014211, 0.000000000000000000 ) ) ;
#3013 = CIRCLE ( 'NONE', #8501, 2.000000000000001776 ) ;
#3014 = EDGE_LOOP ( 'NONE', ( #10245, #9059, #1713, #4933 ) ) ;
#3015 = LINE ( 'NONE', #4058, #9095 ) ;
#3016 = ADVANCED_FACE ( 'NONE', ( #5875 ), #9619, .F. ) ;
#3017 = CYLINDRICAL_SURFACE ( 'NONE', #10657, 2.000000000000001776 ) ;
#3018 = VECTOR ( 'NONE', #12065, 1000.000000000000000 ) ;
#3019 = DIRECTION ( 'NONE',  ( 1.000000000000000000, 0.000000000000000000, 0.000000000000000000 ) ) ;
#3020 = EDGE_CURVE ( 'NONE', #6943, #6730, #5070, .T. ) ;
#3021 = VERTEX_POINT ( 'NONE', #4944 ) ;
#3022 = CIRCLE ( 'NONE', #10492, 2.000000000000001776 ) ;
#3023 = ORIENTED_EDGE ( 'NONE', *, *, #5941, .T. ) ;
#3024 = CARTESIAN_POINT ( 'NONE',  ( 1.249000902703301108E-13, -34.00000000000022737, 0.000000000000000000 ) ) ;
#3025 = DIRECTION ( 'NONE',  ( 0.000000000000000000, 0.000000000000000000, 1.000000000000000000 ) ) ;
#3026 = DIRECTION ( 'NONE',  ( 0.000000000000000000, 0.000000000000000000, 1.000000000000000000 ) ) ;
#3027 = CARTESIAN_POINT ( 'NONE',  ( 79.02499999999996305, 94.02500000000000568, 0.000000000000000000 ) ) ;
#3028 = ORIENTED_EDGE ( 'NONE', *, *, #7250, .F. ) ;
#3029 = CARTESIAN_POINT ( 'NONE',  ( -79.02499999999996305, 90.97500000000000853, 5.000000000000000000 ) ) ;
#3030 = DIRECTION ( 'NONE',  ( -0.000000000000000000, -0.000000000000000000, 1.000000000000000000 ) ) ;
#3031 = VERTEX_POINT ( 'NONE', #4206 ) ;
#3032 = ORIENTED_EDGE ( 'NONE', *, *, #5322, .T. ) ;
#3033 = AXIS2_PLACEMENT_3D ( 'NONE', #7395, #1060, #6412 ) ;
#3034 = AXIS2_PLACEMENT_3D ( 'NONE', #11325, #4864, #9411 ) ;
#3035 = EDGE_CURVE ( 'NONE', #5617, #1998, #279, .T. ) ;
#3036 = ORIENTED_EDGE ( 'NONE', *, *, #5852, .T. ) ;
#3037 = AXIS2_PLACEMENT_3D ( 'NONE', #3686, #1781, #3628 ) ;
#3038 = CARTESIAN_POINT ( 'NONE',  ( 50.99999999999991473, -33.99999999999987210, 0.000000000000000000 ) ) ;
#3039 = VERTEX_POINT ( 'NONE', #10784 ) ;
#3040 = FACE_BOUND ( 'NONE', #882, .T. ) ;
#3041 = AXIS2_PLACEMENT_3D ( 'NONE', #275, #1378, #3097 ) ;
#3042 = CARTESIAN_POINT ( 'NONE',  ( 1.942890293094023946E-13, -51.00000000000032685, 5.000000000000000000 ) ) ;
#3043 = DIRECTION ( 'NONE',  ( -0.000000000000000000, -0.000000000000000000, 1.000000000000000000 ) ) ;
#3044 = DIRECTION ( 'NONE',  ( -0.000000000000000000, -0.000000000000000000, 1.000000000000000000 ) ) ;
#3045 = DIRECTION ( 'NONE',  ( 1.000000000000000000, 0.000000000000000000, 0.000000000000000000 ) ) ;
#3046 = EDGE_LOOP ( 'NONE', ( #5629, #9562 ) ) ;
#3047 = ORIENTED_EDGE ( 'NONE', *, *, #7308, .T. ) ;
#3048 = DIRECTION ( 'NONE',  ( 1.000000000000000000, 0.000000000000000000, 0.000000000000000000 ) ) ;
#3049 = AXIS2_PLACEMENT_3D ( 'NONE', #10262, #11246, #6574 ) ;
#3050 = EDGE_CURVE ( 'NONE', #8039, #2008, #3975, .T. ) ;
#3051 = AXIS2_PLACEMENT_3D ( 'NONE', #9286, #1920, #867 ) ;
#3052 = EDGE_LOOP ( 'NONE', ( #2790, #3273 ) ) ;
#3053 = EDGE_LOOP ( 'NONE', ( #2906, #8907, #10970, #3614 ) ) ;
#3054 = LINE ( 'NONE', #347, #8917 ) ;
#3055 = VERTEX_POINT ( 'NONE', #6118 ) ;
#3056 = CARTESIAN_POINT ( 'NONE',  ( -19.00000000000017053, 68.00000000000036948, 5.000000000000000000 ) ) ;
#3057 = CARTESIAN_POINT ( 'NONE',  ( -67.99999999999960210, -34.00000000000070344, 0.000000000000000000 ) ) ;
#3058 = DIRECTION ( 'NONE',  ( 1.000000000000000000, 0.000000000000000000, 0.000000000000000000 ) ) ;
#3059 = DIRECTION ( 'NONE',  ( -1.000000000000000000, 5.204170427930419434E-17, 0.000000000000000000 ) ) ;
#3060 = ORIENTED_EDGE ( 'NONE', *, *, #8068, .T. ) ;
#3061 = VECTOR ( 'NONE', #8412, 1000.000000000000000 ) ;
#3062 = CARTESIAN_POINT ( 'NONE',  ( -52.99999999999972999, -17.00000000000045830, 0.000000000000000000 ) ) ;
#3063 = EDGE_CURVE ( 'NONE', #5495, #4509, #9868, .T. ) ;
#3064 = DIRECTION ( 'NONE',  ( -0.000000000000000000, -0.000000000000000000, 1.000000000000000000 ) ) ;
#3065 = ORIENTED_EDGE ( 'NONE', *, *, #3050, .F. ) ;
#3066 = ORIENTED_EDGE ( 'NONE', *, *, #1575, .T. ) ;
#3067 = VECTOR ( 'NONE', #841, 1000.000000000000000 ) ;
#3068 = DIRECTION ( 'NONE',  ( -0.000000000000000000, 0.000000000000000000, 1.000000000000000000 ) ) ;
#3069 = CARTESIAN_POINT ( 'NONE',  ( -94.02499999999986358, 75.97499999999998010, 0.000000000000000000 ) ) ;
#3070 = CARTESIAN_POINT ( 'NONE',  ( 84.99999999999947420, 51.00000000000095923, 0.000000000000000000 ) ) ;
#3071 = ORIENTED_EDGE ( 'NONE', *, *, #4917, .T. ) ;
#3072 = CARTESIAN_POINT ( 'NONE',  ( 75.97499999999996589, 0.000000000000000000, 0.000000000000000000 ) ) ;
#3073 = ADVANCED_FACE ( 'NONE', ( #5013 ), #8756, .T. ) ;
#3074 = CARTESIAN_POINT ( 'NONE',  ( -3.122502256758255925E-15, -15.00000000000001954, 5.000000000000000000 ) ) ;
#3075 = EDGE_LOOP ( 'NONE', ( #1249, #5680, #8343, #1285 ) ) ;
#3076 = FACE_OUTER_BOUND ( 'NONE', #4244, .T. ) ;
#3077 = CARTESIAN_POINT ( 'NONE',  ( -79.02499999999996305, 0.000000000000000000, 5.000000000000000000 ) ) ;
#3078 = CIRCLE ( 'NONE', #7003, 15.00000000000001421 ) ;
#3079 = DIRECTION ( 'NONE',  ( -0.000000000000000000, -0.000000000000000000, 1.000000000000000000 ) ) ;
#3080 = EDGE_CURVE ( 'NONE', #1189, #2495, #8892, .T. ) ;
#3081 = ORIENTED_EDGE ( 'NONE', *, *, #611, .T. ) ;
#3082 = EDGE_CURVE ( 'NONE', #8441, #10610, #5433, .T. ) ;
#3083 = EDGE_CURVE ( 'NONE', #4057, #9090, #11647, .T. ) ;
#3084 = VERTEX_POINT ( 'NONE', #4490 ) ;
#3085 = DIRECTION ( 'NONE',  ( -0.000000000000000000, -0.000000000000000000, 1.000000000000000000 ) ) ;
#3086 = CARTESIAN_POINT ( 'NONE',  ( 86.99999999999943157, 68.00000000000109424, 0.000000000000000000 ) ) ;
#3087 = DIRECTION ( 'NONE',  ( 1.000000000000000000, 0.000000000000000000, 0.000000000000000000 ) ) ;
#3088 = DIRECTION ( 'NONE',  ( 0.000000000000000000, 0.000000000000000000, -1.000000000000000000 ) ) ;
#3089 = EDGE_LOOP ( 'NONE', ( #9322, #333, #9201, #4628 ) ) ;
#3090 = CARTESIAN_POINT ( 'NONE',  ( 34.00000000000009948, -68.00000000000022737, 5.000000000000000000 ) ) ;
#3091 = CARTESIAN_POINT ( 'NONE',  ( 2.000000000000195399, -51.00000000000032685, 5.000000000000000000 ) ) ;
#3092 = ORIENTED_EDGE ( 'NONE', *, *, #1146, .T. ) ;
#3093 = ORIENTED_EDGE ( 'NONE', *, *, #10699, .F. ) ;
#3094 = ORIENTED_EDGE ( 'NONE', *, *, #4657, .T. ) ;
#3095 = DIRECTION ( 'NONE',  ( 0.000000000000000000, 0.000000000000000000, 1.000000000000000000 ) ) ;
#3096 = EDGE_LOOP ( 'NONE', ( #7725, #10188 ) ) ;
#3097 = DIRECTION ( 'NONE',  ( 1.000000000000000000, 0.000000000000000000, 0.000000000000000000 ) ) ;
#3098 = CARTESIAN_POINT ( 'NONE',  ( -14.99999999999998757, 17.00000000000001421, 0.000000000000000000 ) ) ;
#3099 = CARTESIAN_POINT ( 'NONE',  ( 75.97499999999996589, 0.000000000000000000, 5.000000000000000000 ) ) ;
#3100 = ADVANCED_FACE ( 'NONE', ( #7272 ), #2661, .F. ) ;
#3101 = PRODUCT_CONTEXT ( 'NONE', #4717, 'mechanical' ) ;
#3102 = CARTESIAN_POINT ( 'NONE',  ( -67.99999999999985789, 33.99999999999976552, 5.000000000000000000 ) ) ;
#3103 = CARTESIAN_POINT ( 'NONE',  ( -50.99999999999992184, 33.99999999999989342, 5.000000000000000000 ) ) ;
#3104 = EDGE_LOOP ( 'NONE', ( #10857, #4039, #10685, #413 ) ) ;
#3105 = EDGE_LOOP ( 'NONE', ( #3129, #4007 ) ) ;
#3106 = DIRECTION ( 'NONE',  ( 1.000000000000000000, 0.000000000000000000, 0.000000000000000000 ) ) ;
#3107 = ORIENTED_EDGE ( 'NONE', *, *, #6446, .T. ) ;
#3108 = ORIENTED_EDGE ( 'NONE', *, *, #6391, .F. ) ;
#3109 = DIRECTION ( 'NONE',  ( 1.000000000000000000, 0.000000000000000000, 0.000000000000000000 ) ) ;
#3110 = EDGE_LOOP ( 'NONE', ( #2001, #6380, #12104, #7320 ) ) ;
#3111 = CARTESIAN_POINT ( 'NONE',  ( 30.00000000000120082, -100.0000000000000142, 5.000000000000000000 ) ) ;
#3112 = CARTESIAN_POINT ( 'NONE',  ( -69.99999999999960210, -34.00000000000070344, 0.000000000000000000 ) ) ;
#3113 = CARTESIAN_POINT ( 'NONE',  ( -69.99999999999954525, -51.00000000000082423, 0.000000000000000000 ) ) ;
#3114 = EDGE_CURVE ( 'NONE', #10220, #2134, #10472, .T. ) ;
#3115 = DIRECTION ( 'NONE',  ( 0.000000000000000000, 0.000000000000000000, 1.000000000000000000 ) ) ;
#3116 = ORIENTED_EDGE ( 'NONE', *, *, #1582, .T. ) ;
#3117 = DIRECTION ( 'NONE',  ( 1.000000000000000000, 0.000000000000000000, 0.000000000000000000 ) ) ;
#3118 = CYLINDRICAL_SURFACE ( 'NONE', #5567, 2.000000000000001776 ) ;
#3119 = AXIS2_PLACEMENT_3D ( 'NONE', #5308, #4375, #175 ) ;
#3120 = VERTEX_POINT ( 'NONE', #9109 ) ;
#3121 = ORIENTED_EDGE ( 'NONE', *, *, #10699, .T. ) ;
#3122 = EDGE_CURVE ( 'NONE', #2438, #11682, #11776, .T. ) ;
#3123 = AXIS2_PLACEMENT_3D ( 'NONE', #2137, #1895, #7611 ) ;
#3124 = PLANE ( 'NONE',  #2851 ) ;
#3126 = AXIS2_PLACEMENT_3D ( 'NONE', #6096, #9846, #1423 ) ;
#3125 = CARTESIAN_POINT ( 'NONE',  ( 52.99999999999997158, -50.99999999999999289, 0.000000000000000000 ) ) ;
#3127 = CARTESIAN_POINT ( 'NONE',  ( -90.97499999999986642, 75.97499999999998010, 0.000000000000000000 ) ) ;
#3128 = CARTESIAN_POINT ( 'NONE',  ( 17.00000000000011369, -51.00000000000022737, 5.000000000000000000 ) ) ;
#3129 = ORIENTED_EDGE ( 'NONE', *, *, #1877, .F. ) ;
#3130 = CARTESIAN_POINT ( 'NONE',  ( -86.99999999999984368, 50.99999999999976552, 5.000000000000000000 ) ) ;
#3131 = EDGE_LOOP ( 'NONE', ( #5250, #6121, #9256, #1112 ) ) ;
#3132 = DIRECTION ( 'NONE',  ( -0.000000000000000000, -0.000000000000000000, 1.000000000000000000 ) ) ;
#3133 = CYLINDRICAL_SURFACE ( 'NONE', #9671, 2.000000000000001776 ) ;
#3134 = AXIS2_PLACEMENT_3D ( 'NONE', #11285, #885, #6665 ) ;
#3135 = CIRCLE ( 'NONE', #4115, 2.000000000000000000 ) ;
#3136 = CYLINDRICAL_SURFACE ( 'NONE', #11082, 2.000000000000001776 ) ;
#3137 = VERTEX_POINT ( 'NONE', #3516 ) ;
#3138 = EDGE_CURVE ( 'NONE', #8441, #8544, #1681, .T. ) ;
#3139 = EDGE_CURVE ( 'NONE', #6554, #7011, #5540, .T. ) ;
#3140 = ORIENTED_EDGE ( 'NONE', *, *, #831, .T. ) ;
#3141 = CARTESIAN_POINT ( 'NONE',  ( 52.99999999999962341, 51.00000000000071054, 5.000000000000000000 ) ) ;
#3142 = PLANE ( 'NONE',  #7957 ) ;
#3143 = VECTOR ( 'NONE', #9865, 1000.000000000000000 ) ;
#3144 = VERTEX_POINT ( 'NONE', #2598 ) ;
#3145 = DIRECTION ( 'NONE',  ( 1.000000000000000000, 0.000000000000000000, 0.000000000000000000 ) ) ;
#3146 = FACE_OUTER_BOUND ( 'NONE', #10035, .T. ) ;
#3147 = VERTEX_POINT ( 'NONE', #6294 ) ;
#3148 = CARTESIAN_POINT ( 'NONE',  ( 36.00000000000003553, -51.00000000000010658, 0.000000000000000000 ) ) ;
#3149 = EDGE_CURVE ( 'NONE', #832, #4815, #12029, .T. ) ;
#3150 = CARTESIAN_POINT ( 'NONE',  ( 1.249000902703301108E-13, -34.00000000000022737, 5.000000000000000000 ) ) ;
#3151 = EDGE_LOOP ( 'NONE', ( #1266, #4637 ) ) ;
#3152 = ADVANCED_FACE ( 'NONE', ( #3466 ), #11897, .F. ) ;
#3153 = EDGE_CURVE ( 'NONE', #10546, #4266, #6355, .T. ) ;
#3154 = ORIENTED_EDGE ( 'NONE', *, *, #1947, .T. ) ;
#3155 = DIRECTION ( 'NONE',  ( 1.000000000000000000, 0.000000000000000000, 0.000000000000000000 ) ) ;
#3156 = ORIENTED_EDGE ( 'NONE', *, *, #2544, .F. ) ;
#3157 = DIRECTION ( 'NONE',  ( -0.000000000000000000, -0.000000000000000000, -1.000000000000000000 ) ) ;
#3158 = DIRECTION ( 'NONE',  ( -0.000000000000000000, -0.000000000000000000, 1.000000000000000000 ) ) ;
#3159 = CARTESIAN_POINT ( 'NONE',  ( 50.99999999999950262, 85.00000000000096634, 5.000000000000000000 ) ) ;
#3160 = FACE_BOUND ( 'NONE', #2354, .T. ) ;
#3161 = CARTESIAN_POINT ( 'NONE',  ( -34.00000000000015632, 85.00000000000038369, 5.000000000000000000 ) ) ;
#3162 = CARTESIAN_POINT ( 'NONE',  ( -18.99999999999987921, -17.00000000000022382, 0.000000000000000000 ) ) ;
#3163 = EDGE_LOOP ( 'NONE', ( #3304, #524, #5634, #3066 ) ) ;
#3164 = VERTEX_POINT ( 'NONE', #4264 ) ;
#3165 = LINE ( 'NONE', #1386, #6920 ) ;
#3166 = EDGE_CURVE ( 'NONE', #9649, #11544, #2604, .T. ) ;
#3167 = ORIENTED_EDGE ( 'NONE', *, *, #1055, .T. ) ;
#3168 = ADVANCED_FACE ( 'NONE', ( #7335 ), #9049, .F. ) ;
#3169 = AXIS2_PLACEMENT_3D ( 'NONE', #9374, #7600, #6728 ) ;
#3170 = ORIENTED_EDGE ( 'NONE', *, *, #3215, .F. ) ;
#3171 = CARTESIAN_POINT ( 'NONE',  ( 29.99999999999960920, 115.0000000000000142, 5.000000000000000000 ) ) ;
#3172 = ORIENTED_EDGE ( 'NONE', *, *, #2203, .T. ) ;
#3173 = LINE ( 'NONE', #11671, #5010 ) ;
#3174 = LINE ( 'NONE', #2376, #650 ) ;
#3175 = DIRECTION ( 'NONE',  ( 0.000000000000000000, 0.000000000000000000, 1.000000000000000000 ) ) ;
#3176 = DIRECTION ( 'NONE',  ( 0.000000000000000000, 0.000000000000000000, 1.000000000000000000 ) ) ;
#3177 = ORIENTED_EDGE ( 'NONE', *, *, #9606, .T. ) ;
#3178 = CARTESIAN_POINT ( 'NONE',  ( 18.99999999999987921, 17.00000000000025224, 0.000000000000000000 ) ) ;
#3179 = AXIS2_PLACEMENT_3D ( 'NONE', #4621, #8372, #9548 ) ;
#3180 = AXIS2_PLACEMENT_3D ( 'NONE', #8714, #5895, #4779 ) ;
#3181 = ORIENTED_EDGE ( 'NONE', *, *, #1270, .T. ) ;
#3182 = ADVANCED_FACE ( 'NONE', ( #9934 ), #7096, .F. ) ;
#3183 = VERTEX_POINT ( 'NONE', #6242 ) ;
#3184 = AXIS2_PLACEMENT_3D ( 'NONE', #7261, #7323, #2650 ) ;
#3185 = VECTOR ( 'NONE', #11350, 1000.000000000000000 ) ;
#3186 = CARTESIAN_POINT ( 'NONE',  ( -84.99999999999958789, -17.00000000000071054, 0.000000000000000000 ) ) ;
#3187 = CARTESIAN_POINT ( 'NONE',  ( 67.99999999999948841, 68.00000000000098055, 0.000000000000000000 ) ) ;
#3188 = DIRECTION ( 'NONE',  ( 0.000000000000000000, 1.000000000000000000, -0.000000000000000000 ) ) ;
#3189 = DIRECTION ( 'NONE',  ( 0.000000000000000000, -0.000000000000000000, -1.000000000000000000 ) ) ;
#3190 = ORIENTED_EDGE ( 'NONE', *, *, #7883, .T. ) ;
#3191 = CYLINDRICAL_SURFACE ( 'NONE', #8582, 2.000000000000001776 ) ;
#3192 = EDGE_LOOP ( 'NONE', ( #3060, #9069 ) ) ;
#3193 = DIRECTION ( 'NONE',  ( 0.000000000000000000, 0.000000000000000000, 1.000000000000000000 ) ) ;
#3194 = DIRECTION ( 'NONE',  ( 1.000000000000000000, 0.000000000000000000, 0.000000000000000000 ) ) ;
#3195 = AXIS2_PLACEMENT_3D ( 'NONE', #8457, #9326, #9572 ) ;
#3196 = AXIS2_PLACEMENT_3D ( 'NONE', #2217, #5974, #6090 ) ;
#3197 = AXIS2_PLACEMENT_3D ( 'NONE', #9169, #4320, #522 ) ;
#3198 = DIRECTION ( 'NONE',  ( 1.000000000000000000, 0.000000000000000000, 0.000000000000000000 ) ) ;
#3199 = CIRCLE ( 'NONE', #6542, 2.000000000000001776 ) ;
#3200 = ORIENTED_EDGE ( 'NONE', *, *, #1867, .F. ) ;
#3201 = ORIENTED_EDGE ( 'NONE', *, *, #5702, .T. ) ;
#3202 = LINE ( 'NONE', #10824, #770 ) ;
#3203 = DIRECTION ( 'NONE',  ( 1.000000000000000000, 0.000000000000000000, 0.000000000000000000 ) ) ;
#3204 = VECTOR ( 'NONE', #2554, 1000.000000000000000 ) ;
#3205 = DIRECTION ( 'NONE',  ( -0.000000000000000000, -0.000000000000000000, 1.000000000000000000 ) ) ;
#3206 = CIRCLE ( 'NONE', #6742, 2.000000000000001776 ) ;
#3207 = ORIENTED_EDGE ( 'NONE', *, *, #6901, .F. ) ;
#3208 = AXIS2_PLACEMENT_3D ( 'NONE', #5301, #3333, #1605 ) ;
#3209 = DIRECTION ( 'NONE',  ( -0.000000000000000000, -0.000000000000000000, 1.000000000000000000 ) ) ;
#3210 = DIRECTION ( 'NONE',  ( -1.000000000000000000, 0.000000000000000000, 0.000000000000000000 ) ) ;
#3211 = ORIENTED_EDGE ( 'NONE', *, *, #1886, .F. ) ;
#3212 = CARTESIAN_POINT ( 'NONE',  ( 67.99999999999978684, -16.99999999999964118, 0.000000000000000000 ) ) ;
#3213 = FACE_OUTER_BOUND ( 'NONE', #10808, .T. ) ;
#3214 = EDGE_LOOP ( 'NONE', ( #9520, #11054, #9312, #1542 ) ) ;
#3215 = EDGE_CURVE ( 'NONE', #472, #618, #635, .T. ) ;
#3216 = VECTOR ( 'NONE', #7778, 1000.000000000000000 ) ;
#3217 = AXIS2_PLACEMENT_3D ( 'NONE', #8295, #6581, #796 ) ;
#3218 = ORIENTED_EDGE ( 'NONE', *, *, #5322, .F. ) ;
#3219 = CARTESIAN_POINT ( 'NONE',  ( 14.99999999999987210, 17.00000000000025224, 5.000000000000000000 ) ) ;
#3220 = EDGE_CURVE ( 'NONE', #4266, #581, #6186, .T. ) ;
#3221 = CARTESIAN_POINT ( 'NONE',  ( 0.000000000000000000, 0.000000000000000000, 5.000000000000000000 ) ) ;
#3222 = FACE_OUTER_BOUND ( 'NONE', #10542, .T. ) ;
#3223 = CARTESIAN_POINT ( 'NONE',  ( -69.99999999999991473, 50.99999999999990763, 0.000000000000000000 ) ) ;
#3224 = AXIS2_PLACEMENT_3D ( 'NONE', #10694, #8047, #4235 ) ;
#3225 = FACE_BOUND ( 'NONE', #11368, .T. ) ;
#3226 = DIRECTION ( 'NONE',  ( 1.000000000000000000, 0.000000000000000000, 0.000000000000000000 ) ) ;
#3227 = CARTESIAN_POINT ( 'NONE',  ( 79.02499999999996305, 79.02499999999997726, 5.000000000000000000 ) ) ;
#3228 = ORIENTED_EDGE ( 'NONE', *, *, #3149, .F. ) ;
#3229 = VECTOR ( 'NONE', #8764, 1000.000000000000000 ) ;
#3230 = EDGE_LOOP ( 'NONE', ( #2654, #998, #9186, #10356 ) ) ;
#3231 = CARTESIAN_POINT ( 'NONE',  ( -34.00000000000004263, 51.00000000000012790, 0.000000000000000000 ) ) ;
#3232 = EDGE_CURVE ( 'NONE', #8832, #4018, #6526, .T. ) ;
#3233 = VERTEX_POINT ( 'NONE', #3881 ) ;
#3234 = AXIS2_PLACEMENT_3D ( 'NONE', #6951, #2101, #7869 ) ;
#3235 = EDGE_CURVE ( 'NONE', #2150, #223, #9673, .T. ) ;
#3236 = VERTEX_POINT ( 'NONE', #9419 ) ;
#3237 = CIRCLE ( 'NONE', #10113, 2.000000000000001776 ) ;
#3238 = DIRECTION ( 'NONE',  ( 1.000000000000000000, 0.000000000000000000, 0.000000000000000000 ) ) ;
#3239 = VERTEX_POINT ( 'NONE', #1987 ) ;
#3240 = EDGE_CURVE ( 'NONE', #9400, #8555, #6733, .T. ) ;
#3241 = FACE_OUTER_BOUND ( 'NONE', #6543, .T. ) ;
#3242 = EDGE_CURVE ( 'NONE', #4342, #86, #9478, .T. ) ;
#3243 = LINE ( 'NONE', #6992, #6538 ) ;
#3244 = CARTESIAN_POINT ( 'NONE',  ( -33.99999999999975131, -34.00000000000046896, 0.000000000000000000 ) ) ;
#3245 = DIRECTION ( 'NONE',  ( 0.000000000000000000, 0.000000000000000000, 1.000000000000000000 ) ) ;
#3246 = ORIENTED_EDGE ( 'NONE', *, *, #8704, .T. ) ;
#3247 = CYLINDRICAL_SURFACE ( 'NONE', #7894, 2.000000000000001776 ) ;
#3248 = AXIS2_PLACEMENT_3D ( 'NONE', #1424, #10707, #6097 ) ;
#3249 = ADVANCED_FACE ( 'NONE', ( #1791 ), #8433, .F. ) ;
#3250 = AXIS2_PLACEMENT_3D ( 'NONE', #1786, #6647, #11998 ) ;
#3251 = ORIENTED_EDGE ( 'NONE', *, *, #4801, .T. ) ;
#3252 = ORIENTED_EDGE ( 'NONE', *, *, #3755, .T. ) ;
#3253 = CIRCLE ( 'NONE', #6983, 2.000000000000001776 ) ;
#3254 = AXIS2_PLACEMENT_3D ( 'NONE', #2346, #6041, #4301 ) ;
#3255 = CARTESIAN_POINT ( 'NONE',  ( -99.99999999999994316, 0.000000000000000000, 5.000000000000000000 ) ) ;
#3256 = DIRECTION ( 'NONE',  ( 1.000000000000000000, 0.000000000000000000, 0.000000000000000000 ) ) ;
#3257 = CARTESIAN_POINT ( 'NONE',  ( -48.99999999999980815, -3.330669073875469621E-13, 0.000000000000000000 ) ) ;
#3258 = DIRECTION ( 'NONE',  ( -0.000000000000000000, -0.000000000000000000, 1.000000000000000000 ) ) ;
#3259 = ORIENTED_EDGE ( 'NONE', *, *, #10563, .T. ) ;
#3260 = CARTESIAN_POINT ( 'NONE',  ( 2.498001805406602216E-13, -68.00000000000044054, 5.000000000000000000 ) ) ;
#3261 = ORIENTED_EDGE ( 'NONE', *, *, #4654, .F. ) ;
#3262 = EDGE_CURVE ( 'NONE', #1795, #7483, #2221, .T. ) ;
#3263 = CARTESIAN_POINT ( 'NONE',  ( 2.000000000000306422, -85.00000000000055422, 5.000000000000000000 ) ) ;
#3264 = LINE ( 'NONE', #8909, #10471 ) ;
#3265 = VECTOR ( 'NONE', #8369, 1000.000000000000000 ) ;
#3266 = LINE ( 'NONE', #10528, #6375 ) ;
#3267 = VERTEX_POINT ( 'NONE', #8497 ) ;
#3268 = ORIENTED_EDGE ( 'NONE', *, *, #11937, .F. ) ;
#3269 = DIRECTION ( 'NONE',  ( 1.000000000000000000, 0.000000000000000000, 0.000000000000000000 ) ) ;
#3270 = CARTESIAN_POINT ( 'NONE',  ( 75.97499999999996589, 0.000000000000000000, 5.000000000000000000 ) ) ;
#3271 = CYLINDRICAL_SURFACE ( 'NONE', #4821, 2.000000000000001776 ) ;
#3272 = AXIS2_PLACEMENT_3D ( 'NONE', #5420, #11706, #11004 ) ;
#3273 = ORIENTED_EDGE ( 'NONE', *, *, #2272, .F. ) ;
#3274 = DIRECTION ( 'NONE',  ( 1.000000000000000000, 0.000000000000000000, 0.000000000000000000 ) ) ;
#3275 = DIRECTION ( 'NONE',  ( 1.000000000000000000, 0.000000000000000000, 0.000000000000000000 ) ) ;
#3276 = ORIENTED_EDGE ( 'NONE', *, *, #11951, .F. ) ;
#3277 = ADVANCED_FACE ( 'NONE', ( #12124 ), #6714, .F. ) ;
#3278 = DIRECTION ( 'NONE',  ( 1.000000000000000000, 0.000000000000000000, 0.000000000000000000 ) ) ;
#3279 = DIRECTION ( 'NONE',  ( 0.000000000000000000, 0.000000000000000000, 1.000000000000000000 ) ) ;
#3280 = ORIENTED_EDGE ( 'NONE', *, *, #10327, .F. ) ;
#3281 = AXIS2_PLACEMENT_3D ( 'NONE', #1494, #4364, #438 ) ;
#3282 = VERTEX_POINT ( 'NONE', #4677 ) ;
#3283 = EDGE_CURVE ( 'NONE', #11505, #9556, #2903, .T. ) ;
#3284 = DIRECTION ( 'NONE',  ( 1.000000000000000000, 0.000000000000000000, 0.000000000000000000 ) ) ;
#3285 = CARTESIAN_POINT ( 'NONE',  ( 90.97499999999986642, -79.02499999999997726, 0.000000000000000000 ) ) ;
#3286 = DIRECTION ( 'NONE',  ( 1.000000000000000000, 0.000000000000000000, 0.000000000000000000 ) ) ;
#3287 = DIRECTION ( 'NONE',  ( 1.000000000000000000, 0.000000000000000000, 0.000000000000000000 ) ) ;
#3288 = FACE_BOUND ( 'NONE', #6188, .T. ) ;
#3289 = DIRECTION ( 'NONE',  ( 0.000000000000000000, 0.000000000000000000, 1.000000000000000000 ) ) ;
#3290 = DIRECTION ( 'NONE',  ( 1.000000000000000000, 0.000000000000000000, 0.000000000000000000 ) ) ;
#3291 = VERTEX_POINT ( 'NONE', #9483 ) ;
#3292 = ORIENTED_EDGE ( 'NONE', *, *, #1654, .F. ) ;
#3293 = CARTESIAN_POINT ( 'NONE',  ( -69.99999999999943157, -85.00000000000106581, 0.000000000000000000 ) ) ;
#3294 = EDGE_LOOP ( 'NONE', ( #4404, #9474, #10296, #2732 ) ) ;
#3295 = EDGE_LOOP ( 'NONE', ( #10292, #10821, #9162, #4458 ) ) ;
#3296 = EDGE_CURVE ( 'NONE', #1374, #673, #1065, .T. ) ;
#3297 = CARTESIAN_POINT ( 'NONE',  ( 33.99999999999997868, -33.99999999999998579, 5.000000000000000000 ) ) ;
#3298 = VERTEX_POINT ( 'NONE', #10478 ) ;
#3299 = FACE_BOUND ( 'NONE', #2909, .T. ) ;
#3300 = CARTESIAN_POINT ( 'NONE',  ( -86.99999999999972999, 16.99999999999953104, 5.000000000000000000 ) ) ;
#3301 = DIRECTION ( 'NONE',  ( -0.000000000000000000, -0.000000000000000000, 1.000000000000000000 ) ) ;
#3302 = CARTESIAN_POINT ( 'NONE',  ( 17.00000000000004263, -34.00000000000010658, 0.000000000000000000 ) ) ;
#3303 = CARTESIAN_POINT ( 'NONE',  ( 33.99999999999992184, -16.99999999999987566, 0.000000000000000000 ) ) ;
#3304 = ORIENTED_EDGE ( 'NONE', *, *, #8782, .F. ) ;
#3305 = DIRECTION ( 'NONE',  ( -0.000000000000000000, -0.000000000000000000, 1.000000000000000000 ) ) ;
#3306 = EDGE_CURVE ( 'NONE', #1158, #10166, #2025, .T. ) ;
#3307 = EDGE_CURVE ( 'NONE', #4236, #12005, #1639, .T. ) ;
#3308 = ORIENTED_EDGE ( 'NONE', *, *, #7416, .T. ) ;
#3309 = VERTEX_POINT ( 'NONE', #809 ) ;
#3310 = EDGE_CURVE ( 'NONE', #1072, #1390, #8310, .T. ) ;
#3311 = DIRECTION ( 'NONE',  ( 1.000000000000000000, 0.000000000000000000, 0.000000000000000000 ) ) ;
#3312 = CARTESIAN_POINT ( 'NONE',  ( -75.97499999999996589, 0.000000000000000000, 5.000000000000000000 ) ) ;
#3313 = LINE ( 'NONE', #419, #9739 ) ;
#3314 = CARTESIAN_POINT ( 'NONE',  ( 99.99999999999994316, -30.00000000000001421, 5.000000000000000000 ) ) ;
#3315 = VECTOR ( 'NONE', #5524, 1000.000000000000000 ) ;
#3316 = ORIENTED_EDGE ( 'NONE', *, *, #5046, .T. ) ;
#3317 = CARTESIAN_POINT ( 'NONE',  ( -67.99999999999954525, -51.00000000000082423, 5.000000000000000000 ) ) ;
#3318 = ORIENTED_EDGE ( 'NONE', *, *, #5208, .F. ) ;
#3319 = DIRECTION ( 'NONE',  ( 1.000000000000000000, 0.000000000000000000, 0.000000000000000000 ) ) ;
#3320 = DIRECTION ( 'NONE',  ( 1.000000000000000000, 0.000000000000000000, 0.000000000000000000 ) ) ;
#3321 = EDGE_CURVE ( 'NONE', #8544, #5574, #5614, .T. ) ;
#3322 = ORIENTED_EDGE ( 'NONE', *, *, #7264, .F. ) ;
#3323 = AXIS2_PLACEMENT_3D ( 'NONE', #7242, #7189, #2567 ) ;
#3324 = ORIENTED_EDGE ( 'NONE', *, *, #9796, .T. ) ;
#3325 = EDGE_CURVE ( 'NONE', #9188, #9376, #7730, .T. ) ;
#3326 = DIRECTION ( 'NONE',  ( -0.000000000000000000, -0.000000000000000000, 1.000000000000000000 ) ) ;
#3327 = CYLINDRICAL_SURFACE ( 'NONE', #7553, 2.000000000000000000 ) ;
#3328 = DIRECTION ( 'NONE',  ( -0.000000000000000000, -0.000000000000000000, 1.000000000000000000 ) ) ;
#3329 = ORIENTED_EDGE ( 'NONE', *, *, #11039, .F. ) ;
#3330 = DIRECTION ( 'NONE',  ( -0.000000000000000000, -0.000000000000000000, 1.000000000000000000 ) ) ;
#3331 = CARTESIAN_POINT ( 'NONE',  ( 82.99999999999941735, 68.00000000000109424, 5.000000000000000000 ) ) ;
#3332 = ORIENTED_EDGE ( 'NONE', *, *, #4328, .F. ) ;
#3333 = DIRECTION ( 'NONE',  ( 0.000000000000000000, 0.000000000000000000, 1.000000000000000000 ) ) ;
#3334 = CARTESIAN_POINT ( 'NONE',  ( 4.139448346937463700E-13, 90.97500000000037801, 5.000000000000000000 ) ) ;
#3335 = VECTOR ( 'NONE', #822, 1000.000000000000000 ) ;
#3336 = VERTEX_POINT ( 'NONE', #6470 ) ;
#3337 = CIRCLE ( 'NONE', #2736, 2.000000000000000888 ) ;
#3338 = EDGE_CURVE ( 'NONE', #3137, #3483, #3401, .T. ) ;
#3339 = ORIENTED_EDGE ( 'NONE', *, *, #130, .T. ) ;
#3340 = AXIS2_PLACEMENT_3D ( 'NONE', #6466, #7396, #3819 ) ;
#3341 = CARTESIAN_POINT ( 'NONE',  ( 33.99999999999997868, -33.99999999999998579, 0.000000000000000000 ) ) ;
#3342 = CARTESIAN_POINT ( 'NONE',  ( 84.99999999999988631, -100.0000000000000284, 5.000000000000000000 ) ) ;
#3343 = DIRECTION ( 'NONE',  ( -0.000000000000000000, -0.000000000000000000, 1.000000000000000000 ) ) ;
#3344 = CYLINDRICAL_SURFACE ( 'NONE', #9624, 2.000000000000001776 ) ;
#3345 = FACE_BOUND ( 'NONE', #6003, .T. ) ;
#3346 = DIRECTION ( 'NONE',  ( 0.000000000000000000, 0.000000000000000000, -1.000000000000000000 ) ) ;
#3347 = LINE ( 'NONE', #4084, #5140 ) ;
#3348 = EDGE_LOOP ( 'NONE', ( #11406, #2313, #10514, #7665 ) ) ;
#3349 = EDGE_LOOP ( 'NONE', ( #11161, #4753 ) ) ;
#3350 = DIRECTION ( 'NONE',  ( 0.000000000000000000, 0.000000000000000000, 1.000000000000000000 ) ) ;
#3351 = AXIS2_PLACEMENT_3D ( 'NONE', #8368, #12121, #3635 ) ;
#3352 = ORIENTED_EDGE ( 'NONE', *, *, #3505, .F. ) ;
#3353 = VERTEX_POINT ( 'NONE', #11204 ) ;
#3354 = ORIENTED_EDGE ( 'NONE', *, *, #2203, .F. ) ;
#3355 = FACE_BOUND ( 'NONE', #3836, .T. ) ;
#3356 = CIRCLE ( 'NONE', #4332, 2.000000000000001776 ) ;
#3357 = CARTESIAN_POINT ( 'NONE',  ( -34.00000000000009948, 68.00000000000025580, 5.000000000000000000 ) ) ;
#3358 = DIRECTION ( 'NONE',  ( -0.000000000000000000, -0.000000000000000000, 1.000000000000000000 ) ) ;
#3359 = CARTESIAN_POINT ( 'NONE',  ( -2.775557561562891351E-13, 85.00000000000055422, 5.000000000000000000 ) ) ;
#3360 = CYLINDRICAL_SURFACE ( 'NONE', #8656, 2.000000000000000000 ) ;
#3361 = ORIENTED_EDGE ( 'NONE', *, *, #7617, .F. ) ;
#3362 = LINE ( 'NONE', #3178, #9863 ) ;
#3363 = ADVANCED_FACE ( 'NONE', ( #6531 ), #932, .F. ) ;
#3364 = VECTOR ( 'NONE', #5628, 1000.000000000000000 ) ;
#3365 = ORIENTED_EDGE ( 'NONE', *, *, #10051, .F. ) ;
#3366 = VERTEX_POINT ( 'NONE', #4870 ) ;
#3367 = ADVANCED_FACE ( 'NONE', ( #5803 ), #9547, .F. ) ;
#3368 = DIRECTION ( 'NONE',  ( 0.000000000000000000, 0.000000000000000000, 1.000000000000000000 ) ) ;
#3369 = CARTESIAN_POINT ( 'NONE',  ( -5.164363622273674387E-13, 150.0000000000000000, 5.000000000000000000 ) ) ;
#3370 = DIRECTION ( 'NONE',  ( 1.000000000000000000, 0.000000000000000000, 0.000000000000000000 ) ) ;
#3371 = ADVANCED_FACE ( 'NONE', ( #5121 ), #10715, .F. ) ;
#3372 = DIRECTION ( 'NONE',  ( 0.000000000000000000, 1.000000000000000000, -0.000000000000000000 ) ) ;
#3373 = AXIS2_PLACEMENT_3D ( 'NONE', #9869, #7838, #2249 ) ;
#3374 = VERTEX_POINT ( 'NONE', #3029 ) ;
#3375 = AXIS2_PLACEMENT_3D ( 'NONE', #4338, #3426, #4159 ) ;
#3376 = DIRECTION ( 'NONE',  ( -0.000000000000000000, -0.000000000000000000, 1.000000000000000000 ) ) ;
#3377 = CARTESIAN_POINT ( 'NONE',  ( -99.99999999999994316, 30.00000000000001421, 5.000000000000000000 ) ) ;
#3378 = DIRECTION ( 'NONE',  ( 0.000000000000000000, 0.000000000000000000, 1.000000000000000000 ) ) ;
#3379 = EDGE_CURVE ( 'NONE', #7378, #4057, #326, .T. ) ;
#3380 = ORIENTED_EDGE ( 'NONE', *, *, #11614, .F. ) ;
#3381 = CIRCLE ( 'NONE', #7893, 2.000000000000001776 ) ;
#3382 = ORIENTED_EDGE ( 'NONE', *, *, #12164, .T. ) ;
#3383 = CIRCLE ( 'NONE', #2401, 2.000000000000001776 ) ;
#3384 = CARTESIAN_POINT ( 'NONE',  ( -15.00000000000004263, 34.00000000000012790, 0.000000000000000000 ) ) ;
#3385 = VECTOR ( 'NONE', #6256, 1000.000000000000000 ) ;
#3386 = DIRECTION ( 'NONE',  ( 0.000000000000000000, 0.000000000000000000, 1.000000000000000000 ) ) ;
#3387 = EDGE_CURVE ( 'NONE', #1932, #10817, #5859, .T. ) ;
#3388 = ORIENTED_EDGE ( 'NONE', *, *, #10851, .F. ) ;
#3389 = CARTESIAN_POINT ( 'NONE',  ( 50.99999999999962341, 51.00000000000071054, 5.000000000000000000 ) ) ;
#3390 = CARTESIAN_POINT ( 'NONE',  ( -69.99999999999943157, -85.00000000000106581, 5.000000000000000000 ) ) ;
#3391 = CIRCLE ( 'NONE', #10259, 2.000000000000001776 ) ;
#3392 = ORIENTED_EDGE ( 'NONE', *, *, #11896, .F. ) ;
#3393 = DIRECTION ( 'NONE',  ( 0.000000000000000000, -0.000000000000000000, 1.000000000000000000 ) ) ;
#3394 = CARTESIAN_POINT ( 'NONE',  ( -79.02499999999996305, 0.000000000000000000, 5.000000000000000000 ) ) ;
#3395 = CIRCLE ( 'NONE', #11440, 2.000000000000000888 ) ;
#3396 = VECTOR ( 'NONE', #3346, 1000.000000000000000 ) ;
#3397 = EDGE_CURVE ( 'NONE', #5089, #7087, #2298, .T. ) ;
#3398 = VECTOR ( 'NONE', #6305, 1000.000000000000000 ) ;
#3399 = AXIS2_PLACEMENT_3D ( 'NONE', #9904, #3492, #10077 ) ;
#3400 = VERTEX_POINT ( 'NONE', #9792 ) ;
#3401 = CIRCLE ( 'NONE', #7135, 2.000000000000001776 ) ;
#3402 = AXIS2_PLACEMENT_3D ( 'NONE', #6440, #7373, #9197 ) ;
#3403 = CARTESIAN_POINT ( 'NONE',  ( -33.99999999999963052, -68.00000000000069633, 5.000000000000000000 ) ) ;
#3404 = CARTESIAN_POINT ( 'NONE',  ( -1.999999999999806599, -51.00000000000032685, 0.000000000000000000 ) ) ;
#3405 = CARTESIAN_POINT ( 'NONE',  ( -69.99999999999997158, 68.00000000000002842, 5.000000000000000000 ) ) ;
#3406 = FACE_OUTER_BOUND ( 'NONE', #465, .T. ) ;
#3407 = FACE_BOUND ( 'NONE', #4812, .T. ) ;
#3408 = DIRECTION ( 'NONE',  ( -0.000000000000000000, -0.000000000000000000, 1.000000000000000000 ) ) ;
#3409 = VERTEX_POINT ( 'NONE', #385 ) ;
#3410 = ORIENTED_EDGE ( 'NONE', *, *, #8141, .F. ) ;
#3411 = LINE ( 'NONE', #1326, #4951 ) ;
#3412 = AXIS2_PLACEMENT_3D ( 'NONE', #6238, #4437, #8013 ) ;
#3413 = EDGE_CURVE ( 'NONE', #7340, #2876, #10874, .T. ) ;
#3414 = VECTOR ( 'NONE', #61, 1000.000000000000000 ) ;
#3415 = ORIENTED_EDGE ( 'NONE', *, *, #7605, .F. ) ;
#3416 = EDGE_LOOP ( 'NONE', ( #281, #416, #541, #2153 ) ) ;
#3417 = CIRCLE ( 'NONE', #5779, 2.000000000000001776 ) ;
#3418 = EDGE_LOOP ( 'NONE', ( #943, #7016, #3896, #637 ) ) ;
#3419 = LINE ( 'NONE', #534, #6967 ) ;
#3420 = AXIS2_PLACEMENT_3D ( 'NONE', #4173, #4293, #8908 ) ;
#3421 = CARTESIAN_POINT ( 'NONE',  ( 69.99999999999972999, 4.857225732735059864E-13, 0.000000000000000000 ) ) ;
#3422 = DIRECTION ( 'NONE',  ( 0.000000000000000000, 0.000000000000000000, 1.000000000000000000 ) ) ;
#3423 = DIRECTION ( 'NONE',  ( -1.000000000000000000, 0.000000000000000000, 0.000000000000000000 ) ) ;
#3424 = FACE_OUTER_BOUND ( 'NONE', #11587, .T. ) ;
#3425 = ORIENTED_EDGE ( 'NONE', *, *, #5193, .F. ) ;
#3426 = DIRECTION ( 'NONE',  ( 0.000000000000000000, 0.000000000000000000, 1.000000000000000000 ) ) ;
#3427 = EDGE_CURVE ( 'NONE', #8562, #11382, #10539, .T. ) ;
#3428 = AXIS2_PLACEMENT_3D ( 'NONE', #6462, #691, #4435 ) ;
#3429 = VERTEX_POINT ( 'NONE', #264 ) ;
#3430 = ORIENTED_EDGE ( 'NONE', *, *, #11463, .F. ) ;
#3431 = CARTESIAN_POINT ( 'NONE',  ( -3.595712070532895536E-13, -79.02499999999960778, 5.000000000000000000 ) ) ;
#3432 = DIRECTION ( 'NONE',  ( -0.000000000000000000, -0.000000000000000000, 1.000000000000000000 ) ) ;
#3433 = AXIS2_PLACEMENT_3D ( 'NONE', #5605, #1852, #4799 ) ;
#3434 = EDGE_CURVE ( 'NONE', #3584, #9294, #2230, .T. ) ;
#3435 = DIRECTION ( 'NONE',  ( 0.000000000000000000, 0.000000000000000000, 1.000000000000000000 ) ) ;
#3436 = CARTESIAN_POINT ( 'NONE',  ( 84.99999999999941735, 68.00000000000109424, 0.000000000000000000 ) ) ;
#3437 = ORIENTED_EDGE ( 'NONE', *, *, #10957, .F. ) ;
#3438 = AXIS2_PLACEMENT_3D ( 'NONE', #148, #3892, #10489 ) ;
#3439 = CARTESIAN_POINT ( 'NONE',  ( 16.99999999999993250, 1.387778780781445676E-13, 0.000000000000000000 ) ) ;
#3440 = DIRECTION ( 'NONE',  ( 1.000000000000000000, 0.000000000000000000, 0.000000000000000000 ) ) ;
#3441 = DIRECTION ( 'NONE',  ( 1.000000000000000000, 0.000000000000000000, 0.000000000000000000 ) ) ;
#3442 = ORIENTED_EDGE ( 'NONE', *, *, #3642, .F. ) ;
#3443 = AXIS2_PLACEMENT_3D ( 'NONE', #1905, #3986, #6508 ) ;
#3444 = VERTEX_POINT ( 'NONE', #11523 ) ;
#3445 = CIRCLE ( 'NONE', #7372, 2.000000000000001776 ) ;
#3446 = DIRECTION ( 'NONE',  ( 1.000000000000000000, 0.000000000000000000, 0.000000000000000000 ) ) ;
#3447 = EDGE_CURVE ( 'NONE', #4868, #9506, #1825, .T. ) ;
#3448 = FACE_OUTER_BOUND ( 'NONE', #6454, .T. ) ;
#3449 = ORIENTED_EDGE ( 'NONE', *, *, #6237, .T. ) ;
#3450 = DIRECTION ( 'NONE',  ( -0.000000000000000000, -0.000000000000000000, 1.000000000000000000 ) ) ;
#3451 = DIRECTION ( 'NONE',  ( 1.000000000000000000, 0.000000000000000000, 0.000000000000000000 ) ) ;
#3452 = ORIENTED_EDGE ( 'NONE', *, *, #105, .T. ) ;
#3453 = CARTESIAN_POINT ( 'NONE',  ( 19.00000000000004619, -34.00000000000010658, 5.000000000000000000 ) ) ;
#3454 = LINE ( 'NONE', #1724, #9471 ) ;
#3455 = ADVANCED_FACE ( 'NONE', ( #8679 ), #4999, .F. ) ;
#3456 = EDGE_CURVE ( 'NONE', #10964, #2297, #10081, .T. ) ;
#3457 = EDGE_CURVE ( 'NONE', #12129, #1374, #1241, .T. ) ;
#3458 = ORIENTED_EDGE ( 'NONE', *, *, #7772, .F. ) ;
#3459 = VECTOR ( 'NONE', #2278, 1000.000000000000000 ) ;
#3460 = EDGE_CURVE ( 'NONE', #367, #10002, #4974, .T. ) ;
#3461 = DIRECTION ( 'NONE',  ( -0.000000000000000000, -0.000000000000000000, 1.000000000000000000 ) ) ;
#3462 = CARTESIAN_POINT ( 'NONE',  ( 82.99999999999941735, 68.00000000000109424, 0.000000000000000000 ) ) ;
#3463 = DIRECTION ( 'NONE',  ( 1.000000000000000000, 0.000000000000000000, 0.000000000000000000 ) ) ;
#3464 = CARTESIAN_POINT ( 'NONE',  ( -16.99999999999998579, 17.00000000000001421, 5.000000000000000000 ) ) ;
#3465 = FACE_BOUND ( 'NONE', #783, .T. ) ;
#3466 = FACE_OUTER_BOUND ( 'NONE', #8758, .T. ) ;
#3467 = ORIENTED_EDGE ( 'NONE', *, *, #798, .T. ) ;
#3468 = ORIENTED_EDGE ( 'NONE', *, *, #8638, .T. ) ;
#3469 = CARTESIAN_POINT ( 'NONE',  ( 15.00000000000022027, -85.00000000000046896, 5.000000000000000000 ) ) ;
#3470 = VECTOR ( 'NONE', #2525, 1000.000000000000000 ) ;
#3471 = ORIENTED_EDGE ( 'NONE', *, *, #9089, .F. ) ;
#3472 = EDGE_LOOP ( 'NONE', ( #7810, #295, #3762, #2666 ) ) ;
#3473 = ADVANCED_FACE ( 'NONE', ( #10590 ), #5988, .T. ) ;
#3474 = EDGE_LOOP ( 'NONE', ( #4218, #4512, #3712, #8684 ) ) ;
#3475 = DIRECTION ( 'NONE',  ( -0.000000000000000000, -0.000000000000000000, -1.000000000000000000 ) ) ;
#3476 = DIRECTION ( 'NONE',  ( 1.000000000000000000, 0.000000000000000000, 0.000000000000000000 ) ) ;
#3477 = CARTESIAN_POINT ( 'NONE',  ( -86.99999999999972999, 16.99999999999953104, 0.000000000000000000 ) ) ;
#3478 = CARTESIAN_POINT ( 'NONE',  ( 82.99999999999965894, 6.108675929036656180E-13, 5.000000000000000000 ) ) ;
#3479 = CARTESIAN_POINT ( 'NONE',  ( 86.99999999999954525, 34.00000000000083844, 0.000000000000000000 ) ) ;
#3480 = ORIENTED_EDGE ( 'NONE', *, *, #7356, .F. ) ;
#3481 = LINE ( 'NONE', #5572, #4938 ) ;
#3482 = EDGE_LOOP ( 'NONE', ( #8019, #5758 ) ) ;
#3483 = VERTEX_POINT ( 'NONE', #9664 ) ;
#3484 = EDGE_CURVE ( 'NONE', #10068, #3055, #12042, .T. ) ;
#3485 = VERTEX_POINT ( 'NONE', #9734 ) ;
#3486 = DIRECTION ( 'NONE',  ( 1.000000000000000000, 0.000000000000000000, 0.000000000000000000 ) ) ;
#3487 = DIRECTION ( 'NONE',  ( -0.000000000000000000, -0.000000000000000000, 1.000000000000000000 ) ) ;
#3488 = CARTESIAN_POINT ( 'NONE',  ( 50.99999999999991473, -33.99999999999987210, 0.000000000000000000 ) ) ;
#3489 = CARTESIAN_POINT ( 'NONE',  ( 68.00000000000001421, -85.00000000000011369, 5.000000000000000000 ) ) ;
#3490 = ORIENTED_EDGE ( 'NONE', *, *, #8182, .F. ) ;
#3491 = CARTESIAN_POINT ( 'NONE',  ( -49.00000000000002842, 68.00000000000014211, 5.000000000000000000 ) ) ;
#3492 = DIRECTION ( 'NONE',  ( -0.000000000000000000, -0.000000000000000000, 1.000000000000000000 ) ) ;
#3493 = ORIENTED_EDGE ( 'NONE', *, *, #9044, .F. ) ;
#3494 = ORIENTED_EDGE ( 'NONE', *, *, #67, .T. ) ;
#3495 = LINE ( 'NONE', #7254, #7558 ) ;
#3496 = LINE ( 'NONE', #8353, #6590 ) ;
#3497 = VERTEX_POINT ( 'NONE', #1310 ) ;
#3498 = CARTESIAN_POINT ( 'NONE',  ( 3.595712070532895536E-13, -79.02499999999960778, 5.000000000000000000 ) ) ;
#3499 = DIRECTION ( 'NONE',  ( 0.000000000000000000, 0.000000000000000000, 1.000000000000000000 ) ) ;
#3500 = ORIENTED_EDGE ( 'NONE', *, *, #8803, .F. ) ;
#3501 = DIRECTION ( 'NONE',  ( 1.000000000000000000, 0.000000000000000000, 0.000000000000000000 ) ) ;
#3502 = CARTESIAN_POINT ( 'NONE',  ( 114.9999999999999432, -15.00000000000001066, 5.000000000000000000 ) ) ;
#3503 = VECTOR ( 'NONE', #10518, 1000.000000000000000 ) ;
#3504 = EDGE_CURVE ( 'NONE', #1717, #494, #11257, .T. ) ;
#3505 = EDGE_CURVE ( 'NONE', #6666, #1932, #9159, .T. ) ;
#3506 = ORIENTED_EDGE ( 'NONE', *, *, #12053, .F. ) ;
#3507 = LINE ( 'NONE', #11939, #9705 ) ;
#3508 = DIRECTION ( 'NONE',  ( -0.000000000000000000, -0.000000000000000000, 1.000000000000000000 ) ) ;
#3509 = ADVANCED_FACE ( 'NONE', ( #685 ), #6229, .F. ) ;
#3510 = AXIS2_PLACEMENT_3D ( 'NONE', #7732, #7669, #3722 ) ;
#3511 = CARTESIAN_POINT ( 'NONE',  ( -67.99999999999985789, 33.99999999999976552, 0.000000000000000000 ) ) ;
#3512 = DIRECTION ( 'NONE',  ( -0.000000000000000000, -0.000000000000000000, 1.000000000000000000 ) ) ;
#3513 = AXIS2_PLACEMENT_3D ( 'NONE', #5601, #8195, #2831 ) ;
#3514 = FACE_BOUND ( 'NONE', #11899, .T. ) ;
#3515 = EDGE_CURVE ( 'NONE', #7405, #8270, #6743, .T. ) ;
#3516 = CARTESIAN_POINT ( 'NONE',  ( 65.99999999999961631, 34.00000000000071054, 5.000000000000000000 ) ) ;
#3517 = DIRECTION ( 'NONE',  ( -1.000000000000000000, 4.550094363217858838E-15, 0.000000000000000000 ) ) ;
#3518 = VERTEX_POINT ( 'NONE', #8006 ) ;
#3519 = ORIENTED_EDGE ( 'NONE', *, *, #8468, .F. ) ;
#3520 = ADVANCED_FACE ( 'NONE', ( #5360 ), #7207, .F. ) ;
#3521 = AXIS2_PLACEMENT_3D ( 'NONE', #8260, #3422, #7177 ) ;
#3522 = AXIS2_PLACEMENT_3D ( 'NONE', #3644, #4752, #4686 ) ;
#3523 = ORIENTED_EDGE ( 'NONE', *, *, #7209, .F. ) ;
#3524 = ORIENTED_EDGE ( 'NONE', *, *, #7871, .F. ) ;
#3525 = ORIENTED_EDGE ( 'NONE', *, *, #2959, .T. ) ;
#3526 = CARTESIAN_POINT ( 'NONE',  ( 75.97499999999996589, -75.97499999999998010, 5.000000000000000000 ) ) ;
#3527 = CYLINDRICAL_SURFACE ( 'NONE', #8108, 2.000000000000001776 ) ;
#3528 = CARTESIAN_POINT ( 'NONE',  ( 50.99999999999955946, 68.00000000000083844, 5.000000000000000000 ) ) ;
#3529 = DIRECTION ( 'NONE',  ( -0.000000000000000000, -0.000000000000000000, 1.000000000000000000 ) ) ;
#3530 = FACE_OUTER_BOUND ( 'NONE', #1595, .T. ) ;
#3531 = AXIS2_PLACEMENT_3D ( 'NONE', #11894, #1615, #5371 ) ;
#3532 = ORIENTED_EDGE ( 'NONE', *, *, #10744, .F. ) ;
#3533 = ORIENTED_EDGE ( 'NONE', *, *, #1436, .T. ) ;
#3534 = DIRECTION ( 'NONE',  ( 1.000000000000000000, 0.000000000000000000, 0.000000000000000000 ) ) ;
#3535 = ADVANCED_FACE ( 'NONE', ( #11006 ), #8179, .F. ) ;
#3536 = EDGE_LOOP ( 'NONE', ( #357, #11349, #6655, #3717 ) ) ;
#3537 = CIRCLE ( 'NONE', #1395, 2.000000000000001776 ) ;
#3538 = ORIENTED_EDGE ( 'NONE', *, *, #8041, .T. ) ;
#3540 = ORIENTED_EDGE ( 'NONE', *, *, #6571, .T. ) ;
#3539 = CIRCLE ( 'NONE', #10429, 2.000000000000001776 ) ;
#3541 = CARTESIAN_POINT ( 'NONE',  ( 2.498001805406602216E-13, -68.00000000000044054, 0.000000000000000000 ) ) ;
#3542 = LINE ( 'NONE', #9075, #1623 ) ;
#3543 = CARTESIAN_POINT ( 'NONE',  ( 48.99999999999950262, 85.00000000000096634, 0.000000000000000000 ) ) ;
#3544 = CARTESIAN_POINT ( 'NONE',  ( -82.99999999999958789, -17.00000000000071054, 0.000000000000000000 ) ) ;
#3545 = LINE ( 'NONE', #6386, #5199 ) ;
#3546 = ORIENTED_EDGE ( 'NONE', *, *, #11954, .F. ) ;
#3547 = CARTESIAN_POINT ( 'NONE',  ( -51.00000000000008527, 85.00000000000027001, 0.000000000000000000 ) ) ;
#3548 = CYLINDRICAL_SURFACE ( 'NONE', #8109, 2.000000000000000000 ) ;
#3549 = CIRCLE ( 'NONE', #5518, 2.000000000000001776 ) ;
#3550 = EDGE_CURVE ( 'NONE', #6377, #7067, #6540, .T. ) ;
#3551 = ORIENTED_EDGE ( 'NONE', *, *, #7696, .F. ) ;
#3552 = ORIENTED_EDGE ( 'NONE', *, *, #7343, .F. ) ;
#3553 = AXIS2_PLACEMENT_3D ( 'NONE', #6058, #5260, #9805 ) ;
#3554 = CARTESIAN_POINT ( 'NONE',  ( 33.99999999999968736, 51.00000000000059686, 0.000000000000000000 ) ) ;
#3555 = LINE ( 'NONE', #790, #1499 ) ;
#3556 = ORIENTED_EDGE ( 'NONE', *, *, #3631, .T. ) ;
#3557 = DIRECTION ( 'NONE',  ( 1.000000000000000000, 0.000000000000000000, 0.000000000000000000 ) ) ;
#3558 = CARTESIAN_POINT ( 'NONE',  ( -50.99999999999997868, 51.00000000000001421, 5.000000000000000000 ) ) ;
#3559 = ORIENTED_EDGE ( 'NONE', *, *, #10870, .T. ) ;
#3560 = CARTESIAN_POINT ( 'NONE',  ( -67.99999999999974420, -4.579669976578770729E-13, 5.000000000000000000 ) ) ;
#3561 = DIRECTION ( 'NONE',  ( -0.000000000000000000, -0.000000000000000000, 1.000000000000000000 ) ) ;
#3562 = VECTOR ( 'NONE', #3882, 1000.000000000000000 ) ;
#3563 = CIRCLE ( 'NONE', #11224, 2.000000000000001776 ) ;
#3564 = AXIS2_PLACEMENT_3D ( 'NONE', #9574, #9514, #5582 ) ;
#3565 = ORIENTED_EDGE ( 'NONE', *, *, #3306, .T. ) ;
#3566 = CARTESIAN_POINT ( 'NONE',  ( -35.99999999999992184, 16.99999999999988987, 0.000000000000000000 ) ) ;
#3567 = CARTESIAN_POINT ( 'NONE',  ( 67.99999999999984368, -33.99999999999975131, 0.000000000000000000 ) ) ;
#3568 = VECTOR ( 'NONE', #3561, 1000.000000000000000 ) ;
#3570 = DIRECTION ( 'NONE',  ( -0.000000000000000000, -0.000000000000000000, -1.000000000000000000 ) ) ;
#3569 = VECTOR ( 'NONE', #5689, 1000.000000000000000 ) ;
#3571 = CARTESIAN_POINT ( 'NONE',  ( 82.99999999999960210, 17.00000000000072120, 0.000000000000000000 ) ) ;
#3572 = EDGE_CURVE ( 'NONE', #6729, #3120, #6167, .T. ) ;
#3573 = FACE_BOUND ( 'NONE', #4676, .T. ) ;
#3574 = DIRECTION ( 'NONE',  ( 0.000000000000000000, 0.000000000000000000, 1.000000000000000000 ) ) ;
#3575 = EDGE_LOOP ( 'NONE', ( #10392, #3200, #4728, #152 ) ) ;
#3576 = EDGE_LOOP ( 'NONE', ( #11602, #177, #2990, #6635 ) ) ;
#3577 = AXIS2_PLACEMENT_3D ( 'NONE', #4519, #11918, #2629 ) ;
#3578 = CIRCLE ( 'NONE', #837, 2.000000000000001776 ) ;
#3579 = VECTOR ( 'NONE', #8135, 1000.000000000000000 ) ;
#3580 = EDGE_LOOP ( 'NONE', ( #9134, #10261, #10354, #2803 ) ) ;
#3581 = VECTOR ( 'NONE', #6700, 1000.000000000000000 ) ;
#3582 = EDGE_CURVE ( 'NONE', #3309, #1430, #2437, .T. ) ;
#3583 = ORIENTED_EDGE ( 'NONE', *, *, #3979, .F. ) ;
#3584 = VERTEX_POINT ( 'NONE', #8232 ) ;
#3585 = FACE_BOUND ( 'NONE', #6159, .T. ) ;
#3586 = CARTESIAN_POINT ( 'NONE',  ( -82.99999999999941735, -68.00000000000106581, 0.000000000000000000 ) ) ;
#3587 = CARTESIAN_POINT ( 'NONE',  ( -30.00000000000039790, 115.0000000000000142, 5.000000000000000000 ) ) ;
#3588 = EDGE_CURVE ( 'NONE', #3366, #4831, #848, .T. ) ;
#3589 = AXIS2_PLACEMENT_3D ( 'NONE', #648, #10116, #5272 ) ;
#3590 = DIRECTION ( 'NONE',  ( 1.000000000000000000, 0.000000000000000000, 0.000000000000000000 ) ) ;
#3591 = LINE ( 'NONE', #765, #7089 ) ;
#3592 = ORIENTED_EDGE ( 'NONE', *, *, #4713, .T. ) ;
#3593 = ORIENTED_EDGE ( 'NONE', *, *, #371, .F. ) ;
#3594 = CARTESIAN_POINT ( 'NONE',  ( 68.00000000000001421, -85.00000000000011369, 0.000000000000000000 ) ) ;
#3595 = EDGE_CURVE ( 'NONE', #3483, #3137, #1049, .T. ) ;
#3596 = ORIENTED_EDGE ( 'NONE', *, *, #1118, .T. ) ;
#3597 = AXIS2_PLACEMENT_3D ( 'NONE', #5430, #11893, #10780 ) ;
#3598 = EDGE_CURVE ( 'NONE', #581, #7787, #2527, .T. ) ;
#3599 = EDGE_CURVE ( 'NONE', #8588, #4862, #8899, .T. ) ;
#3600 = VERTEX_POINT ( 'NONE', #3453 ) ;
#3601 = CIRCLE ( 'NONE', #4987, 2.000000000000001776 ) ;
#3602 = VERTEX_POINT ( 'NONE', #5422 ) ;
#3603 = DIRECTION ( 'NONE',  ( 1.000000000000000000, 0.000000000000000000, 0.000000000000000000 ) ) ;
#3604 = CARTESIAN_POINT ( 'NONE',  ( 51.00000000000002842, -68.00000000000011369, 0.000000000000000000 ) ) ;
#3605 = CARTESIAN_POINT ( 'NONE',  ( 33.99999999999986500, 2.498001805406602216E-13, 0.000000000000000000 ) ) ;
#3606 = CARTESIAN_POINT ( 'NONE',  ( 1.942890293094023946E-13, -51.00000000000032685, 0.000000000000000000 ) ) ;
#3607 = DIRECTION ( 'NONE',  ( 1.000000000000000000, 0.000000000000000000, 0.000000000000000000 ) ) ;
#3608 = ORIENTED_EDGE ( 'NONE', *, *, #9796, .F. ) ;
#3609 = FACE_OUTER_BOUND ( 'NONE', #7760, .T. ) ;
#3610 = VECTOR ( 'NONE', #5161, 1000.000000000000000 ) ;
#3611 = LINE ( 'NONE', #7485, #11461 ) ;
#3612 = AXIS2_PLACEMENT_3D ( 'NONE', #8706, #1207, #10503 ) ;
#3613 = ORIENTED_EDGE ( 'NONE', *, *, #4199, .F. ) ;
#3614 = ORIENTED_EDGE ( 'NONE', *, *, #7573, .T. ) ;
#3615 = VECTOR ( 'NONE', #6520, 1000.000000000000000 ) ;
#3616 = CIRCLE ( 'NONE', #2259, 2.000000000000001776 ) ;
#3617 = DIRECTION ( 'NONE',  ( 0.000000000000000000, 0.000000000000000000, 1.000000000000000000 ) ) ;
#3618 = EDGE_CURVE ( 'NONE', #7507, #8976, #739, .T. ) ;
#3619 = DIRECTION ( 'NONE',  ( -0.000000000000000000, -0.000000000000000000, 1.000000000000000000 ) ) ;
#3620 = ORIENTED_EDGE ( 'NONE', *, *, #12053, .T. ) ;
#3621 = DIRECTION ( 'NONE',  ( -0.000000000000000000, -0.000000000000000000, -1.000000000000000000 ) ) ;
#3622 = DIRECTION ( 'NONE',  ( -0.000000000000000000, -0.000000000000000000, 1.000000000000000000 ) ) ;
#3623 = EDGE_LOOP ( 'NONE', ( #10448, #7801, #12109, #11967 ) ) ;
#3624 = CARTESIAN_POINT ( 'NONE',  ( 75.97499999999996589, 90.97500000000002274, 5.000000000000000000 ) ) ;
#3625 = DIRECTION ( 'NONE',  ( 0.000000000000000000, 1.000000000000000000, -0.000000000000000000 ) ) ;
#3626 = VECTOR ( 'NONE', #1715, 1000.000000000000000 ) ;
#3627 = AXIS2_PLACEMENT_3D ( 'NONE', #3567, #7331, #1729 ) ;
#3628 = DIRECTION ( 'NONE',  ( -0.000000000000000000, 0.000000000000000000, -1.000000000000000000 ) ) ;
#3629 = ORIENTED_EDGE ( 'NONE', *, *, #5117, .T. ) ;
#3630 = FACE_OUTER_BOUND ( 'NONE', #8199, .T. ) ;
#3631 = EDGE_CURVE ( 'NONE', #5617, #9528, #271, .T. ) ;
#3632 = CARTESIAN_POINT ( 'NONE',  ( -75.97499999999996589, 0.000000000000000000, 5.000000000000000000 ) ) ;
#3633 = AXIS2_PLACEMENT_3D ( 'NONE', #5113, #8852, #4247 ) ;
#3634 = DIRECTION ( 'NONE',  ( -0.000000000000000000, -0.000000000000000000, 1.000000000000000000 ) ) ;
#3635 = DIRECTION ( 'NONE',  ( 1.000000000000000000, 0.000000000000000000, 0.000000000000000000 ) ) ;
#3636 = CARTESIAN_POINT ( 'NONE',  ( 51.00000000000008527, -85.00000000000022737, 0.000000000000000000 ) ) ;
#3637 = CARTESIAN_POINT ( 'NONE',  ( -0.000000000000000000, 75.97499999999998010, 0.000000000000000000 ) ) ;
#3638 = CARTESIAN_POINT ( 'NONE',  ( 51.00000000000002842, -68.00000000000011369, 0.000000000000000000 ) ) ;
#3639 = ORIENTED_EDGE ( 'NONE', *, *, #6452, .T. ) ;
#3640 = ORIENTED_EDGE ( 'NONE', *, *, #10655, .T. ) ;
#3641 = EDGE_LOOP ( 'NONE', ( #6839, #9187, #4089, #8913 ) ) ;
#3642 = EDGE_CURVE ( 'NONE', #2895, #309, #2617, .T. ) ;
#3643 = ORIENTED_EDGE ( 'NONE', *, *, #4432, .F. ) ;
#3644 = CARTESIAN_POINT ( 'NONE',  ( -67.99999999999943157, -85.00000000000106581, 0.000000000000000000 ) ) ;
#3645 = ORIENTED_EDGE ( 'NONE', *, *, #2102, .F. ) ;
#3646 = FACE_BOUND ( 'NONE', #6597, .T. ) ;
#3647 = FACE_OUTER_BOUND ( 'NONE', #2015, .T. ) ;
#3648 = LINE ( 'NONE', #1745, #11972 ) ;
#3649 = CARTESIAN_POINT ( 'NONE',  ( 0.000000000000000000, -75.97499999999998010, 5.000000000000000000 ) ) ;
#3650 = DIRECTION ( 'NONE',  ( 0.000000000000000000, 0.000000000000000000, 1.000000000000000000 ) ) ;
#3651 = VERTEX_POINT ( 'NONE', #9918 ) ;
#3652 = AXIS2_PLACEMENT_3D ( 'NONE', #4867, #262, #5801 ) ;
#3653 = VERTEX_POINT ( 'NONE', #563 ) ;
#3654 = CARTESIAN_POINT ( 'NONE',  ( 0.000000000000000000, -100.0000000000000142, 5.000000000000000000 ) ) ;
#3655 = ORIENTED_EDGE ( 'NONE', *, *, #6245, .T. ) ;
#3656 = ADVANCED_FACE ( 'NONE', ( #4306 ), #8064, .T. ) ;
#3657 = EDGE_CURVE ( 'NONE', #6889, #577, #2763, .T. ) ;
#3658 = VERTEX_POINT ( 'NONE', #11254 ) ;
#3659 = CIRCLE ( 'NONE', #7210, 2.000000000000001776 ) ;
#3660 = ORIENTED_EDGE ( 'NONE', *, *, #72, .F. ) ;
#3661 = DIRECTION ( 'NONE',  ( 1.000000000000000000, 0.000000000000000000, 0.000000000000000000 ) ) ;
#3662 = DIRECTION ( 'NONE',  ( -0.000000000000000000, -0.000000000000000000, 1.000000000000000000 ) ) ;
#3663 = CARTESIAN_POINT ( 'NONE',  ( -14.99999999999987566, -17.00000000000022382, 0.000000000000000000 ) ) ;
#3664 = DIRECTION ( 'NONE',  ( 0.000000000000000000, 0.000000000000000000, 1.000000000000000000 ) ) ;
#3666 = EDGE_CURVE ( 'NONE', #3678, #1889, #11319, .T. ) ;
#3665 = DIRECTION ( 'NONE',  ( -0.000000000000000000, -0.000000000000000000, 1.000000000000000000 ) ) ;
#3667 = EDGE_LOOP ( 'NONE', ( #4515, #855, #8980, #5862 ) ) ;
#3668 = DIRECTION ( 'NONE',  ( 0.000000000000000000, 1.000000000000000000, -0.000000000000000000 ) ) ;
#3669 = EDGE_CURVE ( 'NONE', #11903, #6324, #5192, .T. ) ;
#3670 = CARTESIAN_POINT ( 'NONE',  ( -2.000000000000450306, 130.0000000000000000, 5.000000000000000000 ) ) ;
#3671 = EDGE_CURVE ( 'NONE', #2302, #5992, #5975, .T. ) ;
#3672 = ORIENTED_EDGE ( 'NONE', *, *, #2356, .F. ) ;
#3673 = EDGE_CURVE ( 'NONE', #4411, #3785, #9698, .T. ) ;
#3674 = ORIENTED_EDGE ( 'NONE', *, *, #7817, .T. ) ;
#3675 = FACE_OUTER_BOUND ( 'NONE', #8876, .T. ) ;
#3676 = CARTESIAN_POINT ( 'NONE',  ( 84.99999999999971578, -16.99999999999951683, 0.000000000000000000 ) ) ;
#3677 = DIRECTION ( 'NONE',  ( -0.000000000000000000, -0.000000000000000000, 1.000000000000000000 ) ) ;
#3678 = VERTEX_POINT ( 'NONE', #6515 ) ;
#3679 = CARTESIAN_POINT ( 'NONE',  ( 34.00000000000015632, -85.00000000000035527, 5.000000000000000000 ) ) ;
#3680 = DIRECTION ( 'NONE',  ( 1.000000000000000000, 0.000000000000000000, 0.000000000000000000 ) ) ;
#3681 = ORIENTED_EDGE ( 'NONE', *, *, #11770, .F. ) ;
#3682 = CYLINDRICAL_SURFACE ( 'NONE', #3217, 2.000000000000001776 ) ;
#3683 = ADVANCED_FACE ( 'NONE', ( #1046 ), #6404, .F. ) ;
#3684 = DIRECTION ( 'NONE',  ( 0.000000000000000000, -1.000000000000000000, 0.000000000000000000 ) ) ;
#3685 = LINE ( 'NONE', #7443, #388 ) ;
#3686 = CARTESIAN_POINT ( 'NONE',  ( -94.02499999999982094, 0.000000000000000000, 5.000000000000000000 ) ) ;
#3687 = EDGE_CURVE ( 'NONE', #11220, #8891, #1914, .T. ) ;
#3688 = ORIENTED_EDGE ( 'NONE', *, *, #11718, .F. ) ;
#3689 = DIRECTION ( 'NONE',  ( 1.000000000000000000, 0.000000000000000000, -0.000000000000000000 ) ) ;
#3690 = CARTESIAN_POINT ( 'NONE',  ( -86.99999999999967315, -5.826221585683776629E-13, 0.000000000000000000 ) ) ;
#3691 = PLANE ( 'NONE',  #7163 ) ;
#3692 = DIRECTION ( 'NONE',  ( 0.000000000000000000, 0.000000000000000000, 1.000000000000000000 ) ) ;
#3693 = CYLINDRICAL_SURFACE ( 'NONE', #909, 2.000000000000000000 ) ;
#3694 = EDGE_LOOP ( 'NONE', ( #5637, #6317, #11289, #11118 ) ) ;
#3695 = CARTESIAN_POINT ( 'NONE',  ( -18.99999999999969802, -68.00000000000058265, 0.000000000000000000 ) ) ;
#3696 = CARTESIAN_POINT ( 'NONE',  ( 15.00000000000016342, -68.00000000000035527, 0.000000000000000000 ) ) ;
#3697 = ORIENTED_EDGE ( 'NONE', *, *, #1216, .F. ) ;
#3698 = ORIENTED_EDGE ( 'NONE', *, *, #2116, .T. ) ;
#3699 = EDGE_CURVE ( 'NONE', #263, #4018, #127, .T. ) ;
#3700 = ORIENTED_EDGE ( 'NONE', *, *, #562, .F. ) ;
#3701 = AXIS2_PLACEMENT_3D ( 'NONE', #3605, #10071, #11164 ) ;
#3702 = CIRCLE ( 'NONE', #6082, 2.000000000000000888 ) ;
#3703 = CARTESIAN_POINT ( 'NONE',  ( -1.999999999999931610, -17.00000000000011369, 0.000000000000000000 ) ) ;
#3704 = VERTEX_POINT ( 'NONE', #5658 ) ;
#3705 = FACE_BOUND ( 'NONE', #7377, .T. ) ;
#3706 = DIRECTION ( 'NONE',  ( 0.000000000000000000, 0.000000000000000000, 1.000000000000000000 ) ) ;
#3707 = CARTESIAN_POINT ( 'NONE',  ( 67.99999999999943157, 85.00000000000110845, 0.000000000000000000 ) ) ;
#3708 = EDGE_LOOP ( 'NONE', ( #1687, #717 ) ) ;
#3709 = DIRECTION ( 'NONE',  ( 0.000000000000000000, 0.000000000000000000, 1.000000000000000000 ) ) ;
#3710 = CARTESIAN_POINT ( 'NONE',  ( -75.97499999999996589, 0.000000000000000000, 5.000000000000000000 ) ) ;
#3711 = EDGE_LOOP ( 'NONE', ( #8612, #11272, #8332, #3023 ) ) ;
#3712 = ORIENTED_EDGE ( 'NONE', *, *, #2755, .T. ) ;
#3713 = DIRECTION ( 'NONE',  ( 1.000000000000000000, 0.000000000000000000, 0.000000000000000000 ) ) ;
#3714 = CIRCLE ( 'NONE', #6672, 2.000000000000001776 ) ;
#3715 = VECTOR ( 'NONE', #3835, 1000.000000000000000 ) ;
#3716 = VERTEX_POINT ( 'NONE', #4796 ) ;
#3717 = ORIENTED_EDGE ( 'NONE', *, *, #3122, .F. ) ;
#3718 = VERTEX_POINT ( 'NONE', #2829 ) ;
#3719 = DIRECTION ( 'NONE',  ( 0.000000000000000000, 1.000000000000000000, 0.000000000000000000 ) ) ;
#3720 = VECTOR ( 'NONE', #4022, 1000.000000000000000 ) ;
#3721 = DIRECTION ( 'NONE',  ( 0.000000000000000000, 0.000000000000000000, 1.000000000000000000 ) ) ;
#3722 = DIRECTION ( 'NONE',  ( 1.000000000000000000, 0.000000000000000000, 0.000000000000000000 ) ) ;
#3723 = AXIS2_PLACEMENT_3D ( 'NONE', #10564, #8712, #11548 ) ;
#3724 = CARTESIAN_POINT ( 'NONE',  ( 82.99999999999977263, -33.99999999999963762, 5.000000000000000000 ) ) ;
#3725 = DIRECTION ( 'NONE',  ( -0.000000000000000000, -0.000000000000000000, 1.000000000000000000 ) ) ;
#3726 = EDGE_LOOP ( 'NONE', ( #6249, #3228 ) ) ;
#3727 = DIRECTION ( 'NONE',  ( -0.000000000000000000, -0.000000000000000000, 1.000000000000000000 ) ) ;
#3728 = EDGE_CURVE ( 'NONE', #2384, #5626, #9210, .T. ) ;
#3729 = DIRECTION ( 'NONE',  ( 0.000000000000000000, 0.000000000000000000, 1.000000000000000000 ) ) ;
#3730 = CIRCLE ( 'NONE', #8647, 2.000000000000001776 ) ;
#3731 = ORIENTED_EDGE ( 'NONE', *, *, #10066, .F. ) ;
#3732 = VERTEX_POINT ( 'NONE', #7322 ) ;
#3733 = EDGE_CURVE ( 'NONE', #4340, #879, #3809, .T. ) ;
#3734 = DIRECTION ( 'NONE',  ( -0.000000000000000000, -0.000000000000000000, 1.000000000000000000 ) ) ;
#3735 = DIRECTION ( 'NONE',  ( 0.000000000000000000, 0.000000000000000000, 1.000000000000000000 ) ) ;
#3736 = LINE ( 'NONE', #1773, #315 ) ;
#3737 = AXIS2_PLACEMENT_3D ( 'NONE', #9096, #681, #4425 ) ;
#3738 = ORIENTED_EDGE ( 'NONE', *, *, #10465, .T. ) ;
#3739 = CARTESIAN_POINT ( 'NONE',  ( -2.000000000000042633, 17.00000000000009948, 5.000000000000000000 ) ) ;
#3740 = EDGE_CURVE ( 'NONE', #99, #10662, #3601, .T. ) ;
#3741 = CARTESIAN_POINT ( 'NONE',  ( 16.99999999999987566, 17.00000000000025224, 0.000000000000000000 ) ) ;
#3742 = VERTEX_POINT ( 'NONE', #920 ) ;
#3743 = DIRECTION ( 'NONE',  ( 1.000000000000000000, 0.000000000000000000, 0.000000000000000000 ) ) ;
#3744 = DIRECTION ( 'NONE',  ( 0.000000000000000000, 0.000000000000000000, 1.000000000000000000 ) ) ;
#3745 = FACE_OUTER_BOUND ( 'NONE', #3131, .T. ) ;
#3746 = DIRECTION ( 'NONE',  ( 1.000000000000000000, 0.000000000000000000, 0.000000000000000000 ) ) ;
#3747 = AXIS2_PLACEMENT_3D ( 'NONE', #11472, #2068, #9620 ) ;
#3748 = EDGE_CURVE ( 'NONE', #11160, #346, #1835, .T. ) ;
#3749 = ORIENTED_EDGE ( 'NONE', *, *, #10613, .T. ) ;
#3750 = CARTESIAN_POINT ( 'NONE',  ( 79.02499999999996305, -75.97499999999998010, 5.000000000000000000 ) ) ;
#3751 = DIRECTION ( 'NONE',  ( 1.000000000000000000, 0.000000000000000000, 0.000000000000000000 ) ) ;
#3752 = CARTESIAN_POINT ( 'NONE',  ( -135.0000000000000000, -14.99999999999999289, 5.000000000000000000 ) ) ;
#3753 = LINE ( 'NONE', #4740, #11195 ) ;
#3754 = CARTESIAN_POINT ( 'NONE',  ( 48.99999999999985079, -16.99999999999975131, 5.000000000000000000 ) ) ;
#3755 = EDGE_CURVE ( 'NONE', #5150, #2347, #8709, .T. ) ;
#3756 = ORIENTED_EDGE ( 'NONE', *, *, #1582, .F. ) ;
#3757 = CARTESIAN_POINT ( 'NONE',  ( -84.99999999999967315, -5.828670879282071837E-13, 0.000000000000000000 ) ) ;
#3758 = CYLINDRICAL_SURFACE ( 'NONE', #9654, 2.000000000000001776 ) ;
#3759 = CIRCLE ( 'NONE', #6716, 2.000000000000001776 ) ;
#3760 = ORIENTED_EDGE ( 'NONE', *, *, #626, .T. ) ;
#3761 = CIRCLE ( 'NONE', #6139, 2.000000000000000000 ) ;
#3762 = ORIENTED_EDGE ( 'NONE', *, *, #6392, .T. ) ;
#3763 = AXIS2_PLACEMENT_3D ( 'NONE', #2891, #6582, #980 ) ;
#3764 = ORIENTED_EDGE ( 'NONE', *, *, #9534, .F. ) ;
#3765 = AXIS2_PLACEMENT_3D ( 'NONE', #4027, #3845, #10368 ) ;
#3766 = CARTESIAN_POINT ( 'NONE',  ( 84.99999999999977263, -33.99999999999963762, 0.000000000000000000 ) ) ;
#3767 = ORIENTED_EDGE ( 'NONE', *, *, #6639, .T. ) ;
#3768 = FACE_BOUND ( 'NONE', #4930, .T. ) ;
#3769 = CARTESIAN_POINT ( 'NONE',  ( -14.99999999999998757, 17.00000000000001421, 5.000000000000000000 ) ) ;
#3770 = DIRECTION ( 'NONE',  ( -0.000000000000000000, -0.000000000000000000, 1.000000000000000000 ) ) ;
#3771 = ORIENTED_EDGE ( 'NONE', *, *, #2393, .T. ) ;
#3772 = EDGE_CURVE ( 'NONE', #5818, #10244, #8516, .T. ) ;
#3773 = FACE_OUTER_BOUND ( 'NONE', #2271, .T. ) ;
#3774 = CARTESIAN_POINT ( 'NONE',  ( 90.97499999999986642, 0.000000000000000000, 0.000000000000000000 ) ) ;
#3775 = EDGE_LOOP ( 'NONE', ( #4768, #10996 ) ) ;
#3776 = ORIENTED_EDGE ( 'NONE', *, *, #5884, .T. ) ;
#3777 = CARTESIAN_POINT ( 'NONE',  ( 50.99999999999968026, 34.00000000000059686, 0.000000000000000000 ) ) ;
#3778 = CIRCLE ( 'NONE', #3577, 15.00000000000000000 ) ;
#3779 = CIRCLE ( 'NONE', #641, 2.000000000000001776 ) ;
#3780 = AXIS2_PLACEMENT_3D ( 'NONE', #7640, #11391, #2964 ) ;
#3781 = CIRCLE ( 'NONE', #8894, 2.000000000000001776 ) ;
#3782 = ORIENTED_EDGE ( 'NONE', *, *, #11022, .T. ) ;
#3783 = ORIENTED_EDGE ( 'NONE', *, *, #2677, .F. ) ;
#3784 = AXIS2_PLACEMENT_3D ( 'NONE', #11906, #8149, #4450 ) ;
#3785 = VERTEX_POINT ( 'NONE', #12113 ) ;
#3786 = CARTESIAN_POINT ( 'NONE',  ( 48.99999999999979394, 3.749452001708198027E-13, 0.000000000000000000 ) ) ;
#3787 = VECTOR ( 'NONE', #356, 1000.000000000000000 ) ;
#3788 = AXIS2_PLACEMENT_3D ( 'NONE', #6105, #6171, #2351 ) ;
#3789 = DIRECTION ( 'NONE',  ( 0.000000000000000000, 0.000000000000000000, 1.000000000000000000 ) ) ;
#3790 = DIRECTION ( 'NONE',  ( -0.7071067811865485719, 0.7071067811865465735, 0.000000000000000000 ) ) ;
#3791 = ADVANCED_FACE ( 'NONE', ( #12169 ), #3682, .F. ) ;
#3792 = FACE_BOUND ( 'NONE', #2139, .T. ) ;
#3793 = FACE_OUTER_BOUND ( 'NONE', #2111, .T. ) ;
#3794 = EDGE_LOOP ( 'NONE', ( #6514, #4150, #3918, #8585 ) ) ;
#3795 = CARTESIAN_POINT ( 'NONE',  ( -2.000000000000222933, 68.00000000000042633, 5.000000000000000000 ) ) ;
#3796 = CYLINDRICAL_SURFACE ( 'NONE', #9282, 2.000000000000001776 ) ;
#3797 = VECTOR ( 'NONE', #7811, 1000.000000000000000 ) ;
#3798 = ORIENTED_EDGE ( 'NONE', *, *, #9925, .T. ) ;
#3799 = ORIENTED_EDGE ( 'NONE', *, *, #5508, .F. ) ;
#3800 = ADVANCED_FACE ( 'NONE', ( #10338 ), #2890, .F. ) ;
#3801 = DIRECTION ( 'NONE',  ( -0.000000000000000000, -0.000000000000000000, 1.000000000000000000 ) ) ;
#3802 = CARTESIAN_POINT ( 'NONE',  ( 16.99999999999998579, -16.99999999999998579, 0.000000000000000000 ) ) ;
#3803 = VECTOR ( 'NONE', #991, 1000.000000000000000 ) ;
#3804 = CARTESIAN_POINT ( 'NONE',  ( -99.99999999999994316, -29.99999999999999645, 0.000000000000000000 ) ) ;
#3805 = VERTEX_POINT ( 'NONE', #3624 ) ;
#3806 = FACE_OUTER_BOUND ( 'NONE', #7173, .T. ) ;
#3807 = DIRECTION ( 'NONE',  ( 0.000000000000000000, 0.000000000000000000, 1.000000000000000000 ) ) ;
#3808 = EDGE_LOOP ( 'NONE', ( #3251, #103 ) ) ;
#3809 = LINE ( 'NONE', #1779, #3414 ) ;
#3810 = DIRECTION ( 'NONE',  ( 0.000000000000000000, -0.000000000000000000, 1.000000000000000000 ) ) ;
#3811 = DIRECTION ( 'NONE',  ( 1.000000000000000000, 0.000000000000000000, 0.000000000000000000 ) ) ;
#3812 = LINE ( 'NONE', #4668, #2640 ) ;
#3813 = AXIS2_PLACEMENT_3D ( 'NONE', #1121, #10401, #1058 ) ;
#3814 = EDGE_CURVE ( 'NONE', #3366, #9376, #7386, .T. ) ;
#3815 = ORIENTED_EDGE ( 'NONE', *, *, #1288, .F. ) ;
#3816 = PLANE ( 'NONE',  #5205 ) ;
#3817 = DIRECTION ( 'NONE',  ( 0.000000000000000000, 0.000000000000000000, -1.000000000000000000 ) ) ;
#3818 = DIRECTION ( 'NONE',  ( -4.550094363217858838E-15, 1.000000000000000000, 0.000000000000000000 ) ) ;
#3819 = DIRECTION ( 'NONE',  ( 1.000000000000000000, 0.000000000000000000, 0.000000000000000000 ) ) ;
#3820 = CIRCLE ( 'NONE', #8931, 2.000000000000001776 ) ;
#3821 = DIRECTION ( 'NONE',  ( 0.000000000000000000, 1.000000000000000000, -0.000000000000000000 ) ) ;
#3822 = ORIENTED_EDGE ( 'NONE', *, *, #3699, .T. ) ;
#3823 = DIRECTION ( 'NONE',  ( 1.000000000000000000, 0.000000000000000000, 0.000000000000000000 ) ) ;
#3824 = EDGE_CURVE ( 'NONE', #9649, #6324, #368, .T. ) ;
#3825 = CARTESIAN_POINT ( 'NONE',  ( 79.02499999999996305, 0.000000000000000000, 0.000000000000000000 ) ) ;
#3826 = EDGE_LOOP ( 'NONE', ( #187, #2868 ) ) ;
#3827 = VECTOR ( 'NONE', #10282, 1000.000000000000000 ) ;
#3828 = ORIENTED_EDGE ( 'NONE', *, *, #1943, .T. ) ;
#3829 = ADVANCED_FACE ( 'NONE', ( #3076 ), #1297, .F. ) ;
#3830 = EDGE_CURVE ( 'NONE', #4596, #11168, #4001, .T. ) ;
#3831 = AXIS2_PLACEMENT_3D ( 'NONE', #11683, #545, #6875 ) ;
#3832 = EDGE_CURVE ( 'NONE', #7982, #9323, #9588, .T. ) ;
#3833 = VERTEX_POINT ( 'NONE', #6032 ) ;
#3834 = AXIS2_PLACEMENT_3D ( 'NONE', #11181, #5468, #11248 ) ;
#3835 = DIRECTION ( 'NONE',  ( -0.000000000000000000, -0.000000000000000000, 1.000000000000000000 ) ) ;
#3836 = EDGE_LOOP ( 'NONE', ( #8963, #6896 ) ) ;
#3837 = FACE_BOUND ( 'NONE', #11922, .T. ) ;
#3838 = CARTESIAN_POINT ( 'NONE',  ( 33.99999999999986500, 2.498001805406602216E-13, 0.000000000000000000 ) ) ;
#3839 = DIRECTION ( 'NONE',  ( 1.000000000000000000, 0.000000000000000000, 0.000000000000000000 ) ) ;
#3840 = EDGE_LOOP ( 'NONE', ( #4771, #9856, #7259, #6613 ) ) ;
#3841 = CARTESIAN_POINT ( 'NONE',  ( -135.0000000000000000, 7.285838599102581908E-15, 5.000000000000000000 ) ) ;
#3842 = CARTESIAN_POINT ( 'NONE',  ( 16.99999999999982236, 34.00000000000036238, 5.000000000000000000 ) ) ;
#3843 = ORIENTED_EDGE ( 'NONE', *, *, #3240, .T. ) ;
#3844 = ORIENTED_EDGE ( 'NONE', *, *, #3948, .F. ) ;
#3845 = DIRECTION ( 'NONE',  ( -4.550094363217858838E-15, -1.000000000000000000, 0.000000000000000000 ) ) ;
#3846 = VECTOR ( 'NONE', #6437, 1000.000000000000000 ) ;
#3847 = ORIENTED_EDGE ( 'NONE', *, *, #8641, .F. ) ;
#3848 = ADVANCED_FACE ( 'NONE', ( #6882 ), #5847, .F. ) ;
#3849 = EDGE_LOOP ( 'NONE', ( #4455, #8279 ) ) ;
#3850 = EDGE_LOOP ( 'NONE', ( #6310, #9128 ) ) ;
#3851 = DIRECTION ( 'NONE',  ( 1.000000000000000000, 0.000000000000000000, 0.000000000000000000 ) ) ;
#3852 = CIRCLE ( 'NONE', #8964, 2.000000000000001776 ) ;
#3853 = CARTESIAN_POINT ( 'NONE',  ( 34.00000000000009948, -68.00000000000022737, 0.000000000000000000 ) ) ;
#3854 = CARTESIAN_POINT ( 'NONE',  ( -2.775557561562891351E-13, 85.00000000000055422, 5.000000000000000000 ) ) ;
#3855 = FACE_BOUND ( 'NONE', #9531, .T. ) ;
#3856 = CARTESIAN_POINT ( 'NONE',  ( 67.99999999999978684, -16.99999999999964118, 0.000000000000000000 ) ) ;
#3857 = VERTEX_POINT ( 'NONE', #2950 ) ;
#3858 = DIRECTION ( 'NONE',  ( 1.000000000000000000, 0.000000000000000000, 0.000000000000000000 ) ) ;
#3859 = CARTESIAN_POINT ( 'NONE',  ( 65.99999999999982947, -33.99999999999975131, 0.000000000000000000 ) ) ;
#3860 = CIRCLE ( 'NONE', #6812, 2.000000000000000000 ) ;
#3861 = ORIENTED_EDGE ( 'NONE', *, *, #3891, .F. ) ;
#3862 = ADVANCED_FACE ( 'NONE', ( #5045 ), #247, .T. ) ;
#3863 = VERTEX_POINT ( 'NONE', #1352 ) ;
#3864 = CARTESIAN_POINT ( 'NONE',  ( -19.00000000000011369, 51.00000000000024158, 5.000000000000000000 ) ) ;
#3865 = LINE ( 'NONE', #3125, #4880 ) ;
#3866 = CARTESIAN_POINT ( 'NONE',  ( -34.00000000000004263, 51.00000000000012790, 0.000000000000000000 ) ) ;
#3867 = EDGE_LOOP ( 'NONE', ( #10568, #11665, #5670, #12138 ) ) ;
#3868 = CARTESIAN_POINT ( 'NONE',  ( -65.99999999999974420, -4.579669976578770729E-13, 0.000000000000000000 ) ) ;
#3869 = CARTESIAN_POINT ( 'NONE',  ( 3.053113317719180486E-13, -85.00000000000055422, 0.000000000000000000 ) ) ;
#3870 = ORIENTED_EDGE ( 'NONE', *, *, #5693, .T. ) ;
#3871 = CARTESIAN_POINT ( 'NONE',  ( 34.00000000000015632, -85.00000000000035527, 5.000000000000000000 ) ) ;
#3872 = DIRECTION ( 'NONE',  ( -0.000000000000000000, -0.000000000000000000, 1.000000000000000000 ) ) ;
#3873 = CARTESIAN_POINT ( 'NONE',  ( -33.99999999999986500, -2.220446049250313081E-13, 5.000000000000000000 ) ) ;
#3874 = EDGE_LOOP ( 'NONE', ( #1888, #774, #5487, #267 ) ) ;
#3875 = ORIENTED_EDGE ( 'NONE', *, *, #5175, .F. ) ;
#3876 = FACE_OUTER_BOUND ( 'NONE', #11156, .T. ) ;
#3877 = DIRECTION ( 'NONE',  ( 1.000000000000000000, 0.000000000000000000, 0.000000000000000000 ) ) ;
#3878 = DIRECTION ( 'NONE',  ( 0.000000000000000000, 0.000000000000000000, 1.000000000000000000 ) ) ;
#3879 = CARTESIAN_POINT ( 'NONE',  ( 31.99999999999986144, 2.500451099004896919E-13, 5.000000000000000000 ) ) ;
#3880 = ORIENTED_EDGE ( 'NONE', *, *, #8236, .F. ) ;
#3881 = CARTESIAN_POINT ( 'NONE',  ( 1.999999999999778844, 68.00000000000042633, 0.000000000000000000 ) ) ;
#3882 = DIRECTION ( 'NONE',  ( -0.000000000000000000, -0.000000000000000000, -1.000000000000000000 ) ) ;
#3883 = ORIENTED_EDGE ( 'NONE', *, *, #8405, .F. ) ;
#3884 = VERTEX_POINT ( 'NONE', #7627 ) ;
#3885 = ADVANCED_FACE ( 'NONE', ( #3994 ), #5908, .F. ) ;
#3886 = EDGE_CURVE ( 'NONE', #6274, #7206, #6823, .T. ) ;
#3887 = ADVANCED_FACE ( 'NONE', ( #5101 ), #8842, .F. ) ;
#3888 = EDGE_LOOP ( 'NONE', ( #730, #7460 ) ) ;
#3889 = DIRECTION ( 'NONE',  ( -0.000000000000000000, -0.000000000000000000, 1.000000000000000000 ) ) ;
#3890 = ORIENTED_EDGE ( 'NONE', *, *, #5087, .T. ) ;
#3891 = EDGE_CURVE ( 'NONE', #6828, #6645, #10459, .T. ) ;
#3892 = DIRECTION ( 'NONE',  ( 0.000000000000000000, 0.000000000000000000, 1.000000000000000000 ) ) ;
#3893 = CIRCLE ( 'NONE', #8023, 2.000000000000001776 ) ;
#3894 = LINE ( 'NONE', #10170, #11063 ) ;
#3895 = DIRECTION ( 'NONE',  ( 0.000000000000000000, 0.000000000000000000, 1.000000000000000000 ) ) ;
#3896 = ORIENTED_EDGE ( 'NONE', *, *, #8512, .T. ) ;
#3897 = DIRECTION ( 'NONE',  ( 0.000000000000000000, -1.000000000000000000, 0.000000000000000000 ) ) ;
#3898 = DIRECTION ( 'NONE',  ( 1.000000000000000000, 0.000000000000000000, 0.000000000000000000 ) ) ;
#3899 = ORIENTED_EDGE ( 'NONE', *, *, #596, .T. ) ;
#3900 = VERTEX_POINT ( 'NONE', #7866 ) ;
#3901 = CYLINDRICAL_SURFACE ( 'NONE', #7313, 1.999999999999996225 ) ;
#3902 = ADVANCED_FACE ( 'NONE', ( #1229 ), #1113, .F. ) ;
#3903 = CIRCLE ( 'NONE', #8620, 2.000000000000001776 ) ;
#3904 = ORIENTED_EDGE ( 'NONE', *, *, #10378, .F. ) ;
#3905 = EDGE_CURVE ( 'NONE', #2134, #10220, #5773, .T. ) ;
#3906 = EDGE_LOOP ( 'NONE', ( #755, #9906 ) ) ;
#3907 = ORIENTED_EDGE ( 'NONE', *, *, #4978, .F. ) ;
#3908 = LINE ( 'NONE', #7546, #8225 ) ;
#3909 = EDGE_CURVE ( 'NONE', #11723, #1016, #6178, .T. ) ;
#3910 = DIRECTION ( 'NONE',  ( 1.000000000000000000, 0.000000000000000000, 0.000000000000000000 ) ) ;
#3911 = LINE ( 'NONE', #957, #571 ) ;
#3912 = PLANE ( 'NONE',  #8519 ) ;
#3913 = CIRCLE ( 'NONE', #4899, 2.000000000000001776 ) ;
#3914 = ORIENTED_EDGE ( 'NONE', *, *, #2246, .F. ) ;
#3915 = VECTOR ( 'NONE', #955, 1000.000000000000000 ) ;
#3916 = CARTESIAN_POINT ( 'NONE',  ( -17.00000000000016698, 68.00000000000036948, 0.000000000000000000 ) ) ;
#3917 = EDGE_CURVE ( 'NONE', #3497, #12052, #3015, .T. ) ;
#3918 = ORIENTED_EDGE ( 'NONE', *, *, #10851, .T. ) ;
#3919 = VECTOR ( 'NONE', #5311, 1000.000000000000000 ) ;
#3920 = EDGE_LOOP ( 'NONE', ( #1866, #8566 ) ) ;
#3921 = CIRCLE ( 'NONE', #10802, 2.000000000000001776 ) ;
#3922 = FACE_OUTER_BOUND ( 'NONE', #5016, .T. ) ;
#3923 = LINE ( 'NONE', #1906, #3503 ) ;
#3924 = DIRECTION ( 'NONE',  ( 0.000000000000000000, 0.000000000000000000, 1.000000000000000000 ) ) ;
#3925 = EDGE_LOOP ( 'NONE', ( #10224, #8425, #10559, #1802 ) ) ;
#3926 = CARTESIAN_POINT ( 'NONE',  ( 3.595712070532930372E-13, 79.02500000000038938, 0.000000000000000000 ) ) ;
#3927 = DIRECTION ( 'NONE',  ( 1.000000000000000000, 1.026627719941218321E-14, 0.000000000000000000 ) ) ;
#3928 = EDGE_LOOP ( 'NONE', ( #1941, #5441, #1545, #1302 ) ) ;
#3929 = EDGE_CURVE ( 'NONE', #9002, #325, #2097, .T. ) ;
#3930 = CARTESIAN_POINT ( 'NONE',  ( 94.02499999999986358, 0.000000000000000000, 5.000000000000000000 ) ) ;
#3931 = FACE_OUTER_BOUND ( 'NONE', #2463, .T. ) ;
#3932 = VECTOR ( 'NONE', #8937, 1000.000000000000000 ) ;
#3933 = DIRECTION ( 'NONE',  ( 1.000000000000000000, 0.000000000000000000, 0.000000000000000000 ) ) ;
#3934 = ORIENTED_EDGE ( 'NONE', *, *, #11770, .T. ) ;
#3935 = ORIENTED_EDGE ( 'NONE', *, *, #3582, .F. ) ;
#3936 = AXIS2_PLACEMENT_3D ( 'NONE', #3939, #4924, #8797 ) ;
#3937 = DIRECTION ( 'NONE',  ( 1.000000000000000000, 0.000000000000000000, 0.000000000000000000 ) ) ;
#3938 = CARTESIAN_POINT ( 'NONE',  ( -50.99999999999961631, -51.00000000000070344, 0.000000000000000000 ) ) ;
#3939 = CARTESIAN_POINT ( 'NONE',  ( -2.775557561562891351E-13, 85.00000000000055422, 0.000000000000000000 ) ) ;
#3940 = CARTESIAN_POINT ( 'NONE',  ( -48.99999999999966604, -34.00000000000058265, 0.000000000000000000 ) ) ;
#3941 = VERTEX_POINT ( 'NONE', #2516 ) ;
#3942 = CARTESIAN_POINT ( 'NONE',  ( 84.99999999999995737, -84.99999999999998579, 5.000000000000000000 ) ) ;
#3943 = DIRECTION ( 'NONE',  ( 1.000000000000000000, 0.000000000000000000, 0.000000000000000000 ) ) ;
#3944 = ORIENTED_EDGE ( 'NONE', *, *, #8484, .T. ) ;
#3945 = EDGE_LOOP ( 'NONE', ( #3899, #10867, #376, #5077 ) ) ;
#3946 = VECTOR ( 'NONE', #7624, 1000.000000000000000 ) ;
#3947 = ORIENTED_EDGE ( 'NONE', *, *, #7582, .T. ) ;
#3948 = EDGE_CURVE ( 'NONE', #1067, #5135, #2338, .T. ) ;
#3949 = CARTESIAN_POINT ( 'NONE',  ( 15.00000000000001954, 1.539941579911829628E-13, 5.000000000000000000 ) ) ;
#3950 = VERTEX_POINT ( 'NONE', #2461 ) ;
#3951 = CARTESIAN_POINT ( 'NONE',  ( -51.00000000000002842, 68.00000000000014211, 0.000000000000000000 ) ) ;
#3952 = CIRCLE ( 'NONE', #8268, 2.000000000000001776 ) ;
#3953 = CARTESIAN_POINT ( 'NONE',  ( 65.99999999999961631, 34.00000000000071054, 0.000000000000000000 ) ) ;
#3954 = CARTESIAN_POINT ( 'NONE',  ( -16.99999999999987566, -17.00000000000022382, 0.000000000000000000 ) ) ;
#3955 = SURFACE_STYLE_USAGE ( .BOTH. , #5935 ) ;
#3956 = LINE ( 'NONE', #7714, #9116 ) ;
#3957 = FACE_OUTER_BOUND ( 'NONE', #12087, .T. ) ;
#3958 = ORIENTED_EDGE ( 'NONE', *, *, #9824, .T. ) ;
#3959 = VERTEX_POINT ( 'NONE', #5235 ) ;
#3960 = CYLINDRICAL_SURFACE ( 'NONE', #9874, 2.000000000000001776 ) ;
#3961 = AXIS2_PLACEMENT_3D ( 'NONE', #5122, #11766, #9855 ) ;
#3962 = AXIS2_PLACEMENT_3D ( 'NONE', #3777, #7784, #948 ) ;
#3963 = ORIENTED_EDGE ( 'NONE', *, *, #3733, .F. ) ;
#3964 = EDGE_LOOP ( 'NONE', ( #12026, #2547, #1359, #684 ) ) ;
#3965 = EDGE_CURVE ( 'NONE', #2470, #5595, #9903, .T. ) ;
#3966 = CARTESIAN_POINT ( 'NONE',  ( -67.99999999999980105, 16.99999999999965539, 0.000000000000000000 ) ) ;
#3967 = ORIENTED_EDGE ( 'NONE', *, *, #2429, .F. ) ;
#3968 = LINE ( 'NONE', #4958, #9924 ) ;
#3969 = DIRECTION ( 'NONE',  ( 1.000000000000000000, 0.000000000000000000, 0.000000000000000000 ) ) ;
#3970 = FACE_OUTER_BOUND ( 'NONE', #1091, .T. ) ;
#3971 = CIRCLE ( 'NONE', #7120, 2.000000000000001776 ) ;
#3972 = CARTESIAN_POINT ( 'NONE',  ( 79.02499999999996305, -79.02499999999997726, 5.000000000000000000 ) ) ;
#3973 = AXIS2_PLACEMENT_3D ( 'NONE', #4307, #797, #5361 ) ;
#3974 = VERTEX_POINT ( 'NONE', #9836 ) ;
#3975 = CIRCLE ( 'NONE', #1233, 2.000000000000001776 ) ;
#3976 = DIRECTION ( 'NONE',  ( 0.000000000000000000, 0.000000000000000000, 1.000000000000000000 ) ) ;
#3977 = DIRECTION ( 'NONE',  ( 1.000000000000000000, 0.000000000000000000, 0.000000000000000000 ) ) ;
#3978 = EDGE_CURVE ( 'NONE', #9400, #788, #11753, .T. ) ;
#3979 = EDGE_CURVE ( 'NONE', #1030, #8394, #6216, .T. ) ;
#3980 = EDGE_CURVE ( 'NONE', #10136, #1800, #5345, .T. ) ;
#3981 = ORIENTED_EDGE ( 'NONE', *, *, #217, .F. ) ;
#3982 = AXIS2_PLACEMENT_3D ( 'NONE', #3057, #4094, #3969 ) ;
#3983 = CIRCLE ( 'NONE', #10865, 2.000000000000001776 ) ;
#3984 = ORIENTED_EDGE ( 'NONE', *, *, #4241, .F. ) ;
#3985 = VECTOR ( 'NONE', #3376, 1000.000000000000000 ) ;
#3986 = DIRECTION ( 'NONE',  ( 0.000000000000000000, 0.000000000000000000, 1.000000000000000000 ) ) ;
#3987 = DIRECTION ( 'NONE',  ( 0.000000000000000000, 0.000000000000000000, 1.000000000000000000 ) ) ;
#3988 = DIRECTION ( 'NONE',  ( 1.000000000000000000, 0.000000000000000000, 0.000000000000000000 ) ) ;
#3989 = EDGE_LOOP ( 'NONE', ( #578, #10690, #9497, #4327 ) ) ;
#3990 = DIRECTION ( 'NONE',  ( 0.000000000000000000, 1.000000000000000000, 0.000000000000000000 ) ) ;
#3991 = CARTESIAN_POINT ( 'NONE',  ( 50.99999999999955946, 68.00000000000083844, 0.000000000000000000 ) ) ;
#3992 = AXIS2_PLACEMENT_3D ( 'NONE', #8648, #2195, #5145 ) ;
#3993 = VERTEX_POINT ( 'NONE', #4239 ) ;
#3994 = FACE_OUTER_BOUND ( 'NONE', #7055, .T. ) ;
#3995 = CARTESIAN_POINT ( 'NONE',  ( 34.00000000000015632, -85.00000000000035527, 0.000000000000000000 ) ) ;
#3996 = VECTOR ( 'NONE', #7398, 1000.000000000000000 ) ;
#3997 = FACE_OUTER_BOUND ( 'NONE', #11146, .T. ) ;
#3998 = ORIENTED_EDGE ( 'NONE', *, *, #8955, .F. ) ;
#3999 = ADVANCED_FACE ( 'NONE', ( #8971 ), #5165, .F. ) ;
#4000 = ORIENTED_EDGE ( 'NONE', *, *, #11570, .F. ) ;
#4001 = CIRCLE ( 'NONE', #10681, 2.000000000000001776 ) ;
#4002 = CARTESIAN_POINT ( 'NONE',  ( 65.99999999999967315, 17.00000000000059686, 0.000000000000000000 ) ) ;
#4003 = DIRECTION ( 'NONE',  ( 1.000000000000000000, 0.000000000000000000, 0.000000000000000000 ) ) ;
#4004 = DIRECTION ( 'NONE',  ( 0.000000000000000000, 0.000000000000000000, 1.000000000000000000 ) ) ;
#4005 = AXIS2_PLACEMENT_3D ( 'NONE', #10364, #9499, #5627 ) ;
#4006 = DIRECTION ( 'NONE',  ( 0.000000000000000000, 0.000000000000000000, 1.000000000000000000 ) ) ;
#4007 = ORIENTED_EDGE ( 'NONE', *, *, #5321, .F. ) ;
#4008 = DIRECTION ( 'NONE',  ( -0.000000000000000000, -0.000000000000000000, 1.000000000000000000 ) ) ;
#4009 = DIRECTION ( 'NONE',  ( 0.000000000000000000, 0.000000000000000000, 1.000000000000000000 ) ) ;
#4010 = EDGE_LOOP ( 'NONE', ( #2966, #2907 ) ) ;
#4011 = ORIENTED_EDGE ( 'NONE', *, *, #3687, .F. ) ;
#4012 = AXIS2_PLACEMENT_3D ( 'NONE', #8968, #9899, #1478 ) ;
#4013 = VECTOR ( 'NONE', #9163, 1000.000000000000000 ) ;
#4014 = EDGE_CURVE ( 'NONE', #11553, #2664, #9963, .T. ) ;
#4015 = VERTEX_POINT ( 'NONE', #5288 ) ;
#4016 = CLOSED_SHELL ( 'NONE', ( #5032, #6177, #7480, #8261, #9142, #2944, #2692, #979, #10134, #5551, #7321, #11586, #2410, #5450, #10371, #8623, #8463, #9031, #8939, #10820, #5972, #5191, #1500, #3367, #3277, #10143, #7629, #1132, #7041, #8539, #2020, #5188, #8882, #9179, #11824, #4606, #5721, #3152, #221, #3363, #10246, #7758, #1837, #313, #12086, #4137, #10390, #6532, #2337, #6146, #6994, #3848, #12089, #7814, #11498, #5108, #7872, #6459, #4043, #2254, #4205, #7808, #9084, #89, #10016, #4496, #10746, #3829, #10030, #7754, #12099, #2181, #8038, #9712, #2768, #11174, #4152, #960, #4481, #9409, #8034, #7587, #9833, #5347, #4029, #3800, #2177, #8390, #568, #8974, #2314, #6387, #4452, #8586, #447, #2326, #10444, #6074, #7509, #12128, #8862, #9366, #54, #2244, #8795, #8654, #12159, #11565, #3016, #3455, #2057, #10209, #3791, #2479, #952, #2265, #1081, #6469, #9661, #11581, #5794, #11078, #1868, #1425, #2930, #7225, #808, #11377, #7276, #5307, #9378, #2687, #2879, #3902, #8333, #2773, #4440, #871, #6753, #10615, #8418, #4884, #5264, #688, #3473, #149, #9919, #11335, #2562, #9262, #8025, #11737, #1930, #7404, #2402, #2133, #4971, #8961, #5109, #10483, #1685, #193, #10569, #6887, #4949, #1792, #1643, #4132, #2382, #8946, #9551, #6600, #10453, #6827, #4370, #4212, #10210, #1283, #3862, #4513, #1799, #9082, #5633, #9392, #2756, #4682, #5923, #8125, #9591, #10952, #4482, #1540, #733, #716, #6844, #2844, #4764, #7835, #9991, #9525, #7362, #9867, #8242, #7358, #4352, #7294, #10953, #11945, #241, #11728, #11217, #5724, #11864, #5489, #3182, #5784, #53, #6307, #6334, #1714, #3249, #6536, #5545, #6660, #9569, #7888, #5211, #8163, #8934, #4718, #8391, #4354, #7053, #3885, #431, #11968, #7157, #10994, #8010, #1651, #3683, #7670, #11838, #1188, #2496, #3535, #6049, #1354, #11424, #10207, #1875, #10805, #5831, #5062, #5269, #4194, #9779, #1095, #153, #2219, #7141, #3520, #11782, #11132, #219, #803, #8929, #12141, #8900, #3509, #8863, #154, #886, #6775, #2653, #8101, #10295, #5795, #6628, #9325, #5694, #6831, #9103, #8308, #6241, #4415, #2900, #10431, #5266, #256, #7223, #2626, #9967, #3999, #6841, #5635, #11274, #3168, #4074, #3371, #441, #11876, #344, #11244, #10460, #9727, #7652, #6292, #2419, #1509, #7734, #5588, #6674, #3656, #8737, #3100, #5300, #3073, #2834, #601, #2548, #5425, #743, #6482, #8424, #679, #5333, #11041, #11626, #6208, #3887, #9318, #9297, #2144, #9843, #6174 ) ) ;
#4017 = DIRECTION ( 'NONE',  ( 0.000000000000000000, 0.000000000000000000, -1.000000000000000000 ) ) ;
#4018 = VERTEX_POINT ( 'NONE', #3263 ) ;
#4019 = FACE_OUTER_BOUND ( 'NONE', #4904, .T. ) ;
#4020 = AXIS2_PLACEMENT_3D ( 'NONE', #7649, #8807, #1257 ) ;
#4021 = CARTESIAN_POINT ( 'NONE',  ( 135.0000000000000000, 14.99999999999999289, 0.000000000000000000 ) ) ;
#4022 = DIRECTION ( 'NONE',  ( -1.000000000000000000, 0.000000000000000000, 0.000000000000000000 ) ) ;
#4023 = DIRECTION ( 'NONE',  ( 1.000000000000000000, 0.000000000000000000, 0.000000000000000000 ) ) ;
#4024 = DIRECTION ( 'NONE',  ( -0.000000000000000000, -0.000000000000000000, 1.000000000000000000 ) ) ;
#4025 = VERTEX_POINT ( 'NONE', #11868 ) ;
#4026 = ORIENTED_EDGE ( 'NONE', *, *, #374, .F. ) ;
#4027 = CARTESIAN_POINT ( 'NONE',  ( 3.595712070532930372E-13, 79.02500000000038938, 5.000000000000000000 ) ) ;
#4028 = CIRCLE ( 'NONE', #5006, 15.00000000000001421 ) ;
#4029 = ADVANCED_FACE ( 'NONE', ( #10883 ), #9025, .F. ) ;
#4030 = CIRCLE ( 'NONE', #4610, 2.000000000000001776 ) ;
#4031 = EDGE_LOOP ( 'NONE', ( #5808, #5015 ) ) ;
#4032 = ORIENTED_EDGE ( 'NONE', *, *, #4699, .T. ) ;
#4033 = CARTESIAN_POINT ( 'NONE',  ( -33.99999999999957367, -85.00000000000082423, 0.000000000000000000 ) ) ;
#4034 = ORIENTED_EDGE ( 'NONE', *, *, #9008, .T. ) ;
#4035 = CARTESIAN_POINT ( 'NONE',  ( 31.99999999999991829, -16.99999999999987566, 0.000000000000000000 ) ) ;
#4036 = CARTESIAN_POINT ( 'NONE',  ( -3.595712070532930372E-13, -79.02500000000038938, 5.000000000000000000 ) ) ;
#4037 = CARTESIAN_POINT ( 'NONE',  ( -94.02499999999982094, -75.97499999999998010, 5.000000000000000000 ) ) ;
#4038 = CARTESIAN_POINT ( 'NONE',  ( 67.99999999999990052, -50.99999999999987210, 0.000000000000000000 ) ) ;
#4039 = ORIENTED_EDGE ( 'NONE', *, *, #8068, .F. ) ;
#4040 = CIRCLE ( 'NONE', #7187, 2.000000000000001776 ) ;
#4041 = LINE ( 'NONE', #8653, #32 ) ;
#4042 = DIRECTION ( 'NONE',  ( 1.000000000000000000, 0.000000000000000000, 0.000000000000000000 ) ) ;
#4043 = ADVANCED_FACE ( 'NONE', ( #4353 ), #552, .F. ) ;
#4044 = EDGE_CURVE ( 'NONE', #6535, #3233, #2443, .T. ) ;
#4045 = ORIENTED_EDGE ( 'NONE', *, *, #515, .T. ) ;
#4046 = ORIENTED_EDGE ( 'NONE', *, *, #10512, .T. ) ;
#4047 = AXIS2_PLACEMENT_3D ( 'NONE', #3488, #7302, #5458 ) ;
#4048 = EDGE_CURVE ( 'NONE', #6274, #10717, #6189, .T. ) ;
#4049 = FACE_OUTER_BOUND ( 'NONE', #4323, .T. ) ;
#4050 = LINE ( 'NONE', #240, #2333 ) ;
#4051 = CARTESIAN_POINT ( 'NONE',  ( -67.99999999999980105, 16.99999999999965539, 5.000000000000000000 ) ) ;
#4052 = EDGE_CURVE ( 'NONE', #8170, #5519, #8050, .T. ) ;
#4053 = CARTESIAN_POINT ( 'NONE',  ( -114.9999999999999432, -29.99999999999999645, 5.000000000000000000 ) ) ;
#4054 = EDGE_CURVE ( 'NONE', #6388, #4596, #2395, .T. ) ;
#4055 = ORIENTED_EDGE ( 'NONE', *, *, #12038, .T. ) ;
#4056 = CARTESIAN_POINT ( 'NONE',  ( -31.99999999999997158, 34.00000000000000000, 0.000000000000000000 ) ) ;
#4057 = VERTEX_POINT ( 'NONE', #5886 ) ;
#4058 = CARTESIAN_POINT ( 'NONE',  ( -86.99999999999990052, 67.99999999999990052, 0.000000000000000000 ) ) ;
#4059 = CARTESIAN_POINT ( 'NONE',  ( 16.99999999999969447, 68.00000000000061107, 0.000000000000000000 ) ) ;
#4060 = EDGE_CURVE ( 'NONE', #2679, #1185, #8523, .T. ) ;
#4061 = CARTESIAN_POINT ( 'NONE',  ( 33.99999999999963052, 68.00000000000072475, 0.000000000000000000 ) ) ;
#4062 = ORIENTED_EDGE ( 'NONE', *, *, #188, .T. ) ;
#4063 = ORIENTED_EDGE ( 'NONE', *, *, #8183, .F. ) ;
#4064 = AXIS2_PLACEMENT_3D ( 'NONE', #2827, #857, #5597 ) ;
#4065 = DIRECTION ( 'NONE',  ( 0.000000000000000000, 0.000000000000000000, 1.000000000000000000 ) ) ;
#4066 = DIRECTION ( 'NONE',  ( -0.000000000000000000, -0.000000000000000000, -1.000000000000000000 ) ) ;
#4067 = EDGE_CURVE ( 'NONE', #3233, #6535, #11870, .T. ) ;
#4068 = CARTESIAN_POINT ( 'NONE',  ( 69.99999999999978684, -16.99999999999964118, 0.000000000000000000 ) ) ;
#4069 = CARTESIAN_POINT ( 'NONE',  ( 16.99999999999975131, 51.00000000000049027, 5.000000000000000000 ) ) ;
#4070 = ORIENTED_EDGE ( 'NONE', *, *, #4823, .T. ) ;
#4071 = CARTESIAN_POINT ( 'NONE',  ( 79.02499999999996305, 0.000000000000000000, 0.000000000000000000 ) ) ;
#4072 = CARTESIAN_POINT ( 'NONE',  ( -94.02499999999986358, 79.02499999999996305, 0.000000000000000000 ) ) ;
#4073 = VERTEX_POINT ( 'NONE', #6010 ) ;
#4074 = ADVANCED_FACE ( 'NONE', ( #6739 ), #5079, .F. ) ;
#4075 = ORIENTED_EDGE ( 'NONE', *, *, #2608, .F. ) ;
#4076 = CYLINDRICAL_SURFACE ( 'NONE', #9609, 2.000000000000001776 ) ;
#4077 = EDGE_LOOP ( 'NONE', ( #8166, #8467 ) ) ;
#4078 = CARTESIAN_POINT ( 'NONE',  ( -4.139448346937463700E-13, -90.97500000000037801, 5.000000000000000000 ) ) ;
#4079 = CARTESIAN_POINT ( 'NONE',  ( 69.99999999999955946, 51.00000000000085265, 0.000000000000000000 ) ) ;
#4080 = FACE_OUTER_BOUND ( 'NONE', #1025, .T. ) ;
#4081 = FACE_BOUND ( 'NONE', #9749, .T. ) ;
#4082 = FILL_AREA_STYLE ('',( #5896 ) ) ;
#4083 = CARTESIAN_POINT ( 'NONE',  ( 114.9999999999999432, -30.00000000000001421, 5.000000000000000000 ) ) ;
#4084 = CARTESIAN_POINT ( 'NONE',  ( 52.99999999999974420, 17.00000000000048672, 0.000000000000000000 ) ) ;
#4085 = EDGE_LOOP ( 'NONE', ( #10098, #7337, #1052, #6433 ) ) ;
#4086 = ORIENTED_EDGE ( 'NONE', *, *, #6759, .F. ) ;
#4087 = DIRECTION ( 'NONE',  ( 1.000000000000000000, 0.000000000000000000, 0.000000000000000000 ) ) ;
#4088 = EDGE_CURVE ( 'NONE', #5315, #4695, #4992, .T. ) ;
#4089 = ORIENTED_EDGE ( 'NONE', *, *, #2369, .T. ) ;
#4090 = ORIENTED_EDGE ( 'NONE', *, *, #6444, .T. ) ;
#4091 = FACE_OUTER_BOUND ( 'NONE', #33, .T. ) ;
#4092 = ORIENTED_EDGE ( 'NONE', *, *, #6621, .T. ) ;
#4093 = DIRECTION ( 'NONE',  ( 0.000000000000000000, 0.000000000000000000, 1.000000000000000000 ) ) ;
#4094 = DIRECTION ( 'NONE',  ( 0.000000000000000000, 0.000000000000000000, 1.000000000000000000 ) ) ;
#4095 = DIRECTION ( 'NONE',  ( 1.000000000000000000, 0.000000000000000000, 0.000000000000000000 ) ) ;
#4096 = DIRECTION ( 'NONE',  ( 1.000000000000000000, 0.000000000000000000, -0.000000000000000000 ) ) ;
#4097 = ORIENTED_EDGE ( 'NONE', *, *, #4199, .T. ) ;
#4098 = FACE_OUTER_BOUND ( 'NONE', #3575, .T. ) ;
#4099 = CARTESIAN_POINT ( 'NONE',  ( 2.000000000000125677, -34.00000000000022737, 0.000000000000000000 ) ) ;
#4100 = CIRCLE ( 'NONE', #1551, 2.000000000000001776 ) ;
#4101 = VERTEX_POINT ( 'NONE', #8821 ) ;
#4102 = ORIENTED_EDGE ( 'NONE', *, *, #9939, .T. ) ;
#4103 = CIRCLE ( 'NONE', #9810, 2.000000000000001776 ) ;
#4104 = DIRECTION ( 'NONE',  ( -0.000000000000000000, -0.000000000000000000, 1.000000000000000000 ) ) ;
#4106 = AXIS2_PLACEMENT_3D ( 'NONE', #2403, #11700, #3269 ) ;
#4105 = CARTESIAN_POINT ( 'NONE',  ( -52.99999999999997868, 51.00000000000001421, 0.000000000000000000 ) ) ;
#4107 = EDGE_CURVE ( 'NONE', #10644, #7462, #9755, .T. ) ;
#4108 = DIRECTION ( 'NONE',  ( -1.000000000000000000, -4.550094363217858838E-15, 0.000000000000000000 ) ) ;
#4109 = CARTESIAN_POINT ( 'NONE',  ( 0.000000000000000000, 75.97499999999998010, 5.000000000000000000 ) ) ;
#4110 = EDGE_LOOP ( 'NONE', ( #8969, #5648, #1871, #10658 ) ) ;
#4111 = DIRECTION ( 'NONE',  ( -0.000000000000000000, -0.000000000000000000, 1.000000000000000000 ) ) ;
#4112 = ORIENTED_EDGE ( 'NONE', *, *, #6825, .T. ) ;
#4113 = DIRECTION ( 'NONE',  ( 0.000000000000000000, 0.000000000000000000, -1.000000000000000000 ) ) ;
#4114 = DIRECTION ( 'NONE',  ( 0.000000000000000000, 0.000000000000000000, 1.000000000000000000 ) ) ;
#4115 = AXIS2_PLACEMENT_3D ( 'NONE', #8525, #107, #3851 ) ;
#4116 = DIRECTION ( 'NONE',  ( 1.000000000000000000, 0.000000000000000000, 0.000000000000000000 ) ) ;
#4117 = EDGE_CURVE ( 'NONE', #760, #3716, #1329, .T. ) ;
#4118 = ORIENTED_EDGE ( 'NONE', *, *, #10680, .F. ) ;
#4119 = ORIENTED_EDGE ( 'NONE', *, *, #2102, .T. ) ;
#4120 = CYLINDRICAL_SURFACE ( 'NONE', #8036, 2.000000000000000000 ) ;
#4121 = CARTESIAN_POINT ( 'NONE',  ( 0.000000000000000000, -94.02500000000000568, 5.000000000000000000 ) ) ;
#4122 = EDGE_CURVE ( 'NONE', #997, #11676, #3054, .T. ) ;
#4123 = DIRECTION ( 'NONE',  ( 1.000000000000000000, 0.000000000000000000, 0.000000000000000000 ) ) ;
#4124 = ORIENTED_EDGE ( 'NONE', *, *, #1339, .T. ) ;
#4125 = CARTESIAN_POINT ( 'NONE',  ( -33.99999999999963052, -68.00000000000069633, 5.000000000000000000 ) ) ;
#4126 = LINE ( 'NONE', #11574, #6224 ) ;
#4127 = ORIENTED_EDGE ( 'NONE', *, *, #9707, .F. ) ;
#4128 = AXIS2_PLACEMENT_3D ( 'NONE', #10684, #1399, #2378 ) ;
#4129 = DIRECTION ( 'NONE',  ( -0.000000000000000000, -0.000000000000000000, 1.000000000000000000 ) ) ;
#4130 = CARTESIAN_POINT ( 'NONE',  ( -132.0000000000000000, 0.000000000000000000, 5.000000000000000000 ) ) ;
#4131 = ORIENTED_EDGE ( 'NONE', *, *, #3748, .T. ) ;
#4132 = ADVANCED_FACE ( 'NONE', ( #4091 ), #9628, .T. ) ;
#4133 = CIRCLE ( 'NONE', #11001, 2.000000000000001776 ) ;
#4134 = CIRCLE ( 'NONE', #1980, 2.000000000000001776 ) ;
#4135 = EDGE_LOOP ( 'NONE', ( #5663, #8088, #7073, #3655 ) ) ;
#4136 = DIRECTION ( 'NONE',  ( 0.000000000000000000, -0.000000000000000000, -1.000000000000000000 ) ) ;
#4137 = ADVANCED_FACE ( 'NONE', ( #1271 ), #289, .F. ) ;
#4138 = DIRECTION ( 'NONE',  ( -1.000000000000000000, 4.550094363217858838E-15, 0.000000000000000000 ) ) ;
#4139 = FACE_OUTER_BOUND ( 'NONE', #2078, .T. ) ;
#4140 = CARTESIAN_POINT ( 'NONE',  ( -50.99999999999955946, -68.00000000000082423, 0.000000000000000000 ) ) ;
#4141 = FACE_BOUND ( 'NONE', #6077, .T. ) ;
#4142 = DIRECTION ( 'NONE',  ( 1.000000000000000000, 0.000000000000000000, 0.000000000000000000 ) ) ;
#4143 = DIRECTION ( 'NONE',  ( 0.000000000000000000, 0.000000000000000000, 1.000000000000000000 ) ) ;
#4144 = AXIS2_PLACEMENT_3D ( 'NONE', #4336, #540, #8087 ) ;
#4145 = ORIENTED_EDGE ( 'NONE', *, *, #4557, .T. ) ;
#4146 = ORIENTED_EDGE ( 'NONE', *, *, #4122, .T. ) ;
#4147 = DIRECTION ( 'NONE',  ( 1.000000000000000000, 0.000000000000000000, 0.000000000000000000 ) ) ;
#4148 = ORIENTED_EDGE ( 'NONE', *, *, #6541, .F. ) ;
#4149 = VECTOR ( 'NONE', #9240, 1000.000000000000000 ) ;
#4150 = ORIENTED_EDGE ( 'NONE', *, *, #10597, .F. ) ;
#4151 = DIRECTION ( 'NONE',  ( -0.000000000000000000, -0.000000000000000000, 1.000000000000000000 ) ) ;
#4152 = ADVANCED_FACE ( 'NONE', ( #5023 ), #7727, .F. ) ;
#4153 = ORIENTED_EDGE ( 'NONE', *, *, #2770, .F. ) ;
#4154 = CARTESIAN_POINT ( 'NONE',  ( -33.99999999999968026, -51.00000000000058975, 5.000000000000000000 ) ) ;
#4155 = CARTESIAN_POINT ( 'NONE',  ( -4.538925740496074119E-13, 130.0000000000000000, 5.000000000000000000 ) ) ;
#4156 = CARTESIAN_POINT ( 'NONE',  ( -67.99999999999985789, 33.99999999999976552, 5.000000000000000000 ) ) ;
#4157 = DIRECTION ( 'NONE',  ( 1.000000000000000000, 0.000000000000000000, 0.000000000000000000 ) ) ;
#4158 = ORIENTED_EDGE ( 'NONE', *, *, #8334, .F. ) ;
#4159 = DIRECTION ( 'NONE',  ( 1.000000000000000000, 0.000000000000000000, 0.000000000000000000 ) ) ;
#4160 = CIRCLE ( 'NONE', #11223, 2.000000000000001776 ) ;
#4161 = VECTOR ( 'NONE', #5834, 1000.000000000000000 ) ;
#4162 = EDGE_LOOP ( 'NONE', ( #10695, #1646, #8327, #3776 ) ) ;
#4163 = VERTEX_POINT ( 'NONE', #4956 ) ;
#4164 = EDGE_CURVE ( 'NONE', #7206, #7901, #4394, .T. ) ;
#4165 = CIRCLE ( 'NONE', #6143, 2.000000000000001776 ) ;
#4166 = CARTESIAN_POINT ( 'NONE',  ( 67.99999999999984368, -33.99999999999975131, 0.000000000000000000 ) ) ;
#4167 = DIRECTION ( 'NONE',  ( 1.000000000000000000, 0.000000000000000000, 0.000000000000000000 ) ) ;
#4168 = FACE_OUTER_BOUND ( 'NONE', #6764, .T. ) ;
#4169 = DIRECTION ( 'NONE',  ( 1.000000000000000000, 0.000000000000000000, 0.000000000000000000 ) ) ;
#4170 = VERTEX_POINT ( 'NONE', #11600 ) ;
#4171 = DIRECTION ( 'NONE',  ( 0.000000000000000000, 0.000000000000000000, 1.000000000000000000 ) ) ;
#4172 = ORIENTED_EDGE ( 'NONE', *, *, #2893, .T. ) ;
#4173 = CARTESIAN_POINT ( 'NONE',  ( -2.220446049250313081E-13, 68.00000000000042633, 0.000000000000000000 ) ) ;
#4174 = FACE_OUTER_BOUND ( 'NONE', #7782, .T. ) ;
#4175 = AXIS2_PLACEMENT_3D ( 'NONE', #1702, #10986, #10933 ) ;
#4176 = AXIS2_PLACEMENT_3D ( 'NONE', #4083, #8873, #1260 ) ;
#4177 = DIRECTION ( 'NONE',  ( 0.000000000000000000, 1.000000000000000000, -0.000000000000000000 ) ) ;
#4178 = EDGE_CURVE ( 'NONE', #3055, #10068, #9309, .T. ) ;
#4179 = AXIS2_PLACEMENT_3D ( 'NONE', #7426, #11170, #2748 ) ;
#4180 = ORIENTED_EDGE ( 'NONE', *, *, #5287, .F. ) ;
#4181 = EDGE_LOOP ( 'NONE', ( #4124, #10786, #4092, #11434, #9584, #658, #5826, #11794, #1564, #3984, #9113, #7417, #4545, #5073, #3880, #8374, #7391, #11060, #8370, #4097, #815, #6301, #4112, #6893, #2371, #3914, #7997, #11186, #4493, #7002, #7279, #4172, #8354, #8942, #10520, #6063 ) ) ;
#4182 = CARTESIAN_POINT ( 'NONE',  ( -135.0000000000000000, 15.00000000000001243, 5.000000000000000000 ) ) ;
#4183 = CARTESIAN_POINT ( 'NONE',  ( 65.99999999999943157, 85.00000000000110845, 0.000000000000000000 ) ) ;
#4184 = CIRCLE ( 'NONE', #7327, 2.000000000000001776 ) ;
#4185 = DIRECTION ( 'NONE',  ( -0.000000000000000000, -0.000000000000000000, 1.000000000000000000 ) ) ;
#4186 = STYLED_ITEM ( 'NONE', ( #4943 ), #10856 ) ;
#4187 = ORIENTED_EDGE ( 'NONE', *, *, #1339, .F. ) ;
#4188 = CARTESIAN_POINT ( 'NONE',  ( -33.99999999999968026, -51.00000000000058975, 0.000000000000000000 ) ) ;
#4189 = CARTESIAN_POINT ( 'NONE',  ( 69.99999999999990052, -50.99999999999987210, 5.000000000000000000 ) ) ;
#4190 = VERTEX_POINT ( 'NONE', #2989 ) ;
#4191 = CARTESIAN_POINT ( 'NONE',  ( 67.99999999999967315, 17.00000000000059686, 0.000000000000000000 ) ) ;
#4192 = CARTESIAN_POINT ( 'NONE',  ( -84.99999999999953104, -34.00000000000082423, 0.000000000000000000 ) ) ;
#4193 = ORIENTED_EDGE ( 'NONE', *, *, #1720, .F. ) ;
#4194 = ADVANCED_FACE ( 'NONE', ( #2077 ), #2260, .F. ) ;
#4195 = VECTOR ( 'NONE', #3286, 1000.000000000000000 ) ;
#4196 = VERTEX_POINT ( 'NONE', #6923 ) ;
#4197 = DIRECTION ( 'NONE',  ( -0.000000000000000000, -0.000000000000000000, 1.000000000000000000 ) ) ;
#4198 = DIRECTION ( 'NONE',  ( -0.000000000000000000, -0.000000000000000000, -1.000000000000000000 ) ) ;
#4199 = EDGE_CURVE ( 'NONE', #6357, #6943, #8127, .T. ) ;
#4200 = CYLINDRICAL_SURFACE ( 'NONE', #68, 2.000000000000001776 ) ;
#4201 = DIRECTION ( 'NONE',  ( 1.000000000000000000, 0.000000000000000000, 0.000000000000000000 ) ) ;
#4202 = AXIS2_PLACEMENT_3D ( 'NONE', #7244, #2688, #1705 ) ;
#4203 = FACE_BOUND ( 'NONE', #8128, .T. ) ;
#4204 = EDGE_CURVE ( 'NONE', #9172, #1220, #10677, .T. ) ;
#4205 = ADVANCED_FACE ( 'NONE', ( #1148 ), #9694, .F. ) ;
#4206 = CARTESIAN_POINT ( 'NONE',  ( -69.99999999999960210, -34.00000000000070344, 5.000000000000000000 ) ) ;
#4207 = CARTESIAN_POINT ( 'NONE',  ( -90.97499999999986642, 79.02499999999997726, 5.000000000000000000 ) ) ;
#4208 = EDGE_LOOP ( 'NONE', ( #4302, #3844, #171, #8688 ) ) ;
#4209 = AXIS2_PLACEMENT_3D ( 'NONE', #6989, #6065, #9814 ) ;
#4210 = ORIENTED_EDGE ( 'NONE', *, *, #10761, .T. ) ;
#4211 = CARTESIAN_POINT ( 'NONE',  ( -16.99999999999969447, -68.00000000000058265, 5.000000000000000000 ) ) ;
#4212 = ADVANCED_FACE ( 'NONE', ( #3630 ), #866, .T. ) ;
#4213 = ORIENTED_EDGE ( 'NONE', *, *, #11336, .T. ) ;
#4214 = AXIS2_PLACEMENT_3D ( 'NONE', #1356, #427, #5105 ) ;
#4215 = ORIENTED_EDGE ( 'NONE', *, *, #4644, .F. ) ;
#4216 = VECTOR ( 'NONE', #1631, 1000.000000000000000 ) ;
#4217 = DIRECTION ( 'NONE',  ( 1.000000000000000000, 0.000000000000000000, 0.000000000000000000 ) ) ;
#4218 = ORIENTED_EDGE ( 'NONE', *, *, #8836, .F. ) ;
#4219 = FACE_OUTER_BOUND ( 'NONE', #12006, .T. ) ;
#4220 = CARTESIAN_POINT ( 'NONE',  ( -18.99999999999975486, -51.00000000000046896, 0.000000000000000000 ) ) ;
#4221 = DIRECTION ( 'NONE',  ( -1.000000000000000000, 0.000000000000000000, 0.000000000000000000 ) ) ;
#4222 = CARTESIAN_POINT ( 'NONE',  ( -75.97499999999996589, 0.000000000000000000, 5.000000000000000000 ) ) ;
#4223 = CARTESIAN_POINT ( 'NONE',  ( -84.99999999999967315, -5.828670879282071837E-13, 0.000000000000000000 ) ) ;
#4224 = ORIENTED_EDGE ( 'NONE', *, *, #3240, .F. ) ;
#4225 = DIRECTION ( 'NONE',  ( 0.000000000000000000, 0.000000000000000000, 1.000000000000000000 ) ) ;
#4226 = CIRCLE ( 'NONE', #687, 2.000000000000000888 ) ;
#4227 = CIRCLE ( 'NONE', #7559, 2.000000000000000888 ) ;
#4228 = EDGE_CURVE ( 'NONE', #8555, #5136, #10156, .T. ) ;
#4229 = ORIENTED_EDGE ( 'NONE', *, *, #7528, .F. ) ;
#4230 = ORIENTED_EDGE ( 'NONE', *, *, #10582, .F. ) ;
#4231 = AXIS2_PLACEMENT_3D ( 'NONE', #10945, #4185, #9093 ) ;
#4232 = DIRECTION ( 'NONE',  ( 0.000000000000000000, 0.000000000000000000, 1.000000000000000000 ) ) ;
#4233 = CYLINDRICAL_SURFACE ( 'NONE', #11369, 2.000000000000001776 ) ;
#4234 = CARTESIAN_POINT ( 'NONE',  ( -4.139448346937463700E-13, 90.97500000000037801, 5.000000000000000000 ) ) ;
#4235 = DIRECTION ( 'NONE',  ( 1.000000000000000000, 0.000000000000000000, 0.000000000000000000 ) ) ;
#4236 = VERTEX_POINT ( 'NONE', #1728 ) ;
#4237 = DIRECTION ( 'NONE',  ( 0.000000000000000000, 0.000000000000000000, 1.000000000000000000 ) ) ;
#4238 = VERTEX_POINT ( 'NONE', #12118 ) ;
#4239 = CARTESIAN_POINT ( 'NONE',  ( -48.99999999999986500, 16.99999999999977973, 5.000000000000000000 ) ) ;
#4240 = CARTESIAN_POINT ( 'NONE',  ( 17.00000000000011369, -51.00000000000022737, 5.000000000000000000 ) ) ;
#4241 = EDGE_CURVE ( 'NONE', #9978, #7526, #2372, .T. ) ;
#4242 = VECTOR ( 'NONE', #5282, 1000.000000000000000 ) ;
#4243 = VERTEX_POINT ( 'NONE', #7447 ) ;
#4244 = EDGE_LOOP ( 'NONE', ( #7823, #3190, #7181, #2972 ) ) ;
#4245 = CARTESIAN_POINT ( 'NONE',  ( 0.000000000000000000, 75.97499999999998010, 0.000000000000000000 ) ) ;
#4246 = LINE ( 'NONE', #3270, #11874 ) ;
#4247 = DIRECTION ( 'NONE',  ( 1.000000000000000000, 0.000000000000000000, 0.000000000000000000 ) ) ;
#4248 = AXIS2_PLACEMENT_3D ( 'NONE', #10895, #11818, #7082 ) ;
#4249 = EDGE_LOOP ( 'NONE', ( #4127, #8082 ) ) ;
#4250 = CARTESIAN_POINT ( 'NONE',  ( 135.0000000000000000, 0.000000000000000000, 0.000000000000000000 ) ) ;
#4251 = CARTESIAN_POINT ( 'NONE',  ( -52.99999999999950262, -85.00000000000093792, 5.000000000000000000 ) ) ;
#4252 = ORIENTED_EDGE ( 'NONE', *, *, #11051, .T. ) ;
#4253 = DIRECTION ( 'NONE',  ( 1.000000000000000000, 0.000000000000000000, 0.000000000000000000 ) ) ;
#4254 = DIRECTION ( 'NONE',  ( 4.550094363217858838E-15, 1.000000000000000000, -0.000000000000000000 ) ) ;
#4255 = ORIENTED_EDGE ( 'NONE', *, *, #3671, .T. ) ;
#4256 = AXIS2_PLACEMENT_3D ( 'NONE', #4727, #6402, #11317 ) ;
#4257 = VERTEX_POINT ( 'NONE', #7393 ) ;
#4258 = CYLINDRICAL_SURFACE ( 'NONE', #1944, 2.000000000000001776 ) ;
#4259 = DIRECTION ( 'NONE',  ( 0.000000000000000000, 0.000000000000000000, 1.000000000000000000 ) ) ;
#4260 = LINE ( 'NONE', #1556, #11260 ) ;
#4261 = DIRECTION ( 'NONE',  ( -0.000000000000000000, -0.000000000000000000, 1.000000000000000000 ) ) ;
#4262 = EDGE_CURVE ( 'NONE', #3147, #2282, #5478, .T. ) ;
#4263 = FACE_BOUND ( 'NONE', #4031, .T. ) ;
#4264 = CARTESIAN_POINT ( 'NONE',  ( 75.97499999999996589, -75.97499999999998010, 0.000000000000000000 ) ) ;
#4265 = DIRECTION ( 'NONE',  ( -0.000000000000000000, -0.000000000000000000, -1.000000000000000000 ) ) ;
#4266 = VERTEX_POINT ( 'NONE', #9877 ) ;
#4267 = VERTEX_POINT ( 'NONE', #7267 ) ;
#4268 = CARTESIAN_POINT ( 'NONE',  ( -67.99999999999995737, 68.00000000000002842, 0.000000000000000000 ) ) ;
#4269 = EDGE_CURVE ( 'NONE', #5869, #1903, #1471, .T. ) ;
#4270 = VERTEX_POINT ( 'NONE', #1459 ) ;
#4271 = EDGE_CURVE ( 'NONE', #253, #7982, #3507, .T. ) ;
#4272 = ORIENTED_EDGE ( 'NONE', *, *, #9156, .F. ) ;
#4273 = EDGE_LOOP ( 'NONE', ( #3449, #1836, #2970, #5342 ) ) ;
#4274 = FACE_BOUND ( 'NONE', #12155, .T. ) ;
#4275 = DIRECTION ( 'NONE',  ( 1.000000000000000000, 0.000000000000000000, 0.000000000000000000 ) ) ;
#4276 = CARTESIAN_POINT ( 'NONE',  ( 50.99999999999997158, -50.99999999999999289, 0.000000000000000000 ) ) ;
#4277 = EDGE_CURVE ( 'NONE', #6190, #6499, #4484, .T. ) ;
#4278 = DIRECTION ( 'NONE',  ( 1.000000000000000000, -2.081668171172167774E-16, 0.000000000000000000 ) ) ;
#4279 = DIRECTION ( 'NONE',  ( 1.000000000000000000, 0.000000000000000000, 0.000000000000000000 ) ) ;
#4280 = ORIENTED_EDGE ( 'NONE', *, *, #11540, .T. ) ;
#4281 = CARTESIAN_POINT ( 'NONE',  ( 17.00000000000004263, -34.00000000000010658, 0.000000000000000000 ) ) ;
#4282 = VERTEX_POINT ( 'NONE', #11196 ) ;
#4283 = EDGE_CURVE ( 'NONE', #11297, #5150, #7330, .T. ) ;
#4284 = ORIENTED_EDGE ( 'NONE', *, *, #2291, .F. ) ;
#4285 = CARTESIAN_POINT ( 'NONE',  ( -1.999999999999806599, -51.00000000000032685, 5.000000000000000000 ) ) ;
#4286 = CARTESIAN_POINT ( 'NONE',  ( 14.99999999999974776, 51.00000000000049027, 0.000000000000000000 ) ) ;
#4287 = EDGE_CURVE ( 'NONE', #5918, #3658, #4792, .T. ) ;
#4288 = DIRECTION ( 'NONE',  ( 0.000000000000000000, 0.000000000000000000, 1.000000000000000000 ) ) ;
#4289 = DIRECTION ( 'NONE',  ( 1.000000000000000000, 0.000000000000000000, 0.000000000000000000 ) ) ;
#4290 = AXIS2_PLACEMENT_3D ( 'NONE', #1223, #9582, #7621 ) ;
#4291 = EDGE_LOOP ( 'NONE', ( #916, #10501, #11076, #8682 ) ) ;
#4292 = DIRECTION ( 'NONE',  ( -0.000000000000000000, -0.000000000000000000, 1.000000000000000000 ) ) ;
#4293 = DIRECTION ( 'NONE',  ( 0.000000000000000000, 0.000000000000000000, 1.000000000000000000 ) ) ;
#4294 = FACE_OUTER_BOUND ( 'NONE', #2187, .T. ) ;
#4295 = ORIENTED_EDGE ( 'NONE', *, *, #11414, .T. ) ;
#4296 = AXIS2_PLACEMENT_3D ( 'NONE', #9327, #3487, #8397 ) ;
#4297 = ORIENTED_EDGE ( 'NONE', *, *, #2180, .T. ) ;
#4298 = VECTOR ( 'NONE', #2344, 1000.000000000000000 ) ;
#4299 = CARTESIAN_POINT ( 'NONE',  ( -90.97499999999986642, 0.000000000000000000, 0.000000000000000000 ) ) ;
#4300 = EDGE_CURVE ( 'NONE', #6943, #7087, #1856, .T. ) ;
#4301 = DIRECTION ( 'NONE',  ( 1.000000000000000000, 0.000000000000000000, 0.000000000000000000 ) ) ;
#4302 = ORIENTED_EDGE ( 'NONE', *, *, #9215, .F. ) ;
#4303 = DIRECTION ( 'NONE',  ( 0.000000000000000000, 0.000000000000000000, 1.000000000000000000 ) ) ;
#4304 = CARTESIAN_POINT ( 'NONE',  ( -99.99999999999994316, 0.000000000000000000, 0.000000000000000000 ) ) ;
#4305 = ORIENTED_EDGE ( 'NONE', *, *, #10063, .T. ) ;
#4306 = FACE_OUTER_BOUND ( 'NONE', #8930, .T. ) ;
#4307 = CARTESIAN_POINT ( 'NONE',  ( 0.000000000000000000, 100.0000000000000142, 5.000000000000000000 ) ) ;
#4308 = AXIS2_PLACEMENT_3D ( 'NONE', #5083, #7110, #2264 ) ;
#4309 = ORIENTED_EDGE ( 'NONE', *, *, #7886, .F. ) ;
#4310 = AXIS2_PLACEMENT_3D ( 'NONE', #8865, #4017, #10602 ) ;
#4311 = ORIENTED_EDGE ( 'NONE', *, *, #2508, .F. ) ;
#4312 = CIRCLE ( 'NONE', #10995, 2.000000000000001776 ) ;
#4313 = DIRECTION ( 'NONE',  ( 1.000000000000000000, 0.000000000000000000, 0.000000000000000000 ) ) ;
#4314 = EDGE_CURVE ( 'NONE', #7246, #10258, #84, .T. ) ;
#4315 = CIRCLE ( 'NONE', #3723, 2.000000000000001776 ) ;
#4316 = CARTESIAN_POINT ( 'NONE',  ( 34.00000000000003553, -51.00000000000010658, 5.000000000000000000 ) ) ;
#4317 = CARTESIAN_POINT ( 'NONE',  ( -75.97499999999996589, -75.97499999999998010, 0.000000000000000000 ) ) ;
#4318 = DIRECTION ( 'NONE',  ( -0.000000000000000000, -0.000000000000000000, 1.000000000000000000 ) ) ;
#4319 = FACE_BOUND ( 'NONE', #6605, .T. ) ;
#4320 = DIRECTION ( 'NONE',  ( -0.000000000000000000, -0.000000000000000000, 1.000000000000000000 ) ) ;
#4321 = CARTESIAN_POINT ( 'NONE',  ( -84.99999999999984368, 50.99999999999976552, 5.000000000000000000 ) ) ;
#4322 = ORIENTED_EDGE ( 'NONE', *, *, #7070, .F. ) ;
#4323 = EDGE_LOOP ( 'NONE', ( #2357, #5645, #5206, #11176 ) ) ;
#4324 = DIRECTION ( 'NONE',  ( -0.000000000000000000, -0.000000000000000000, 1.000000000000000000 ) ) ;
#4325 = AXIS2_PLACEMENT_3D ( 'NONE', #6960, #3026, #2409 ) ;
#4326 = CIRCLE ( 'NONE', #11197, 2.000000000000001776 ) ;
#4327 = ORIENTED_EDGE ( 'NONE', *, *, #7280, .F. ) ;
#4328 = EDGE_CURVE ( 'NONE', #9926, #11526, #8185, .T. ) ;
#4329 = ORIENTED_EDGE ( 'NONE', *, *, #10749, .T. ) ;
#4330 = EDGE_LOOP ( 'NONE', ( #5173, #1204, #1571, #10413 ) ) ;
#4331 = FACE_BOUND ( 'NONE', #11568, .T. ) ;
#4332 = AXIS2_PLACEMENT_3D ( 'NONE', #4574, #8385, #10173 ) ;
#4333 = CARTESIAN_POINT ( 'NONE',  ( 15.00000000000010836, -51.00000000000022737, 5.000000000000000000 ) ) ;
#4334 = CARTESIAN_POINT ( 'NONE',  ( -84.99999999999958789, -17.00000000000071054, 0.000000000000000000 ) ) ;
#4335 = PLANE ( 'NONE',  #1622 ) ;
#4336 = CARTESIAN_POINT ( 'NONE',  ( 90.97499999999986642, 0.000000000000000000, 5.000000000000000000 ) ) ;
#4337 = VERTEX_POINT ( 'NONE', #10099 ) ;
#4338 = CARTESIAN_POINT ( 'NONE',  ( 67.99999999999943157, 85.00000000000110845, 0.000000000000000000 ) ) ;
#4339 = AXIS2_PLACEMENT_3D ( 'NONE', #8812, #6002, #398 ) ;
#4340 = VERTEX_POINT ( 'NONE', #3566 ) ;
#4341 = EDGE_CURVE ( 'NONE', #5526, #2093, #2772, .T. ) ;
#4342 = VERTEX_POINT ( 'NONE', #1674 ) ;
#4343 = DIRECTION ( 'NONE',  ( 0.000000000000000000, 0.000000000000000000, 1.000000000000000000 ) ) ;
#4344 = DIRECTION ( 'NONE',  ( -1.000000000000000000, 0.000000000000000000, 0.000000000000000000 ) ) ;
#4345 = DIRECTION ( 'NONE',  ( -0.000000000000000000, -0.000000000000000000, 1.000000000000000000 ) ) ;
#4347 = EDGE_CURVE ( 'NONE', #6361, #10370, #671, .T. ) ;
#4346 = FACE_OUTER_BOUND ( 'NONE', #2955, .T. ) ;
#4348 = AXIS2_PLACEMENT_3D ( 'NONE', #1432, #2168, #11639 ) ;
#4349 = ORIENTED_EDGE ( 'NONE', *, *, #1254, .F. ) ;
#4350 = AXIS2_PLACEMENT_3D ( 'NONE', #11550, #7552, #3117 ) ;
#4351 = DIRECTION ( 'NONE',  ( -0.000000000000000000, -0.000000000000000000, 1.000000000000000000 ) ) ;
#4352 = ADVANCED_FACE ( 'NONE', ( #4546 ), #745, .F. ) ;
#4353 = FACE_OUTER_BOUND ( 'NONE', #754, .T. ) ;
#4354 = ADVANCED_FACE ( 'NONE', ( #1785 ), #10345, .F. ) ;
#4355 = LINE ( 'NONE', #11869, #1032 ) ;
#4356 = VERTEX_POINT ( 'NONE', #71 ) ;
#4357 = EDGE_CURVE ( 'NONE', #8976, #1390, #6956, .T. ) ;
#4358 = ORIENTED_EDGE ( 'NONE', *, *, #7436, .F. ) ;
#4359 = AXIS2_PLACEMENT_3D ( 'NONE', #8207, #6374, #3534 ) ;
#4360 = DIRECTION ( 'NONE',  ( 1.000000000000000000, 0.000000000000000000, 0.000000000000000000 ) ) ;
#4361 = CARTESIAN_POINT ( 'NONE',  ( -50.99999999999986500, 16.99999999999977973, 0.000000000000000000 ) ) ;
#4362 = VERTEX_POINT ( 'NONE', #3750 ) ;
#4363 = DIRECTION ( 'NONE',  ( 1.000000000000000000, 0.000000000000000000, 0.000000000000000000 ) ) ;
#4364 = DIRECTION ( 'NONE',  ( -0.000000000000000000, -0.000000000000000000, 1.000000000000000000 ) ) ;
#4365 = ORIENTED_EDGE ( 'NONE', *, *, #10139, .F. ) ;
#4366 = DIRECTION ( 'NONE',  ( 1.000000000000000000, 0.000000000000000000, 0.000000000000000000 ) ) ;
#4367 = DIRECTION ( 'NONE',  ( 1.000000000000000000, 0.000000000000000000, 0.000000000000000000 ) ) ;
#4368 = CIRCLE ( 'NONE', #5952, 2.000000000000001776 ) ;
#4369 = AXIS2_PLACEMENT_3D ( 'NONE', #7518, #10289, #4553 ) ;
#4370 = ADVANCED_FACE ( 'NONE', ( #3876 ), #3816, .F. ) ;
#4371 = VECTOR ( 'NONE', #1632, 1000.000000000000000 ) ;
#4372 = CIRCLE ( 'NONE', #652, 2.000000000000001776 ) ;
#4373 = EDGE_LOOP ( 'NONE', ( #924, #2728 ) ) ;
#4374 = VECTOR ( 'NONE', #2112, 1000.000000000000000 ) ;
#4375 = DIRECTION ( 'NONE',  ( 0.000000000000000000, 0.000000000000000000, 1.000000000000000000 ) ) ;
#4376 = CARTESIAN_POINT ( 'NONE',  ( 86.99999999999960210, 17.00000000000072120, 0.000000000000000000 ) ) ;
#4377 = CARTESIAN_POINT ( 'NONE',  ( 86.99999999999977263, -33.99999999999963762, 0.000000000000000000 ) ) ;
#4378 = LINE ( 'NONE', #1557, #3919 ) ;
#4379 = FACE_BOUND ( 'NONE', #3230, .T. ) ;
#4380 = DIRECTION ( 'NONE',  ( 3.439439634563829142E-15, -1.000000000000000000, 0.000000000000000000 ) ) ;
#4381 = CARTESIAN_POINT ( 'NONE',  ( -135.0000000000000000, 0.000000000000000000, 5.000000000000000000 ) ) ;
#4382 = ORIENTED_EDGE ( 'NONE', *, *, #11119, .F. ) ;
#4383 = ORIENTED_EDGE ( 'NONE', *, *, #8598, .T. ) ;
#4384 = FACE_OUTER_BOUND ( 'NONE', #9473, .T. ) ;
#4385 = CIRCLE ( 'NONE', #9498, 2.000000000000001776 ) ;
#4386 = VECTOR ( 'NONE', #10270, 1000.000000000000000 ) ;
#4387 = EDGE_CURVE ( 'NONE', #12151, #2905, #11446, .T. ) ;
#4388 = ORIENTED_EDGE ( 'NONE', *, *, #11364, .F. ) ;
#4389 = AXIS2_PLACEMENT_3D ( 'NONE', #1881, #12136, #6551 ) ;
#4390 = VERTEX_POINT ( 'NONE', #6588 ) ;
#4391 = VECTOR ( 'NONE', #8217, 1000.000000000000000 ) ;
#4392 = ORIENTED_EDGE ( 'NONE', *, *, #2924, .F. ) ;
#4393 = DIRECTION ( 'NONE',  ( 1.000000000000000000, 0.000000000000000000, 0.000000000000000000 ) ) ;
#4394 = CIRCLE ( 'NONE', #5782, 2.000000000000000000 ) ;
#4395 = DIRECTION ( 'NONE',  ( 1.000000000000000000, 0.000000000000000000, 0.000000000000000000 ) ) ;
#4396 = CARTESIAN_POINT ( 'NONE',  ( 16.99999999999993250, 1.387778780781445676E-13, 0.000000000000000000 ) ) ;
#4397 = LINE ( 'NONE', #11847, #3385 ) ;
#4398 = CARTESIAN_POINT ( 'NONE',  ( 66.00000000000001421, -85.00000000000011369, 5.000000000000000000 ) ) ;
#4399 = VERTEX_POINT ( 'NONE', #8613 ) ;
#4400 = CARTESIAN_POINT ( 'NONE',  ( -86.99999999999947420, -51.00000000000093792, 5.000000000000000000 ) ) ;
#4401 = AXIS2_PLACEMENT_3D ( 'NONE', #3873, #8483, #6643 ) ;
#4402 = VECTOR ( 'NONE', #5144, 1000.000000000000000 ) ;
#4403 = ORIENTED_EDGE ( 'NONE', *, *, #11129, .T. ) ;
#4404 = ORIENTED_EDGE ( 'NONE', *, *, #448, .F. ) ;
#4405 = EDGE_LOOP ( 'NONE', ( #7152, #4470 ) ) ;
#4406 = CARTESIAN_POINT ( 'NONE',  ( 31.99999999999991829, -16.99999999999987566, 0.000000000000000000 ) ) ;
#4407 = CARTESIAN_POINT ( 'NONE',  ( -82.99999999999947420, -51.00000000000093792, 0.000000000000000000 ) ) ;
#4408 = AXIS2_PLACEMENT_3D ( 'NONE', #7819, #4065, #8057 ) ;
#4409 = CARTESIAN_POINT ( 'NONE',  ( -82.99999999999958789, -17.00000000000071054, 5.000000000000000000 ) ) ;
#4410 = CYLINDRICAL_SURFACE ( 'NONE', #1069, 2.000000000000000888 ) ;
#4411 = VERTEX_POINT ( 'NONE', #1919 ) ;
#4412 = AXIS2_PLACEMENT_3D ( 'NONE', #11940, #5255, #7268 ) ;
#4413 = EDGE_CURVE ( 'NONE', #5268, #3732, #6367, .T. ) ;
#4414 = CYLINDRICAL_SURFACE ( 'NONE', #1442, 2.000000000000001776 ) ;
#4415 = ADVANCED_FACE ( 'NONE', ( #6773 ), #2106, .F. ) ;
#4416 = FACE_OUTER_BOUND ( 'NONE', #4085, .T. ) ;
#4417 = ORIENTED_EDGE ( 'NONE', *, *, #298, .T. ) ;
#4418 = CIRCLE ( 'NONE', #11301, 2.000000000000001776 ) ;
#4419 = EDGE_CURVE ( 'NONE', #5505, #4875, #6761, .T. ) ;
#4420 = ORIENTED_EDGE ( 'NONE', *, *, #10902, .T. ) ;
#4421 = EDGE_CURVE ( 'NONE', #3584, #3884, #2958, .T. ) ;
#4422 = CARTESIAN_POINT ( 'NONE',  ( 82.99999999999977263, -33.99999999999963762, 0.000000000000000000 ) ) ;
#4423 = DIRECTION ( 'NONE',  ( 0.000000000000000000, 0.000000000000000000, 1.000000000000000000 ) ) ;
#4424 = ORIENTED_EDGE ( 'NONE', *, *, #3306, .F. ) ;
#4425 = DIRECTION ( 'NONE',  ( 1.000000000000000000, 0.000000000000000000, 0.000000000000000000 ) ) ;
#4426 = DIRECTION ( 'NONE',  ( 0.000000000000000000, 0.000000000000000000, 1.000000000000000000 ) ) ;
#4427 = EDGE_LOOP ( 'NONE', ( #565, #11825 ) ) ;
#4428 = DIRECTION ( 'NONE',  ( 1.000000000000000000, 0.000000000000000000, 0.000000000000000000 ) ) ;
#4429 = CARTESIAN_POINT ( 'NONE',  ( 75.97499999999996589, 0.000000000000000000, 0.000000000000000000 ) ) ;
#4430 = AXIS2_PLACEMENT_3D ( 'NONE', #5160, #7861, #8781 ) ;
#4431 = AXIS2_PLACEMENT_3D ( 'NONE', #5685, #96, #10493 ) ;
#4432 = EDGE_CURVE ( 'NONE', #4875, #5505, #92, .T. ) ;
#4433 = EDGE_LOOP ( 'NONE', ( #513, #6166, #4836, #8572 ) ) ;
#4434 = AXIS2_PLACEMENT_3D ( 'NONE', #8676, #3088, #6961 ) ;
#4435 = DIRECTION ( 'NONE',  ( 1.000000000000000000, 0.000000000000000000, 0.000000000000000000 ) ) ;
#4436 = DIRECTION ( 'NONE',  ( -0.000000000000000000, -0.000000000000000000, 1.000000000000000000 ) ) ;
#4437 = DIRECTION ( 'NONE',  ( 0.000000000000000000, 0.000000000000000000, 1.000000000000000000 ) ) ;
#4438 = FACE_OUTER_BOUND ( 'NONE', #6461, .T. ) ;
#4439 = FACE_BOUND ( 'NONE', #6474, .T. ) ;
#4440 = ADVANCED_FACE ( 'NONE', ( #7761 ), #2896, .F. ) ;
#4441 = CARTESIAN_POINT ( 'NONE',  ( -17.00000000000011369, 51.00000000000024158, 0.000000000000000000 ) ) ;
#4442 =( NAMED_UNIT ( * ) PLANE_ANGLE_UNIT ( ) SI_UNIT ( $, .RADIAN. ) );
#4443 = ORIENTED_EDGE ( 'NONE', *, *, #3599, .F. ) ;
#4444 = VERTEX_POINT ( 'NONE', #4805 ) ;
#4445 = DIRECTION ( 'NONE',  ( 0.000000000000000000, 0.000000000000000000, 1.000000000000000000 ) ) ;
#4446 = ORIENTED_EDGE ( 'NONE', *, *, #7435, .F. ) ;
#4447 = ORIENTED_EDGE ( 'NONE', *, *, #11193, .T. ) ;
#4448 = ORIENTED_EDGE ( 'NONE', *, *, #814, .T. ) ;
#4449 = FACE_BOUND ( 'NONE', #8210, .T. ) ;
#4450 = DIRECTION ( 'NONE',  ( 1.000000000000000000, 0.000000000000000000, 0.000000000000000000 ) ) ;
#4451 = DIRECTION ( 'NONE',  ( -0.000000000000000000, -0.000000000000000000, 1.000000000000000000 ) ) ;
#4452 = ADVANCED_FACE ( 'NONE', ( #255 ), #8426, .F. ) ;
#4453 = DIRECTION ( 'NONE',  ( 0.000000000000000000, 0.000000000000000000, 1.000000000000000000 ) ) ;
#4454 = CARTESIAN_POINT ( 'NONE',  ( -14.99999999999993250, -9.714451465470119729E-14, 5.000000000000000000 ) ) ;
#4455 = ORIENTED_EDGE ( 'NONE', *, *, #6078, .F. ) ;
#4456 = ORIENTED_EDGE ( 'NONE', *, *, #7968, .T. ) ;
#4457 = DIRECTION ( 'NONE',  ( 1.000000000000000000, 0.000000000000000000, 0.000000000000000000 ) ) ;
#4458 = ORIENTED_EDGE ( 'NONE', *, *, #8748, .F. ) ;
#4459 = ORIENTED_EDGE ( 'NONE', *, *, #3296, .T. ) ;
#4460 = VERTEX_POINT ( 'NONE', #9540 ) ;
#4461 = DIRECTION ( 'NONE',  ( -0.000000000000000000, -0.000000000000000000, 1.000000000000000000 ) ) ;
#4462 = CARTESIAN_POINT ( 'NONE',  ( -94.02499999999982094, -79.02499999999996305, 0.000000000000000000 ) ) ;
#4463 = CARTESIAN_POINT ( 'NONE',  ( 65.99999999999982947, -33.99999999999975131, 0.000000000000000000 ) ) ;
#4464 = DIRECTION ( 'NONE',  ( 1.000000000000000000, 0.000000000000000000, 0.000000000000000000 ) ) ;
#4465 = FACE_OUTER_BOUND ( 'NONE', #8671, .T. ) ;
#4466 = ORIENTED_EDGE ( 'NONE', *, *, #12009, .T. ) ;
#4467 = DIRECTION ( 'NONE',  ( -0.000000000000000000, -0.000000000000000000, -1.000000000000000000 ) ) ;
#4468 = CARTESIAN_POINT ( 'NONE',  ( 14.99999999999981704, 34.00000000000036238, 0.000000000000000000 ) ) ;
#4469 = ORIENTED_EDGE ( 'NONE', *, *, #5934, .T. ) ;
#4470 = ORIENTED_EDGE ( 'NONE', *, *, #11927, .F. ) ;
#4471 = EDGE_CURVE ( 'NONE', #12151, #5893, #11492, .T. ) ;
#4472 = VECTOR ( 'NONE', #5064, 1000.000000000000000 ) ;
#4473 = DIRECTION ( 'NONE',  ( 1.000000000000000000, 0.000000000000000000, 0.000000000000000000 ) ) ;
#4474 = DIRECTION ( 'NONE',  ( 0.000000000000000000, 0.000000000000000000, 1.000000000000000000 ) ) ;
#4475 = ORIENTED_EDGE ( 'NONE', *, *, #5864, .F. ) ;
#4476 = FACE_OUTER_BOUND ( 'NONE', #1080, .T. ) ;
#4477 = DIRECTION ( 'NONE',  ( 1.000000000000000000, 0.000000000000000000, 0.000000000000000000 ) ) ;
#4478 = VERTEX_POINT ( 'NONE', #4002 ) ;
#4479 = DIRECTION ( 'NONE',  ( -0.000000000000000000, -0.000000000000000000, 1.000000000000000000 ) ) ;
#4480 = LINE ( 'NONE', #4429, #10260 ) ;
#4481 = ADVANCED_FACE ( 'NONE', ( #5854 ), #7634, .F. ) ;
#4482 = ADVANCED_FACE ( 'NONE', ( #9595 ), #1176, .F. ) ;
#4483 = ORIENTED_EDGE ( 'NONE', *, *, #10050, .F. ) ;
#4484 = LINE ( 'NONE', #5607, #11276 ) ;
#4485 = DIRECTION ( 'NONE',  ( -0.000000000000000000, -0.000000000000000000, 1.000000000000000000 ) ) ;
#4486 = DIRECTION ( 'NONE',  ( -0.000000000000000000, 0.000000000000000000, -1.000000000000000000 ) ) ;
#4487 = CARTESIAN_POINT ( 'NONE',  ( -84.99999999999995737, 85.00000000000001421, 0.000000000000000000 ) ) ;
#4488 = VECTOR ( 'NONE', #3326, 1000.000000000000000 ) ;
#4489 = FACE_BOUND ( 'NONE', #2797, .T. ) ;
#4490 = CARTESIAN_POINT ( 'NONE',  ( 31.99999999999968736, 51.00000000000059686, 5.000000000000000000 ) ) ;
#4491 = EDGE_CURVE ( 'NONE', #10647, #618, #2835, .T. ) ;
#4492 = SURFACE_SIDE_STYLE ('',( #1618 ) ) ;
#4493 = ORIENTED_EDGE ( 'NONE', *, *, #9215, .T. ) ;
#4494 = EDGE_LOOP ( 'NONE', ( #11841, #5381, #4499, #10736 ) ) ;
#4495 = EDGE_CURVE ( 'NONE', #223, #10059, #10505, .T. ) ;
#4496 = ADVANCED_FACE ( 'NONE', ( #2079 ), #7791, .F. ) ;
#4497 = AXIS2_PLACEMENT_3D ( 'NONE', #10923, #709, #5327 ) ;
#4498 = VECTOR ( 'NONE', #5620, 1000.000000000000000 ) ;
#4499 = ORIENTED_EDGE ( 'NONE', *, *, #10583, .T. ) ;
#4500 = CIRCLE ( 'NONE', #196, 2.000000000000001776 ) ;
#4501 = VERTEX_POINT ( 'NONE', #224 ) ;
#4502 = ORIENTED_EDGE ( 'NONE', *, *, #9463, .T. ) ;
#4503 = FACE_BOUND ( 'NONE', #7632, .T. ) ;
#4504 = LINE ( 'NONE', #10054, #4571 ) ;
#4505 = DIRECTION ( 'NONE',  ( 0.000000000000000000, 0.000000000000000000, 1.000000000000000000 ) ) ;
#4506 = DIRECTION ( 'NONE',  ( -4.550094363217858838E-15, 1.000000000000000000, 0.000000000000000000 ) ) ;
#4507 = CARTESIAN_POINT ( 'NONE',  ( -94.02499999999986358, 79.02499999999996305, 5.000000000000000000 ) ) ;
#4508 = VECTOR ( 'NONE', #10159, 1000.000000000000000 ) ;
#4509 = VERTEX_POINT ( 'NONE', #1150 ) ;
#4510 = VERTEX_POINT ( 'NONE', #3111 ) ;
#4511 = LINE ( 'NONE', #8266, #11038 ) ;
#4512 = ORIENTED_EDGE ( 'NONE', *, *, #10349, .F. ) ;
#4513 = ADVANCED_FACE ( 'NONE', ( #3241 ), #8708, .F. ) ;
#4514 = VECTOR ( 'NONE', #10947, 1000.000000000000000 ) ;
#4515 = ORIENTED_EDGE ( 'NONE', *, *, #170, .F. ) ;
#4517 = VERTEX_POINT ( 'NONE', #8766 ) ;
#4516 = AXIS2_PLACEMENT_3D ( 'NONE', #10798, #6015, #6134 ) ;
#4518 = FACE_OUTER_BOUND ( 'NONE', #2605, .T. ) ;
#4519 = CARTESIAN_POINT ( 'NONE',  ( -29.99999999999880984, -115.0000000000000142, 0.000000000000000000 ) ) ;
#4520 = FACE_OUTER_BOUND ( 'NONE', #2867, .T. ) ;
#4521 = DIRECTION ( 'NONE',  ( 1.000000000000000000, 0.000000000000000000, 0.000000000000000000 ) ) ;
#4522 = UNCERTAINTY_MEASURE_WITH_UNIT (LENGTH_MEASURE( 1.000000000000000082E-05 ), #9618, 'distance_accuracy_value', 'NONE');
#4523 = CARTESIAN_POINT ( 'NONE',  ( 84.99999999999965894, 6.106226635438360972E-13, 5.000000000000000000 ) ) ;
#4524 = ORIENTED_EDGE ( 'NONE', *, *, #487, .F. ) ;
#4525 = CARTESIAN_POINT ( 'NONE',  ( -86.99999999999995737, 85.00000000000001421, 0.000000000000000000 ) ) ;
#4526 = CARTESIAN_POINT ( 'NONE',  ( 86.99999999999977263, -33.99999999999963762, 0.000000000000000000 ) ) ;
#4527 = AXIS2_PLACEMENT_3D ( 'NONE', #9314, #5446, #5568 ) ;
#4528 = ORIENTED_EDGE ( 'NONE', *, *, #11656, .F. ) ;
#4529 = EDGE_CURVE ( 'NONE', #4835, #7967, #1269, .T. ) ;
#4530 = ORIENTED_EDGE ( 'NONE', *, *, #10877, .F. ) ;
#4531 = CIRCLE ( 'NONE', #2190, 2.000000000000001776 ) ;
#4532 = AXIS2_PLACEMENT_3D ( 'NONE', #5234, #5344, #6215 ) ;
#4533 = DIRECTION ( 'NONE',  ( -0.000000000000000000, -0.000000000000000000, 1.000000000000000000 ) ) ;
#4534 = DIRECTION ( 'NONE',  ( -0.000000000000000000, -0.000000000000000000, -1.000000000000000000 ) ) ;
#4535 = VERTEX_POINT ( 'NONE', #1331 ) ;
#4536 = DIRECTION ( 'NONE',  ( 1.000000000000000000, 0.000000000000000000, 0.000000000000000000 ) ) ;
#4537 = CYLINDRICAL_SURFACE ( 'NONE', #2105, 2.000000000000001776 ) ;
#4538 = ORIENTED_EDGE ( 'NONE', *, *, #4541, .T. ) ;
#4539 = CARTESIAN_POINT ( 'NONE',  ( -17.00000000000004263, 34.00000000000012790, 0.000000000000000000 ) ) ;
#4540 = DIRECTION ( 'NONE',  ( 1.000000000000000000, 0.000000000000000000, 0.000000000000000000 ) ) ;
#4541 = EDGE_CURVE ( 'NONE', #4267, #11914, #1273, .T. ) ;
#4542 = AXIS2_PLACEMENT_3D ( 'NONE', #7702, #996, #1863 ) ;
#4543 = CIRCLE ( 'NONE', #3180, 2.000000000000001776 ) ;
#4544 = EDGE_CURVE ( 'NONE', #8206, #2985, #8645, .T. ) ;
#4545 = ORIENTED_EDGE ( 'NONE', *, *, #672, .T. ) ;
#4546 = FACE_OUTER_BOUND ( 'NONE', #10442, .T. ) ;
#4547 = CYLINDRICAL_SURFACE ( 'NONE', #8935, 1.999999999999996225 ) ;
#4548 = VECTOR ( 'NONE', #12170, 1000.000000000000000 ) ;
#4549 = DIRECTION ( 'NONE',  ( 1.000000000000000000, 0.000000000000000000, 0.000000000000000000 ) ) ;
#4550 = CYLINDRICAL_SURFACE ( 'NONE', #786, 2.000000000000001776 ) ;
#4551 = CARTESIAN_POINT ( 'NONE',  ( -34.00000000000009948, 68.00000000000025580, 0.000000000000000000 ) ) ;
#4552 = ORIENTED_EDGE ( 'NONE', *, *, #4117, .F. ) ;
#4553 = DIRECTION ( 'NONE',  ( 1.000000000000000000, 0.000000000000000000, 0.000000000000000000 ) ) ;
#4554 = CYLINDRICAL_SURFACE ( 'NONE', #9457, 15.00000000000001421 ) ;
#4555 = ORIENTED_EDGE ( 'NONE', *, *, #8646, .T. ) ;
#4556 = ORIENTED_EDGE ( 'NONE', *, *, #6984, .T. ) ;
#4557 = EDGE_CURVE ( 'NONE', #3678, #8791, #7555, .T. ) ;
#4558 = AXIS2_PLACEMENT_3D ( 'NONE', #11798, #3368, #7123 ) ;
#4559 = CIRCLE ( 'NONE', #11449, 2.000000000000001776 ) ;
#4560 = VECTOR ( 'NONE', #9984, 1000.000000000000000 ) ;
#4561 = ORIENTED_EDGE ( 'NONE', *, *, #9679, .F. ) ;
#4562 = CIRCLE ( 'NONE', #11455, 2.000000000000001776 ) ;
#4563 = EDGE_CURVE ( 'NONE', #7520, #9172, #3616, .T. ) ;
#4564 = ORIENTED_EDGE ( 'NONE', *, *, #3772, .T. ) ;
#4565 = ORIENTED_EDGE ( 'NONE', *, *, #1216, .T. ) ;
#4566 = EDGE_CURVE ( 'NONE', #7743, #9556, #8535, .T. ) ;
#4567 = FACE_BOUND ( 'NONE', #10337, .T. ) ;
#4568 = EDGE_CURVE ( 'NONE', #10258, #2373, #3968, .T. ) ;
#4569 = CYLINDRICAL_SURFACE ( 'NONE', #9092, 2.000000000000001776 ) ;
#4570 = DIRECTION ( 'NONE',  ( 0.000000000000000000, 0.000000000000000000, 1.000000000000000000 ) ) ;
#4571 = VECTOR ( 'NONE', #11029, 1000.000000000000000 ) ;
#4572 = LINE ( 'NONE', #2672, #10031 ) ;
#4574 = CARTESIAN_POINT ( 'NONE',  ( -4.538925740496074119E-13, 130.0000000000000000, 0.000000000000000000 ) ) ;
#4573 = VECTOR ( 'NONE', #9765, 1000.000000000000000 ) ;
#4575 = VERTEX_POINT ( 'NONE', #3056 ) ;
#4576 = AXIS2_PLACEMENT_3D ( 'NONE', #9099, #622, #511 ) ;
#4577 = ORIENTED_EDGE ( 'NONE', *, *, #317, .F. ) ;
#4578 = CYLINDRICAL_SURFACE ( 'NONE', #2016, 2.000000000000001776 ) ;
#4579 = EDGE_CURVE ( 'NONE', #3282, #10386, #10737, .T. ) ;
#4580 = ORIENTED_EDGE ( 'NONE', *, *, #4925, .T. ) ;
#4581 = ORIENTED_EDGE ( 'NONE', *, *, #7142, .T. ) ;
#4582 = AXIS2_PLACEMENT_3D ( 'NONE', #2216, #11378, #5787 ) ;
#4583 = ORIENTED_EDGE ( 'NONE', *, *, #1105, .F. ) ;
#4584 = CARTESIAN_POINT ( 'NONE',  ( -84.99999999999995737, 85.00000000000001421, 0.000000000000000000 ) ) ;
#4585 = EDGE_CURVE ( 'NONE', #1527, #5316, #3173, .T. ) ;
#4586 = DIRECTION ( 'NONE',  ( 1.000000000000000000, 0.000000000000000000, 0.000000000000000000 ) ) ;
#4587 = FACE_OUTER_BOUND ( 'NONE', #9418, .T. ) ;
#4588 = CYLINDRICAL_SURFACE ( 'NONE', #6601, 2.000000000000001776 ) ;
#4589 = DIRECTION ( 'NONE',  ( -0.000000000000000000, -0.000000000000000000, 1.000000000000000000 ) ) ;
#4590 = VERTEX_POINT ( 'NONE', #8884 ) ;
#4591 = CARTESIAN_POINT ( 'NONE',  ( -19.00000000000011369, 51.00000000000024158, 0.000000000000000000 ) ) ;
#4592 = VECTOR ( 'NONE', #4289, 1000.000000000000000 ) ;
#4593 = EDGE_CURVE ( 'NONE', #5885, #8170, #6376, .T. ) ;
#4594 = DIRECTION ( 'NONE',  ( 1.000000000000000000, 0.000000000000000000, 0.000000000000000000 ) ) ;
#4595 = VECTOR ( 'NONE', #10558, 1000.000000000000000 ) ;
#4596 = VERTEX_POINT ( 'NONE', #6804 ) ;
#4597 = EDGE_LOOP ( 'NONE', ( #7296, #2863, #1652, #1929 ) ) ;
#4598 = AXIS2_PLACEMENT_3D ( 'NONE', #11516, #4922, #2162 ) ;
#4599 = DIRECTION ( 'NONE',  ( -0.000000000000000000, -0.000000000000000000, 1.000000000000000000 ) ) ;
#4600 = DIRECTION ( 'NONE',  ( 0.000000000000000000, -1.000000000000000000, 0.000000000000000000 ) ) ;
#4601 = PLANE ( 'NONE',  #3834 ) ;
#4602 = ORIENTED_EDGE ( 'NONE', *, *, #5365, .F. ) ;
#4603 = DIRECTION ( 'NONE',  ( 1.000000000000000000, 0.000000000000000000, 0.000000000000000000 ) ) ;
#4604 = DIRECTION ( 'NONE',  ( 1.000000000000000000, 0.000000000000000000, 0.000000000000000000 ) ) ;
#4605 = EDGE_LOOP ( 'NONE', ( #3613, #145, #1142, #1755 ) ) ;
#4606 = ADVANCED_FACE ( 'NONE', ( #4219 ), #7973, .F. ) ;
#4607 = DIRECTION ( 'NONE',  ( 0.000000000000000000, 0.000000000000000000, 1.000000000000000000 ) ) ;
#4608 = CYLINDRICAL_SURFACE ( 'NONE', #3763, 2.000000000000001776 ) ;
#4609 = AXIS2_PLACEMENT_3D ( 'NONE', #505, #9912, #3203 ) ;
#4610 = AXIS2_PLACEMENT_3D ( 'NONE', #570, #1554, #11714 ) ;
#4611 = DIRECTION ( 'NONE',  ( 0.000000000000000000, -1.000000000000000000, 0.000000000000000000 ) ) ;
#4612 = ORIENTED_EDGE ( 'NONE', *, *, #1513, .T. ) ;
#4613 = CARTESIAN_POINT ( 'NONE',  ( 15.00000000000000533, 5.159159451845745607E-14, 5.000000000000000000 ) ) ;
#4614 = DIRECTION ( 'NONE',  ( 0.000000000000000000, -0.000000000000000000, -1.000000000000000000 ) ) ;
#4615 = CIRCLE ( 'NONE', #5030, 2.000000000000001776 ) ;
#4616 = DIRECTION ( 'NONE',  ( -0.000000000000000000, -0.000000000000000000, 1.000000000000000000 ) ) ;
#4617 = CARTESIAN_POINT ( 'NONE',  ( 79.02499999999996305, -79.02499999999997726, 5.000000000000000000 ) ) ;
#4618 = CARTESIAN_POINT ( 'NONE',  ( -67.99999999999948841, -68.00000000000095213, 0.000000000000000000 ) ) ;
#4619 = ORIENTED_EDGE ( 'NONE', *, *, #3063, .T. ) ;
#4620 = CARTESIAN_POINT ( 'NONE',  ( 3.053113317719180486E-13, -85.00000000000055422, 5.000000000000000000 ) ) ;
#4621 = CARTESIAN_POINT ( 'NONE',  ( -84.99999999999947420, -51.00000000000093792, 0.000000000000000000 ) ) ;
#4622 = ORIENTED_EDGE ( 'NONE', *, *, #10745, .T. ) ;
#4623 = ORIENTED_EDGE ( 'NONE', *, *, #11277, .F. ) ;
#4624 = AXIS2_PLACEMENT_3D ( 'NONE', #11861, #10878, #7062 ) ;
#4625 = ORIENTED_EDGE ( 'NONE', *, *, #10532, .T. ) ;
#4626 = EDGE_CURVE ( 'NONE', #4919, #10616, #2459, .T. ) ;
#4627 = LINE ( 'NONE', #8378, #4698 ) ;
#4628 = ORIENTED_EDGE ( 'NONE', *, *, #8005, .T. ) ;
#4629 = FACE_BOUND ( 'NONE', #910, .T. ) ;
#4630 = DIRECTION ( 'NONE',  ( 1.000000000000000000, 0.000000000000000000, 0.000000000000000000 ) ) ;
#4631 = FACE_OUTER_BOUND ( 'NONE', #9011, .T. ) ;
#4632 = ORIENTED_EDGE ( 'NONE', *, *, #5049, .T. ) ;
#4633 = DIRECTION ( 'NONE',  ( -0.000000000000000000, 0.000000000000000000, -1.000000000000000000 ) ) ;
#4634 = DIRECTION ( 'NONE',  ( -0.000000000000000000, -0.000000000000000000, -1.000000000000000000 ) ) ;
#4635 = ORIENTED_EDGE ( 'NONE', *, *, #7737, .F. ) ;
#4636 = AXIS2_PLACEMENT_3D ( 'NONE', #3636, #6593, #9417 ) ;
#4637 = ORIENTED_EDGE ( 'NONE', *, *, #10061, .F. ) ;
#4638 = CARTESIAN_POINT ( 'NONE',  ( -15.00000000000011191, 51.00000000000024158, 0.000000000000000000 ) ) ;
#4639 = EDGE_CURVE ( 'NONE', #1011, #5436, #291, .T. ) ;
#4640 = EDGE_CURVE ( 'NONE', #7239, #6192, #1462, .T. ) ;
#4641 = ORIENTED_EDGE ( 'NONE', *, *, #6934, .F. ) ;
#4642 = ORIENTED_EDGE ( 'NONE', *, *, #3457, .F. ) ;
#4643 = CIRCLE ( 'NONE', #536, 2.000000000000001776 ) ;
#4644 = EDGE_CURVE ( 'NONE', #558, #6491, #9519, .T. ) ;
#4645 = ORIENTED_EDGE ( 'NONE', *, *, #12163, .F. ) ;
#4646 = DIRECTION ( 'NONE',  ( 0.000000000000000000, 0.000000000000000000, 1.000000000000000000 ) ) ;
#4647 = CARTESIAN_POINT ( 'NONE',  ( -18.99999999999969802, -68.00000000000058265, 0.000000000000000000 ) ) ;
#4648 = LINE ( 'NONE', #10987, #9195 ) ;
#4649 = DIRECTION ( 'NONE',  ( 0.000000000000000000, 0.000000000000000000, 1.000000000000000000 ) ) ;
#4650 = DIRECTION ( 'NONE',  ( 1.000000000000000000, 0.000000000000000000, 0.000000000000000000 ) ) ;
#4651 = EDGE_LOOP ( 'NONE', ( #5330, #706 ) ) ;
#4652 = LINE ( 'NONE', #5461, #50 ) ;
#4653 = CYLINDRICAL_SURFACE ( 'NONE', #1454, 2.000000000000001776 ) ;
#4654 = EDGE_CURVE ( 'NONE', #9992, #8270, #3419, .T. ) ;
#4655 = ORIENTED_EDGE ( 'NONE', *, *, #6677, .T. ) ;
#4656 = ORIENTED_EDGE ( 'NONE', *, *, #10305, .F. ) ;
#4657 = EDGE_CURVE ( 'NONE', #9875, #3164, #5442, .T. ) ;
#4658 = DIRECTION ( 'NONE',  ( 0.000000000000000000, 0.000000000000000000, -1.000000000000000000 ) ) ;
#4659 = FACE_OUTER_BOUND ( 'NONE', #7964, .T. ) ;
#4660 = DIRECTION ( 'NONE',  ( 1.000000000000000000, 0.000000000000000000, 0.000000000000000000 ) ) ;
#4661 = ORIENTED_EDGE ( 'NONE', *, *, #7597, .F. ) ;
#4662 = CARTESIAN_POINT ( 'NONE',  ( 67.99999999999955946, 51.00000000000085265, 5.000000000000000000 ) ) ;
#4663 = CARTESIAN_POINT ( 'NONE',  ( -51.00000000000008527, 85.00000000000027001, 5.000000000000000000 ) ) ;
#4664 = VERTEX_POINT ( 'NONE', #7108 ) ;
#4665 = CARTESIAN_POINT ( 'NONE',  ( 6.938893903907228378E-14, -17.00000000000011369, 5.000000000000000000 ) ) ;
#4666 = CARTESIAN_POINT ( 'NONE',  ( 90.97499999999986642, 75.97499999999998010, 0.000000000000000000 ) ) ;
#4667 = DIRECTION ( 'NONE',  ( 1.000000000000000000, 0.000000000000000000, 0.000000000000000000 ) ) ;
#4668 = CARTESIAN_POINT ( 'NONE',  ( 69.99999999999967315, 17.00000000000059686, 0.000000000000000000 ) ) ;
#4669 = EDGE_CURVE ( 'NONE', #4946, #6487, #5384, .T. ) ;
#4670 = ORIENTED_EDGE ( 'NONE', *, *, #9773, .F. ) ;
#4671 = CARTESIAN_POINT ( 'NONE',  ( -16.99999999999993250, -9.714451465470119729E-14, 5.000000000000000000 ) ) ;
#4672 = DIRECTION ( 'NONE',  ( 1.000000000000000000, 0.000000000000000000, 0.000000000000000000 ) ) ;
#4673 = DIRECTION ( 'NONE',  ( -0.000000000000000000, -0.000000000000000000, 1.000000000000000000 ) ) ;
#4674 = DIRECTION ( 'NONE',  ( -0.000000000000000000, -0.000000000000000000, 1.000000000000000000 ) ) ;
#4675 = CARTESIAN_POINT ( 'NONE',  ( 65.99999999999967315, 17.00000000000059686, 0.000000000000000000 ) ) ;
#4676 = EDGE_LOOP ( 'NONE', ( #6881, #7474 ) ) ;
#4677 = CARTESIAN_POINT ( 'NONE',  ( 65.99999999999978684, -16.99999999999964118, 0.000000000000000000 ) ) ;
#4678 = DIRECTION ( 'NONE',  ( 0.000000000000000000, 0.000000000000000000, 1.000000000000000000 ) ) ;
#4679 = VECTOR ( 'NONE', #6633, 1000.000000000000000 ) ;
#4680 = EDGE_LOOP ( 'NONE', ( #5176, #718, #1864, #9183 ) ) ;
#4681 = ORIENTED_EDGE ( 'NONE', *, *, #3138, .F. ) ;
#4682 = ADVANCED_FACE ( 'NONE', ( #4449, #4331, #2499, #8083, #4274, #9176, #2442, #11905, #7175, #8027, #5270, #10921, #761, #586, #8200, #10860, #11028, #7228, #10971, #4503, #7284, #2374, #8148, #2552, #6131, #9005, #6197, #9060, #9996, #11785, #11844, #2610, #6366, #8257, #8952, #9945, #5324, #1572, #6303, #9879, #3299, #10053, #7046, #5216, #3355, #1520, #647, #9122, #10419, #6478, #2910, #10359, #1806, #7347, #940, #1933, #6607, #5622, #10233, #2725, #2855, #7530, #2669, #11212, #2791, #11342, #5681, #5496, #3705, #12015, #6663, #8507, #1995, #11093, #820, #9428, #12132, #5745, #9307, #1004, #3646, #1743, #7463, #10169, #5560, #883, #6423, #4688, #20, #9235, #4629, #7408, #9369, #6546, #4567, #8380, #91, #4754, #9494, #8320, #11150, #3768, #3837, #7592, #10300, #12076, #1876, #8442, #11282, #1076, #4825, #3585, #1318, #10604, #7830, #1193, #5996, #11400, #9799, #5009, #11467, #4878, #9742, #2176, #2122, #6846, #11532, #3040, #5812, #8753, #6790, #5929, #9557, #334, #392, #2973, #9676, #1136 ), #9612, .T. ) ;
#4683 = EDGE_LOOP ( 'NONE', ( #8228, #5938, #172, #5186 ) ) ;
#4684 = CIRCLE ( 'NONE', #2721, 2.000000000000000000 ) ;
#4685 = AXIS2_PLACEMENT_3D ( 'NONE', #5660, #10340, #10045 ) ;
#4686 = DIRECTION ( 'NONE',  ( 1.000000000000000000, 0.000000000000000000, 0.000000000000000000 ) ) ;
#4687 = EDGE_LOOP ( 'NONE', ( #8820, #5711 ) ) ;
#4688 = FACE_BOUND ( 'NONE', #4427, .T. ) ;
#4689 = LINE ( 'NONE', #8322, #1458 ) ;
#4690 = LINE ( 'NONE', #23, #5690 ) ;
#4691 = ORIENTED_EDGE ( 'NONE', *, *, #3515, .F. ) ;
#4692 = DIRECTION ( 'NONE',  ( -0.000000000000000000, -0.000000000000000000, 1.000000000000000000 ) ) ;
#4693 = DIRECTION ( 'NONE',  ( 0.000000000000000000, 0.000000000000000000, 1.000000000000000000 ) ) ;
#4694 = ORIENTED_EDGE ( 'NONE', *, *, #1770, .T. ) ;
#4695 = VERTEX_POINT ( 'NONE', #205 ) ;
#4696 = LINE ( 'NONE', #6855, #11642 ) ;
#4697 = AXIS2_PLACEMENT_3D ( 'NONE', #7849, #3175, #10683 ) ;
#4698 = VECTOR ( 'NONE', #1931, 1000.000000000000000 ) ;
#4699 = EDGE_CURVE ( 'NONE', #3651, #8847, #2304, .T. ) ;
#4700 = ORIENTED_EDGE ( 'NONE', *, *, #460, .T. ) ;
#4701 = ORIENTED_EDGE ( 'NONE', *, *, #7593, .T. ) ;
#4702 = ORIENTED_EDGE ( 'NONE', *, *, #3080, .T. ) ;
#4703 = CARTESIAN_POINT ( 'NONE',  ( -36.00000000000004263, 51.00000000000012790, 0.000000000000000000 ) ) ;
#4704 = AXIS2_PLACEMENT_3D ( 'NONE', #4487, #3512, #7094 ) ;
#4705 = CARTESIAN_POINT ( 'NONE',  ( 50.99999999999985079, -16.99999999999975131, 0.000000000000000000 ) ) ;
#4706 = LINE ( 'NONE', #5642, #5291 ) ;
#4707 = AXIS2_PLACEMENT_3D ( 'NONE', #4844, #6808, #11420 ) ;
#4708 = FACE_BOUND ( 'NONE', #5921, .T. ) ;
#4709 = CARTESIAN_POINT ( 'NONE',  ( 99.99999999999994316, 85.00000000000001421, 5.000000000000000000 ) ) ;
#4710 = ORIENTED_EDGE ( 'NONE', *, *, #7886, .T. ) ;
#4711 = CARTESIAN_POINT ( 'NONE',  ( 0.000000000000000000, -94.02500000000000568, 0.000000000000000000 ) ) ;
#4712 = DIRECTION ( 'NONE',  ( 1.000000000000000000, 0.000000000000000000, 0.000000000000000000 ) ) ;
#4713 = EDGE_CURVE ( 'NONE', #12058, #9004, #8928, .T. ) ;
#4714 = AXIS2_PLACEMENT_3D ( 'NONE', #3389, #7149, #9915 ) ;
#4715 = ORIENTED_EDGE ( 'NONE', *, *, #2770, .T. ) ;
#4716 = EDGE_LOOP ( 'NONE', ( #3268, #10946 ) ) ;
#4717 = APPLICATION_CONTEXT ( 'automotive_design' ) ;
#4718 = ADVANCED_FACE ( 'NONE', ( #4019 ), #5870, .F. ) ;
#4719 = CARTESIAN_POINT ( 'NONE',  ( 2.498001805406602216E-13, -68.00000000000044054, 5.000000000000000000 ) ) ;
#4720 = DIRECTION ( 'NONE',  ( -0.000000000000000000, -0.000000000000000000, 1.000000000000000000 ) ) ;
#4721 = CARTESIAN_POINT ( 'NONE',  ( 69.99999999999961631, 34.00000000000071054, 0.000000000000000000 ) ) ;
#4722 = EDGE_CURVE ( 'NONE', #346, #11160, #5991, .T. ) ;
#4723 = EDGE_CURVE ( 'NONE', #10638, #7900, #4936, .T. ) ;
#4724 = AXIS2_PLACEMENT_3D ( 'NONE', #6636, #6451, #12110 ) ;
#4725 = EDGE_LOOP ( 'NONE', ( #3207, #8763, #7040, #911 ) ) ;
#4726 = CYLINDRICAL_SURFACE ( 'NONE', #10823, 2.000000000000001776 ) ;
#4727 = CARTESIAN_POINT ( 'NONE',  ( 1.406764103632366457E-12, -135.0000000000000000, 0.000000000000000000 ) ) ;
#4728 = ORIENTED_EDGE ( 'NONE', *, *, #11936, .T. ) ;
#4729 = DIRECTION ( 'NONE',  ( 1.000000000000000000, 0.000000000000000000, 0.000000000000000000 ) ) ;
#4730 = DIRECTION ( 'NONE',  ( 1.000000000000000000, 0.000000000000000000, 0.000000000000000000 ) ) ;
#4731 = DIRECTION ( 'NONE',  ( 1.000000000000000000, 0.000000000000000000, 0.000000000000000000 ) ) ;
#4732 = EDGE_CURVE ( 'NONE', #6314, #3183, #2063, .T. ) ;
#4733 = CARTESIAN_POINT ( 'NONE',  ( 15.00000000000001954, 1.539941579911829628E-13, 0.000000000000000000 ) ) ;
#4734 = CIRCLE ( 'NONE', #21, 2.000000000000001776 ) ;
#4735 = EDGE_LOOP ( 'NONE', ( #5703, #6822 ) ) ;
#4736 = DIRECTION ( 'NONE',  ( 0.000000000000000000, 0.000000000000000000, 1.000000000000000000 ) ) ;
#4737 = AXIS2_PLACEMENT_3D ( 'NONE', #11346, #3897, #1810 ) ;
#4738 = CARTESIAN_POINT ( 'NONE',  ( 31.99999999999986144, 2.500451099004896919E-13, 0.000000000000000000 ) ) ;
#4739 = CARTESIAN_POINT ( 'NONE',  ( 67.99999999999984368, -33.99999999999975131, 5.000000000000000000 ) ) ;
#4740 = CARTESIAN_POINT ( 'NONE',  ( 32.00000000000003553, -51.00000000000010658, 0.000000000000000000 ) ) ;
#4741 = FACE_BOUND ( 'NONE', #1219, .T. ) ;
#4742 = EDGE_LOOP ( 'NONE', ( #7783, #1890, #1340, #3608 ) ) ;
#4743 = DIRECTION ( 'NONE',  ( -0.000000000000000000, -0.000000000000000000, 1.000000000000000000 ) ) ;
#4744 = CARTESIAN_POINT ( 'NONE',  ( -84.99999999999937472, -85.00000000000117950, 5.000000000000000000 ) ) ;
#4745 = CIRCLE ( 'NONE', #2588, 2.000000000000001776 ) ;
#4746 = ORIENTED_EDGE ( 'NONE', *, *, #2805, .T. ) ;
#4747 = VECTOR ( 'NONE', #168, 1000.000000000000000 ) ;
#4748 = ORIENTED_EDGE ( 'NONE', *, *, #8236, .T. ) ;
#4749 = EDGE_CURVE ( 'NONE', #1683, #7346, #5004, .T. ) ;
#4750 = AXIS2_PLACEMENT_3D ( 'NONE', #1183, #7086, #265 ) ;
#4751 = ORIENTED_EDGE ( 'NONE', *, *, #471, .F. ) ;
#4752 = DIRECTION ( 'NONE',  ( -0.000000000000000000, -0.000000000000000000, 1.000000000000000000 ) ) ;
#4753 = ORIENTED_EDGE ( 'NONE', *, *, #430, .F. ) ;
#4754 = FACE_BOUND ( 'NONE', #1626, .T. ) ;
#4755 = CYLINDRICAL_SURFACE ( 'NONE', #5759, 2.000000000000001776 ) ;
#4756 = CYLINDRICAL_SURFACE ( 'NONE', #6464, 2.000000000000001776 ) ;
#4757 = ORIENTED_EDGE ( 'NONE', *, *, #8352, .T. ) ;
#4758 = CYLINDRICAL_SURFACE ( 'NONE', #12045, 2.000000000000001776 ) ;
#4759 = CARTESIAN_POINT ( 'NONE',  ( 17.00000000000011369, -51.00000000000022737, 0.000000000000000000 ) ) ;
#4760 = ORIENTED_EDGE ( 'NONE', *, *, #1254, .T. ) ;
#4761 = VERTEX_POINT ( 'NONE', #2241 ) ;
#4762 = CARTESIAN_POINT ( 'NONE',  ( -67.99999999999991473, 50.99999999999990763, 0.000000000000000000 ) ) ;
#4763 = VECTOR ( 'NONE', #5964, 1000.000000000000000 ) ;
#4764 = ADVANCED_FACE ( 'NONE', ( #6724 ), #7892, .F. ) ;
#4765 = CIRCLE ( 'NONE', #8297, 2.000000000000001776 ) ;
#4766 = CIRCLE ( 'NONE', #7917, 2.000000000000001776 ) ;
#4767 = CIRCLE ( 'NONE', #4179, 2.000000000000001776 ) ;
#4768 = ORIENTED_EDGE ( 'NONE', *, *, #4491, .F. ) ;
#4769 = ORIENTED_EDGE ( 'NONE', *, *, #7921, .T. ) ;
#4770 = CIRCLE ( 'NONE', #6346, 2.000000000000001776 ) ;
#4771 = ORIENTED_EDGE ( 'NONE', *, *, #4593, .F. ) ;
#4772 = DIRECTION ( 'NONE',  ( 0.000000000000000000, 0.000000000000000000, 1.000000000000000000 ) ) ;
#4773 = AXIS2_PLACEMENT_3D ( 'NONE', #3090, #10651, #6836 ) ;
#4774 = CARTESIAN_POINT ( 'NONE',  ( 0.000000000000000000, 94.02500000000000568, 0.000000000000000000 ) ) ;
#4775 = CARTESIAN_POINT ( 'NONE',  ( -14.99999999999969624, -68.00000000000058265, 5.000000000000000000 ) ) ;
#4776 = FACE_BOUND ( 'NONE', #2762, .T. ) ;
#4777 = DIRECTION ( 'NONE',  ( 0.000000000000000000, 0.000000000000000000, 1.000000000000000000 ) ) ;
#4778 = EDGE_LOOP ( 'NONE', ( #4392, #9248, #82, #10859 ) ) ;
#4779 = DIRECTION ( 'NONE',  ( 1.000000000000000000, 0.000000000000000000, 0.000000000000000000 ) ) ;
#4780 = CYLINDRICAL_SURFACE ( 'NONE', #12041, 2.000000000000001776 ) ;
#4781 = AXIS2_PLACEMENT_3D ( 'NONE', #335, #9614, #6848 ) ;
#4782 = VECTOR ( 'NONE', #10017, 1000.000000000000000 ) ;
#4783 = VERTEX_POINT ( 'NONE', #8575 ) ;
#4784 = ORIENTED_EDGE ( 'NONE', *, *, #7681, .F. ) ;
#4785 = DIRECTION ( 'NONE',  ( 1.000000000000000000, 0.000000000000000000, 0.000000000000000000 ) ) ;
#4786 = CARTESIAN_POINT ( 'NONE',  ( -48.99999999999997158, 51.00000000000001421, 0.000000000000000000 ) ) ;
#4787 = EDGE_CURVE ( 'NONE', #577, #2380, #300, .T. ) ;
#4788 = VECTOR ( 'NONE', #7332, 1000.000000000000000 ) ;
#4789 = EDGE_CURVE ( 'NONE', #10174, #9550, #10313, .T. ) ;
#4790 = CARTESIAN_POINT ( 'NONE',  ( -50.99999999999967315, -34.00000000000058265, 0.000000000000000000 ) ) ;
#4791 = ORIENTED_EDGE ( 'NONE', *, *, #5098, .T. ) ;
#4792 = CIRCLE ( 'NONE', #7169, 2.000000000000001776 ) ;
#4793 = LINE ( 'NONE', #975, #5715 ) ;
#4794 = DIRECTION ( 'NONE',  ( -0.000000000000000000, -0.000000000000000000, 1.000000000000000000 ) ) ;
#4795 = EDGE_LOOP ( 'NONE', ( #6662, #674, #10815, #4760 ) ) ;
#4796 = CARTESIAN_POINT ( 'NONE',  ( -99.99999999999994316, -85.00000000000001421, 0.000000000000000000 ) ) ;
#4797 = LINE ( 'NONE', #10397, #7311 ) ;
#4798 = EDGE_CURVE ( 'NONE', #9841, #787, #6181, .T. ) ;
#4799 = DIRECTION ( 'NONE',  ( 1.000000000000000000, 0.000000000000000000, 0.000000000000000000 ) ) ;
#4800 = VECTOR ( 'NONE', #4177, 1000.000000000000000 ) ;
#4801 = EDGE_CURVE ( 'NONE', #2601, #499, #3237, .T. ) ;
#4802 = ORIENTED_EDGE ( 'NONE', *, *, #10327, .T. ) ;
#4803 = AXIS2_PLACEMENT_3D ( 'NONE', #5, #8556, #3937 ) ;
#4804 = ORIENTED_EDGE ( 'NONE', *, *, #10809, .F. ) ;
#4805 = CARTESIAN_POINT ( 'NONE',  ( 79.02499999999996305, -94.02500000000000568, 0.000000000000000000 ) ) ;
#4806 = EDGE_CURVE ( 'NONE', #4073, #6286, #5369, .T. ) ;
#4807 = DIRECTION ( 'NONE',  ( 1.000000000000000000, 0.000000000000000000, 0.000000000000000000 ) ) ;
#4808 = DIRECTION ( 'NONE',  ( 1.000000000000000000, 0.000000000000000000, 0.000000000000000000 ) ) ;
#4809 = DIRECTION ( 'NONE',  ( -0.000000000000000000, -0.000000000000000000, 1.000000000000000000 ) ) ;
#4810 = CIRCLE ( 'NONE', #2651, 2.000000000000001776 ) ;
#4811 = DIRECTION ( 'NONE',  ( 1.000000000000000000, 0.000000000000000000, 0.000000000000000000 ) ) ;
#4812 = EDGE_LOOP ( 'NONE', ( #5556, #8158 ) ) ;
#4813 = DIRECTION ( 'NONE',  ( -0.000000000000000000, -0.000000000000000000, 1.000000000000000000 ) ) ;
#4814 = LINE ( 'NONE', #5734, #3562 ) ;
#4815 = VERTEX_POINT ( 'NONE', #2360 ) ;
#4816 = CIRCLE ( 'NONE', #12072, 2.000000000000001776 ) ;
#4817 = ORIENTED_EDGE ( 'NONE', *, *, #3772, .F. ) ;
#4818 = EDGE_CURVE ( 'NONE', #9442, #387, #11891, .T. ) ;
#4819 = AXIS2_PLACEMENT_3D ( 'NONE', #10750, #2208, #5092 ) ;
#4820 = ORIENTED_EDGE ( 'NONE', *, *, #6918, .T. ) ;
#4821 = AXIS2_PLACEMENT_3D ( 'NONE', #8058, #3328, #9032 ) ;
#4822 = CARTESIAN_POINT ( 'NONE',  ( 14.99999999999981704, 34.00000000000036238, 5.000000000000000000 ) ) ;
#4823 = EDGE_CURVE ( 'NONE', #8111, #11297, #4227, .T. ) ;
#4824 = VERTEX_POINT ( 'NONE', #1444 ) ;
#4825 = FACE_BOUND ( 'NONE', #6899, .T. ) ;
#4826 = CARTESIAN_POINT ( 'NONE',  ( 15.00000000000003908, -34.00000000000010658, 0.000000000000000000 ) ) ;
#4827 = DIRECTION ( 'NONE',  ( -0.000000000000000000, -0.000000000000000000, 1.000000000000000000 ) ) ;
#4828 = EDGE_LOOP ( 'NONE', ( #11070, #7083, #5995, #3783 ) ) ;
#4829 = DIRECTION ( 'NONE',  ( 0.000000000000000000, 1.000000000000000000, 0.000000000000000000 ) ) ;
#4830 = LINE ( 'NONE', #1882, #3364 ) ;
#4831 = VERTEX_POINT ( 'NONE', #6289 ) ;
#4832 = EDGE_LOOP ( 'NONE', ( #10596, #2881 ) ) ;
#4833 = DIRECTION ( 'NONE',  ( 0.000000000000000000, 0.000000000000000000, 1.000000000000000000 ) ) ;
#4834 = VECTOR ( 'NONE', #1829, 1000.000000000000000 ) ;
#4835 = VERTEX_POINT ( 'NONE', #2483 ) ;
#4836 = ORIENTED_EDGE ( 'NONE', *, *, #11802, .T. ) ;
#4837 = EDGE_CURVE ( 'NONE', #12129, #8386, #629, .T. ) ;
#4838 = ORIENTED_EDGE ( 'NONE', *, *, #365, .F. ) ;
#4839 = CARTESIAN_POINT ( 'NONE',  ( -75.97499999999996589, -79.02499999999996305, 0.000000000000000000 ) ) ;
#4840 = CIRCLE ( 'NONE', #11528, 2.000000000000001776 ) ;
#4841 = DIRECTION ( 'NONE',  ( 1.000000000000000000, 0.000000000000000000, 0.000000000000000000 ) ) ;
#4842 = CARTESIAN_POINT ( 'NONE',  ( 1.999999999999723332, 85.00000000000055422, 5.000000000000000000 ) ) ;
#4843 = FACE_BOUND ( 'NONE', #977, .T. ) ;
#4844 = CARTESIAN_POINT ( 'NONE',  ( 84.99999999999977263, -33.99999999999963762, 0.000000000000000000 ) ) ;
#4845 = ORIENTED_EDGE ( 'NONE', *, *, #10227, .F. ) ;
#4846 = DIRECTION ( 'NONE',  ( 0.000000000000000000, 0.000000000000000000, 1.000000000000000000 ) ) ;
#4847 = DIRECTION ( 'NONE',  ( 1.000000000000000000, 0.000000000000000000, 0.000000000000000000 ) ) ;
#4848 = CIRCLE ( 'NONE', #9965, 2.000000000000001776 ) ;
#4849 = ORIENTED_EDGE ( 'NONE', *, *, #9306, .F. ) ;
#4850 = VERTEX_POINT ( 'NONE', #10100 ) ;
#4851 = CARTESIAN_POINT ( 'NONE',  ( -65.99999999999980105, 16.99999999999965539, 0.000000000000000000 ) ) ;
#4852 = CYLINDRICAL_SURFACE ( 'NONE', #4290, 2.000000000000001776 ) ;
#4853 = CARTESIAN_POINT ( 'NONE',  ( 114.9999999999999432, 29.99999999999999645, 5.000000000000000000 ) ) ;
#4854 = EDGE_LOOP ( 'NONE', ( #1512, #5732, #380, #3524 ) ) ;
#4855 = DIRECTION ( 'NONE',  ( 1.000000000000000000, 0.000000000000000000, 0.000000000000000000 ) ) ;
#4856 = CARTESIAN_POINT ( 'NONE',  ( 86.99999999999943157, 68.00000000000109424, 0.000000000000000000 ) ) ;
#4857 = VERTEX_POINT ( 'NONE', #6236 ) ;
#4858 = DIRECTION ( 'NONE',  ( 1.000000000000000000, 0.000000000000000000, 0.000000000000000000 ) ) ;
#4859 = DIRECTION ( 'NONE',  ( -0.000000000000000000, -0.000000000000000000, 1.000000000000000000 ) ) ;
#4860 = FACE_OUTER_BOUND ( 'NONE', #1056, .T. ) ;
#4861 = EDGE_CURVE ( 'NONE', #415, #10059, #5224, .T. ) ;
#4862 = VERTEX_POINT ( 'NONE', #1504 ) ;
#4863 = ORIENTED_EDGE ( 'NONE', *, *, #3235, .T. ) ;
#4864 = DIRECTION ( 'NONE',  ( 0.000000000000000000, 0.000000000000000000, 1.000000000000000000 ) ) ;
#4865 = CYLINDRICAL_SURFACE ( 'NONE', #2652, 2.000000000000001776 ) ;
#4866 = DIRECTION ( 'NONE',  ( 1.000000000000000000, 0.000000000000000000, 0.000000000000000000 ) ) ;
#4867 = CARTESIAN_POINT ( 'NONE',  ( -34.00000000000009948, 68.00000000000025580, 0.000000000000000000 ) ) ;
#4868 = VERTEX_POINT ( 'NONE', #7092 ) ;
#4869 = EDGE_CURVE ( 'NONE', #4695, #5315, #5997, .T. ) ;
#4870 = CARTESIAN_POINT ( 'NONE',  ( -65.99999999999948841, -68.00000000000095213, 0.000000000000000000 ) ) ;
#4871 = DIRECTION ( 'NONE',  ( 1.000000000000000000, 0.000000000000000000, 0.000000000000000000 ) ) ;
#4872 = ORIENTED_EDGE ( 'NONE', *, *, #11736, .F. ) ;
#4873 = ORIENTED_EDGE ( 'NONE', *, *, #4529, .T. ) ;
#4874 = EDGE_CURVE ( 'NONE', #1937, #6011, #456, .T. ) ;
#4875 = VERTEX_POINT ( 'NONE', #5196 ) ;
#4876 = CARTESIAN_POINT ( 'NONE',  ( 114.9999999999999432, 29.99999999999999645, 5.000000000000000000 ) ) ;
#4877 = ORIENTED_EDGE ( 'NONE', *, *, #3235, .F. ) ;
#4878 = FACE_OUTER_BOUND ( 'NONE', #4181, .T. ) ;
#4879 = EDGE_CURVE ( 'NONE', #2166, #10044, #9980, .T. ) ;
#4880 = VECTOR ( 'NONE', #11432, 1000.000000000000000 ) ;
#4881 = DIRECTION ( 'NONE',  ( 0.000000000000000000, 0.000000000000000000, 1.000000000000000000 ) ) ;
#4882 = CARTESIAN_POINT ( 'NONE',  ( 33.99999999999986500, 2.498001805406602216E-13, 0.000000000000000000 ) ) ;
#4883 = EDGE_CURVE ( 'NONE', #6922, #5657, #8933, .T. ) ;
#4884 = ADVANCED_FACE ( 'NONE', ( #8187 ), #5127, .T. ) ;
#4885 = DIRECTION ( 'NONE',  ( 3.491481338843102590E-15, -1.000000000000000000, 0.000000000000000000 ) ) ;
#4886 = CARTESIAN_POINT ( 'NONE',  ( 52.99999999999955946, 68.00000000000083844, 5.000000000000000000 ) ) ;
#4887 = EDGE_LOOP ( 'NONE', ( #8759, #1809 ) ) ;
#4888 = VERTEX_POINT ( 'NONE', #8989 ) ;
#4889 = CARTESIAN_POINT ( 'NONE',  ( 18.99999999999987921, 17.00000000000025224, 5.000000000000000000 ) ) ;
#4890 = AXIS2_PLACEMENT_3D ( 'NONE', #6807, #9446, #5765 ) ;
#4891 = ORIENTED_EDGE ( 'NONE', *, *, #10673, .T. ) ;
#4892 = EDGE_LOOP ( 'NONE', ( #12049, #1102, #6179, #6225 ) ) ;
#4893 = DIRECTION ( 'NONE',  ( 1.000000000000000000, 0.000000000000000000, 0.000000000000000000 ) ) ;
#4894 = ORIENTED_EDGE ( 'NONE', *, *, #1867, .T. ) ;
#4895 = CARTESIAN_POINT ( 'NONE',  ( -15.00000000000046363, 134.9999999999999432, 0.000000000000000000 ) ) ;
#4896 = CARTESIAN_POINT ( 'NONE',  ( 79.02499999999996305, 0.000000000000000000, 5.000000000000000000 ) ) ;
#4897 = DIRECTION ( 'NONE',  ( 0.000000000000000000, 0.000000000000000000, 1.000000000000000000 ) ) ;
#4898 = FACE_OUTER_BOUND ( 'NONE', #6556, .T. ) ;
#4899 = AXIS2_PLACEMENT_3D ( 'NONE', #10622, #5218, #6993 ) ;
#4900 = ORIENTED_EDGE ( 'NONE', *, *, #8352, .F. ) ;
#4901 = DIRECTION ( 'NONE',  ( 1.000000000000000000, 0.000000000000000000, 0.000000000000000000 ) ) ;
#4902 = CARTESIAN_POINT ( 'NONE',  ( 82.99999999999954525, 34.00000000000083844, 5.000000000000000000 ) ) ;
#4903 = EDGE_CURVE ( 'NONE', #204, #1133, #4030, .T. ) ;
#4904 = EDGE_LOOP ( 'NONE', ( #8898, #9228, #2886, #11376 ) ) ;
#4905 = AXIS2_PLACEMENT_3D ( 'NONE', #5873, #277, #10724 ) ;
#4906 = ORIENTED_EDGE ( 'NONE', *, *, #8782, .T. ) ;
#4907 = CIRCLE ( 'NONE', #10021, 2.000000000000000000 ) ;
#4908 = LINE ( 'NONE', #11431, #6384 ) ;
#4909 = DIRECTION ( 'NONE',  ( -0.000000000000000000, -0.000000000000000000, 1.000000000000000000 ) ) ;
#4910 = DIRECTION ( 'NONE',  ( -0.000000000000000000, -0.000000000000000000, 1.000000000000000000 ) ) ;
#4911 = ORIENTED_EDGE ( 'NONE', *, *, #1672, .F. ) ;
#4912 = LINE ( 'NONE', #480, #799 ) ;
#4913 = CYLINDRICAL_SURFACE ( 'NONE', #8375, 2.000000000000000888 ) ;
#4914 = ORIENTED_EDGE ( 'NONE', *, *, #4585, .T. ) ;
#4915 = CARTESIAN_POINT ( 'NONE',  ( 67.99999999999943157, 85.00000000000110845, 5.000000000000000000 ) ) ;
#4916 = LINE ( 'NONE', #11693, #1824 ) ;
#4917 = EDGE_CURVE ( 'NONE', #2465, #11549, #5309, .T. ) ;
#4918 = DIRECTION ( 'NONE',  ( 0.000000000000000000, 0.000000000000000000, 1.000000000000000000 ) ) ;
#4919 = VERTEX_POINT ( 'NONE', #2425 ) ;
#4920 = ORIENTED_EDGE ( 'NONE', *, *, #1028, .F. ) ;
#4921 = AXIS2_PLACEMENT_3D ( 'NONE', #5275, #1467, #10866 ) ;
#4922 = DIRECTION ( 'NONE',  ( -0.000000000000000000, -0.000000000000000000, 1.000000000000000000 ) ) ;
#4923 = DIRECTION ( 'NONE',  ( 1.000000000000000000, 0.000000000000000000, 0.000000000000000000 ) ) ;
#4924 = DIRECTION ( 'NONE',  ( -0.000000000000000000, -0.000000000000000000, 1.000000000000000000 ) ) ;
#4925 = EDGE_CURVE ( 'NONE', #6314, #2565, #2592, .T. ) ;
#4926 = DIRECTION ( 'NONE',  ( 1.000000000000000000, 0.000000000000000000, 0.000000000000000000 ) ) ;
#4927 = ORIENTED_EDGE ( 'NONE', *, *, #2987, .F. ) ;
#4928 = DIRECTION ( 'NONE',  ( 0.000000000000000000, 0.000000000000000000, 1.000000000000000000 ) ) ;
#4929 = DIRECTION ( 'NONE',  ( 1.000000000000000000, 0.000000000000000000, 0.000000000000000000 ) ) ;
#4930 = EDGE_LOOP ( 'NONE', ( #106, #10544 ) ) ;
#4931 = VERTEX_POINT ( 'NONE', #3285 ) ;
#4932 = CIRCLE ( 'NONE', #6313, 2.000000000000001776 ) ;
#4933 = ORIENTED_EDGE ( 'NONE', *, *, #9015, .F. ) ;
#4934 = DIRECTION ( 'NONE',  ( -0.000000000000000000, -0.000000000000000000, 1.000000000000000000 ) ) ;
#4935 = EDGE_LOOP ( 'NONE', ( #3963, #7586, #7657, #11458 ) ) ;
#4936 = LINE ( 'NONE', #7711, #8736 ) ;
#4937 = VECTOR ( 'NONE', #10479, 1000.000000000000000 ) ;
#4939 = DIRECTION ( 'NONE',  ( -0.000000000000000000, -0.000000000000000000, 1.000000000000000000 ) ) ;
#4938 = VECTOR ( 'NONE', #12083, 1000.000000000000000 ) ;
#4940 = DIRECTION ( 'NONE',  ( 1.000000000000000000, 0.000000000000000000, 0.000000000000000000 ) ) ;
#4941 = EDGE_CURVE ( 'NONE', #9090, #4057, #6389, .T. ) ;
#4942 = EDGE_CURVE ( 'NONE', #6491, #558, #2848, .T. ) ;
#4943 = PRESENTATION_STYLE_ASSIGNMENT (( #3955 ) ) ;
#4944 = CARTESIAN_POINT ( 'NONE',  ( -114.9999999999999432, -14.99999999999999645, 0.000000000000000000 ) ) ;
#4945 = CARTESIAN_POINT ( 'NONE',  ( -19.00000000000004619, 34.00000000000012790, 5.000000000000000000 ) ) ;
#4946 = VERTEX_POINT ( 'NONE', #5538 ) ;
#4947 = VERTEX_POINT ( 'NONE', #2838 ) ;
#4948 = DIRECTION ( 'NONE',  ( 1.000000000000000000, 0.000000000000000000, 0.000000000000000000 ) ) ;
#4949 = ADVANCED_FACE ( 'NONE', ( #990 ), #6589, .T. ) ;
#4950 = VECTOR ( 'NONE', #5486, 1000.000000000000000 ) ;
#4951 = VECTOR ( 'NONE', #4324, 1000.000000000000000 ) ;
#4952 = ORIENTED_EDGE ( 'NONE', *, *, #2620, .F. ) ;
#4953 = EDGE_CURVE ( 'NONE', #2667, #6221, #8427, .T. ) ;
#4954 = ORIENTED_EDGE ( 'NONE', *, *, #9295, .T. ) ;
#4955 = EDGE_CURVE ( 'NONE', #6408, #5595, #8344, .T. ) ;
#4956 = CARTESIAN_POINT ( 'NONE',  ( -86.99999999999995737, 85.00000000000001421, 0.000000000000000000 ) ) ;
#4957 = EDGE_LOOP ( 'NONE', ( #3218, #6566, #5654, #4583 ) ) ;
#4958 = CARTESIAN_POINT ( 'NONE',  ( -65.99999999999965894, -17.00000000000058265, 0.000000000000000000 ) ) ;
#4959 = DIRECTION ( 'NONE',  ( 1.000000000000000000, 0.000000000000000000, 0.000000000000000000 ) ) ;
#4960 = CARTESIAN_POINT ( 'NONE',  ( -33.99999999999980815, -17.00000000000034817, 0.000000000000000000 ) ) ;
#4961 = EDGE_CURVE ( 'NONE', #8747, #1364, #11499, .T. ) ;
#4962 = AXIS2_PLACEMENT_3D ( 'NONE', #1532, #5280, #9017 ) ;
#4963 = CARTESIAN_POINT ( 'NONE',  ( -33.99999999999963052, -68.00000000000069633, 0.000000000000000000 ) ) ;
#4964 = CIRCLE ( 'NONE', #3184, 2.000000000000001776 ) ;
#4965 = VERTEX_POINT ( 'NONE', #3690 ) ;
#4966 = AXIS2_PLACEMENT_3D ( 'NONE', #4441, #3408, #5373 ) ;
#4967 = CARTESIAN_POINT ( 'NONE',  ( 50.99999999999985079, -16.99999999999975131, 0.000000000000000000 ) ) ;
#4968 = CARTESIAN_POINT ( 'NONE',  ( -84.99999999999947420, -51.00000000000093792, 5.000000000000000000 ) ) ;
#4969 = EDGE_LOOP ( 'NONE', ( #10873, #4635 ) ) ;
#4970 = AXIS2_PLACEMENT_3D ( 'NONE', #9123, #587, #3476 ) ;
#4971 = ADVANCED_FACE ( 'NONE', ( #6463 ), #10346, .T. ) ;
#4972 = CIRCLE ( 'NONE', #11848, 2.000000000000000888 ) ;
#4973 = EDGE_LOOP ( 'NONE', ( #12020, #7107, #8983, #2505 ) ) ;
#4974 = CIRCLE ( 'NONE', #4773, 2.000000000000001776 ) ;
#4975 = VECTOR ( 'NONE', #10755, 1000.000000000000000 ) ;
#4976 = CARTESIAN_POINT ( 'NONE',  ( -35.99999999999986500, -2.217996755652018378E-13, 5.000000000000000000 ) ) ;
#4977 = FACE_OUTER_BOUND ( 'NONE', #2397, .T. ) ;
#4978 = EDGE_CURVE ( 'NONE', #3857, #895, #9355, .T. ) ;
#4979 = CARTESIAN_POINT ( 'NONE',  ( -1.999999999999931610, -17.00000000000011369, 0.000000000000000000 ) ) ;
#4980 = VERTEX_POINT ( 'NONE', #6 ) ;
#4981 = CARTESIAN_POINT ( 'NONE',  ( -99.99999999999994316, 0.000000000000000000, 5.000000000000000000 ) ) ;
#4982 = AXIS2_PLACEMENT_3D ( 'NONE', #3511, #9864, #7269 ) ;
#4983 = ORIENTED_EDGE ( 'NONE', *, *, #985, .F. ) ;
#4984 = CARTESIAN_POINT ( 'NONE',  ( -33.99999999999963052, -68.00000000000069633, 0.000000000000000000 ) ) ;
#4985 = DIRECTION ( 'NONE',  ( 1.000000000000000000, 0.000000000000000000, 0.000000000000000000 ) ) ;
#4986 = AXIS2_PLACEMENT_3D ( 'NONE', #11365, #1901, #5647 ) ;
#4987 = AXIS2_PLACEMENT_3D ( 'NONE', #1973, #859, #9347 ) ;
#4988 = CARTESIAN_POINT ( 'NONE',  ( 135.0000000000000000, -7.285838599102581908E-15, 5.000000000000000000 ) ) ;
#4989 = VERTEX_POINT ( 'NONE', #9220 ) ;
#4990 = AXIS2_PLACEMENT_3D ( 'NONE', #11327, #6648, #10405 ) ;
#4991 = ORIENTED_EDGE ( 'NONE', *, *, #4432, .T. ) ;
#4992 = CIRCLE ( 'NONE', #1070, 2.000000000000001776 ) ;
#4993 = CARTESIAN_POINT ( 'NONE',  ( -53.00000000000008527, 85.00000000000027001, 0.000000000000000000 ) ) ;
#4994 = EDGE_CURVE ( 'NONE', #6196, #4868, #11198, .T. ) ;
#4995 = FACE_OUTER_BOUND ( 'NONE', #3472, .T. ) ;
#4996 = CARTESIAN_POINT ( 'NONE',  ( -90.97499999999982379, -79.02499999999997726, 5.000000000000000000 ) ) ;
#4997 = CARTESIAN_POINT ( 'NONE',  ( -34.00000000000004263, 51.00000000000012790, 5.000000000000000000 ) ) ;
#4998 = ORIENTED_EDGE ( 'NONE', *, *, #9939, .F. ) ;
#4999 = CYLINDRICAL_SURFACE ( 'NONE', #5183, 2.000000000000001776 ) ;
#5000 = LINE ( 'NONE', #1311, #6142 ) ;
#5001 = ORIENTED_EDGE ( 'NONE', *, *, #1118, .F. ) ;
#5002 = ORIENTED_EDGE ( 'NONE', *, *, #3673, .T. ) ;
#5003 = VECTOR ( 'NONE', #11258, 1000.000000000000000 ) ;
#5004 = CIRCLE ( 'NONE', #676, 2.000000000000001776 ) ;
#5005 = ORIENTED_EDGE ( 'NONE', *, *, #10903, .T. ) ;
#5006 = AXIS2_PLACEMENT_3D ( 'NONE', #8541, #2028, #1839 ) ;
#5007 = DIRECTION ( 'NONE',  ( 1.000000000000000000, 0.000000000000000000, 0.000000000000000000 ) ) ;
#5008 = ORIENTED_EDGE ( 'NONE', *, *, #2180, .F. ) ;
#5009 = FACE_BOUND ( 'NONE', #161, .T. ) ;
#5010 = VECTOR ( 'NONE', #2318, 1000.000000000000000 ) ;
#5011 = DIRECTION ( 'NONE',  ( 1.000000000000000000, 0.000000000000000000, 0.000000000000000000 ) ) ;
#5012 = FACE_OUTER_BOUND ( 'NONE', #7551, .T. ) ;
#5013 = FACE_OUTER_BOUND ( 'NONE', #8875, .T. ) ;
#5014 = CARTESIAN_POINT ( 'NONE',  ( 2.000000000000250910, -68.00000000000044054, 5.000000000000000000 ) ) ;
#5015 = ORIENTED_EDGE ( 'NONE', *, *, #8866, .T. ) ;
#5016 = EDGE_LOOP ( 'NONE', ( #11445, #11206, #10481, #5571 ) ) ;
#5017 = DIRECTION ( 'NONE',  ( -0.000000000000000000, -0.000000000000000000, 1.000000000000000000 ) ) ;
#5018 = AXIS2_PLACEMENT_3D ( 'NONE', #6332, #4533, #3446 ) ;
#5019 = AXIS2_PLACEMENT_3D ( 'NONE', #10470, #3025, #6774 ) ;
#5020 = VERTEX_POINT ( 'NONE', #2709 ) ;
#5021 = EDGE_CURVE ( 'NONE', #11752, #10155, #6411, .T. ) ;
#5022 = EDGE_LOOP ( 'NONE', ( #8997, #11727 ) ) ;
#5023 = FACE_OUTER_BOUND ( 'NONE', #6156, .T. ) ;
#5024 = EDGE_LOOP ( 'NONE', ( #7771, #826, #10427, #8271 ) ) ;
#5025 = CARTESIAN_POINT ( 'NONE',  ( 90.97499999999986642, 0.000000000000000000, 5.000000000000000000 ) ) ;
#5026 = DIRECTION ( 'NONE',  ( -0.000000000000000000, -0.000000000000000000, 1.000000000000000000 ) ) ;
#5027 = DIRECTION ( 'NONE',  ( 1.000000000000000000, 0.000000000000000000, 0.000000000000000000 ) ) ;
#5028 = DIRECTION ( 'NONE',  ( 1.000000000000000000, 0.000000000000000000, 0.000000000000000000 ) ) ;
#5029 = EDGE_LOOP ( 'NONE', ( #9521, #4906, #9389, #10557 ) ) ;
#5030 = AXIS2_PLACEMENT_3D ( 'NONE', #5594, #6335, #2644 ) ;
#5031 = CARTESIAN_POINT ( 'NONE',  ( 86.99999999999965894, 6.106226635438360972E-13, 0.000000000000000000 ) ) ;
#5032 = ADVANCED_FACE ( 'NONE', ( #74 ), #4547, .F. ) ;
#5033 = CARTESIAN_POINT ( 'NONE',  ( -50.99999999999950262, -85.00000000000093792, 0.000000000000000000 ) ) ;
#5034 = VERTEX_POINT ( 'NONE', #10216 ) ;
#5035 = EDGE_CURVE ( 'NONE', #5867, #4356, #8241, .T. ) ;
#5036 = EDGE_LOOP ( 'NONE', ( #1563, #8196, #714, #5452 ) ) ;
#5037 = AXIS2_PLACEMENT_3D ( 'NONE', #4853, #308, #5040 ) ;
#5038 = CARTESIAN_POINT ( 'NONE',  ( -33.99999999999963052, -68.00000000000069633, 0.000000000000000000 ) ) ;
#5039 = CARTESIAN_POINT ( 'NONE',  ( 1.999999999999834355, 51.00000000000031974, 0.000000000000000000 ) ) ;
#5040 = DIRECTION ( 'NONE',  ( 1.000000000000000000, 0.000000000000000000, 0.000000000000000000 ) ) ;
#5041 = DIRECTION ( 'NONE',  ( 1.000000000000000000, 0.000000000000000000, 0.000000000000000000 ) ) ;
#5042 = VERTEX_POINT ( 'NONE', #6524 ) ;
#5043 = DIRECTION ( 'NONE',  ( 0.000000000000000000, 0.000000000000000000, 1.000000000000000000 ) ) ;
#5044 = VERTEX_POINT ( 'NONE', #1857 ) ;
#5045 = FACE_OUTER_BOUND ( 'NONE', #2342, .T. ) ;
#5046 = EDGE_CURVE ( 'NONE', #9875, #4362, #10157, .T. ) ;
#5047 = DIRECTION ( 'NONE',  ( 1.000000000000000000, 0.000000000000000000, 0.000000000000000000 ) ) ;
#5048 = CYLINDRICAL_SURFACE ( 'NONE', #12063, 2.000000000000000000 ) ;
#5049 = EDGE_CURVE ( 'NONE', #11981, #7678, #6972, .T. ) ;
#5050 = ORIENTED_EDGE ( 'NONE', *, *, #11427, .F. ) ;
#5051 = ORIENTED_EDGE ( 'NONE', *, *, #1363, .F. ) ;
#5052 = DIRECTION ( 'NONE',  ( 1.000000000000000000, 0.000000000000000000, 0.000000000000000000 ) ) ;
#5053 = CARTESIAN_POINT ( 'NONE',  ( -16.99999999999969447, -68.00000000000058265, 0.000000000000000000 ) ) ;
#5054 = DIRECTION ( 'NONE',  ( 0.000000000000000000, 0.000000000000000000, 1.000000000000000000 ) ) ;
#5055 = VERTEX_POINT ( 'NONE', #7394 ) ;
#5056 = FACE_OUTER_BOUND ( 'NONE', #9171, .T. ) ;
#5057 = DIRECTION ( 'NONE',  ( -0.000000000000000000, -0.000000000000000000, 1.000000000000000000 ) ) ;
#5058 = ORIENTED_EDGE ( 'NONE', *, *, #468, .T. ) ;
#5059 = DIRECTION ( 'NONE',  ( 4.550094363217858838E-15, 1.000000000000000000, -0.000000000000000000 ) ) ;
#5060 = DIRECTION ( 'NONE',  ( -0.000000000000000000, -0.000000000000000000, 1.000000000000000000 ) ) ;
#5061 = ORIENTED_EDGE ( 'NONE', *, *, #5117, .F. ) ;
#5062 = ADVANCED_FACE ( 'NONE', ( #1676 ), #8305, .F. ) ;
#5063 = ORIENTED_EDGE ( 'NONE', *, *, #1210, .F. ) ;
#5064 = DIRECTION ( 'NONE',  ( -0.000000000000000000, -0.000000000000000000, 1.000000000000000000 ) ) ;
#5065 = ORIENTED_EDGE ( 'NONE', *, *, #11518, .T. ) ;
#5066 = DIRECTION ( 'NONE',  ( -1.000000000000000000, 4.550094363217858838E-15, 0.000000000000000000 ) ) ;
#5067 = CARTESIAN_POINT ( 'NONE',  ( -69.99999999999985789, 33.99999999999976552, 0.000000000000000000 ) ) ;
#5068 = CARTESIAN_POINT ( 'NONE',  ( 70.00000000000001421, -85.00000000000011369, 5.000000000000000000 ) ) ;
#5069 = FACE_BOUND ( 'NONE', #2452, .T. ) ;
#5070 = LINE ( 'NONE', #462, #1625 ) ;
#5071 = CYLINDRICAL_SURFACE ( 'NONE', #2578, 2.000000000000001776 ) ;
#5072 = ORIENTED_EDGE ( 'NONE', *, *, #6378, .T. ) ;
#5073 = ORIENTED_EDGE ( 'NONE', *, *, #208, .T. ) ;
#5074 = CYLINDRICAL_SURFACE ( 'NONE', #5157, 2.000000000000001776 ) ;
#5075 = EDGE_CURVE ( 'NONE', #8544, #11253, #5480, .T. ) ;
#5076 = ORIENTED_EDGE ( 'NONE', *, *, #7211, .F. ) ;
#5077 = ORIENTED_EDGE ( 'NONE', *, *, #7605, .T. ) ;
#5078 = AXIS2_PLACEMENT_3D ( 'NONE', #2807, #9384, #6561 ) ;
#5079 = CYLINDRICAL_SURFACE ( 'NONE', #10889, 2.000000000000001776 ) ;
#5080 = ORIENTED_EDGE ( 'NONE', *, *, #6407, .F. ) ;
#5081 = DIRECTION ( 'NONE',  ( 1.000000000000000000, 0.000000000000000000, 0.000000000000000000 ) ) ;
#5082 = DIRECTION ( 'NONE',  ( 1.000000000000000000, 0.000000000000000000, 0.000000000000000000 ) ) ;
#5083 = CARTESIAN_POINT ( 'NONE',  ( -67.99999999999954525, -51.00000000000082423, 5.000000000000000000 ) ) ;
#5084 = CARTESIAN_POINT ( 'NONE',  ( -17.00000000000004263, 34.00000000000012790, 5.000000000000000000 ) ) ;
#5085 = ORIENTED_EDGE ( 'NONE', *, *, #6378, .F. ) ;
#5086 = DIRECTION ( 'NONE',  ( 0.000000000000000000, 0.000000000000000000, 1.000000000000000000 ) ) ;
#5087 = EDGE_CURVE ( 'NONE', #6626, #56, #10403, .T. ) ;
#5088 = CIRCLE ( 'NONE', #3119, 2.000000000000001776 ) ;
#5089 = VERTEX_POINT ( 'NONE', #9596 ) ;
#5090 = ORIENTED_EDGE ( 'NONE', *, *, #4626, .F. ) ;
#5091 = CIRCLE ( 'NONE', #3123, 2.000000000000001776 ) ;
#5092 = DIRECTION ( 'NONE',  ( -1.000000000000000000, 0.000000000000000000, 0.000000000000000000 ) ) ;
#5094 = AXIS2_PLACEMENT_3D ( 'NONE', #6642, #10966, #9988 ) ;
#5093 = CARTESIAN_POINT ( 'NONE',  ( 69.99999999999972999, 4.857225732735059864E-13, 0.000000000000000000 ) ) ;
#5095 = DIRECTION ( 'NONE',  ( 1.000000000000000000, 0.000000000000000000, 0.000000000000000000 ) ) ;
#5096 = CARTESIAN_POINT ( 'NONE',  ( 52.99999999999962341, 51.00000000000071054, 0.000000000000000000 ) ) ;
#5097 = ORIENTED_EDGE ( 'NONE', *, *, #4067, .T. ) ;
#5098 = EDGE_CURVE ( 'NONE', #6617, #7378, #4816, .T. ) ;
#5099 = DIRECTION ( 'NONE',  ( 0.000000000000000000, 0.000000000000000000, 1.000000000000000000 ) ) ;
#5100 = VERTEX_POINT ( 'NONE', #7820 ) ;
#5101 = FACE_OUTER_BOUND ( 'NONE', #4605, .T. ) ;
#5102 = FACE_OUTER_BOUND ( 'NONE', #3925, .T. ) ;
#5103 = AXIS2_PLACEMENT_3D ( 'NONE', #4276, #3301, #293 ) ;
#5104 = AXIS2_PLACEMENT_3D ( 'NONE', #6051, #9610, #3284 ) ;
#5105 = DIRECTION ( 'NONE',  ( 1.000000000000000000, 0.000000000000000000, 0.000000000000000000 ) ) ;
#5106 = EDGE_CURVE ( 'NONE', #12144, #8606, #1981, .T. ) ;
#5107 = ORIENTED_EDGE ( 'NONE', *, *, #10734, .F. ) ;
#5108 = ADVANCED_FACE ( 'NONE', ( #11385 ), #4865, .F. ) ;
#5109 = ADVANCED_FACE ( 'NONE', ( #2960 ), #3142, .F. ) ;
#5110 = VERTEX_POINT ( 'NONE', #1177 ) ;
#5111 = CYLINDRICAL_SURFACE ( 'NONE', #8045, 2.000000000000001776 ) ;
#5112 = DIRECTION ( 'NONE',  ( 0.000000000000000000, -1.000000000000000000, 0.000000000000000000 ) ) ;
#5113 = CARTESIAN_POINT ( 'NONE',  ( 50.99999999999968026, 34.00000000000059686, 0.000000000000000000 ) ) ;
#5114 = AXIS2_PLACEMENT_3D ( 'NONE', #8577, #3895, #8632 ) ;
#5115 = ORIENTED_EDGE ( 'NONE', *, *, #4837, .F. ) ;
#5116 = CARTESIAN_POINT ( 'NONE',  ( 79.02499999999996305, 90.97500000000000853, 0.000000000000000000 ) ) ;
#5117 = EDGE_CURVE ( 'NONE', #1277, #8562, #6892, .T. ) ;
#5118 = DIRECTION ( 'NONE',  ( 0.000000000000000000, 0.000000000000000000, 1.000000000000000000 ) ) ;
#5119 = ORIENTED_EDGE ( 'NONE', *, *, #11145, .T. ) ;
#5120 = CIRCLE ( 'NONE', #4128, 2.000000000000001776 ) ;
#5121 = FACE_OUTER_BOUND ( 'NONE', #7619, .T. ) ;
#5122 = CARTESIAN_POINT ( 'NONE',  ( -84.99999999999990052, 67.99999999999990052, 5.000000000000000000 ) ) ;
#5123 = ORIENTED_EDGE ( 'NONE', *, *, #9044, .T. ) ;
#5124 = AXIS2_PLACEMENT_3D ( 'NONE', #10284, #3692, #1859 ) ;
#5125 = ORIENTED_EDGE ( 'NONE', *, *, #896, .T. ) ;
#5126 = FACE_OUTER_BOUND ( 'NONE', #7090, .T. ) ;
#5127 = PLANE ( 'NONE',  #4412 ) ;
#5128 = DIRECTION ( 'NONE',  ( 0.000000000000000000, 0.000000000000000000, 1.000000000000000000 ) ) ;
#5129 = CARTESIAN_POINT ( 'NONE',  ( 84.99999999999937472, 85.00000000000120792, 0.000000000000000000 ) ) ;
#5130 = FACE_BOUND ( 'NONE', #2824, .T. ) ;
#5131 = EDGE_CURVE ( 'NONE', #8317, #7172, #5728, .T. ) ;
#5132 = DIRECTION ( 'NONE',  ( 1.000000000000000000, 0.000000000000000000, 0.000000000000000000 ) ) ;
#5133 = LINE ( 'NONE', #8941, #5521 ) ;
#5134 = VECTOR ( 'NONE', #1526, 1000.000000000000000 ) ;
#5135 = VERTEX_POINT ( 'NONE', #1239 ) ;
#5136 = VERTEX_POINT ( 'NONE', #2228 ) ;
#5137 = CARTESIAN_POINT ( 'NONE',  ( -82.99999999999972999, 16.99999999999953104, 0.000000000000000000 ) ) ;
#5138 = AXIS2_PLACEMENT_3D ( 'NONE', #4523, #11862, #10990 ) ;
#5139 = ORIENTED_EDGE ( 'NONE', *, *, #7637, .T. ) ;
#5140 = VECTOR ( 'NONE', #4024, 1000.000000000000000 ) ;
#5141 = ORIENTED_EDGE ( 'NONE', *, *, #664, .T. ) ;
#5142 = DIRECTION ( 'NONE',  ( 1.000000000000000000, 0.000000000000000000, 0.000000000000000000 ) ) ;
#5143 = ORIENTED_EDGE ( 'NONE', *, *, #4544, .T. ) ;
#5144 = DIRECTION ( 'NONE',  ( -0.000000000000000000, -0.000000000000000000, 1.000000000000000000 ) ) ;
#5145 = DIRECTION ( 'NONE',  ( 1.000000000000000000, 0.000000000000000000, 0.000000000000000000 ) ) ;
#5146 = CARTESIAN_POINT ( 'NONE',  ( -50.99999999999980815, -3.330669073875469621E-13, 5.000000000000000000 ) ) ;
#5147 = EDGE_CURVE ( 'NONE', #9812, #8562, #1122, .T. ) ;
#5148 = DIRECTION ( 'NONE',  ( 1.000000000000000000, 0.000000000000000000, 0.000000000000000000 ) ) ;
#5149 = DIRECTION ( 'NONE',  ( -1.000000000000000000, 4.550094363217858838E-15, 0.000000000000000000 ) ) ;
#5150 = VERTEX_POINT ( 'NONE', #2108 ) ;
#5151 = DIRECTION ( 'NONE',  ( -0.000000000000000000, -0.000000000000000000, 1.000000000000000000 ) ) ;
#5152 = VECTOR ( 'NONE', #875, 1000.000000000000000 ) ;
#5153 = CIRCLE ( 'NONE', #11629, 2.000000000000001776 ) ;
#5154 = EDGE_LOOP ( 'NONE', ( #5008, #946, #5411, #10299 ) ) ;
#5155 = VERTEX_POINT ( 'NONE', #6710 ) ;
#5156 = CIRCLE ( 'NONE', #2995, 2.000000000000001776 ) ;
#5157 = AXIS2_PLACEMENT_3D ( 'NONE', #11724, #1265, #6005 ) ;
#5158 = CYLINDRICAL_SURFACE ( 'NONE', #4819, 1.999999999999996225 ) ;
#5159 = DIRECTION ( 'NONE',  ( -0.000000000000000000, -0.000000000000000000, 1.000000000000000000 ) ) ;
#5160 = CARTESIAN_POINT ( 'NONE',  ( -17.00000000000016698, 68.00000000000036948, 0.000000000000000000 ) ) ;
#5161 = DIRECTION ( 'NONE',  ( -0.000000000000000000, -0.000000000000000000, 1.000000000000000000 ) ) ;
#5162 = ORIENTED_EDGE ( 'NONE', *, *, #11494, .T. ) ;
#5163 = DIRECTION ( 'NONE',  ( -1.000000000000000000, 0.000000000000000000, 0.000000000000000000 ) ) ;
#5164 = ORIENTED_EDGE ( 'NONE', *, *, #375, .F. ) ;
#5165 = CYLINDRICAL_SURFACE ( 'NONE', #2046, 2.000000000000001776 ) ;
#5166 = DIRECTION ( 'NONE',  ( -0.000000000000000000, -0.000000000000000000, 1.000000000000000000 ) ) ;
#5167 = AXIS2_PLACEMENT_3D ( 'NONE', #8274, #12030, #7365 ) ;
#5168 = CIRCLE ( 'NONE', #11645, 2.000000000000001776 ) ;
#5169 = AXIS2_PLACEMENT_3D ( 'NONE', #10551, #2308, #4023 ) ;
#5170 = VERTEX_POINT ( 'NONE', #134 ) ;
#5171 = VECTOR ( 'NONE', #6763, 1000.000000000000000 ) ;
#5172 = VECTOR ( 'NONE', #8399, 1000.000000000000000 ) ;
#5173 = ORIENTED_EDGE ( 'NONE', *, *, #1474, .T. ) ;
#5174 = EDGE_CURVE ( 'NONE', #2559, #11473, #7770, .T. ) ;
#5175 = EDGE_CURVE ( 'NONE', #11211, #331, #3445, .T. ) ;
#5176 = ORIENTED_EDGE ( 'NONE', *, *, #11643, .F. ) ;
#5177 = FACE_OUTER_BOUND ( 'NONE', #6107, .T. ) ;
#5178 = DIRECTION ( 'NONE',  ( 0.000000000000000000, 0.000000000000000000, 1.000000000000000000 ) ) ;
#5179 = CIRCLE ( 'NONE', #1238, 2.000000000000001776 ) ;
#5180 = DIRECTION ( 'NONE',  ( 0.000000000000000000, 1.000000000000000000, 0.000000000000000000 ) ) ;
#5181 = AXIS2_PLACEMENT_3D ( 'NONE', #6629, #3729, #1833 ) ;
#5182 = ORIENTED_EDGE ( 'NONE', *, *, #1186, .F. ) ;
#5183 = AXIS2_PLACEMENT_3D ( 'NONE', #8857, #8800, #7701 ) ;
#5184 = CARTESIAN_POINT ( 'NONE',  ( 35.99999999999992184, -16.99999999999987566, 0.000000000000000000 ) ) ;
#5185 = CYLINDRICAL_SURFACE ( 'NONE', #719, 2.000000000000001776 ) ;
#5186 = ORIENTED_EDGE ( 'NONE', *, *, #2369, .F. ) ;
#5187 = CARTESIAN_POINT ( 'NONE',  ( -135.0000000000000000, 15.00000000000001243, 5.000000000000000000 ) ) ;
#5188 = ADVANCED_FACE ( 'NONE', ( #4995 ), #1305, .F. ) ;
#5189 = CARTESIAN_POINT ( 'NONE',  ( 67.99999999999995737, -67.99999999999998579, 5.000000000000000000 ) ) ;
#5190 = VERTEX_POINT ( 'NONE', #8794 ) ;
#5191 = ADVANCED_FACE ( 'NONE', ( #321 ), #8674, .F. ) ;
#5192 = CIRCLE ( 'NONE', #1844, 2.000000000000001776 ) ;
#5193 = EDGE_CURVE ( 'NONE', #5893, #9622, #7635, .T. ) ;
#5194 = ORIENTED_EDGE ( 'NONE', *, *, #375, .T. ) ;
#5195 = DIRECTION ( 'NONE',  ( 1.000000000000000000, 0.000000000000000000, 0.000000000000000000 ) ) ;
#5196 = CARTESIAN_POINT ( 'NONE',  ( 65.99999999999972999, 4.859675026333355072E-13, 5.000000000000000000 ) ) ;
#5197 = CARTESIAN_POINT ( 'NONE',  ( 34.00000000000003553, -51.00000000000010658, 0.000000000000000000 ) ) ;
#5198 = FACE_OUTER_BOUND ( 'NONE', #2794, .T. ) ;
#5199 = VECTOR ( 'NONE', #8102, 1000.000000000000000 ) ;
#5200 = FACE_BOUND ( 'NONE', #3192, .T. ) ;
#5201 = EDGE_CURVE ( 'NONE', #8896, #9936, #10324, .T. ) ;
#5202 = CARTESIAN_POINT ( 'NONE',  ( -17.00000000000022382, 85.00000000000049738, 0.000000000000000000 ) ) ;
#5203 = DIRECTION ( 'NONE',  ( 0.000000000000000000, 0.000000000000000000, 1.000000000000000000 ) ) ;
#5204 = ORIENTED_EDGE ( 'NONE', *, *, #1725, .F. ) ;
#5205 = AXIS2_PLACEMENT_3D ( 'NONE', #1979, #8486, #7508 ) ;
#5206 = ORIENTED_EDGE ( 'NONE', *, *, #9977, .T. ) ;
#5207 = DIRECTION ( 'NONE',  ( -0.000000000000000000, -0.000000000000000000, -1.000000000000000000 ) ) ;
#5208 = EDGE_CURVE ( 'NONE', #11707, #6221, #11892, .T. ) ;
#5209 = EDGE_LOOP ( 'NONE', ( #11045, #7710 ) ) ;
#5210 = CIRCLE ( 'NONE', #1660, 2.000000000000001776 ) ;
#5211 = ADVANCED_FACE ( 'NONE', ( #5855 ), #7762, .F. ) ;
#5212 = EDGE_LOOP ( 'NONE', ( #7686, #5983, #7220, #9663 ) ) ;
#5213 = AXIS2_PLACEMENT_3D ( 'NONE', #11384, #10585, #9658 ) ;
#5214 = DIRECTION ( 'NONE',  ( -0.000000000000000000, -0.000000000000000000, -1.000000000000000000 ) ) ;
#5215 = ORIENTED_EDGE ( 'NONE', *, *, #6392, .F. ) ;
#5216 = FACE_BOUND ( 'NONE', #9900, .T. ) ;
#5217 = LINE ( 'NONE', #8953, #11460 ) ;
#5218 = DIRECTION ( 'NONE',  ( 0.000000000000000000, 0.000000000000000000, 1.000000000000000000 ) ) ;
#5219 = DIRECTION ( 'NONE',  ( 1.000000000000000000, 0.000000000000000000, 0.000000000000000000 ) ) ;
#5220 = CARTESIAN_POINT ( 'NONE',  ( 4.139448346937463700E-13, 90.97500000000037801, 0.000000000000000000 ) ) ;
#5221 = VERTEX_POINT ( 'NONE', #5242 ) ;
#5222 = DIRECTION ( 'NONE',  ( 0.000000000000000000, 0.000000000000000000, 1.000000000000000000 ) ) ;
#5223 = AXIS2_PLACEMENT_3D ( 'NONE', #9030, #9969, #12046 ) ;
#5224 = CIRCLE ( 'NONE', #1282, 2.000000000000001776 ) ;
#5225 = EDGE_LOOP ( 'NONE', ( #11883, #9941, #1994, #7305 ) ) ;
#5226 = EDGE_CURVE ( 'NONE', #3732, #5268, #4040, .T. ) ;
#5227 = EDGE_LOOP ( 'NONE', ( #5959, #3280, #4032, #1601 ) ) ;
#5228 = CIRCLE ( 'NONE', #10330, 2.000000000000001776 ) ;
#5229 = DIRECTION ( 'NONE',  ( -0.000000000000000000, 0.000000000000000000, -1.000000000000000000 ) ) ;
#5230 = DIRECTION ( 'NONE',  ( -0.000000000000000000, -0.000000000000000000, 1.000000000000000000 ) ) ;
#5231 = LINE ( 'NONE', #4234, #7388 ) ;
#5232 = DIRECTION ( 'NONE',  ( 1.000000000000000000, 0.000000000000000000, 0.000000000000000000 ) ) ;
#5233 = VERTEX_POINT ( 'NONE', #6164 ) ;
#5234 = CARTESIAN_POINT ( 'NONE',  ( -9.714451465470119729E-14, 34.00000000000021316, 0.000000000000000000 ) ) ;
#5235 = CARTESIAN_POINT ( 'NONE',  ( -2.000000000000042633, 17.00000000000009948, 0.000000000000000000 ) ) ;
#5236 = DIRECTION ( 'NONE',  ( 1.000000000000000000, 0.000000000000000000, 0.000000000000000000 ) ) ;
#5237 = ORIENTED_EDGE ( 'NONE', *, *, #9150, .F. ) ;
#5238 = EDGE_CURVE ( 'NONE', #10886, #9791, #6098, .T. ) ;
#5239 = ORIENTED_EDGE ( 'NONE', *, *, #5201, .F. ) ;
#5240 = CARTESIAN_POINT ( 'NONE',  ( -1.665334536937734811E-13, 51.00000000000031974, 0.000000000000000000 ) ) ;
#5241 = CARTESIAN_POINT ( 'NONE',  ( 19.00000000000017053, -68.00000000000035527, 0.000000000000000000 ) ) ;
#5242 = CARTESIAN_POINT ( 'NONE',  ( 48.99999999999950262, 85.00000000000096634, 5.000000000000000000 ) ) ;
#5243 = CIRCLE ( 'NONE', #330, 2.000000000000001776 ) ;
#5244 = ORIENTED_EDGE ( 'NONE', *, *, #894, .T. ) ;
#5245 = CARTESIAN_POINT ( 'NONE',  ( -67.99999999999974420, -4.579669976578770729E-13, 0.000000000000000000 ) ) ;
#5246 = DIRECTION ( 'NONE',  ( 0.000000000000000000, 0.000000000000000000, 1.000000000000000000 ) ) ;
#5247 = ORIENTED_EDGE ( 'NONE', *, *, #11463, .T. ) ;
#5248 = DIRECTION ( 'NONE',  ( 0.000000000000000000, 0.000000000000000000, 1.000000000000000000 ) ) ;
#5249 = DIRECTION ( 'NONE',  ( 1.000000000000000000, 0.000000000000000000, 0.000000000000000000 ) ) ;
#5250 = ORIENTED_EDGE ( 'NONE', *, *, #2920, .F. ) ;
#5251 = EDGE_CURVE ( 'NONE', #10386, #5034, #9131, .T. ) ;
#5252 = CIRCLE ( 'NONE', #11733, 2.000000000000000000 ) ;
#5253 = ORIENTED_EDGE ( 'NONE', *, *, #8172, .T. ) ;
#5254 = FACE_OUTER_BOUND ( 'NONE', #9455, .T. ) ;
#5255 = DIRECTION ( 'NONE',  ( 0.000000000000000000, -1.000000000000000000, 0.000000000000000000 ) ) ;
#5256 = LINE ( 'NONE', #9981, #11073 ) ;
#5257 = DIRECTION ( 'NONE',  ( 1.000000000000000000, 0.000000000000000000, 0.000000000000000000 ) ) ;
#5258 = FACE_BOUND ( 'NONE', #1727, .T. ) ;
#5259 = DIRECTION ( 'NONE',  ( 0.000000000000000000, 0.000000000000000000, 1.000000000000000000 ) ) ;
#5260 = DIRECTION ( 'NONE',  ( 0.000000000000000000, 0.000000000000000000, 1.000000000000000000 ) ) ;
#5261 = ORIENTED_EDGE ( 'NONE', *, *, #2698, .T. ) ;
#5262 = EDGE_LOOP ( 'NONE', ( #1518, #11002 ) ) ;
#5263 = LINE ( 'NONE', #11596, #7504 ) ;
#5264 = ADVANCED_FACE ( 'NONE', ( #6277 ), #10024, .F. ) ;
#5265 = ORIENTED_EDGE ( 'NONE', *, *, #11103, .T. ) ;
#5266 = ADVANCED_FACE ( 'NONE', ( #5295 ), #1600, .F. ) ;
#5267 = EDGE_LOOP ( 'NONE', ( #12013, #9000 ) ) ;
#5268 = VERTEX_POINT ( 'NONE', #9913 ) ;
#5269 = ADVANCED_FACE ( 'NONE', ( #9970 ), #3271, .F. ) ;
#5270 = FACE_BOUND ( 'NONE', #9907, .T. ) ;
#5271 = EDGE_CURVE ( 'NONE', #1584, #7890, #6209, .T. ) ;
#5272 = DIRECTION ( 'NONE',  ( 1.000000000000000000, 0.000000000000000000, 0.000000000000000000 ) ) ;
#5273 = DIRECTION ( 'NONE',  ( 1.000000000000000000, 0.000000000000000000, 0.000000000000000000 ) ) ;
#5274 = CARTESIAN_POINT ( 'NONE',  ( -84.99999999999984368, 50.99999999999976552, 5.000000000000000000 ) ) ;
#5275 = CARTESIAN_POINT ( 'NONE',  ( -1.665334536937734811E-13, 51.00000000000031974, 0.000000000000000000 ) ) ;
#5276 = VERTEX_POINT ( 'NONE', #9787 ) ;
#5277 = DIRECTION ( 'NONE',  ( 1.000000000000000000, 0.000000000000000000, 0.000000000000000000 ) ) ;
#5278 = ORIENTED_EDGE ( 'NONE', *, *, #1144, .T. ) ;
#5279 = VERTEX_POINT ( 'NONE', #11879 ) ;
#5280 = DIRECTION ( 'NONE',  ( 0.000000000000000000, 0.000000000000000000, 1.000000000000000000 ) ) ;
#5281 = CARTESIAN_POINT ( 'NONE',  ( -16.99999999999993250, -9.714451465470119729E-14, 0.000000000000000000 ) ) ;
#5282 = DIRECTION ( 'NONE',  ( -0.000000000000000000, -0.000000000000000000, 1.000000000000000000 ) ) ;
#5283 = DIRECTION ( 'NONE',  ( 1.000000000000000000, 0.000000000000000000, 0.000000000000000000 ) ) ;
#5284 = VECTOR ( 'NONE', #6940, 1000.000000000000000 ) ;
#5285 = EDGE_LOOP ( 'NONE', ( #5085, #7683 ) ) ;
#5286 = CARTESIAN_POINT ( 'NONE',  ( 29.99999999999960920, 100.0000000000000142, 5.000000000000000000 ) ) ;
#5287 = EDGE_CURVE ( 'NONE', #331, #11211, #9940, .T. ) ;
#5288 = CARTESIAN_POINT ( 'NONE',  ( -90.97499999999982379, -75.97499999999998010, 5.000000000000000000 ) ) ;
#5289 = DIRECTION ( 'NONE',  ( 1.000000000000000000, 0.000000000000000000, 0.000000000000000000 ) ) ;
#5290 = ORIENTED_EDGE ( 'NONE', *, *, #9346, .F. ) ;
#5291 = VECTOR ( 'NONE', #3790, 1000.000000000000000 ) ;
#5292 = ORIENTED_EDGE ( 'NONE', *, *, #1886, .T. ) ;
#5293 = CIRCLE ( 'NONE', #11169, 2.000000000000001776 ) ;
#5294 = CARTESIAN_POINT ( 'NONE',  ( -7.806255641895630939E-16, -15.00000000000000533, 5.000000000000000000 ) ) ;
#5295 = FACE_OUTER_BOUND ( 'NONE', #6111, .T. ) ;
#5296 = ORIENTED_EDGE ( 'NONE', *, *, #5705, .T. ) ;
#5297 = DIRECTION ( 'NONE',  ( -1.000000000000000000, -4.550094363217858838E-15, 0.000000000000000000 ) ) ;
#5298 = CARTESIAN_POINT ( 'NONE',  ( -67.99999999999965894, -17.00000000000058265, 5.000000000000000000 ) ) ;
#5299 = EDGE_LOOP ( 'NONE', ( #10918, #2663, #10678, #2858 ) ) ;
#5300 = ADVANCED_FACE ( 'NONE', ( #3448 ), #11929, .F. ) ;
#5301 = CARTESIAN_POINT ( 'NONE',  ( 16.99999999999987566, 17.00000000000025224, 5.000000000000000000 ) ) ;
#5302 = PLANE ( 'NONE',  #3973 ) ;
#5303 = CIRCLE ( 'NONE', #1566, 15.00000000000000000 ) ;
#5304 = VECTOR ( 'NONE', #11465, 1000.000000000000000 ) ;
#5305 = EDGE_LOOP ( 'NONE', ( #10046, #5515, #843, #12036 ) ) ;
#5306 = CIRCLE ( 'NONE', #1975, 2.000000000000001776 ) ;
#5307 = ADVANCED_FACE ( 'NONE', ( #6958 ), #11760, .T. ) ;
#5308 = CARTESIAN_POINT ( 'NONE',  ( -84.99999999999953104, -34.00000000000082423, 5.000000000000000000 ) ) ;
#5309 = LINE ( 'NONE', #3342, #11293 ) ;
#5310 = FACE_OUTER_BOUND ( 'NONE', #2852, .T. ) ;
#5311 = DIRECTION ( 'NONE',  ( -1.000000000000000000, 0.000000000000000000, 0.000000000000000000 ) ) ;
#5312 = FACE_BOUND ( 'NONE', #10142, .T. ) ;
#5313 = DIRECTION ( 'NONE',  ( 1.000000000000000000, 0.000000000000000000, 0.000000000000000000 ) ) ;
#5314 = DIRECTION ( 'NONE',  ( 1.000000000000000000, 0.000000000000000000, 0.000000000000000000 ) ) ;
#5315 = VERTEX_POINT ( 'NONE', #8919 ) ;
#5316 = VERTEX_POINT ( 'NONE', #506 ) ;
#5317 = DIRECTION ( 'NONE',  ( -0.000000000000000000, -0.000000000000000000, 1.000000000000000000 ) ) ;
#5318 = AXIS2_PLACEMENT_3D ( 'NONE', #7943, #3209, #8741 ) ;
#5319 = EDGE_LOOP ( 'NONE', ( #8401, #9104, #8611, #5819 ) ) ;
#5320 = ORIENTED_EDGE ( 'NONE', *, *, #11807, .F. ) ;
#5321 = EDGE_CURVE ( 'NONE', #1568, #8891, #2657, .T. ) ;
#5322 = EDGE_CURVE ( 'NONE', #6347, #5170, #6985, .T. ) ;
#5323 = ORIENTED_EDGE ( 'NONE', *, *, #5147, .T. ) ;
#5324 = FACE_BOUND ( 'NONE', #7539, .T. ) ;
#5325 = AXIS2_PLACEMENT_3D ( 'NONE', #3011, #3990, #6762 ) ;
#5326 = CARTESIAN_POINT ( 'NONE',  ( 0.000000000000000000, -100.0000000000000142, 5.000000000000000000 ) ) ;
#5327 = DIRECTION ( 'NONE',  ( 1.000000000000000000, 0.000000000000000000, 0.000000000000000000 ) ) ;
#5328 = CARTESIAN_POINT ( 'NONE',  ( 0.000000000000000000, -100.0000000000000142, 0.000000000000000000 ) ) ;
#5329 = CARTESIAN_POINT ( 'NONE',  ( 0.000000000000000000, 75.97499999999998010, 5.000000000000000000 ) ) ;
#5330 = ORIENTED_EDGE ( 'NONE', *, *, #5791, .F. ) ;
#5331 = CARTESIAN_POINT ( 'NONE',  ( -15.00000000000022382, 85.00000000000049738, 5.000000000000000000 ) ) ;
#5332 = EDGE_CURVE ( 'NONE', #9992, #11811, #893, .T. ) ;
#5333 = ADVANCED_FACE ( 'NONE', ( #2407 ), #1491, .T. ) ;
#5334 = VECTOR ( 'NONE', #8874, 1000.000000000000000 ) ;
#5335 = EDGE_LOOP ( 'NONE', ( #11488, #4403 ) ) ;
#5336 = EDGE_LOOP ( 'NONE', ( #6481, #5141, #2458, #6136 ) ) ;
#5337 = CARTESIAN_POINT ( 'NONE',  ( -16.99999999999969447, -68.00000000000058265, 0.000000000000000000 ) ) ;
#5338 = DIRECTION ( 'NONE',  ( 1.000000000000000000, 0.000000000000000000, 0.000000000000000000 ) ) ;
#5339 = CARTESIAN_POINT ( 'NONE',  ( -82.99999999999937472, -85.00000000000117950, 0.000000000000000000 ) ) ;
#5340 = LINE ( 'NONE', #5459, #10434 ) ;
#5341 = CIRCLE ( 'NONE', #4542, 2.000000000000001776 ) ;
#5342 = ORIENTED_EDGE ( 'NONE', *, *, #4640, .T. ) ;
#5343 = AXIS2_PLACEMENT_3D ( 'NONE', #3916, #6748, #4901 ) ;
#5344 = DIRECTION ( 'NONE',  ( 0.000000000000000000, 0.000000000000000000, 1.000000000000000000 ) ) ;
#5345 = LINE ( 'NONE', #10939, #1057 ) ;
#5346 = DIRECTION ( 'NONE',  ( 0.000000000000000000, 0.000000000000000000, 1.000000000000000000 ) ) ;
#5347 = ADVANCED_FACE ( 'NONE', ( #6449 ), #5525, .F. ) ;
#5348 = ORIENTED_EDGE ( 'NONE', *, *, #9395, .T. ) ;
#5349 = VECTOR ( 'NONE', #2235, 1000.000000000000000 ) ;
#5350 = ORIENTED_EDGE ( 'NONE', *, *, #2032, .T. ) ;
#5351 = CIRCLE ( 'NONE', #43, 2.000000000000000000 ) ;
#5352 = EDGE_CURVE ( 'NONE', #555, #5818, #2580, .T. ) ;
#5353 = CYLINDRICAL_SURFACE ( 'NONE', #9927, 2.000000000000001776 ) ;
#5354 = CARTESIAN_POINT ( 'NONE',  ( 67.99999999999967315, 17.00000000000059686, 0.000000000000000000 ) ) ;
#5355 = ORIENTED_EDGE ( 'NONE', *, *, #9909, .T. ) ;
#5356 = LINE ( 'NONE', #3498, #6109 ) ;
#5357 = CARTESIAN_POINT ( 'NONE',  ( -67.99999999999960210, -34.00000000000070344, 5.000000000000000000 ) ) ;
#5358 = CIRCLE ( 'NONE', #8887, 2.000000000000001776 ) ;
#5359 = EDGE_LOOP ( 'NONE', ( #549, #11863 ) ) ;
#5360 = FACE_OUTER_BOUND ( 'NONE', #10109, .T. ) ;
#5361 = DIRECTION ( 'NONE',  ( 0.000000000000000000, -0.000000000000000000, 1.000000000000000000 ) ) ;
#5362 = AXIS2_PLACEMENT_3D ( 'NONE', #7248, #5407, #5462 ) ;
#5363 = AXIS2_PLACEMENT_3D ( 'NONE', #9962, #4292, #8049 ) ;
#5364 = CIRCLE ( 'NONE', #2227, 2.000000000000001776 ) ;
#5365 = EDGE_CURVE ( 'NONE', #4257, #2996, #4615, .T. ) ;
#5366 = MECHANICAL_DESIGN_GEOMETRIC_PRESENTATION_REPRESENTATION (  '', ( #4186 ), #9087 ) ;
#5367 = ORIENTED_EDGE ( 'NONE', *, *, #7974, .F. ) ;
#5368 = VECTOR ( 'NONE', #4479, 1000.000000000000000 ) ;
#5369 = LINE ( 'NONE', #3462, #5806 ) ;
#5370 = PLANE ( 'NONE',  #11668 ) ;
#5371 = DIRECTION ( 'NONE',  ( 1.000000000000000000, 0.000000000000000000, 0.000000000000000000 ) ) ;
#5372 = FACE_BOUND ( 'NONE', #9815, .T. ) ;
#5373 = DIRECTION ( 'NONE',  ( 1.000000000000000000, 0.000000000000000000, 0.000000000000000000 ) ) ;
#5374 = SURFACE_STYLE_USAGE ( .BOTH. , #4492 ) ;
#5375 = ORIENTED_EDGE ( 'NONE', *, *, #4241, .T. ) ;
#5376 = VERTEX_POINT ( 'NONE', #9341 ) ;
#5377 = CARTESIAN_POINT ( 'NONE',  ( 35.99999999999986500, 2.498001805406602216E-13, 0.000000000000000000 ) ) ;
#5378 = CIRCLE ( 'NONE', #1053, 2.000000000000001776 ) ;
#5379 = VECTOR ( 'NONE', #6269, 1000.000000000000000 ) ;
#5380 = ORIENTED_EDGE ( 'NONE', *, *, #5087, .F. ) ;
#5381 = ORIENTED_EDGE ( 'NONE', *, *, #7747, .T. ) ;
#5382 = VECTOR ( 'NONE', #9287, 1000.000000000000000 ) ;
#5383 = VERTEX_POINT ( 'NONE', #6510 ) ;
#5384 = LINE ( 'NONE', #707, #4216 ) ;
#5385 = AXIS2_PLACEMENT_3D ( 'NONE', #8304, #6410, #12059 ) ;
#5386 = FACE_OUTER_BOUND ( 'NONE', #5477, .T. ) ;
#5387 = CARTESIAN_POINT ( 'NONE',  ( 84.99999999999977263, -33.99999999999963762, 0.000000000000000000 ) ) ;
#5388 = CYLINDRICAL_SURFACE ( 'NONE', #5710, 2.000000000000001776 ) ;
#5389 = CARTESIAN_POINT ( 'NONE',  ( -79.02499999999996305, -75.97499999999998010, 5.000000000000000000 ) ) ;
#5390 = ORIENTED_EDGE ( 'NONE', *, *, #11351, .F. ) ;
#5391 = EDGE_LOOP ( 'NONE', ( #373, #2902, #6819, #11514 ) ) ;
#5392 = CARTESIAN_POINT ( 'NONE',  ( -67.99999999999960210, -34.00000000000070344, 0.000000000000000000 ) ) ;
#5393 = AXIS2_PLACEMENT_3D ( 'NONE', #4988, #2286, #8733 ) ;
#5394 = EDGE_CURVE ( 'NONE', #3291, #8617, #114, .T. ) ;
#5395 = AXIS2_PLACEMENT_3D ( 'NONE', #10560, #2135, #5888 ) ;
#5396 = EDGE_LOOP ( 'NONE', ( #6140, #5535, #5971, #3028 ) ) ;
#5397 = ORIENTED_EDGE ( 'NONE', *, *, #2171, .F. ) ;
#5398 = EDGE_LOOP ( 'NONE', ( #9362, #12142 ) ) ;
#5399 = DIRECTION ( 'NONE',  ( 1.000000000000000000, 0.000000000000000000, 0.000000000000000000 ) ) ;
#5400 = DIRECTION ( 'NONE',  ( 0.000000000000000000, 0.000000000000000000, 1.000000000000000000 ) ) ;
#5401 = AXIS2_PLACEMENT_3D ( 'NONE', #5523, #10999, #9266 ) ;
#5402 = FACE_BOUND ( 'NONE', #6693, .T. ) ;
#5403 = EDGE_CURVE ( 'NONE', #7881, #879, #5228, .T. ) ;
#5404 = DIRECTION ( 'NONE',  ( 0.000000000000000000, 0.000000000000000000, 1.000000000000000000 ) ) ;
#5405 = EDGE_LOOP ( 'NONE', ( #2638, #7057 ) ) ;
#5406 = CYLINDRICAL_SURFACE ( 'NONE', #6128, 2.000000000000001776 ) ;
#5407 = DIRECTION ( 'NONE',  ( 0.000000000000000000, 0.000000000000000000, -1.000000000000000000 ) ) ;
#5408 = EDGE_CURVE ( 'NONE', #4356, #5526, #6399, .T. ) ;
#5409 = VERTEX_POINT ( 'NONE', #11065 ) ;
#5410 = CIRCLE ( 'NONE', #9130, 2.000000000000001776 ) ;
#5411 = ORIENTED_EDGE ( 'NONE', *, *, #3001, .F. ) ;
#5412 = AXIS2_PLACEMENT_3D ( 'NONE', #12108, #10265, #5415 ) ;
#5413 = EDGE_CURVE ( 'NONE', #7818, #7672, #11901, .T. ) ;
#5414 = DIRECTION ( 'NONE',  ( 1.000000000000000000, 0.000000000000000000, 0.000000000000000000 ) ) ;
#5415 = DIRECTION ( 'NONE',  ( 1.000000000000000000, 0.000000000000000000, 0.000000000000000000 ) ) ;
#5416 = EDGE_CURVE ( 'NONE', #4831, #9188, #3736, .T. ) ;
#5417 = EDGE_CURVE ( 'NONE', #2150, #415, #3496, .T. ) ;
#5418 = EDGE_LOOP ( 'NONE', ( #10058, #6503, #898, #4255 ) ) ;
#5419 = DIRECTION ( 'NONE',  ( 1.000000000000000000, -8.881784197001243449E-16, 0.000000000000000000 ) ) ;
#5420 = CARTESIAN_POINT ( 'NONE',  ( 16.99999999999998579, -16.99999999999998579, 0.000000000000000000 ) ) ;
#5421 = ORIENTED_EDGE ( 'NONE', *, *, #5416, .T. ) ;
#5422 = CARTESIAN_POINT ( 'NONE',  ( -15.00000000000039790, 115.0000000000000711, 0.000000000000000000 ) ) ;
#5423 = CARTESIAN_POINT ( 'NONE',  ( -33.99999999999992184, 16.99999999999988987, 5.000000000000000000 ) ) ;
#5424 = CIRCLE ( 'NONE', #8761, 2.000000000000001776 ) ;
#5425 = ADVANCED_FACE ( 'NONE', ( #7495 ), #4601, .F. ) ;
#5426 = EDGE_LOOP ( 'NONE', ( #7045, #11027, #11092, #8119 ) ) ;
#5427 = AXIS2_PLACEMENT_3D ( 'NONE', #4997, #383, #6895 ) ;
#5428 = DIRECTION ( 'NONE',  ( 1.000000000000000000, 0.000000000000000000, 0.000000000000000000 ) ) ;
#5429 = CARTESIAN_POINT ( 'NONE',  ( 1.361677722148822135E-12, -130.0000000000000000, 5.000000000000000000 ) ) ;
#5430 = CARTESIAN_POINT ( 'NONE',  ( -67.99999999999960210, -34.00000000000070344, 0.000000000000000000 ) ) ;
#5431 = DIRECTION ( 'NONE',  ( -1.000000000000000000, 4.550094363217858838E-15, 0.000000000000000000 ) ) ;
#5432 = FACE_BOUND ( 'NONE', #12112, .T. ) ;
#5433 = LINE ( 'NONE', #11944, #4560 ) ;
#5434 = DIRECTION ( 'NONE',  ( 1.000000000000000000, 0.000000000000000000, 0.000000000000000000 ) ) ;
#5435 = ORIENTED_EDGE ( 'NONE', *, *, #5035, .T. ) ;
#5436 = VERTEX_POINT ( 'NONE', #2823 ) ;
#5437 = EDGE_CURVE ( 'NONE', #11552, #7881, #1842, .T. ) ;
#5438 = AXIS2_PLACEMENT_3D ( 'NONE', #4663, #794, #7498 ) ;
#5439 = ORIENTED_EDGE ( 'NONE', *, *, #371, .T. ) ;
#5440 = VERTEX_POINT ( 'NONE', #973 ) ;
#5441 = ORIENTED_EDGE ( 'NONE', *, *, #8056, .F. ) ;
#5442 = LINE ( 'NONE', #3526, #9320 ) ;
#5443 = DIRECTION ( 'NONE',  ( 0.000000000000000000, -1.000000000000000000, 0.000000000000000000 ) ) ;
#5444 = DIRECTION ( 'NONE',  ( -0.000000000000000000, -0.000000000000000000, 1.000000000000000000 ) ) ;
#5445 = DIRECTION ( 'NONE',  ( 1.000000000000000000, -5.204170427930419434E-17, 0.000000000000000000 ) ) ;
#5446 = DIRECTION ( 'NONE',  ( 0.000000000000000000, 0.000000000000000000, 1.000000000000000000 ) ) ;
#5447 = ORIENTED_EDGE ( 'NONE', *, *, #9346, .T. ) ;
#5448 = ORIENTED_EDGE ( 'NONE', *, *, #1228, .F. ) ;
#5449 = DIRECTION ( 'NONE',  ( -1.000000000000000000, 0.000000000000000000, 0.000000000000000000 ) ) ;
#5450 = ADVANCED_FACE ( 'NONE', ( #1663 ), #6576, .F. ) ;
#5451 = ORIENTED_EDGE ( 'NONE', *, *, #7128, .T. ) ;
#5452 = ORIENTED_EDGE ( 'NONE', *, *, #1627, .T. ) ;
#5453 = ORIENTED_EDGE ( 'NONE', *, *, #5075, .T. ) ;
#5454 = CARTESIAN_POINT ( 'NONE',  ( -15.00000000000001954, -4.924971782588881698E-14, 0.000000000000000000 ) ) ;
#5455 = DIRECTION ( 'NONE',  ( -0.000000000000000000, -0.000000000000000000, 1.000000000000000000 ) ) ;
#5456 = FACE_OUTER_BOUND ( 'NONE', #7328, .T. ) ;
#5457 = EDGE_CURVE ( 'NONE', #5055, #1200, #8551, .T. ) ;
#5458 = DIRECTION ( 'NONE',  ( 1.000000000000000000, 0.000000000000000000, 0.000000000000000000 ) ) ;
#5459 = CARTESIAN_POINT ( 'NONE',  ( 3.595712070532930372E-13, -79.02500000000038938, 5.000000000000000000 ) ) ;
#5460 = VERTEX_POINT ( 'NONE', #4721 ) ;
#5461 = CARTESIAN_POINT ( 'NONE',  ( -3.595712070532930372E-13, 79.02500000000038938, 5.000000000000000000 ) ) ;
#5462 = DIRECTION ( 'NONE',  ( -1.000000000000000000, 0.000000000000000000, 0.000000000000000000 ) ) ;
#5463 = EDGE_LOOP ( 'NONE', ( #5979, #4026 ) ) ;
#5464 = ORIENTED_EDGE ( 'NONE', *, *, #9679, .T. ) ;
#5465 = AXIS2_PLACEMENT_3D ( 'NONE', #3676, #7433, #8070 ) ;
#5466 = LINE ( 'NONE', #8350, #3626 ) ;
#5467 = EDGE_CURVE ( 'NONE', #10762, #3704, #12048, .T. ) ;
#5468 = DIRECTION ( 'NONE',  ( 1.000000000000000000, 1.042240231225009585E-14, 0.000000000000000000 ) ) ;
#5469 = VERTEX_POINT ( 'NONE', #7255 ) ;
#5470 = DIRECTION ( 'NONE',  ( 1.000000000000000000, 0.000000000000000000, 0.000000000000000000 ) ) ;
#5471 = DIRECTION ( 'NONE',  ( 0.000000000000000000, 0.000000000000000000, 1.000000000000000000 ) ) ;
#5472 = ORIENTED_EDGE ( 'NONE', *, *, #2734, .T. ) ;
#5473 = CARTESIAN_POINT ( 'NONE',  ( 67.99999999999990052, -50.99999999999987210, 5.000000000000000000 ) ) ;
#5474 = DIRECTION ( 'NONE',  ( 0.000000000000000000, 0.000000000000000000, -1.000000000000000000 ) ) ;
#5475 = EDGE_CURVE ( 'NONE', #7735, #5055, #11000, .T. ) ;
#5476 = EDGE_CURVE ( 'NONE', #4170, #3857, #3555, .T. ) ;
#5477 = EDGE_LOOP ( 'NONE', ( #5115, #3546, #4459, #9436 ) ) ;
#5478 = LINE ( 'NONE', #9285, #4013 ) ;
#5479 = EDGE_CURVE ( 'NONE', #4517, #472, #2477, .T. ) ;
#5480 = LINE ( 'NONE', #12060, #102 ) ;
#5481 = AXIS2_PLACEMENT_3D ( 'NONE', #11846, #10117, #5273 ) ;
#5482 = LINE ( 'NONE', #1787, #6756 ) ;
#5483 = DIRECTION ( 'NONE',  ( 1.000000000000000000, 0.000000000000000000, 0.000000000000000000 ) ) ;
#5484 = DIRECTION ( 'NONE',  ( 1.000000000000000000, 0.000000000000000000, 0.000000000000000000 ) ) ;
#5485 = DIRECTION ( 'NONE',  ( 0.000000000000000000, 0.000000000000000000, 1.000000000000000000 ) ) ;
#5486 = DIRECTION ( 'NONE',  ( 0.000000000000000000, -1.000000000000000000, 0.000000000000000000 ) ) ;
#5487 = ORIENTED_EDGE ( 'NONE', *, *, #3814, .T. ) ;
#5488 = ORIENTED_EDGE ( 'NONE', *, *, #4314, .F. ) ;
#5489 = ADVANCED_FACE ( 'NONE', ( #11433 ), #9527, .F. ) ;
#5490 = AXIS2_PLACEMENT_3D ( 'NONE', #5129, #11774, #7959 ) ;
#5491 = ORIENTED_EDGE ( 'NONE', *, *, #11853, .F. ) ;
#5492 = CIRCLE ( 'NONE', #6288, 2.000000000000000000 ) ;
#5493 = VERTEX_POINT ( 'NONE', #6634 ) ;
#5494 = EDGE_CURVE ( 'NONE', #11711, #2622, #11101, .T. ) ;
#5495 = VERTEX_POINT ( 'NONE', #11557 ) ;
#5496 = FACE_BOUND ( 'NONE', #10880, .T. ) ;
#5497 = DIRECTION ( 'NONE',  ( -0.000000000000000000, -0.000000000000000000, 1.000000000000000000 ) ) ;
#5498 = CARTESIAN_POINT ( 'NONE',  ( -53.00000000000008527, 85.00000000000027001, 0.000000000000000000 ) ) ;
#5499 = CYLINDRICAL_SURFACE ( 'NONE', #6110, 2.000000000000001776 ) ;
#5500 = CARTESIAN_POINT ( 'NONE',  ( 18.99999999999975486, 51.00000000000049027, 0.000000000000000000 ) ) ;
#5501 = AXIS2_PLACEMENT_3D ( 'NONE', #11520, #11573, #3274 ) ;
#5502 = EDGE_LOOP ( 'NONE', ( #3442, #10467 ) ) ;
#5503 = EDGE_LOOP ( 'NONE', ( #7885, #6980, #5123, #1018 ) ) ;
#5504 = CARTESIAN_POINT ( 'NONE',  ( 84.99999999999992895, 100.0000000000000000, 0.000000000000000000 ) ) ;
#5505 = VERTEX_POINT ( 'NONE', #5714 ) ;
#5506 = AXIS2_PLACEMENT_3D ( 'NONE', #9544, #8430, #1123 ) ;
#5507 = ORIENTED_EDGE ( 'NONE', *, *, #3413, .F. ) ;
#5508 = EDGE_CURVE ( 'NONE', #5760, #3236, #10391, .T. ) ;
#5509 = EDGE_LOOP ( 'NONE', ( #3551, #5968, #8473, #1579 ) ) ;
#5510 = LINE ( 'NONE', #2740, #10790 ) ;
#5511 = FACE_OUTER_BOUND ( 'NONE', #5029, .T. ) ;
#5512 = DIRECTION ( 'NONE',  ( 1.000000000000000000, 0.000000000000000000, 0.000000000000000000 ) ) ;
#5513 = DIRECTION ( 'NONE',  ( 0.000000000000000000, 0.000000000000000000, 1.000000000000000000 ) ) ;
#5514 = DIRECTION ( 'NONE',  ( -0.000000000000000000, -0.000000000000000000, 1.000000000000000000 ) ) ;
#5515 = ORIENTED_EDGE ( 'NONE', *, *, #4122, .F. ) ;
#5516 = CARTESIAN_POINT ( 'NONE',  ( 67.99999999999995737, -67.99999999999998579, 0.000000000000000000 ) ) ;
#5517 = CYLINDRICAL_SURFACE ( 'NONE', #4986, 2.000000000000000888 ) ;
#5518 = AXIS2_PLACEMENT_3D ( 'NONE', #2887, #12050, #8355 ) ;
#5519 = VERTEX_POINT ( 'NONE', #3804 ) ;
#5520 = ORIENTED_EDGE ( 'NONE', *, *, #7582, .F. ) ;
#5521 = VECTOR ( 'NONE', #4265, 1000.000000000000000 ) ;
#5522 = VECTOR ( 'NONE', #2733, 1000.000000000000000 ) ;
#5523 = CARTESIAN_POINT ( 'NONE',  ( -4.713499807438230156E-13, 135.0000000000000000, 5.000000000000000000 ) ) ;
#5524 = DIRECTION ( 'NONE',  ( 0.7071067811865485719, -0.7071067811865465735, 0.000000000000000000 ) ) ;
#5525 = CYLINDRICAL_SURFACE ( 'NONE', #7774, 2.000000000000001776 ) ;
#5526 = VERTEX_POINT ( 'NONE', #1164 ) ;
#5527 = CARTESIAN_POINT ( 'NONE',  ( -79.02499999999996305, -90.97500000000000853, 0.000000000000000000 ) ) ;
#5528 = FACE_OUTER_BOUND ( 'NONE', #8813, .T. ) ;
#5529 = ORIENTED_EDGE ( 'NONE', *, *, #8376, .T. ) ;
#5530 = DIRECTION ( 'NONE',  ( 1.000000000000000000, 0.000000000000000000, 0.000000000000000000 ) ) ;
#5531 = CARTESIAN_POINT ( 'NONE',  ( -18.99999999999964118, -85.00000000000069633, 5.000000000000000000 ) ) ;
#5532 = AXIS2_PLACEMENT_3D ( 'NONE', #7604, #4833, #9377 ) ;
#5533 = CARTESIAN_POINT ( 'NONE',  ( -14.99999999999982059, -34.00000000000034817, 0.000000000000000000 ) ) ;
#5534 = EDGE_CURVE ( 'NONE', #11915, #7316, #1108, .T. ) ;
#5535 = ORIENTED_EDGE ( 'NONE', *, *, #6975, .T. ) ;
#5536 = CARTESIAN_POINT ( 'NONE',  ( -79.02499999999996305, 0.000000000000000000, 5.000000000000000000 ) ) ;
#5537 = AXIS2_PLACEMENT_3D ( 'NONE', #3431, #7300, #8214 ) ;
#5538 = CARTESIAN_POINT ( 'NONE',  ( 52.99999999999985079, -16.99999999999975131, 0.000000000000000000 ) ) ;
#5539 = AXIS2_PLACEMENT_3D ( 'NONE', #6047, #8746, #8680 ) ;
#5541 = LINE ( 'NONE', #7, #3803 ) ;
#5540 = CIRCLE ( 'NONE', #251, 2.000000000000001776 ) ;
#5542 = LINE ( 'NONE', #10473, #1178 ) ;
#5543 = DIRECTION ( 'NONE',  ( 1.000000000000000000, 0.000000000000000000, 0.000000000000000000 ) ) ;
#5544 = ORIENTED_EDGE ( 'NONE', *, *, #12073, .F. ) ;
#5545 = ADVANCED_FACE ( 'NONE', ( #11502 ), #5842, .F. ) ;
#5546 = CARTESIAN_POINT ( 'NONE',  ( 67.99999999999961631, 34.00000000000071054, 5.000000000000000000 ) ) ;
#5547 = CYLINDRICAL_SURFACE ( 'NONE', #7489, 2.000000000000001776 ) ;
#5548 = ORIENTED_EDGE ( 'NONE', *, *, #12164, .F. ) ;
#5549 = EDGE_LOOP ( 'NONE', ( #6988, #919, #10904, #807 ) ) ;
#5550 = AXIS2_PLACEMENT_3D ( 'NONE', #8446, #4633, #4885 ) ;
#5551 = ADVANCED_FACE ( 'NONE', ( #176 ), #6696, .F. ) ;
#5552 = VECTOR ( 'NONE', #7793, 1000.000000000000000 ) ;
#5553 = AXIS2_PLACEMENT_3D ( 'NONE', #4191, #4008, #9600 ) ;
#5554 = ORIENTED_EDGE ( 'NONE', *, *, #4568, .F. ) ;
#5555 = AXIS2_PLACEMENT_3D ( 'NONE', #3260, #4171, #10881 ) ;
#5556 = ORIENTED_EDGE ( 'NONE', *, *, #2718, .T. ) ;
#5557 = DIRECTION ( 'NONE',  ( 0.000000000000000000, 0.000000000000000000, 1.000000000000000000 ) ) ;
#5558 = EDGE_CURVE ( 'NONE', #7239, #5135, #122, .T. ) ;
#5559 = ORIENTED_EDGE ( 'NONE', *, *, #6749, .F. ) ;
#5560 = FACE_BOUND ( 'NONE', #11612, .T. ) ;
#5561 = DIRECTION ( 'NONE',  ( 0.000000000000000000, 0.000000000000000000, 1.000000000000000000 ) ) ;
#5562 = LINE ( 'NONE', #1007, #2735 ) ;
#5563 = ORIENTED_EDGE ( 'NONE', *, *, #1028, .T. ) ;
#5564 = CIRCLE ( 'NONE', #1644, 2.000000000000001776 ) ;
#5565 = EDGE_CURVE ( 'NONE', #10435, #11220, #2274, .T. ) ;
#5566 = DIRECTION ( 'NONE',  ( -0.000000000000000000, 0.000000000000000000, 1.000000000000000000 ) ) ;
#5568 = DIRECTION ( 'NONE',  ( 1.000000000000000000, 0.000000000000000000, 0.000000000000000000 ) ) ;
#5567 = AXIS2_PLACEMENT_3D ( 'NONE', #1156, #6869, #9704 ) ;
#5569 = ORIENTED_EDGE ( 'NONE', *, *, #8024, .F. ) ;
#5570 = AXIS2_PLACEMENT_3D ( 'NONE', #11638, #6341, #6282 ) ;
#5571 = ORIENTED_EDGE ( 'NONE', *, *, #1877, .T. ) ;
#5572 = CARTESIAN_POINT ( 'NONE',  ( -90.97499999999982379, -75.97499999999998010, 5.000000000000000000 ) ) ;
#5573 = EDGE_CURVE ( 'NONE', #1584, #11723, #9583, .T. ) ;
#5574 = VERTEX_POINT ( 'NONE', #3127 ) ;
#5575 = VECTOR ( 'NONE', #4939, 1000.000000000000000 ) ;
#5576 = VERTEX_POINT ( 'NONE', #10572 ) ;
#5577 = EDGE_LOOP ( 'NONE', ( #6246, #5684 ) ) ;
#5578 = CARTESIAN_POINT ( 'NONE',  ( -31.99999999999980815, -17.00000000000034817, 0.000000000000000000 ) ) ;
#5579 = CARTESIAN_POINT ( 'NONE',  ( 94.02499999999986358, -75.97499999999998010, 5.000000000000000000 ) ) ;
#5580 = DIRECTION ( 'NONE',  ( 1.000000000000000000, 0.000000000000000000, 0.000000000000000000 ) ) ;
#5581 = CARTESIAN_POINT ( 'NONE',  ( -5.164363622273674387E-13, 150.0000000000000000, 5.000000000000000000 ) ) ;
#5582 = DIRECTION ( 'NONE',  ( 1.000000000000000000, 0.000000000000000000, 0.000000000000000000 ) ) ;
#5583 = ORIENTED_EDGE ( 'NONE', *, *, #9707, .T. ) ;
#5584 = CYLINDRICAL_SURFACE ( 'NONE', #8299, 2.000000000000001776 ) ;
#5585 = CIRCLE ( 'NONE', #4990, 2.000000000000000000 ) ;
#5586 = DIRECTION ( 'NONE',  ( 1.000000000000000000, 0.000000000000000000, 0.000000000000000000 ) ) ;
#5587 = VECTOR ( 'NONE', #2132, 1000.000000000000000 ) ;
#5588 = ADVANCED_FACE ( 'NONE', ( #2030 ), #5903, .F. ) ;
#5589 = ORIENTED_EDGE ( 'NONE', *, *, #11144, .F. ) ;
#5590 = ORIENTED_EDGE ( 'NONE', *, *, #10277, .T. ) ;
#5591 = AXIS2_PLACEMENT_3D ( 'NONE', #5849, #3079, #3019 ) ;
#5592 = PLANE ( 'NONE',  #1279 ) ;
#5593 = CARTESIAN_POINT ( 'NONE',  ( 3.595712070532930372E-13, -79.02500000000038938, 5.000000000000000000 ) ) ;
#5594 = CARTESIAN_POINT ( 'NONE',  ( -50.99999999999972289, -17.00000000000045830, 0.000000000000000000 ) ) ;
#5595 = VERTEX_POINT ( 'NONE', #2092 ) ;
#5596 = CYLINDRICAL_SURFACE ( 'NONE', #8258, 2.000000000000000000 ) ;
#5597 = DIRECTION ( 'NONE',  ( 1.000000000000000000, 0.000000000000000000, 0.000000000000000000 ) ) ;
#5598 = ORIENTED_EDGE ( 'NONE', *, *, #5365, .T. ) ;
#5599 = CARTESIAN_POINT ( 'NONE',  ( -51.00000000000008527, 85.00000000000027001, 0.000000000000000000 ) ) ;
#5600 = CARTESIAN_POINT ( 'NONE',  ( 65.99999999999988631, -50.99999999999987210, 0.000000000000000000 ) ) ;
#5601 = CARTESIAN_POINT ( 'NONE',  ( 16.99999999999975131, 51.00000000000049027, 0.000000000000000000 ) ) ;
#5602 = AXIS2_PLACEMENT_3D ( 'NONE', #11062, #2753, #9204 ) ;
#5603 = EDGE_CURVE ( 'NONE', #10614, #7537, #10927, .T. ) ;
#5604 = VECTOR ( 'NONE', #10778, 1000.000000000000000 ) ;
#5605 = CARTESIAN_POINT ( 'NONE',  ( 16.99999999999969447, 68.00000000000061107, 0.000000000000000000 ) ) ;
#5606 = ORIENTED_EDGE ( 'NONE', *, *, #5508, .T. ) ;
#5607 = CARTESIAN_POINT ( 'NONE',  ( 75.97499999999996589, -90.97500000000002274, 5.000000000000000000 ) ) ;
#5608 = CARTESIAN_POINT ( 'NONE',  ( 0.000000000000000000, -75.97499999999998010, 5.000000000000000000 ) ) ;
#5609 = CARTESIAN_POINT ( 'NONE',  ( -79.02499999999996305, 90.97500000000000853, 5.000000000000000000 ) ) ;
#5610 = CARTESIAN_POINT ( 'NONE',  ( 53.00000000000008527, -85.00000000000022737, 5.000000000000000000 ) ) ;
#5611 = EDGE_CURVE ( 'NONE', #5440, #10241, #5821, .T. ) ;
#5612 = CARTESIAN_POINT ( 'NONE',  ( 33.99999999999963052, 68.00000000000072475, 0.000000000000000000 ) ) ;
#5613 = ORIENTED_EDGE ( 'NONE', *, *, #12105, .T. ) ;
#5614 = LINE ( 'NONE', #3637, #3996 ) ;
#5615 = DIRECTION ( 'NONE',  ( 0.000000000000000000, 1.000000000000000000, -0.000000000000000000 ) ) ;
#5616 = ORIENTED_EDGE ( 'NONE', *, *, #6419, .F. ) ;
#5617 = VERTEX_POINT ( 'NONE', #10633 ) ;
#5618 = AXIS2_PLACEMENT_3D ( 'NONE', #3606, #3664, #9329 ) ;
#5619 = ORIENTED_EDGE ( 'NONE', *, *, #773, .F. ) ;
#5620 = DIRECTION ( 'NONE',  ( -0.000000000000000000, -0.000000000000000000, 1.000000000000000000 ) ) ;
#5621 = VERTEX_POINT ( 'NONE', #8661 ) ;
#5622 = FACE_BOUND ( 'NONE', #7252, .T. ) ;
#5623 = DIRECTION ( 'NONE',  ( 0.000000000000000000, 0.000000000000000000, 1.000000000000000000 ) ) ;
#5624 = CARTESIAN_POINT ( 'NONE',  ( 94.02499999999986358, 79.02499999999996305, 5.000000000000000000 ) ) ;
#5626 = VERTEX_POINT ( 'NONE', #5966 ) ;
#5625 = EDGE_CURVE ( 'NONE', #8111, #2347, #7748, .T. ) ;
#5627 = DIRECTION ( 'NONE',  ( 1.000000000000000000, 0.000000000000000000, 0.000000000000000000 ) ) ;
#5628 = DIRECTION ( 'NONE',  ( -0.000000000000000000, -0.000000000000000000, 1.000000000000000000 ) ) ;
#5629 = ORIENTED_EDGE ( 'NONE', *, *, #3484, .F. ) ;
#5630 = AXIS2_PLACEMENT_3D ( 'NONE', #9598, #5857, #9732 ) ;
#5631 = EDGE_LOOP ( 'NONE', ( #10416, #19 ) ) ;
#5632 = DIRECTION ( 'NONE',  ( 1.000000000000000000, 0.000000000000000000, -0.000000000000000000 ) ) ;
#5633 = ADVANCED_FACE ( 'NONE', ( #7682 ), #3009, .T. ) ;
#5634 = ORIENTED_EDGE ( 'NONE', *, *, #4818, .T. ) ;
#5635 = ADVANCED_FACE ( 'NONE', ( #1292 ), #11748, .F. ) ;
#5636 = EDGE_CURVE ( 'NONE', #1492, #4444, #7007, .T. ) ;
#5637 = ORIENTED_EDGE ( 'NONE', *, *, #5534, .F. ) ;
#5638 = CIRCLE ( 'NONE', #9364, 15.00000000000000000 ) ;
#5639 = VERTEX_POINT ( 'NONE', #8837 ) ;
#5640 = CARTESIAN_POINT ( 'NONE',  ( -19.00000000000022382, 85.00000000000049738, 5.000000000000000000 ) ) ;
#5641 = DIRECTION ( 'NONE',  ( -0.000000000000000000, -0.000000000000000000, 1.000000000000000000 ) ) ;
#5642 = CARTESIAN_POINT ( 'NONE',  ( 92.49999999999984368, 92.50000000000011369, 0.000000000000000000 ) ) ;
#5643 = FACE_BOUND ( 'NONE', #342, .T. ) ;
#5644 = CARTESIAN_POINT ( 'NONE',  ( 1.999999999999959366, 17.00000000000009948, 0.000000000000000000 ) ) ;
#5645 = ORIENTED_EDGE ( 'NONE', *, *, #11051, .F. ) ;
#5646 = DIRECTION ( 'NONE',  ( 0.000000000000000000, 0.000000000000000000, 1.000000000000000000 ) ) ;
#5647 = DIRECTION ( 'NONE',  ( 1.000000000000000000, 0.000000000000000000, 0.000000000000000000 ) ) ;
#5648 = ORIENTED_EDGE ( 'NONE', *, *, #5408, .F. ) ;
#5649 = ORIENTED_EDGE ( 'NONE', *, *, #1991, .F. ) ;
#5650 = DIRECTION ( 'NONE',  ( 1.000000000000000000, 4.550094363217858838E-15, 0.000000000000000000 ) ) ;
#5651 = CARTESIAN_POINT ( 'NONE',  ( 48.99999999999979394, 3.749452001708198027E-13, 0.000000000000000000 ) ) ;
#5652 = EDGE_CURVE ( 'NONE', #8060, #6104, #8967, .T. ) ;
#5653 = DIRECTION ( 'NONE',  ( 1.000000000000000000, 0.000000000000000000, 0.000000000000000000 ) ) ;
#5654 = ORIENTED_EDGE ( 'NONE', *, *, #8237, .T. ) ;
#5655 = DIRECTION ( 'NONE',  ( -0.000000000000000000, -0.000000000000000000, -1.000000000000000000 ) ) ;
#5656 = CARTESIAN_POINT ( 'NONE',  ( 99.99999999999994316, -85.00000000000001421, 0.000000000000000000 ) ) ;
#5657 = VERTEX_POINT ( 'NONE', #1409 ) ;
#5658 = CARTESIAN_POINT ( 'NONE',  ( 82.99999999999988631, -67.99999999999987210, 5.000000000000000000 ) ) ;
#5659 = CARTESIAN_POINT ( 'NONE',  ( 92.49999999999984368, 92.50000000000011369, 5.000000000000000000 ) ) ;
#5660 = CARTESIAN_POINT ( 'NONE',  ( 3.122502256758255925E-15, 15.00000000000001954, 5.000000000000000000 ) ) ;
#5661 = DIRECTION ( 'NONE',  ( 0.000000000000000000, 0.000000000000000000, 1.000000000000000000 ) ) ;
#5662 = VECTOR ( 'NONE', #9861, 1000.000000000000000 ) ;
#5663 = ORIENTED_EDGE ( 'NONE', *, *, #3063, .F. ) ;
#5664 = CARTESIAN_POINT ( 'NONE',  ( -50.99999999999986500, 16.99999999999977973, 0.000000000000000000 ) ) ;
#5665 = EDGE_CURVE ( 'NONE', #1527, #1847, #3313, .T. ) ;
#5666 = DIRECTION ( 'NONE',  ( 0.000000000000000000, -1.000000000000000000, 0.000000000000000000 ) ) ;
#5667 = LINE ( 'NONE', #11999, #7344 ) ;
#5668 = CARTESIAN_POINT ( 'NONE',  ( -84.99999999999972999, 16.99999999999953104, 0.000000000000000000 ) ) ;
#5669 = FACE_BOUND ( 'NONE', #5944, .T. ) ;
#5670 = ORIENTED_EDGE ( 'NONE', *, *, #9652, .T. ) ;
#5671 = DIRECTION ( 'NONE',  ( 0.000000000000000000, 0.000000000000000000, 1.000000000000000000 ) ) ;
#5672 = DIRECTION ( 'NONE',  ( -0.000000000000000000, -0.000000000000000000, 1.000000000000000000 ) ) ;
#5673 = AXIS2_PLACEMENT_3D ( 'NONE', #2147, #7561, #307 ) ;
#5674 = EDGE_LOOP ( 'NONE', ( #69, #7342 ) ) ;
#5675 = EDGE_LOOP ( 'NONE', ( #11930, #7909, #2193, #11454 ) ) ;
#5676 = ORIENTED_EDGE ( 'NONE', *, *, #9923, .T. ) ;
#5677 = AXIS2_PLACEMENT_3D ( 'NONE', #9512, #5699, #1094 ) ;
#5678 = CIRCLE ( 'NONE', #11966, 2.000000000000001776 ) ;
#5679 = CARTESIAN_POINT ( 'NONE',  ( 18.99999999999969802, 68.00000000000061107, 5.000000000000000000 ) ) ;
#5680 = ORIENTED_EDGE ( 'NONE', *, *, #741, .F. ) ;
#5681 = FACE_BOUND ( 'NONE', #6795, .T. ) ;
#5682 = DIRECTION ( 'NONE',  ( 0.000000000000000000, 0.000000000000000000, 1.000000000000000000 ) ) ;
#5683 = DIRECTION ( 'NONE',  ( 1.000000000000000000, 0.000000000000000000, 0.000000000000000000 ) ) ;
#5684 = ORIENTED_EDGE ( 'NONE', *, *, #9278, .T. ) ;
#5685 = CARTESIAN_POINT ( 'NONE',  ( -67.99999999999974420, -4.579669976578770729E-13, 0.000000000000000000 ) ) ;
#5686 = DIRECTION ( 'NONE',  ( 0.000000000000000000, 0.000000000000000000, 1.000000000000000000 ) ) ;
#5687 = ORIENTED_EDGE ( 'NONE', *, *, #4994, .F. ) ;
#5688 = VERTEX_POINT ( 'NONE', #10812 ) ;
#5689 = DIRECTION ( 'NONE',  ( 0.000000000000000000, -1.000000000000000000, 0.000000000000000000 ) ) ;
#5690 = VECTOR ( 'NONE', #7651, 1000.000000000000000 ) ;
#5691 = CIRCLE ( 'NONE', #7854, 15.00000000000000000 ) ;
#5692 = ORIENTED_EDGE ( 'NONE', *, *, #746, .F. ) ;
#5693 = EDGE_CURVE ( 'NONE', #7419, #4857, #11107, .T. ) ;
#5694 = ADVANCED_FACE ( 'NONE', ( #4168 ), #7987, .F. ) ;
#5695 = EDGE_LOOP ( 'NONE', ( #6545, #2287 ) ) ;
#5696 = ORIENTED_EDGE ( 'NONE', *, *, #10613, .F. ) ;
#5697 = CYLINDRICAL_SURFACE ( 'NONE', #7236, 2.000000000000001776 ) ;
#5698 = DIRECTION ( 'NONE',  ( -0.000000000000000000, -0.000000000000000000, 1.000000000000000000 ) ) ;
#5699 = DIRECTION ( 'NONE',  ( -0.000000000000000000, -0.000000000000000000, 1.000000000000000000 ) ) ;
#5700 = FACE_BOUND ( 'NONE', #11413, .T. ) ;
#5702 = EDGE_CURVE ( 'NONE', #8496, #7099, #9898, .T. ) ;
#5701 = CARTESIAN_POINT ( 'NONE',  ( 94.02499999999986358, 0.000000000000000000, 5.000000000000000000 ) ) ;
#5703 = ORIENTED_EDGE ( 'NONE', *, *, #1373, .F. ) ;
#5704 = DIRECTION ( 'NONE',  ( 0.000000000000000000, -1.000000000000000000, 0.000000000000000000 ) ) ;
#5705 = EDGE_CURVE ( 'NONE', #2996, #4257, #2665, .T. ) ;
#5706 = DIRECTION ( 'NONE',  ( -0.000000000000000000, -0.000000000000000000, 1.000000000000000000 ) ) ;
#5707 = CIRCLE ( 'NONE', #9631, 2.000000000000001776 ) ;
#5708 = VERTEX_POINT ( 'NONE', #361 ) ;
#5709 = EDGE_CURVE ( 'NONE', #7113, #2703, #8959, .T. ) ;
#5710 = AXIS2_PLACEMENT_3D ( 'NONE', #10924, #3529, #764 ) ;
#5711 = ORIENTED_EDGE ( 'NONE', *, *, #11410, .F. ) ;
#5712 = CARTESIAN_POINT ( 'NONE',  ( 48.99999999999996447, -50.99999999999999289, 5.000000000000000000 ) ) ;
#5713 = CARTESIAN_POINT ( 'NONE',  ( -79.02499999999996305, 75.97499999999998010, 0.000000000000000000 ) ) ;
#5714 = CARTESIAN_POINT ( 'NONE',  ( 69.99999999999972999, 4.857225732735059864E-13, 5.000000000000000000 ) ) ;
#5715 = VECTOR ( 'NONE', #5655, 1000.000000000000000 ) ;
#5716 = EDGE_LOOP ( 'NONE', ( #9227, #7453, #1393, #9111 ) ) ;
#5717 = PLANE ( 'NONE',  #9441 ) ;
#5718 = CARTESIAN_POINT ( 'NONE',  ( -128.0000000000000000, 2.449293598294701484E-16, 5.000000000000000000 ) ) ;
#5719 = ORIENTED_EDGE ( 'NONE', *, *, #5611, .F. ) ;
#5720 = DIRECTION ( 'NONE',  ( 0.000000000000000000, 0.000000000000000000, 1.000000000000000000 ) ) ;
#5721 = ADVANCED_FACE ( 'NONE', ( #9830 ), #2388, .F. ) ;
#5722 = DIRECTION ( 'NONE',  ( 1.000000000000000000, 0.000000000000000000, 0.000000000000000000 ) ) ;
#5723 = CARTESIAN_POINT ( 'NONE',  ( 86.99999999999943157, 68.00000000000109424, 5.000000000000000000 ) ) ;
#5724 = ADVANCED_FACE ( 'NONE', ( #2456 ), #6147, .F. ) ;
#5725 = VECTOR ( 'NONE', #211, 1000.000000000000000 ) ;
#5726 = VERTEX_POINT ( 'NONE', #492 ) ;
#5727 = DIRECTION ( 'NONE',  ( 1.000000000000000000, 0.000000000000000000, 0.000000000000000000 ) ) ;
#5728 = LINE ( 'NONE', #9476, #6585 ) ;
#5729 = CARTESIAN_POINT ( 'NONE',  ( 31.99999999999974420, 34.00000000000047606, 5.000000000000000000 ) ) ;
#5730 = CARTESIAN_POINT ( 'NONE',  ( 16.99999999999982236, 34.00000000000036238, 5.000000000000000000 ) ) ;
#5731 = DIRECTION ( 'NONE',  ( 0.000000000000000000, 0.000000000000000000, 1.000000000000000000 ) ) ;
#5732 = ORIENTED_EDGE ( 'NONE', *, *, #10402, .T. ) ;
#5733 = DIRECTION ( 'NONE',  ( 1.000000000000000000, 0.000000000000000000, 0.000000000000000000 ) ) ;
#5734 = CARTESIAN_POINT ( 'NONE',  ( 79.02499999999996305, -75.97499999999998010, 5.000000000000000000 ) ) ;
#5735 = MECHANICAL_DESIGN_GEOMETRIC_PRESENTATION_REPRESENTATION (  '', ( #5930 ), #10449 ) ;
#5736 = EDGE_LOOP ( 'NONE', ( #4382, #5237, #1855, #10742 ) ) ;
#5737 = AXIS2_PLACEMENT_3D ( 'NONE', #7981, #5151, #8893 ) ;
#5738 = ORIENTED_EDGE ( 'NONE', *, *, #6075, .T. ) ;
#5739 = EDGE_CURVE ( 'NONE', #287, #10107, #9959, .T. ) ;
#5740 = VECTOR ( 'NONE', #9405, 1000.000000000000000 ) ;
#5741 = ORIENTED_EDGE ( 'NONE', *, *, #11717, .T. ) ;
#5742 = AXIS2_PLACEMENT_3D ( 'NONE', #11222, #10310, #9129 ) ;
#5743 = DIRECTION ( 'NONE',  ( 1.000000000000000000, 0.000000000000000000, 0.000000000000000000 ) ) ;
#5744 = ORIENTED_EDGE ( 'NONE', *, *, #1205, .T. ) ;
#5745 = FACE_BOUND ( 'NONE', #3826, .T. ) ;
#5746 = CARTESIAN_POINT ( 'NONE',  ( -75.97499999999996589, -94.02500000000000568, 0.000000000000000000 ) ) ;
#5747 = DIRECTION ( 'NONE',  ( -0.000000000000000000, -0.000000000000000000, 1.000000000000000000 ) ) ;
#5748 = ORIENTED_EDGE ( 'NONE', *, *, #5332, .F. ) ;
#5749 = CARTESIAN_POINT ( 'NONE',  ( 7.806255641895630939E-16, 15.00000000000000533, 5.000000000000000000 ) ) ;
#5750 = CARTESIAN_POINT ( 'NONE',  ( -75.97499999999996589, 94.02500000000000568, 5.000000000000000000 ) ) ;
#5751 = ORIENTED_EDGE ( 'NONE', *, *, #5948, .T. ) ;
#5752 = ORIENTED_EDGE ( 'NONE', *, *, #2789, .T. ) ;
#5753 = CARTESIAN_POINT ( 'NONE',  ( -31.99999999999980815, -17.00000000000034817, 5.000000000000000000 ) ) ;
#5754 = AXIS2_PLACEMENT_3D ( 'NONE', #7933, #4114, #5047 ) ;
#5755 = AXIS2_PLACEMENT_3D ( 'NONE', #3757, #8371, #3823 ) ;
#5756 = CIRCLE ( 'NONE', #453, 2.000000000000001776 ) ;
#5757 = ORIENTED_EDGE ( 'NONE', *, *, #329, .F. ) ;
#5758 = ORIENTED_EDGE ( 'NONE', *, *, #8778, .T. ) ;
#5759 = AXIS2_PLACEMENT_3D ( 'NONE', #2856, #1996, #1878 ) ;
#5760 = VERTEX_POINT ( 'NONE', #10935 ) ;
#5761 = DIRECTION ( 'NONE',  ( 1.000000000000000000, 0.000000000000000000, 0.000000000000000000 ) ) ;
#5762 = AXIS2_PLACEMENT_3D ( 'NONE', #5033, #3064, #9518 ) ;
#5763 = VECTOR ( 'NONE', #11708, 1000.000000000000000 ) ;
#5764 = CARTESIAN_POINT ( 'NONE',  ( 1.361677722148822135E-12, -130.0000000000000000, 5.000000000000000000 ) ) ;
#5765 = DIRECTION ( 'NONE',  ( 1.000000000000000000, 0.000000000000000000, 0.000000000000000000 ) ) ;
#5766 = FACE_BOUND ( 'NONE', #7839, .T. ) ;
#5767 = DIRECTION ( 'NONE',  ( 1.000000000000000000, 0.000000000000000000, 0.000000000000000000 ) ) ;
#5768 = EDGE_LOOP ( 'NONE', ( #1884, #1883, #7856, #6675 ) ) ;
#5769 = CARTESIAN_POINT ( 'NONE',  ( 18.99999999999998934, -16.99999999999998579, 0.000000000000000000 ) ) ;
#5770 = EDGE_CURVE ( 'NONE', #7728, #11707, #6265, .T. ) ;
#5771 = CARTESIAN_POINT ( 'NONE',  ( 65.99999999999948841, 68.00000000000098055, 5.000000000000000000 ) ) ;
#5772 = VECTOR ( 'NONE', #8870, 1000.000000000000000 ) ;
#5773 = CIRCLE ( 'NONE', #9905, 2.000000000000001776 ) ;
#5774 = ORIENTED_EDGE ( 'NONE', *, *, #6084, .F. ) ;
#5775 = ORIENTED_EDGE ( 'NONE', *, *, #11694, .T. ) ;
#5776 = EDGE_CURVE ( 'NONE', #4356, #3374, #5231, .T. ) ;
#5777 = CARTESIAN_POINT ( 'NONE',  ( -4.713499807438230156E-13, 135.0000000000000000, 5.000000000000000000 ) ) ;
#5778 = LINE ( 'NONE', #10332, #7631 ) ;
#5779 = AXIS2_PLACEMENT_3D ( 'NONE', #7093, #2426, #6182 ) ;
#5780 = CARTESIAN_POINT ( 'NONE',  ( -16.99999999999975131, -51.00000000000046896, 5.000000000000000000 ) ) ;
#5781 = VERTEX_POINT ( 'NONE', #1477 ) ;
#5782 = AXIS2_PLACEMENT_3D ( 'NONE', #11669, #11482, #3238 ) ;
#5783 = DIRECTION ( 'NONE',  ( -0.000000000000000000, -0.000000000000000000, 1.000000000000000000 ) ) ;
#5784 = ADVANCED_FACE ( 'NONE', ( #547 ), #10012, .F. ) ;
#5785 = DIRECTION ( 'NONE',  ( -0.000000000000000000, -0.000000000000000000, 1.000000000000000000 ) ) ;
#5786 = EDGE_LOOP ( 'NONE', ( #9587, #8841, #5802, #10965 ) ) ;
#5787 = DIRECTION ( 'NONE',  ( 1.000000000000000000, 0.000000000000000000, 0.000000000000000000 ) ) ;
#5788 = CARTESIAN_POINT ( 'NONE',  ( -14.99999999999964118, -85.00000000000069633, 5.000000000000000000 ) ) ;
#5789 = FACE_OUTER_BOUND ( 'NONE', #5736, .T. ) ;
#5790 = AXIS2_PLACEMENT_3D ( 'NONE', #4061, #9590, #2158 ) ;
#5791 = EDGE_CURVE ( 'NONE', #673, #8386, #5424, .T. ) ;
#5792 = EDGE_LOOP ( 'NONE', ( #6717, #11281, #3767, #4358 ) ) ;
#5793 = AXIS2_PLACEMENT_3D ( 'NONE', #8823, #349, #5081 ) ;
#5794 = ADVANCED_FACE ( 'NONE', ( #12148 ), #4588, .F. ) ;
#5795 = ADVANCED_FACE ( 'NONE', ( #1704 ), #725, .F. ) ;
#5796 = ORIENTED_EDGE ( 'NONE', *, *, #9883, .F. ) ;
#5797 = CARTESIAN_POINT ( 'NONE',  ( -49.00000000000008527, 85.00000000000027001, 0.000000000000000000 ) ) ;
#5798 = DIRECTION ( 'NONE',  ( -0.000000000000000000, -0.000000000000000000, 1.000000000000000000 ) ) ;
#5799 = DIRECTION ( 'NONE',  ( -0.000000000000000000, -0.000000000000000000, 1.000000000000000000 ) ) ;
#5800 = CIRCLE ( 'NONE', #3049, 2.000000000000001776 ) ;
#5801 = DIRECTION ( 'NONE',  ( 1.000000000000000000, 0.000000000000000000, 0.000000000000000000 ) ) ;
#5802 = ORIENTED_EDGE ( 'NONE', *, *, #4883, .T. ) ;
#5803 = FACE_OUTER_BOUND ( 'NONE', #5509, .T. ) ;
#5804 = DIRECTION ( 'NONE',  ( -0.000000000000000000, -0.000000000000000000, 1.000000000000000000 ) ) ;
#5805 = VERTEX_POINT ( 'NONE', #7243 ) ;
#5806 = VECTOR ( 'NONE', #7160, 1000.000000000000000 ) ;
#5807 = VERTEX_POINT ( 'NONE', #3544 ) ;
#5808 = ORIENTED_EDGE ( 'NONE', *, *, #7211, .T. ) ;
#5809 = AXIS2_PLACEMENT_3D ( 'NONE', #11702, #678, #8116 ) ;
#5810 = DIRECTION ( 'NONE',  ( 1.000000000000000000, 0.000000000000000000, 0.000000000000000000 ) ) ;
#5811 = ORIENTED_EDGE ( 'NONE', *, *, #6840, .T. ) ;
#5812 = FACE_BOUND ( 'NONE', #3053, .T. ) ;
#5813 = CARTESIAN_POINT ( 'NONE',  ( -67.99999999999943157, -85.00000000000106581, 0.000000000000000000 ) ) ;
#5814 = DIRECTION ( 'NONE',  ( -0.000000000000000000, -0.000000000000000000, 1.000000000000000000 ) ) ;
#5815 = EDGE_CURVE ( 'NONE', #2967, #3950, #6799, .T. ) ;
#5816 = CARTESIAN_POINT ( 'NONE',  ( -30.00000000000039790, 100.0000000000000142, 0.000000000000000000 ) ) ;
#5817 = LINE ( 'NONE', #2000, #2390 ) ;
#5818 = VERTEX_POINT ( 'NONE', #3724 ) ;
#5819 = ORIENTED_EDGE ( 'NONE', *, *, #6099, .T. ) ;
#5820 = FACE_OUTER_BOUND ( 'NONE', #8819, .T. ) ;
#5821 = CIRCLE ( 'NONE', #1104, 2.000000000000001776 ) ;
#5822 = VERTEX_POINT ( 'NONE', #11052 ) ;
#5823 = CIRCLE ( 'NONE', #11313, 2.000000000000001776 ) ;
#5824 = VERTEX_POINT ( 'NONE', #7369 ) ;
#5825 = CARTESIAN_POINT ( 'NONE',  ( -67.99999999999954525, -51.00000000000082423, 0.000000000000000000 ) ) ;
#5826 = ORIENTED_EDGE ( 'NONE', *, *, #6391, .T. ) ;
#5827 = DIRECTION ( 'NONE',  ( 1.000000000000000000, 0.000000000000000000, 0.000000000000000000 ) ) ;
#5828 = AXIS2_PLACEMENT_3D ( 'NONE', #10028, #1666, #682 ) ;
#5829 = CARTESIAN_POINT ( 'NONE',  ( 53.00000000000003553, -68.00000000000011369, 0.000000000000000000 ) ) ;
#5830 = DIRECTION ( 'NONE',  ( -0.000000000000000000, -0.000000000000000000, 1.000000000000000000 ) ) ;
#5831 = ADVANCED_FACE ( 'NONE', ( #11920 ), #11165, .F. ) ;
#5832 = DIRECTION ( 'NONE',  ( 0.000000000000000000, 0.000000000000000000, 1.000000000000000000 ) ) ;
#5833 = ORIENTED_EDGE ( 'NONE', *, *, #2637, .F. ) ;
#5834 = DIRECTION ( 'NONE',  ( -0.000000000000000000, -0.000000000000000000, 1.000000000000000000 ) ) ;
#5835 = DIRECTION ( 'NONE',  ( -0.000000000000000000, -0.000000000000000000, 1.000000000000000000 ) ) ;
#5836 = CIRCLE ( 'NONE', #6034, 2.000000000000001776 ) ;
#5837 = ORIENTED_EDGE ( 'NONE', *, *, #10550, .T. ) ;
#5838 = ORIENTED_EDGE ( 'NONE', *, *, #7677, .T. ) ;
#5839 = EDGE_CURVE ( 'NONE', #10546, #7787, #2745, .T. ) ;
#5840 = DIRECTION ( 'NONE',  ( 0.000000000000000000, 0.000000000000000000, 1.000000000000000000 ) ) ;
#5841 = CARTESIAN_POINT ( 'NONE',  ( 86.99999999999937472, 85.00000000000120792, 0.000000000000000000 ) ) ;
#5842 = CYLINDRICAL_SURFACE ( 'NONE', #7571, 2.000000000000001776 ) ;
#5843 = ORIENTED_EDGE ( 'NONE', *, *, #4566, .T. ) ;
#5844 = LINE ( 'NONE', #3072, #16 ) ;
#5845 = DIRECTION ( 'NONE',  ( -1.026627719941218321E-14, 1.000000000000000000, 0.000000000000000000 ) ) ;
#5846 = ORIENTED_EDGE ( 'NONE', *, *, #6785, .T. ) ;
#5847 = CYLINDRICAL_SURFACE ( 'NONE', #4582, 2.000000000000001776 ) ;
#5848 = DIRECTION ( 'NONE',  ( 1.000000000000000000, 0.000000000000000000, 0.000000000000000000 ) ) ;
#5849 = CARTESIAN_POINT ( 'NONE',  ( 3.053113317719180486E-13, -85.00000000000055422, 0.000000000000000000 ) ) ;
#5850 = ORIENTED_EDGE ( 'NONE', *, *, #4879, .T. ) ;
#5851 = EDGE_CURVE ( 'NONE', #11304, #3084, #8360, .T. ) ;
#5852 = EDGE_CURVE ( 'NONE', #7113, #11572, #2810, .T. ) ;
#5853 = EDGE_LOOP ( 'NONE', ( #8567, #1989 ) ) ;
#5854 = FACE_OUTER_BOUND ( 'NONE', #8662, .T. ) ;
#5855 = FACE_OUTER_BOUND ( 'NONE', #7100, .T. ) ;
#5856 = CARTESIAN_POINT ( 'NONE',  ( 32.00000000000009948, -68.00000000000022737, 5.000000000000000000 ) ) ;
#5857 = DIRECTION ( 'NONE',  ( -0.000000000000000000, -0.000000000000000000, 1.000000000000000000 ) ) ;
#5858 = ORIENTED_EDGE ( 'NONE', *, *, #1965, .T. ) ;
#5859 = LINE ( 'NONE', #6897, #5763 ) ;
#5860 = EDGE_CURVE ( 'NONE', #11253, #7297, #9192, .T. ) ;
#5861 = DIRECTION ( 'NONE',  ( 1.000000000000000000, 0.000000000000000000, 0.000000000000000000 ) ) ;
#5862 = ORIENTED_EDGE ( 'NONE', *, *, #9580, .T. ) ;
#5863 = ORIENTED_EDGE ( 'NONE', *, *, #4088, .F. ) ;
#5864 = EDGE_CURVE ( 'NONE', #827, #8735, #12033, .T. ) ;
#5865 = EDGE_CURVE ( 'NONE', #10670, #2922, #11110, .T. ) ;
#5866 = EDGE_CURVE ( 'NONE', #9841, #9117, #2481, .T. ) ;
#5867 = VERTEX_POINT ( 'NONE', #781 ) ;
#5868 = CARTESIAN_POINT ( 'NONE',  ( 50.99999999999968026, 34.00000000000059686, 5.000000000000000000 ) ) ;
#5869 = VERTEX_POINT ( 'NONE', #8341 ) ;
#5870 = CYLINDRICAL_SURFACE ( 'NONE', #1480, 2.000000000000001776 ) ;
#5871 = CIRCLE ( 'NONE', #2141, 2.000000000000001776 ) ;
#5872 = FACE_OUTER_BOUND ( 'NONE', #1769, .T. ) ;
#5873 = CARTESIAN_POINT ( 'NONE',  ( 84.99999999999990052, -67.99999999999987210, 0.000000000000000000 ) ) ;
#5874 = DIRECTION ( 'NONE',  ( 0.000000000000000000, 0.000000000000000000, 1.000000000000000000 ) ) ;
#5875 = FACE_OUTER_BOUND ( 'NONE', #4957, .T. ) ;
#5876 = CARTESIAN_POINT ( 'NONE',  ( -82.99999999999953104, -34.00000000000082423, 5.000000000000000000 ) ) ;
#5877 = ORIENTED_EDGE ( 'NONE', *, *, #9203, .T. ) ;
#5878 = ORIENTED_EDGE ( 'NONE', *, *, #5636, .T. ) ;
#5879 = DIRECTION ( 'NONE',  ( 0.000000000000000000, 0.000000000000000000, 1.000000000000000000 ) ) ;
#5880 = EDGE_CURVE ( 'NONE', #1312, #1998, #11519, .T. ) ;
#5881 = CIRCLE ( 'NONE', #6079, 2.000000000000001776 ) ;
#5882 = CIRCLE ( 'NONE', #3126, 2.000000000000000888 ) ;
#5883 = ORIENTED_EDGE ( 'NONE', *, *, #6606, .T. ) ;
#5884 = EDGE_CURVE ( 'NONE', #7029, #1220, #6218, .T. ) ;
#5885 = VERTEX_POINT ( 'NONE', #7481 ) ;
#5886 = CARTESIAN_POINT ( 'NONE',  ( 36.00000000000003553, -51.00000000000010658, 5.000000000000000000 ) ) ;
#5887 = ORIENTED_EDGE ( 'NONE', *, *, #1709, .T. ) ;
#5888 = DIRECTION ( 'NONE',  ( 1.000000000000000000, 0.000000000000000000, 0.000000000000000000 ) ) ;
#5889 = FACE_OUTER_BOUND ( 'NONE', #6619, .T. ) ;
#5890 = LINE ( 'NONE', #9633, #10593 ) ;
#5891 = DIRECTION ( 'NONE',  ( 0.000000000000000000, 0.000000000000000000, 1.000000000000000000 ) ) ;
#5892 = AXIS2_PLACEMENT_3D ( 'NONE', #1465, #5950, #2445 ) ;
#5893 = VERTEX_POINT ( 'NONE', #6564 ) ;
#5894 = AXIS2_PLACEMENT_3D ( 'NONE', #2971, #10298, #6604 ) ;
#5895 = DIRECTION ( 'NONE',  ( 0.000000000000000000, 0.000000000000000000, 1.000000000000000000 ) ) ;
#5896 = FILL_AREA_STYLE_COLOUR ( '', #1636 ) ;
#5897 = ORIENTED_EDGE ( 'NONE', *, *, #2031, .T. ) ;
#5898 = EDGE_CURVE ( 'NONE', #1430, #2008, #11232, .T. ) ;
#5899 = VECTOR ( 'NONE', #9744, 1000.000000000000000 ) ;
#5900 = VERTEX_POINT ( 'NONE', #5339 ) ;
#5901 = DIRECTION ( 'NONE',  ( 0.000000000000000000, 0.000000000000000000, 1.000000000000000000 ) ) ;
#5902 = CARTESIAN_POINT ( 'NONE',  ( -2.000000000000098144, 34.00000000000021316, 0.000000000000000000 ) ) ;
#5903 = CYLINDRICAL_SURFACE ( 'NONE', #5037, 15.00000000000000000 ) ;
#5904 = ORIENTED_EDGE ( 'NONE', *, *, #11601, .F. ) ;
#5905 = LINE ( 'NONE', #1400, #9041 ) ;
#5906 = CARTESIAN_POINT ( 'NONE',  ( -16.99999999999982236, -34.00000000000034817, 0.000000000000000000 ) ) ;
#5907 = ORIENTED_EDGE ( 'NONE', *, *, #3434, .T. ) ;
#5908 = CYLINDRICAL_SURFACE ( 'NONE', #1463, 2.000000000000001776 ) ;
#5909 = DIRECTION ( 'NONE',  ( 0.000000000000000000, 0.000000000000000000, 1.000000000000000000 ) ) ;
#5910 = CARTESIAN_POINT ( 'NONE',  ( -32.00000000000009948, 68.00000000000025580, 0.000000000000000000 ) ) ;
#5911 = ORIENTED_EDGE ( 'NONE', *, *, #2529, .T. ) ;
#5912 = VERTEX_POINT ( 'NONE', #663 ) ;
#5913 = DIRECTION ( 'NONE',  ( 0.000000000000000000, 0.000000000000000000, 1.000000000000000000 ) ) ;
#5914 = CIRCLE ( 'NONE', #3564, 2.000000000000001776 ) ;
#5915 = DIRECTION ( 'NONE',  ( 1.000000000000000000, 4.550094363217858838E-15, 0.000000000000000000 ) ) ;
#5916 = DIRECTION ( 'NONE',  ( -0.000000000000000000, -0.000000000000000000, 1.000000000000000000 ) ) ;
#5917 = CARTESIAN_POINT ( 'NONE',  ( 84.99999999999947420, 51.00000000000095923, 0.000000000000000000 ) ) ;
#5918 = VERTEX_POINT ( 'NONE', #4409 ) ;
#5919 = DIRECTION ( 'NONE',  ( -1.000000000000000000, 4.550094363217858838E-15, 0.000000000000000000 ) ) ;
#5920 = CARTESIAN_POINT ( 'NONE',  ( 53.00000000000008527, -85.00000000000022737, 0.000000000000000000 ) ) ;
#5921 = EDGE_LOOP ( 'NONE', ( #157, #11061 ) ) ;
#5922 = ORIENTED_EDGE ( 'NONE', *, *, #2246, .T. ) ;
#5923 = ADVANCED_FACE ( 'NONE', ( #10989, #10073, #5402, #9139, #6000, #1022, #4776, #6977, #337, #2931, #6055, #6683, #3225, #1096, #11302, #5643, #2307, #9387, #958, #4843, #7612, #4081, #8459, #11654, #9447, #7834, #9803, #395, #4708, #8529, #8592, #111, #3855, #1896, #4141, #10725, #1381, #10439, #11719, #10667, #11360, #2012, #11591, #39, #7034, #3160, #6910, #5766, #5700, #2247, #9513, #3792, #9745, #1321, #4203, #7960, #7549, #5069, #5130, #8810, #7897, #3288, #8872, #2874, #459, #6624, #10379, #1952, #9167, #8074, #8190, #2428, #3573, #10960, #2538, #5200, #9866, #8938, #4439, #11943, #9983, #3514, #8015, #11775, #9108, #7271, #3407, #5258, #1616, #6293, #6354, #11015, #521, #8993, #6116, #1447, #10104, #5372, #750, #10039, #7164, #575, #10910, #696, #2486, #3345, #7095, #2597, #1680, #5432, #4263, #9933, #634, #6240, #4489, #10845, #1508, #8245, #9048, #11832, #12001, #6185, #4319, #10782, #2363, #1560, #5312, #4379, #8134, #11895, #3465, #7217, #1732, #4741, #2712, #9358, #11329, #5669 ), #9289, .F. ) ;
#5924 = AXIS2_PLACEMENT_3D ( 'NONE', #2615, #10119, #6371 ) ;
#5925 = ORIENTED_EDGE ( 'NONE', *, *, #10813, .T. ) ;
#5926 = DIRECTION ( 'NONE',  ( 0.000000000000000000, 0.000000000000000000, 1.000000000000000000 ) ) ;
#5927 = VERTEX_POINT ( 'NONE', #8431 ) ;
#5928 = EDGE_CURVE ( 'NONE', #6190, #3485, #11201, .T. ) ;
#5929 = FACE_BOUND ( 'NONE', #8915, .T. ) ;
#5930 = STYLED_ITEM ( 'NONE', ( #11946 ), #11074 ) ;
#5932 = CARTESIAN_POINT ( 'NONE',  ( 92.49999999999984368, -92.50000000000011369, 5.000000000000000000 ) ) ;
#5931 = CIRCLE ( 'NONE', #7705, 2.000000000000001776 ) ;
#5933 = DIRECTION ( 'NONE',  ( 1.000000000000000000, 0.000000000000000000, 0.000000000000000000 ) ) ;
#5934 = EDGE_CURVE ( 'NONE', #1570, #6038, #11712, .T. ) ;
#5935 = SURFACE_SIDE_STYLE ('',( #6850 ) ) ;
#5936 = CARTESIAN_POINT ( 'NONE',  ( 33.99999999999974420, 34.00000000000047606, 5.000000000000000000 ) ) ;
#5937 = DIRECTION ( 'NONE',  ( -0.000000000000000000, -0.000000000000000000, -1.000000000000000000 ) ) ;
#5938 = ORIENTED_EDGE ( 'NONE', *, *, #7506, .T. ) ;
#5939 = ORIENTED_EDGE ( 'NONE', *, *, #5709, .F. ) ;
#5940 = CARTESIAN_POINT ( 'NONE',  ( 65.99999999999995737, -67.99999999999998579, 0.000000000000000000 ) ) ;
#5941 = EDGE_CURVE ( 'NONE', #10541, #8847, #10408, .T. ) ;
#5942 = AXIS2_PLACEMENT_3D ( 'NONE', #6283, #623, #4367 ) ;
#5943 = ORIENTED_EDGE ( 'NONE', *, *, #6912, .F. ) ;
#5944 = EDGE_LOOP ( 'NONE', ( #771, #6598 ) ) ;
#5945 = CARTESIAN_POINT ( 'NONE',  ( 33.99999999999963052, 68.00000000000072475, 5.000000000000000000 ) ) ;
#5946 = ORIENTED_EDGE ( 'NONE', *, *, #487, .T. ) ;
#5947 = DIRECTION ( 'NONE',  ( -1.000000000000000000, 0.000000000000000000, 0.000000000000000000 ) ) ;
#5948 = EDGE_CURVE ( 'NONE', #8848, #8081, #77, .T. ) ;
#5949 = CARTESIAN_POINT ( 'NONE',  ( -50.99999999999955946, -68.00000000000082423, 0.000000000000000000 ) ) ;
#5950 = DIRECTION ( 'NONE',  ( -0.000000000000000000, -0.000000000000000000, 1.000000000000000000 ) ) ;
#5951 = CARTESIAN_POINT ( 'NONE',  ( 86.99999999999947420, 51.00000000000095923, 0.000000000000000000 ) ) ;
#5952 = AXIS2_PLACEMENT_3D ( 'NONE', #4240, #7071, #2396 ) ;
#5953 = ORIENTED_EDGE ( 'NONE', *, *, #5417, .F. ) ;
#5954 = VECTOR ( 'NONE', #8191, 1000.000000000000000 ) ;
#5955 = CYLINDRICAL_SURFACE ( 'NONE', #10450, 2.000000000000001776 ) ;
#5956 = VECTOR ( 'NONE', #11621, 1000.000000000000000 ) ;
#5957 = EDGE_CURVE ( 'NONE', #9269, #11630, #2660, .T. ) ;
#5958 = CARTESIAN_POINT ( 'NONE',  ( -86.99999999999943157, -68.00000000000106581, 0.000000000000000000 ) ) ;
#5959 = ORIENTED_EDGE ( 'NONE', *, *, #7473, .F. ) ;
#5960 = VECTOR ( 'NONE', #5641, 1000.000000000000000 ) ;
#5961 = PRESENTATION_LAYER_ASSIGNMENT (  '', '', ( #4186 ) ) ;
#5962 = ORIENTED_EDGE ( 'NONE', *, *, #596, .F. ) ;
#5963 = AXIS2_PLACEMENT_3D ( 'NONE', #10950, #7085, #4253 ) ;
#5964 = DIRECTION ( 'NONE',  ( -0.000000000000000000, -0.000000000000000000, -1.000000000000000000 ) ) ;
#5965 = CARTESIAN_POINT ( 'NONE',  ( 67.99999999999995737, -67.99999999999998579, 5.000000000000000000 ) ) ;
#5966 = CARTESIAN_POINT ( 'NONE',  ( 86.99999999999990052, -67.99999999999987210, 5.000000000000000000 ) ) ;
#5967 = CYLINDRICAL_SURFACE ( 'NONE', #8126, 2.000000000000001776 ) ;
#5968 = ORIENTED_EDGE ( 'NONE', *, *, #6019, .T. ) ;
#5969 = CARTESIAN_POINT ( 'NONE',  ( 52.99999999999985079, -16.99999999999975131, 5.000000000000000000 ) ) ;
#5970 = CIRCLE ( 'NONE', #9102, 2.000000000000001776 ) ;
#5971 = ORIENTED_EDGE ( 'NONE', *, *, #7528, .T. ) ;
#5972 = ADVANCED_FACE ( 'NONE', ( #11267 ), #10350, .F. ) ;
#5973 = DIRECTION ( 'NONE',  ( -1.000000000000000000, -4.550094363217858838E-15, 0.000000000000000000 ) ) ;
#5974 = DIRECTION ( 'NONE',  ( 0.000000000000000000, 0.000000000000000000, 1.000000000000000000 ) ) ;
#5975 = CIRCLE ( 'NONE', #7156, 2.000000000000001776 ) ;
#5976 = DIRECTION ( 'NONE',  ( 1.000000000000000000, 0.000000000000000000, 0.000000000000000000 ) ) ;
#5977 = ORIENTED_EDGE ( 'NONE', *, *, #6009, .T. ) ;
#5978 = VECTOR ( 'NONE', #3634, 1000.000000000000000 ) ;
#5979 = ORIENTED_EDGE ( 'NONE', *, *, #10288, .F. ) ;
#5980 = VECTOR ( 'NONE', #8364, 1000.000000000000000 ) ;
#5981 = DIRECTION ( 'NONE',  ( -0.000000000000000000, -0.000000000000000000, 1.000000000000000000 ) ) ;
#5982 = DIRECTION ( 'NONE',  ( 1.000000000000000000, 0.000000000000000000, 0.000000000000000000 ) ) ;
#5983 = ORIENTED_EDGE ( 'NONE', *, *, #8678, .T. ) ;
#5984 = CARTESIAN_POINT ( 'NONE',  ( 84.99999999999971578, -16.99999999999951683, 5.000000000000000000 ) ) ;
#5985 = DIRECTION ( 'NONE',  ( -0.000000000000000000, -0.000000000000000000, 1.000000000000000000 ) ) ;
#5986 = ORIENTED_EDGE ( 'NONE', *, *, #3082, .T. ) ;
#5987 = EDGE_CURVE ( 'NONE', #3863, #11019, #10344, .T. ) ;
#5988 = PLANE ( 'NONE',  #655 ) ;
#5989 = CARTESIAN_POINT ( 'NONE',  ( 86.99999999999947420, 51.00000000000095923, 0.000000000000000000 ) ) ;
#5990 = EDGE_LOOP ( 'NONE', ( #12143, #5390 ) ) ;
#5991 = CIRCLE ( 'NONE', #10901, 2.000000000000001776 ) ;
#5992 = VERTEX_POINT ( 'NONE', #2842 ) ;
#5993 = EDGE_CURVE ( 'NONE', #11991, #8923, #11117, .T. ) ;
#5994 = CARTESIAN_POINT ( 'NONE',  ( 82.99999999999936051, 85.00000000000120792, 0.000000000000000000 ) ) ;
#5995 = ORIENTED_EDGE ( 'NONE', *, *, #8716, .T. ) ;
#5996 = FACE_BOUND ( 'NONE', #9667, .T. ) ;
#5997 = CIRCLE ( 'NONE', #6783, 2.000000000000001776 ) ;
#5998 = CARTESIAN_POINT ( 'NONE',  ( -94.02499999999986358, 0.000000000000000000, 5.000000000000000000 ) ) ;
#5999 = CARTESIAN_POINT ( 'NONE',  ( -84.99999999999978684, 33.99999999999964473, 0.000000000000000000 ) ) ;
#6000 = FACE_BOUND ( 'NONE', #4010, .T. ) ;
#6001 = DIRECTION ( 'NONE',  ( 0.000000000000000000, 0.000000000000000000, 1.000000000000000000 ) ) ;
#6002 = DIRECTION ( 'NONE',  ( -0.000000000000000000, -0.000000000000000000, 1.000000000000000000 ) ) ;
#6003 = EDGE_LOOP ( 'NONE', ( #3798, #9316 ) ) ;
#6004 = ORIENTED_EDGE ( 'NONE', *, *, #3550, .F. ) ;
#6005 = DIRECTION ( 'NONE',  ( 1.000000000000000000, 0.000000000000000000, 0.000000000000000000 ) ) ;
#6006 = VECTOR ( 'NONE', #7562, 1000.000000000000000 ) ;
#6007 = ORIENTED_EDGE ( 'NONE', *, *, #7966, .T. ) ;
#6008 = ORIENTED_EDGE ( 'NONE', *, *, #6558, .F. ) ;
#6009 = EDGE_CURVE ( 'NONE', #10616, #4919, #11322, .T. ) ;
#6010 = CARTESIAN_POINT ( 'NONE',  ( 82.99999999999941735, 68.00000000000109424, 0.000000000000000000 ) ) ;
#6011 = VERTEX_POINT ( 'NONE', #930 ) ;
#6012 = CARTESIAN_POINT ( 'NONE',  ( -52.99999999999980815, -3.328219780277174918E-13, 0.000000000000000000 ) ) ;
#6013 = DIRECTION ( 'NONE',  ( 1.000000000000000000, 0.000000000000000000, -0.000000000000000000 ) ) ;
#6014 = LINE ( 'NONE', #11959, #7262 ) ;
#6015 = DIRECTION ( 'NONE',  ( 0.000000000000000000, 0.000000000000000000, 1.000000000000000000 ) ) ;
#6016 = ORIENTED_EDGE ( 'NONE', *, *, #8690, .T. ) ;
#6017 = AXIS2_PLACEMENT_3D ( 'NONE', #9713, #10519, #242 ) ;
#6018 = DIRECTION ( 'NONE',  ( 1.000000000000000000, 0.000000000000000000, 0.000000000000000000 ) ) ;
#6019 = EDGE_CURVE ( 'NONE', #4478, #558, #8561, .T. ) ;
#6020 = EDGE_CURVE ( 'NONE', #3742, #3600, #713, .T. ) ;
#6021 = EDGE_CURVE ( 'NONE', #7011, #6554, #6805, .T. ) ;
#6022 = ORIENTED_EDGE ( 'NONE', *, *, #2699, .T. ) ;
#6023 = ORIENTED_EDGE ( 'NONE', *, *, #6950, .F. ) ;
#6024 = CARTESIAN_POINT ( 'NONE',  ( 1.249000902703301108E-13, -34.00000000000022737, 5.000000000000000000 ) ) ;
#6025 = DIRECTION ( 'NONE',  ( 0.000000000000000000, 0.000000000000000000, 1.000000000000000000 ) ) ;
#6026 = CIRCLE ( 'NONE', #8392, 2.000000000000000000 ) ;
#6027 = DIRECTION ( 'NONE',  ( 0.000000000000000000, 0.000000000000000000, 1.000000000000000000 ) ) ;
#6028 = CARTESIAN_POINT ( 'NONE',  ( 15.00000000000140687, -134.9999999999998295, 0.000000000000000000 ) ) ;
#6029 = ORIENTED_EDGE ( 'NONE', *, *, #6639, .F. ) ;
#6030 = FACE_OUTER_BOUND ( 'NONE', #11599, .T. ) ;
#6031 = EDGE_LOOP ( 'NONE', ( #8357, #2327 ) ) ;
#6032 = CARTESIAN_POINT ( 'NONE',  ( -65.99999999999990052, 50.99999999999990763, 0.000000000000000000 ) ) ;
#6033 = CARTESIAN_POINT ( 'NONE',  ( -48.99999999999997158, 51.00000000000001421, 0.000000000000000000 ) ) ;
#6034 = AXIS2_PLACEMENT_3D ( 'NONE', #1911, #5471, #2702 ) ;
#6035 = CARTESIAN_POINT ( 'NONE',  ( -84.99999999999947420, -51.00000000000093792, 0.000000000000000000 ) ) ;
#6036 = ORIENTED_EDGE ( 'NONE', *, *, #10197, .T. ) ;
#6037 = EDGE_CURVE ( 'NONE', #11411, #246, #7792, .T. ) ;
#6038 = VERTEX_POINT ( 'NONE', #7397 ) ;
#6039 = CARTESIAN_POINT ( 'NONE',  ( 19.00000000000022382, -85.00000000000046896, 5.000000000000000000 ) ) ;
#6040 = CARTESIAN_POINT ( 'NONE',  ( 35.99999999999957367, 85.00000000000085265, 5.000000000000000000 ) ) ;
#6041 = DIRECTION ( 'NONE',  ( 0.000000000000000000, 0.000000000000000000, 1.000000000000000000 ) ) ;
#6042 = ORIENTED_EDGE ( 'NONE', *, *, #3595, .T. ) ;
#6043 = CARTESIAN_POINT ( 'NONE',  ( 14.99999999999987210, 17.00000000000025224, 0.000000000000000000 ) ) ;
#6044 = FACE_OUTER_BOUND ( 'NONE', #7275, .T. ) ;
#6045 = ORIENTED_EDGE ( 'NONE', *, *, #8666, .F. ) ;
#6046 = DIRECTION ( 'NONE',  ( 1.000000000000000000, 0.000000000000000000, 0.000000000000000000 ) ) ;
#6047 = CARTESIAN_POINT ( 'NONE',  ( -84.99999999999937472, -85.00000000000117950, 5.000000000000000000 ) ) ;
#6048 = ORIENTED_EDGE ( 'NONE', *, *, #702, .T. ) ;
#6049 = ADVANCED_FACE ( 'NONE', ( #12064 ), #2777, .F. ) ;
#6050 = VERTEX_POINT ( 'NONE', #3754 ) ;
#6051 = CARTESIAN_POINT ( 'NONE',  ( 67.99999999999961631, 34.00000000000071054, 0.000000000000000000 ) ) ;
#6052 = DIRECTION ( 'NONE',  ( 1.000000000000000000, 0.000000000000000000, 0.000000000000000000 ) ) ;
#6053 = DIRECTION ( 'NONE',  ( -0.000000000000000000, -0.000000000000000000, 1.000000000000000000 ) ) ;
#6054 = CARTESIAN_POINT ( 'NONE',  ( -92.49999999999984368, 92.50000000000011369, 5.000000000000000000 ) ) ;
#6055 = FACE_BOUND ( 'NONE', #2142, .T. ) ;
#6056 = SHAPE_DEFINITION_REPRESENTATION ( #7366, #10856 ) ;
#6057 = DIRECTION ( 'NONE',  ( 1.000000000000000000, 0.000000000000000000, 0.000000000000000000 ) ) ;
#6058 = CARTESIAN_POINT ( 'NONE',  ( -16.99999999999982236, -34.00000000000034817, 5.000000000000000000 ) ) ;
#6059 = ORIENTED_EDGE ( 'NONE', *, *, #1513, .F. ) ;
#6060 = EDGE_LOOP ( 'NONE', ( #10576, #1737, #12135, #10 ) ) ;
#6061 = DIRECTION ( 'NONE',  ( 0.000000000000000000, 0.000000000000000000, 1.000000000000000000 ) ) ;
#6062 = ORIENTED_EDGE ( 'NONE', *, *, #2277, .F. ) ;
#6063 = ORIENTED_EDGE ( 'NONE', *, *, #11570, .T. ) ;
#6064 = AXIS2_PLACEMENT_3D ( 'NONE', #5281, #11684, #3256 ) ;
#6065 = DIRECTION ( 'NONE',  ( 0.000000000000000000, 0.000000000000000000, 1.000000000000000000 ) ) ;
#6066 = ORIENTED_EDGE ( 'NONE', *, *, #10629, .F. ) ;
#6067 = DIRECTION ( 'NONE',  ( 0.000000000000000000, -0.000000000000000000, -1.000000000000000000 ) ) ;
#6068 = DIRECTION ( 'NONE',  ( -0.000000000000000000, -0.000000000000000000, 1.000000000000000000 ) ) ;
#6069 = DIRECTION ( 'NONE',  ( 0.000000000000000000, 0.000000000000000000, 1.000000000000000000 ) ) ;
#6070 = CARTESIAN_POINT ( 'NONE',  ( 75.97499999999996589, 0.000000000000000000, 5.000000000000000000 ) ) ;
#6071 = EDGE_LOOP ( 'NONE', ( #5290, #7996, #5676, #7237 ) ) ;
#6072 = DIRECTION ( 'NONE',  ( -0.000000000000000000, -0.000000000000000000, 1.000000000000000000 ) ) ;
#6073 = VECTOR ( 'NONE', #8835, 1000.000000000000000 ) ;
#6074 = ADVANCED_FACE ( 'NONE', ( #12122 ), #3693, .F. ) ;
#6075 = EDGE_CURVE ( 'NONE', #6324, #11903, #2293, .T. ) ;
#6076 = ORIENTED_EDGE ( 'NONE', *, *, #4874, .F. ) ;
#6077 = EDGE_LOOP ( 'NONE', ( #6669, #1904 ) ) ;
#6078 = EDGE_CURVE ( 'NONE', #8255, #4282, #4840, .T. ) ;
#6079 = AXIS2_PLACEMENT_3D ( 'NONE', #1021, #6682, #6563 ) ;
#6080 = DIRECTION ( 'NONE',  ( 0.000000000000000000, 0.000000000000000000, 1.000000000000000000 ) ) ;
#6082 = AXIS2_PLACEMENT_3D ( 'NONE', #7222, #2492, #1916 ) ;
#6081 = LINE ( 'NONE', #6211, #9396 ) ;
#6083 = DIRECTION ( 'NONE',  ( 1.000000000000000000, 0.000000000000000000, 0.000000000000000000 ) ) ;
#6084 = EDGE_CURVE ( 'NONE', #10014, #3974, #7202, .T. ) ;
#6085 = CARTESIAN_POINT ( 'NONE',  ( -69.99999999999965894, -17.00000000000058265, 0.000000000000000000 ) ) ;
#6086 = ORIENTED_EDGE ( 'NONE', *, *, #9424, .F. ) ;
#6087 = FACE_OUTER_BOUND ( 'NONE', #11483, .T. ) ;
#6088 = ORIENTED_EDGE ( 'NONE', *, *, #6255, .F. ) ;
#6089 = DIRECTION ( 'NONE',  ( -0.000000000000000000, -0.000000000000000000, 1.000000000000000000 ) ) ;
#6090 = DIRECTION ( 'NONE',  ( 1.000000000000000000, 0.000000000000000000, 0.000000000000000000 ) ) ;
#6091 = EDGE_CURVE ( 'NONE', #2212, #6050, #9662, .T. ) ;
#6092 = AXIS2_PLACEMENT_3D ( 'NONE', #2754, #6509, #1772 ) ;
#6093 = CARTESIAN_POINT ( 'NONE',  ( -135.0000000000000000, 0.000000000000000000, 5.000000000000000000 ) ) ;
#6094 = ORIENTED_EDGE ( 'NONE', *, *, #5898, .T. ) ;
#6095 = EDGE_LOOP ( 'NONE', ( #7430, #1075 ) ) ;
#6096 = CARTESIAN_POINT ( 'NONE',  ( 6.938893903907228378E-14, -17.00000000000011369, 5.000000000000000000 ) ) ;
#6097 = DIRECTION ( 'NONE',  ( 1.000000000000000000, 0.000000000000000000, 0.000000000000000000 ) ) ;
#6098 = LINE ( 'NONE', #10892, #10916 ) ;
#6099 = EDGE_CURVE ( 'NONE', #95, #9431, #2099, .T. ) ;
#6100 = CIRCLE ( 'NONE', #3340, 2.000000000000001776 ) ;
#6101 = VERTEX_POINT ( 'NONE', #1366 ) ;
#6102 = CARTESIAN_POINT ( 'NONE',  ( -33.99999999999992184, 16.99999999999988987, 0.000000000000000000 ) ) ;
#6103 = CARTESIAN_POINT ( 'NONE',  ( 84.99999999999947420, 51.00000000000095923, 5.000000000000000000 ) ) ;
#6104 = VERTEX_POINT ( 'NONE', #3027 ) ;
#6105 = CARTESIAN_POINT ( 'NONE',  ( 1.406764103632366457E-12, -135.0000000000000000, 5.000000000000000000 ) ) ;
#6106 = CYLINDRICAL_SURFACE ( 'NONE', #4348, 2.000000000000001776 ) ;
#6107 = EDGE_LOOP ( 'NONE', ( #10914, #1978, #17, #1330 ) ) ;
#6108 = EDGE_CURVE ( 'NONE', #738, #3144, #4126, .T. ) ;
#6109 = VECTOR ( 'NONE', #5297, 1000.000000000000000 ) ;
#6110 = AXIS2_PLACEMENT_3D ( 'NONE', #1635, #10172, #11032 ) ;
#6111 = EDGE_LOOP ( 'NONE', ( #11778, #5520, #792, #9921 ) ) ;
#6112 = FACE_OUTER_BOUND ( 'NONE', #4597, .T. ) ;
#6113 = DIRECTION ( 'NONE',  ( -0.000000000000000000, -0.000000000000000000, 1.000000000000000000 ) ) ;
#6114 = LINE ( 'NONE', #11941, #1834 ) ;
#6115 = CARTESIAN_POINT ( 'NONE',  ( -150.0000000000000000, 7.285838599102581908E-15, 5.000000000000000000 ) ) ;
#6116 = FACE_BOUND ( 'NONE', #1880, .T. ) ;
#6117 = APPLICATION_PROTOCOL_DEFINITION ( 'draft international standard', 'automotive_design', 1998, #1984 ) ;
#6118 = CARTESIAN_POINT ( 'NONE',  ( 31.99999999999962697, 68.00000000000072475, 5.000000000000000000 ) ) ;
#6119 = DIRECTION ( 'NONE',  ( 0.000000000000000000, 0.000000000000000000, 1.000000000000000000 ) ) ;
#6120 = AXIS2_PLACEMENT_3D ( 'NONE', #4662, #10393, #6578 ) ;
#6121 = ORIENTED_EDGE ( 'NONE', *, *, #10734, .T. ) ;
#6122 = EDGE_LOOP ( 'NONE', ( #6421, #1645, #11522, #8157 ) ) ;
#6123 = CARTESIAN_POINT ( 'NONE',  ( -50.99999999999972289, -17.00000000000045830, 5.000000000000000000 ) ) ;
#6124 = EDGE_CURVE ( 'NONE', #10896, #1451, #1308, .T. ) ;
#6125 = EDGE_LOOP ( 'NONE', ( #7017, #5002 ) ) ;
#6126 = AXIS2_PLACEMENT_3D ( 'NONE', #3710, #10925, #2557 ) ;
#6127 = ORIENTED_EDGE ( 'NONE', *, *, #10813, .F. ) ;
#6128 = AXIS2_PLACEMENT_3D ( 'NONE', #6390, #9143, #7484 ) ;
#6129 = DIRECTION ( 'NONE',  ( 0.000000000000000000, 0.000000000000000000, 1.000000000000000000 ) ) ;
#6130 = ORIENTED_EDGE ( 'NONE', *, *, #4107, .F. ) ;
#6131 = FACE_BOUND ( 'NONE', #5405, .T. ) ;
#6132 = DIRECTION ( 'NONE',  ( -1.000000000000000000, 0.000000000000000000, 0.000000000000000000 ) ) ;
#6133 = DIRECTION ( 'NONE',  ( 0.000000000000000000, 0.000000000000000000, 1.000000000000000000 ) ) ;
#6134 = DIRECTION ( 'NONE',  ( 1.000000000000000000, 0.000000000000000000, 0.000000000000000000 ) ) ;
#6135 = DIRECTION ( 'NONE',  ( -0.000000000000000000, -0.000000000000000000, 1.000000000000000000 ) ) ;
#6136 = ORIENTED_EDGE ( 'NONE', *, *, #6976, .F. ) ;
#6137 = CARTESIAN_POINT ( 'NONE',  ( -9.714451465470119729E-14, 34.00000000000021316, 5.000000000000000000 ) ) ;
#6138 = AXIS2_PLACEMENT_3D ( 'NONE', #11271, #80, #4871 ) ;
#6139 = AXIS2_PLACEMENT_3D ( 'NONE', #6999, #4225, #9952 ) ;
#6140 = ORIENTED_EDGE ( 'NONE', *, *, #5705, .F. ) ;
#6141 = EDGE_LOOP ( 'NONE', ( #11207, #3322, #4272, #10630 ) ) ;
#6142 = VECTOR ( 'NONE', #5060, 1000.000000000000000 ) ;
#6143 = AXIS2_PLACEMENT_3D ( 'NONE', #11539, #1201, #6616 ) ;
#6144 = DIRECTION ( 'NONE',  ( 0.000000000000000000, 0.000000000000000000, 1.000000000000000000 ) ) ;
#6145 = FACE_OUTER_BOUND ( 'NONE', #1300, .T. ) ;
#6146 = ADVANCED_FACE ( 'NONE', ( #6044 ), #9790, .F. ) ;
#6147 = CYLINDRICAL_SURFACE ( 'NONE', #4430, 2.000000000000000000 ) ;
#6148 = CARTESIAN_POINT ( 'NONE',  ( 0.000000000000000000, 94.02500000000000568, 5.000000000000000000 ) ) ;
#6149 = ORIENTED_EDGE ( 'NONE', *, *, #3035, .T. ) ;
#6150 = DIRECTION ( 'NONE',  ( 1.000000000000000000, 0.000000000000000000, 0.000000000000000000 ) ) ;
#6151 = DIRECTION ( 'NONE',  ( -0.000000000000000000, -0.000000000000000000, 1.000000000000000000 ) ) ;
#6152 = CARTESIAN_POINT ( 'NONE',  ( -17.00000000000022382, 85.00000000000049738, 0.000000000000000000 ) ) ;
#6153 = CIRCLE ( 'NONE', #4962, 2.000000000000001776 ) ;
#6154 = AXIS2_PLACEMENT_3D ( 'NONE', #1849, #7501, #10701 ) ;
#6155 = AXIS2_PLACEMENT_3D ( 'NONE', #1561, #8075, #4380 ) ;
#6156 = EDGE_LOOP ( 'NONE', ( #7566, #6234, #9042, #3799 ) ) ;
#6157 = CIRCLE ( 'NONE', #1035, 2.000000000000001776 ) ;
#6158 = AXIS2_PLACEMENT_3D ( 'NONE', #5701, #12149, #5832 ) ;
#6159 = EDGE_LOOP ( 'NONE', ( #8830, #11988 ) ) ;
#6160 = CYLINDRICAL_SURFACE ( 'NONE', #9202, 2.000000000000001776 ) ;
#6161 = DIRECTION ( 'NONE',  ( -0.7071067811865485719, -0.7071067811865465735, 0.000000000000000000 ) ) ;
#6162 = EDGE_CURVE ( 'NONE', #5760, #10358, #3852, .T. ) ;
#6163 = VECTOR ( 'NONE', #9946, 1000.000000000000000 ) ;
#6164 = CARTESIAN_POINT ( 'NONE',  ( 1.999999999999834355, 51.00000000000031974, 0.000000000000000000 ) ) ;
#6165 = AXIS2_PLACEMENT_3D ( 'NONE', #7554, #1957, #8534 ) ;
#6166 = ORIENTED_EDGE ( 'NONE', *, *, #9216, .F. ) ;
#6167 = CIRCLE ( 'NONE', #3788, 15.00000000000000000 ) ;
#6168 = DIRECTION ( 'NONE',  ( 1.000000000000000000, 0.000000000000000000, 0.000000000000000000 ) ) ;
#6169 = CARTESIAN_POINT ( 'NONE',  ( 35.99999999999980815, 17.00000000000036238, 5.000000000000000000 ) ) ;
#6170 = EDGE_LOOP ( 'NONE', ( #12043, #10495 ) ) ;
#6171 = DIRECTION ( 'NONE',  ( -0.000000000000000000, 0.000000000000000000, 1.000000000000000000 ) ) ;
#6172 = CARTESIAN_POINT ( 'NONE',  ( 16.99999999999969447, 68.00000000000061107, 5.000000000000000000 ) ) ;
#6173 = ORIENTED_EDGE ( 'NONE', *, *, #5332, .T. ) ;
#6174 = ADVANCED_FACE ( 'NONE', ( #10475 ), #10537, .F. ) ;
#6175 = CIRCLE ( 'NONE', #853, 2.000000000000001776 ) ;
#6176 = EDGE_CURVE ( 'NONE', #246, #11411, #6409, .T. ) ;
#6177 = ADVANCED_FACE ( 'NONE', ( #3146 ), #11521, .F. ) ;
#6178 = CIRCLE ( 'NONE', #8315, 2.000000000000001776 ) ;
#6179 = ORIENTED_EDGE ( 'NONE', *, *, #10312, .T. ) ;
#6180 = LINE ( 'NONE', #2821, #9019 ) ;
#6181 = LINE ( 'NONE', #3404, #11877 ) ;
#6182 = DIRECTION ( 'NONE',  ( 1.000000000000000000, 0.000000000000000000, 0.000000000000000000 ) ) ;
#6183 = DIRECTION ( 'NONE',  ( 0.000000000000000000, 0.000000000000000000, 1.000000000000000000 ) ) ;
#6184 = AXIS2_PLACEMENT_3D ( 'NONE', #9046, #572, #11830 ) ;
#6185 = FACE_OUTER_BOUND ( 'NONE', #9725, .T. ) ;
#6186 = LINE ( 'NONE', #1510, #11840 ) ;
#6187 = LINE ( 'NONE', #10669, #1597 ) ;
#6188 = EDGE_LOOP ( 'NONE', ( #9283, #5261 ) ) ;
#6189 = CIRCLE ( 'NONE', #485, 2.000000000000000000 ) ;
#6190 = VERTEX_POINT ( 'NONE', #10588 ) ;
#6191 = CARTESIAN_POINT ( 'NONE',  ( -90.97499999999982379, 0.000000000000000000, 5.000000000000000000 ) ) ;
#6192 = VERTEX_POINT ( 'NONE', #2050 ) ;
#6193 = CIRCLE ( 'NONE', #6769, 2.000000000000001776 ) ;
#6194 = VERTEX_POINT ( 'NONE', #2165 ) ;
#6195 = EDGE_CURVE ( 'NONE', #5495, #2577, #5243, .T. ) ;
#6196 = VERTEX_POINT ( 'NONE', #10649 ) ;
#6197 = FACE_BOUND ( 'NONE', #8977, .T. ) ;
#6198 = DIRECTION ( 'NONE',  ( 0.000000000000000000, 1.000000000000000000, -0.000000000000000000 ) ) ;
#6199 = PLANE ( 'NONE',  #11578 ) ;
#6200 = LINE ( 'NONE', #5328, #2406 ) ;
#6201 = CARTESIAN_POINT ( 'NONE',  ( 31.99999999999980815, 17.00000000000036238, 0.000000000000000000 ) ) ;
#6202 = EDGE_LOOP ( 'NONE', ( #1456, #4193, #11579, #8864 ) ) ;
#6203 = CARTESIAN_POINT ( 'NONE',  ( -33.99999999999992184, 16.99999999999988987, 0.000000000000000000 ) ) ;
#6204 = CIRCLE ( 'NONE', #2841, 2.000000000000001776 ) ;
#6205 = VECTOR ( 'NONE', #4485, 1000.000000000000000 ) ;
#6206 = ORIENTED_EDGE ( 'NONE', *, *, #3504, .F. ) ;
#6207 = EDGE_LOOP ( 'NONE', ( #9175, #9217, #4612, #11087 ) ) ;
#6208 = ADVANCED_FACE ( 'NONE', ( #2232 ), #8798, .T. ) ;
#6209 = CIRCLE ( 'NONE', #1099, 2.000000000000001776 ) ;
#6210 = CYLINDRICAL_SURFACE ( 'NONE', #9882, 2.000000000000000000 ) ;
#6211 = CARTESIAN_POINT ( 'NONE',  ( 86.99999999999971578, -16.99999999999951683, 0.000000000000000000 ) ) ;
#6212 = DIRECTION ( 'NONE',  ( -0.000000000000000000, -0.000000000000000000, -1.000000000000000000 ) ) ;
#6213 = DIRECTION ( 'NONE',  ( -0.000000000000000000, -0.000000000000000000, 1.000000000000000000 ) ) ;
#6214 = ORIENTED_EDGE ( 'NONE', *, *, #6300, .T. ) ;
#6215 = DIRECTION ( 'NONE',  ( 1.000000000000000000, 0.000000000000000000, 0.000000000000000000 ) ) ;
#6216 = LINE ( 'NONE', #7012, #70 ) ;
#6217 = CARTESIAN_POINT ( 'NONE',  ( -67.99999999999960210, -34.00000000000070344, 0.000000000000000000 ) ) ;
#6218 = CIRCLE ( 'NONE', #901, 2.000000000000001776 ) ;
#6219 = ORIENTED_EDGE ( 'NONE', *, *, #11308, .T. ) ;
#6220 = EDGE_CURVE ( 'NONE', #3298, #6845, #2494, .T. ) ;
#6221 = VERTEX_POINT ( 'NONE', #3879 ) ;
#6222 = CYLINDRICAL_SURFACE ( 'NONE', #4609, 2.000000000000001776 ) ;
#6223 = DIRECTION ( 'NONE',  ( 1.000000000000000000, 0.000000000000000000, 0.000000000000000000 ) ) ;
#6224 = VECTOR ( 'NONE', #194, 1000.000000000000000 ) ;
#6225 = ORIENTED_EDGE ( 'NONE', *, *, #3642, .T. ) ;
#6226 = CARTESIAN_POINT ( 'NONE',  ( 0.000000000000000000, -75.97499999999998010, 0.000000000000000000 ) ) ;
#6227 = CARTESIAN_POINT ( 'NONE',  ( -15.00000000000022382, 85.00000000000049738, 0.000000000000000000 ) ) ;
#6228 = ORIENTED_EDGE ( 'NONE', *, *, #7742, .T. ) ;
#6229 = CYLINDRICAL_SURFACE ( 'NONE', #8303, 2.000000000000000888 ) ;
#6230 = CARTESIAN_POINT ( 'NONE',  ( -35.99999999999968736, -51.00000000000058975, 0.000000000000000000 ) ) ;
#6231 = EDGE_CURVE ( 'NONE', #7462, #12127, #3078, .T. ) ;
#6232 = EDGE_CURVE ( 'NONE', #11914, #827, #9956, .T. ) ;
#6233 = AXIS2_PLACEMENT_3D ( 'NONE', #10268, #8415, #11251 ) ;
#6234 = ORIENTED_EDGE ( 'NONE', *, *, #6995, .T. ) ;
#6235 = DIRECTION ( 'NONE',  ( 1.000000000000000000, 0.000000000000000000, 0.000000000000000000 ) ) ;
#6236 = CARTESIAN_POINT ( 'NONE',  ( -32.00000000000015632, 85.00000000000038369, 5.000000000000000000 ) ) ;
#6237 = EDGE_CURVE ( 'NONE', #6192, #1067, #620, .T. ) ;
#6238 = CARTESIAN_POINT ( 'NONE',  ( 68.00000000000001421, -85.00000000000011369, 0.000000000000000000 ) ) ;
#6239 = CARTESIAN_POINT ( 'NONE',  ( -1.999999999999876099, -34.00000000000022737, 5.000000000000000000 ) ) ;
#6240 = FACE_BOUND ( 'NONE', #10168, .T. ) ;
#6241 = ADVANCED_FACE ( 'NONE', ( #9097 ), #2411, .F. ) ;
#6242 = CARTESIAN_POINT ( 'NONE',  ( -79.02499999999996305, 79.02499999999997726, 5.000000000000000000 ) ) ;
#6243 = DIRECTION ( 'NONE',  ( -0.000000000000000000, -0.000000000000000000, 1.000000000000000000 ) ) ;
#6244 = VERTEX_POINT ( 'NONE', #6169 ) ;
#6245 = EDGE_CURVE ( 'NONE', #994, #4509, #6614, .T. ) ;
#6246 = ORIENTED_EDGE ( 'NONE', *, *, #10744, .T. ) ;
#6247 = FACE_OUTER_BOUND ( 'NONE', #2037, .T. ) ;
#6248 = EDGE_CURVE ( 'NONE', #1030, #6194, #6280, .T. ) ;
#6249 = ORIENTED_EDGE ( 'NONE', *, *, #6460, .F. ) ;
#6250 = ORIENTED_EDGE ( 'NONE', *, *, #7742, .F. ) ;
#6251 = ORIENTED_EDGE ( 'NONE', *, *, #7473, .T. ) ;
#6252 = DIRECTION ( 'NONE',  ( -0.000000000000000000, -0.000000000000000000, -1.000000000000000000 ) ) ;
#6253 = DIRECTION ( 'NONE',  ( -0.000000000000000000, -0.000000000000000000, 1.000000000000000000 ) ) ;
#6254 = LINE ( 'NONE', #9238, #3335 ) ;
#6255 = EDGE_CURVE ( 'NONE', #11194, #1795, #1603, .T. ) ;
#6256 = DIRECTION ( 'NONE',  ( 0.000000000000000000, -1.000000000000000000, 0.000000000000000000 ) ) ;
#6257 = DIRECTION ( 'NONE',  ( 1.000000000000000000, 0.000000000000000000, 0.000000000000000000 ) ) ;
#6258 = VERTEX_POINT ( 'NONE', #8003 ) ;
#6259 = DIRECTION ( 'NONE',  ( 1.000000000000000000, 0.000000000000000000, 0.000000000000000000 ) ) ;
#6260 = EDGE_CURVE ( 'NONE', #3267, #6922, #8570, .T. ) ;
#6261 = EDGE_LOOP ( 'NONE', ( #3519, #9762 ) ) ;
#6262 = VERTEX_POINT ( 'NONE', #7024 ) ;
#6263 = CARTESIAN_POINT ( 'NONE',  ( -14.99999999999859845, -135.0000000000001705, 0.000000000000000000 ) ) ;
#6264 = DIRECTION ( 'NONE',  ( 1.000000000000000000, 0.000000000000000000, 0.000000000000000000 ) ) ;
#6265 = LINE ( 'NONE', #7927, #4242 ) ;
#6266 = CARTESIAN_POINT ( 'NONE',  ( 17.00000000000022382, -85.00000000000046896, 0.000000000000000000 ) ) ;
#6267 = ORIENTED_EDGE ( 'NONE', *, *, #2553, .T. ) ;
#6268 = LINE ( 'NONE', #1481, #7137 ) ;
#6269 = DIRECTION ( 'NONE',  ( -0.000000000000000000, -0.000000000000000000, 1.000000000000000000 ) ) ;
#6270 = LINE ( 'NONE', #4468, #7720 ) ;
#6271 = EDGE_CURVE ( 'NONE', #7425, #3031, #11725, .T. ) ;
#6272 = VERTEX_POINT ( 'NONE', #2472 ) ;
#6273 = VECTOR ( 'NONE', #6436, 1000.000000000000000 ) ;
#6274 = VERTEX_POINT ( 'NONE', #6227 ) ;
#6275 = AXIS2_PLACEMENT_3D ( 'NONE', #8273, #11971, #12027 ) ;
#6276 = CARTESIAN_POINT ( 'NONE',  ( 16.99999999999975131, 51.00000000000049027, 0.000000000000000000 ) ) ;
#6277 = FACE_OUTER_BOUND ( 'NONE', #11784, .T. ) ;
#6278 = VERTEX_POINT ( 'NONE', #10768 ) ;
#6279 = DIRECTION ( 'NONE',  ( -0.000000000000000000, -0.000000000000000000, 1.000000000000000000 ) ) ;
#6280 = LINE ( 'NONE', #7151, #9146 ) ;
#6281 = ORIENTED_EDGE ( 'NONE', *, *, #8775, .F. ) ;
#6282 = DIRECTION ( 'NONE',  ( 1.000000000000000000, 0.000000000000000000, 0.000000000000000000 ) ) ;
#6283 = CARTESIAN_POINT ( 'NONE',  ( 16.99999999999998579, -16.99999999999998579, 5.000000000000000000 ) ) ;
#6284 = AXIS2_PLACEMENT_3D ( 'NONE', #9311, #10361, #8382 ) ;
#6285 = VECTOR ( 'NONE', #9554, 1000.000000000000000 ) ;
#6286 = VERTEX_POINT ( 'NONE', #3331 ) ;
#6287 = CIRCLE ( 'NONE', #6680, 2.000000000000000000 ) ;
#6288 = AXIS2_PLACEMENT_3D ( 'NONE', #1466, #5891, #11608 ) ;
#6289 = CARTESIAN_POINT ( 'NONE',  ( -69.99999999999948841, -68.00000000000095213, 0.000000000000000000 ) ) ;
#6290 = PLANE ( 'NONE',  #7144 ) ;
#6291 = DIRECTION ( 'NONE',  ( 0.000000000000000000, 0.000000000000000000, 1.000000000000000000 ) ) ;
#6292 = ADVANCED_FACE ( 'NONE', ( #2349 ), #9973, .F. ) ;
#6293 = FACE_BOUND ( 'NONE', #9352, .T. ) ;
#6294 = CARTESIAN_POINT ( 'NONE',  ( -31.99999999999962697, -68.00000000000069633, 0.000000000000000000 ) ) ;
#6295 =( LENGTH_UNIT ( ) NAMED_UNIT ( * ) SI_UNIT ( .MILLI., .METRE. ) );
#6296 = ORIENTED_EDGE ( 'NONE', *, *, #6918, .F. ) ;
#6297 = VERTEX_POINT ( 'NONE', #3390 ) ;
#6298 = DIRECTION ( 'NONE',  ( 0.000000000000000000, 0.000000000000000000, 1.000000000000000000 ) ) ;
#6299 = VERTEX_POINT ( 'NONE', #4251 ) ;
#6300 = EDGE_CURVE ( 'NONE', #11383, #3653, #9552, .T. ) ;
#6301 = ORIENTED_EDGE ( 'NONE', *, *, #533, .T. ) ;
#6302 = ORIENTED_EDGE ( 'NONE', *, *, #8252, .T. ) ;
#6303 = FACE_BOUND ( 'NONE', #9034, .T. ) ;
#6304 = AXIS2_PLACEMENT_3D ( 'NONE', #3679, #124, #5470 ) ;
#6305 = DIRECTION ( 'NONE',  ( 1.000000000000000000, 0.000000000000000000, 0.000000000000000000 ) ) ;
#6306 = CYLINDRICAL_SURFACE ( 'NONE', #4497, 15.00000000000000000 ) ;
#6307 = ADVANCED_FACE ( 'NONE', ( #11932 ), #1547, .F. ) ;
#6308 = CARTESIAN_POINT ( 'NONE',  ( -50.99999999999955946, -68.00000000000082423, 5.000000000000000000 ) ) ;
#6309 = LINE ( 'NONE', #10001, #1403 ) ;
#6310 = ORIENTED_EDGE ( 'NONE', *, *, #2608, .T. ) ;
#6311 = ORIENTED_EDGE ( 'NONE', *, *, #2332, .T. ) ;
#6312 = CARTESIAN_POINT ( 'NONE',  ( -65.99999999999960210, -34.00000000000070344, 0.000000000000000000 ) ) ;
#6313 = AXIS2_PLACEMENT_3D ( 'NONE', #3103, #4143, #3290 ) ;
#6314 = VERTEX_POINT ( 'NONE', #1429 ) ;
#6315 = EDGE_CURVE ( 'NONE', #4989, #2373, #4643, .T. ) ;
#6316 = ORIENTED_EDGE ( 'NONE', *, *, #10146, .F. ) ;
#6317 = ORIENTED_EDGE ( 'NONE', *, *, #183, .F. ) ;
#6318 = DIRECTION ( 'NONE',  ( 1.000000000000000000, 0.000000000000000000, 0.000000000000000000 ) ) ;
#6319 = CARTESIAN_POINT ( 'NONE',  ( 31.99999999999957012, 85.00000000000085265, 0.000000000000000000 ) ) ;
#6320 = EDGE_CURVE ( 'NONE', #10370, #6361, #10148, .T. ) ;
#6321 = CARTESIAN_POINT ( 'NONE',  ( -3.595712070532930372E-13, 79.02500000000038938, 0.000000000000000000 ) ) ;
#6322 = CARTESIAN_POINT ( 'NONE',  ( 48.99999999999985079, -16.99999999999975131, 0.000000000000000000 ) ) ;
#6323 = CIRCLE ( 'NONE', #8868, 2.000000000000001776 ) ;
#6324 = VERTEX_POINT ( 'NONE', #4189 ) ;
#6325 = VECTOR ( 'NONE', #8960, 1000.000000000000000 ) ;
#6326 = DIRECTION ( 'NONE',  ( -0.000000000000000000, 0.000000000000000000, 1.000000000000000000 ) ) ;
#6327 = FACE_OUTER_BOUND ( 'NONE', #7846, .T. ) ;
#6328 = ORIENTED_EDGE ( 'NONE', *, *, #3321, .T. ) ;
#6329 = AXIS2_PLACEMENT_3D ( 'NONE', #6172, #2528, #1669 ) ;
#6330 = ORIENTED_EDGE ( 'NONE', *, *, #11556, .T. ) ;
#6331 = AXIS2_PLACEMENT_3D ( 'NONE', #11780, #9938, #1515 ) ;
#6332 = CARTESIAN_POINT ( 'NONE',  ( 33.99999999999957367, 85.00000000000085265, 0.000000000000000000 ) ) ;
#6333 = CIRCLE ( 'NONE', #5550, 2.000000000000001776 ) ;
#6334 = ADVANCED_FACE ( 'NONE', ( #8982 ), #5185, .F. ) ;
#6335 = DIRECTION ( 'NONE',  ( 0.000000000000000000, 0.000000000000000000, 1.000000000000000000 ) ) ;
#6336 = ORIENTED_EDGE ( 'NONE', *, *, #8568, .T. ) ;
#6337 = CARTESIAN_POINT ( 'NONE',  ( 94.02499999999986358, 0.000000000000000000, 0.000000000000000000 ) ) ;
#6338 = DIRECTION ( 'NONE',  ( 0.000000000000000000, -0.000000000000000000, -1.000000000000000000 ) ) ;
#6339 = AXIS2_PLACEMENT_3D ( 'NONE', #7241, #11108, #11859 ) ;
#6340 = EDGE_LOOP ( 'NONE', ( #7865, #12071 ) ) ;
#6341 = DIRECTION ( 'NONE',  ( 0.000000000000000000, 0.000000000000000000, 1.000000000000000000 ) ) ;
#6342 = DIRECTION ( 'NONE',  ( 0.000000000000000000, -0.000000000000000000, -1.000000000000000000 ) ) ;
#6343 = CIRCLE ( 'NONE', #1232, 2.000000000000000000 ) ;
#6344 = VECTOR ( 'NONE', #12002, 1000.000000000000000 ) ;
#6345 = AXIS2_PLACEMENT_3D ( 'NONE', #3991, #5043, #11375 ) ;
#6346 = AXIS2_PLACEMENT_3D ( 'NONE', #3838, #5561, #10420 ) ;
#6347 = VERTEX_POINT ( 'NONE', #8062 ) ;
#6348 = AXIS2_PLACEMENT_3D ( 'NONE', #7882, #4928, #2052 ) ;
#6349 = DIRECTION ( 'NONE',  ( -0.000000000000000000, -0.000000000000000000, -1.000000000000000000 ) ) ;
#6350 = EDGE_CURVE ( 'NONE', #10610, #5574, #8121, .T. ) ;
#6351 = CARTESIAN_POINT ( 'NONE',  ( -75.97499999999996589, 79.02499999999996305, 5.000000000000000000 ) ) ;
#6352 = DIRECTION ( 'NONE',  ( -0.000000000000000000, -0.000000000000000000, 1.000000000000000000 ) ) ;
#6353 = DIRECTION ( 'NONE',  ( 1.000000000000000000, 0.000000000000000000, 0.000000000000000000 ) ) ;
#6354 = FACE_BOUND ( 'NONE', #1117, .T. ) ;
#6355 = LINE ( 'NONE', #10040, #3396 ) ;
#6356 = CARTESIAN_POINT ( 'NONE',  ( 3.595712070532930372E-13, 79.02500000000038938, 5.000000000000000000 ) ) ;
#6357 = VERTEX_POINT ( 'NONE', #12111 ) ;
#6358 = VERTEX_POINT ( 'NONE', #6579 ) ;
#6359 = VECTOR ( 'NONE', #8508, 1000.000000000000000 ) ;
#6360 = AXIS2_PLACEMENT_3D ( 'NONE', #3930, #11438, #2154 ) ;
#6361 = VERTEX_POINT ( 'NONE', #10202 ) ;
#6362 = EDGE_CURVE ( 'NONE', #756, #6358, #4848, .T. ) ;
#6363 = ORIENTED_EDGE ( 'NONE', *, *, #3232, .F. ) ;
#6364 = AXIS2_PLACEMENT_3D ( 'NONE', #1921, #6213, #6942 ) ;
#6365 = ORIENTED_EDGE ( 'NONE', *, *, #6260, .T. ) ;
#6366 = FACE_BOUND ( 'NONE', #947, .T. ) ;
#6367 = CIRCLE ( 'NONE', #2058, 2.000000000000001776 ) ;
#6368 = LINE ( 'NONE', #5326, #8897 ) ;
#6369 = LINE ( 'NONE', #1692, #9212 ) ;
#6370 = DIRECTION ( 'NONE',  ( 1.000000000000000000, 0.000000000000000000, 0.000000000000000000 ) ) ;
#6371 = DIRECTION ( 'NONE',  ( 1.000000000000000000, 0.000000000000000000, 0.000000000000000000 ) ) ;
#6372 = ORIENTED_EDGE ( 'NONE', *, *, #8005, .F. ) ;
#6373 = ORIENTED_EDGE ( 'NONE', *, *, #9505, .F. ) ;
#6374 = DIRECTION ( 'NONE',  ( 0.000000000000000000, 0.000000000000000000, 1.000000000000000000 ) ) ;
#6375 = VECTOR ( 'NONE', #1234, 1000.000000000000000 ) ;
#6376 = CIRCLE ( 'NONE', #10513, 15.00000000000000000 ) ;
#6377 = VERTEX_POINT ( 'NONE', #2761 ) ;
#6378 = EDGE_CURVE ( 'NONE', #2495, #1189, #5252, .T. ) ;
#6379 = ORIENTED_EDGE ( 'NONE', *, *, #2117, .F. ) ;
#6380 = ORIENTED_EDGE ( 'NONE', *, *, #2107, .F. ) ;
#6381 = LINE ( 'NONE', #5454, #8626 ) ;
#6382 = CYLINDRICAL_SURFACE ( 'NONE', #834, 2.000000000000001776 ) ;
#6383 = FACE_OUTER_BOUND ( 'NONE', #11609, .T. ) ;
#6384 = VECTOR ( 'NONE', #6754, 1000.000000000000000 ) ;
#6385 = CARTESIAN_POINT ( 'NONE',  ( -18.99999999999964118, -85.00000000000069633, 0.000000000000000000 ) ) ;
#6387 = ADVANCED_FACE ( 'NONE', ( #9271 ), #6513, .F. ) ;
#6386 = CARTESIAN_POINT ( 'NONE',  ( 0.000000000000000000, 100.0000000000000142, 5.000000000000000000 ) ) ;
#6388 = VERTEX_POINT ( 'NONE', #6637 ) ;
#6389 = CIRCLE ( 'NONE', #6573, 2.000000000000001776 ) ;
#6390 = CARTESIAN_POINT ( 'NONE',  ( 67.99999999999972999, 4.857225732735059864E-13, 0.000000000000000000 ) ) ;
#6391 = EDGE_CURVE ( 'NONE', #11955, #4510, #5638, .T. ) ;
#6392 = EDGE_CURVE ( 'NONE', #9936, #8896, #6418, .T. ) ;
#6393 = DIRECTION ( 'NONE',  ( 0.000000000000000000, 0.000000000000000000, 1.000000000000000000 ) ) ;
#6394 = EDGE_LOOP ( 'NONE', ( #9776, #9482, #4564, #11143 ) ) ;
#6395 = EDGE_CURVE ( 'NONE', #5383, #8883, #2680, .T. ) ;
#6396 = ORIENTED_EDGE ( 'NONE', *, *, #7494, .F. ) ;
#6397 = VECTOR ( 'NONE', #3619, 1000.000000000000000 ) ;
#6398 = CARTESIAN_POINT ( 'NONE',  ( 69.99999999999984368, -33.99999999999975131, 0.000000000000000000 ) ) ;
#6399 = LINE ( 'NONE', #1716, #3061 ) ;
#6400 = VERTEX_POINT ( 'NONE', #12167 ) ;
#6401 = DIRECTION ( 'NONE',  ( -0.000000000000000000, -0.000000000000000000, 1.000000000000000000 ) ) ;
#6402 = DIRECTION ( 'NONE',  ( 0.000000000000000000, -0.000000000000000000, -1.000000000000000000 ) ) ;
#6403 = VERTEX_POINT ( 'NONE', #8292 ) ;
#6404 = CYLINDRICAL_SURFACE ( 'NONE', #2817, 2.000000000000001776 ) ;
#6405 = LINE ( 'NONE', #10154, #8878 ) ;
#6406 = AXIS2_PLACEMENT_3D ( 'NONE', #6877, #1224, #8602 ) ;
#6407 = EDGE_CURVE ( 'NONE', #11811, #9992, #9563, .T. ) ;
#6408 = VERTEX_POINT ( 'NONE', #1777 ) ;
#6409 = CIRCLE ( 'NONE', #3652, 2.000000000000001776 ) ;
#6410 = DIRECTION ( 'NONE',  ( -0.000000000000000000, -0.000000000000000000, 1.000000000000000000 ) ) ;
#6411 = LINE ( 'NONE', #8366, #6205 ) ;
#6412 = DIRECTION ( 'NONE',  ( 1.000000000000000000, 0.000000000000000000, 0.000000000000000000 ) ) ;
#6413 = CARTESIAN_POINT ( 'NONE',  ( -65.99999999999943157, -85.00000000000106581, 0.000000000000000000 ) ) ;
#6414 = DIRECTION ( 'NONE',  ( -0.000000000000000000, -0.000000000000000000, 1.000000000000000000 ) ) ;
#6415 = CARTESIAN_POINT ( 'NONE',  ( 99.99999999999994316, 85.00000000000001421, 5.000000000000000000 ) ) ;
#6416 = VERTEX_POINT ( 'NONE', #11990 ) ;
#6417 = ORIENTED_EDGE ( 'NONE', *, *, #2923, .F. ) ;
#6418 = CIRCLE ( 'NONE', #1120, 2.000000000000001776 ) ;
#6419 = EDGE_CURVE ( 'NONE', #3884, #2267, #7602, .T. ) ;
#6420 = EDGE_LOOP ( 'NONE', ( #4145, #6789 ) ) ;
#6421 = ORIENTED_EDGE ( 'NONE', *, *, #1516, .F. ) ;
#6422 = ORIENTED_EDGE ( 'NONE', *, *, #6602, .T. ) ;
#6423 = FACE_BOUND ( 'NONE', #7920, .T. ) ;
#6424 = DIRECTION ( 'NONE',  ( 1.000000000000000000, 0.000000000000000000, 0.000000000000000000 ) ) ;
#6425 = DIRECTION ( 'NONE',  ( 0.000000000000000000, 1.000000000000000000, -0.000000000000000000 ) ) ;
#6426 = PLANE ( 'NONE',  #11607 ) ;
#6427 = DIRECTION ( 'NONE',  ( -0.000000000000000000, -0.000000000000000000, -1.000000000000000000 ) ) ;
#6428 = VERTEX_POINT ( 'NONE', #10336 ) ;
#6429 = ORIENTED_EDGE ( 'NONE', *, *, #2924, .T. ) ;
#6430 = CARTESIAN_POINT ( 'NONE',  ( -99.99999999999994316, 85.00000000000001421, 5.000000000000000000 ) ) ;
#6431 = EDGE_LOOP ( 'NONE', ( #8222, #11373, #4280, #11443 ) ) ;
#6432 = ORIENTED_EDGE ( 'NONE', *, *, #7523, .F. ) ;
#6433 = ORIENTED_EDGE ( 'NONE', *, *, #6271, .T. ) ;
#6434 = FACE_OUTER_BOUND ( 'NONE', #8635, .T. ) ;
#6435 = CARTESIAN_POINT ( 'NONE',  ( -17.00000000000022382, 85.00000000000049738, 5.000000000000000000 ) ) ;
#6436 = DIRECTION ( 'NONE',  ( -0.000000000000000000, -0.000000000000000000, 1.000000000000000000 ) ) ;
#6437 = DIRECTION ( 'NONE',  ( -1.000000000000000000, 5.204170427930419434E-17, 0.000000000000000000 ) ) ;
#6438 = LINE ( 'NONE', #7370, #2969 ) ;
#6439 = EDGE_LOOP ( 'NONE', ( #11873, #10367, #11354, #9127 ) ) ;
#6440 = CARTESIAN_POINT ( 'NONE',  ( 75.97499999999996589, 0.000000000000000000, 5.000000000000000000 ) ) ;
#6441 = EDGE_CURVE ( 'NONE', #503, #8587, #5836, .T. ) ;
#6442 = DIRECTION ( 'NONE',  ( -0.000000000000000000, -0.000000000000000000, 1.000000000000000000 ) ) ;
#6443 = VERTEX_POINT ( 'NONE', #5656 ) ;
#6444 = EDGE_CURVE ( 'NONE', #10556, #1184, #7800, .T. ) ;
#6445 = ORIENTED_EDGE ( 'NONE', *, *, #1958, .F. ) ;
#6446 = EDGE_CURVE ( 'NONE', #7971, #10689, #7402, .T. ) ;
#6447 = DIRECTION ( 'NONE',  ( 0.000000000000000000, 0.000000000000000000, 1.000000000000000000 ) ) ;
#6448 = DIRECTION ( 'NONE',  ( -0.000000000000000000, -0.000000000000000000, 1.000000000000000000 ) ) ;
#6449 = FACE_OUTER_BOUND ( 'NONE', #9593, .T. ) ;
#6450 = ORIENTED_EDGE ( 'NONE', *, *, #8912, .T. ) ;
#6451 = DIRECTION ( 'NONE',  ( -0.000000000000000000, -0.000000000000000000, 1.000000000000000000 ) ) ;
#6452 = EDGE_CURVE ( 'NONE', #4509, #994, #341, .T. ) ;
#6453 = DIRECTION ( 'NONE',  ( -0.000000000000000000, -0.000000000000000000, 1.000000000000000000 ) ) ;
#6454 = EDGE_LOOP ( 'NONE', ( #1245, #3815, #318, #4625 ) ) ;
#6455 = DIRECTION ( 'NONE',  ( 0.000000000000000000, 0.000000000000000000, -1.000000000000000000 ) ) ;
#6456 = CARTESIAN_POINT ( 'NONE',  ( 84.99999999999937472, 85.00000000000120792, 5.000000000000000000 ) ) ;
#6457 = AXIS2_PLACEMENT_3D ( 'NONE', #1703, #3432, #5512 ) ;
#6458 = DIRECTION ( 'NONE',  ( 1.000000000000000000, 0.000000000000000000, 0.000000000000000000 ) ) ;
#6459 = ADVANCED_FACE ( 'NONE', ( #5528 ), #4537, .F. ) ;
#6460 = EDGE_CURVE ( 'NONE', #4815, #832, #3659, .T. ) ;
#6461 = EDGE_LOOP ( 'NONE', ( #1764, #5811, #7716, #4311 ) ) ;
#6462 = CARTESIAN_POINT ( 'NONE',  ( -67.99999999999965894, -17.00000000000058265, 0.000000000000000000 ) ) ;
#6463 = FACE_OUTER_BOUND ( 'NONE', #11637, .T. ) ;
#6464 = AXIS2_PLACEMENT_3D ( 'NONE', #4882, #5747, #10491 ) ;
#6465 = DIRECTION ( 'NONE',  ( 0.000000000000000000, 0.000000000000000000, 1.000000000000000000 ) ) ;
#6466 = CARTESIAN_POINT ( 'NONE',  ( -33.99999999999980815, -17.00000000000034817, 0.000000000000000000 ) ) ;
#6467 = CIRCLE ( 'NONE', #1172, 2.000000000000001776 ) ;
#6468 = DIRECTION ( 'NONE',  ( 0.000000000000000000, 0.000000000000000000, 1.000000000000000000 ) ) ;
#6469 = ADVANCED_FACE ( 'NONE', ( #7384 ), #1721, .F. ) ;
#6470 = CARTESIAN_POINT ( 'NONE',  ( -86.99999999999953104, -34.00000000000082423, 0.000000000000000000 ) ) ;
#6471 = DIRECTION ( 'NONE',  ( 0.000000000000000000, 0.000000000000000000, -1.000000000000000000 ) ) ;
#6472 = EDGE_LOOP ( 'NONE', ( #10776, #6916, #3092, #4661 ) ) ;
#6473 = EDGE_LOOP ( 'NONE', ( #7009, #6772, #10499, #8393 ) ) ;
#6474 = EDGE_LOOP ( 'NONE', ( #3452, #2449 ) ) ;
#6475 = ORIENTED_EDGE ( 'NONE', *, *, #3929, .T. ) ;
#6476 = CARTESIAN_POINT ( 'NONE',  ( -3.595712070532930372E-13, -79.02500000000038938, 0.000000000000000000 ) ) ;
#6477 = ORIENTED_EDGE ( 'NONE', *, *, #6220, .F. ) ;
#6478 = FACE_BOUND ( 'NONE', #11819, .T. ) ;
#6479 = CARTESIAN_POINT ( 'NONE',  ( -50.99999999999955946, -68.00000000000082423, 5.000000000000000000 ) ) ;
#6480 = CARTESIAN_POINT ( 'NONE',  ( 69.99999999999948841, 68.00000000000098055, 0.000000000000000000 ) ) ;
#6481 = ORIENTED_EDGE ( 'NONE', *, *, #7379, .F. ) ;
#6482 = ADVANCED_FACE ( 'NONE', ( #2035 ), #11560, .T. ) ;
#6483 = CARTESIAN_POINT ( 'NONE',  ( -84.99999999999978684, 33.99999999999964473, 5.000000000000000000 ) ) ;
#6484 = DIRECTION ( 'NONE',  ( 0.000000000000000000, 0.000000000000000000, -1.000000000000000000 ) ) ;
#6485 = VECTOR ( 'NONE', #192, 1000.000000000000000 ) ;
#6486 = VERTEX_POINT ( 'NONE', #4056 ) ;
#6487 = VERTEX_POINT ( 'NONE', #5969 ) ;
#6488 = CARTESIAN_POINT ( 'NONE',  ( 86.99999999999984368, -50.99999999999975131, 0.000000000000000000 ) ) ;
#6489 = ORIENTED_EDGE ( 'NONE', *, *, #10961, .T. ) ;
#6490 = CIRCLE ( 'NONE', #6890, 2.000000000000001776 ) ;
#6491 = VERTEX_POINT ( 'NONE', #179 ) ;
#6492 = VERTEX_POINT ( 'NONE', #8729 ) ;
#6493 = PLANE ( 'NONE',  #8235 ) ;
#6494 = DIRECTION ( 'NONE',  ( 1.000000000000000000, 0.000000000000000000, 0.000000000000000000 ) ) ;
#6495 = DIRECTION ( 'NONE',  ( 0.000000000000000000, 0.000000000000000000, 1.000000000000000000 ) ) ;
#6496 = EDGE_CURVE ( 'NONE', #86, #4342, #3860, .T. ) ;
#6497 = CARTESIAN_POINT ( 'NONE',  ( 33.99999999999968736, 51.00000000000059686, 5.000000000000000000 ) ) ;
#6498 = DIRECTION ( 'NONE',  ( 0.000000000000000000, 0.000000000000000000, 1.000000000000000000 ) ) ;
#6499 = VERTEX_POINT ( 'NONE', #9717 ) ;
#6500 = DIRECTION ( 'NONE',  ( 1.000000000000000000, 0.000000000000000000, 0.000000000000000000 ) ) ;
#6501 = CARTESIAN_POINT ( 'NONE',  ( 35.99999999999963052, 68.00000000000072475, 0.000000000000000000 ) ) ;
#6502 = CIRCLE ( 'NONE', #9645, 2.000000000000001776 ) ;
#6503 = ORIENTED_EDGE ( 'NONE', *, *, #10891, .F. ) ;
#6504 = EDGE_LOOP ( 'NONE', ( #6214, #2956 ) ) ;
#6505 = EDGE_CURVE ( 'NONE', #3900, #7011, #1226, .T. ) ;
#6506 = VECTOR ( 'NONE', #5615, 1000.000000000000000 ) ;
#6507 = VECTOR ( 'NONE', #2619, 1000.000000000000000 ) ;
#6508 = DIRECTION ( 'NONE',  ( 1.000000000000000000, 0.000000000000000000, 0.000000000000000000 ) ) ;
#6509 = DIRECTION ( 'NONE',  ( 0.000000000000000000, 0.000000000000000000, 1.000000000000000000 ) ) ;
#6510 = CARTESIAN_POINT ( 'NONE',  ( -86.99999999999995737, 85.00000000000001421, 5.000000000000000000 ) ) ;
#6511 = VERTEX_POINT ( 'NONE', #3130 ) ;
#6512 = CARTESIAN_POINT ( 'NONE',  ( 75.97499999999996589, 94.02500000000000568, 5.000000000000000000 ) ) ;
#6513 = CYLINDRICAL_SURFACE ( 'NONE', #6233, 2.000000000000001776 ) ;
#6514 = ORIENTED_EDGE ( 'NONE', *, *, #7142, .F. ) ;
#6515 = CARTESIAN_POINT ( 'NONE',  ( 52.99999999999950262, 85.00000000000096634, 0.000000000000000000 ) ) ;
#6516 = LINE ( 'NONE', #10271, #4548 ) ;
#6517 = LINE ( 'NONE', #12172, #1753 ) ;
#6518 = CIRCLE ( 'NONE', #8687, 2.000000000000001776 ) ;
#6519 = AXIS2_PLACEMENT_3D ( 'NONE', #6123, #10915, #4147 ) ;
#6520 = DIRECTION ( 'NONE',  ( -0.000000000000000000, -0.000000000000000000, 1.000000000000000000 ) ) ;
#6521 = EDGE_CURVE ( 'NONE', #2601, #367, #1167, .T. ) ;
#6522 = EDGE_LOOP ( 'NONE', ( #180, #7574 ) ) ;
#6523 = DIRECTION ( 'NONE',  ( 1.000000000000000000, 0.000000000000000000, 0.000000000000000000 ) ) ;
#6524 = CARTESIAN_POINT ( 'NONE',  ( 15.00000000000022027, -85.00000000000046896, 0.000000000000000000 ) ) ;
#6525 = AXIS2_PLACEMENT_3D ( 'NONE', #512, #6964, #4929 ) ;
#6527 = DIRECTION ( 'NONE',  ( -0.000000000000000000, -0.000000000000000000, -1.000000000000000000 ) ) ;
#6526 = CIRCLE ( 'NONE', #8097, 2.000000000000000888 ) ;
#6528 = FACE_OUTER_BOUND ( 'NONE', #3075, .T. ) ;
#6529 = CARTESIAN_POINT ( 'NONE',  ( -17.00000000000011369, 51.00000000000024158, 0.000000000000000000 ) ) ;
#6530 = ORIENTED_EDGE ( 'NONE', *, *, #1281, .F. ) ;
#6531 = FACE_OUTER_BOUND ( 'NONE', #11139, .T. ) ;
#6532 = ADVANCED_FACE ( 'NONE', ( #7864 ), #4913, .F. ) ;
#6533 = CARTESIAN_POINT ( 'NONE',  ( -69.99999999999954525, -51.00000000000082423, 0.000000000000000000 ) ) ;
#6534 = ORIENTED_EDGE ( 'NONE', *, *, #8211, .F. ) ;
#6535 = VERTEX_POINT ( 'NONE', #11436 ) ;
#6536 = ADVANCED_FACE ( 'NONE', ( #7625 ), #3191, .F. ) ;
#6537 = EDGE_CURVE ( 'NONE', #8853, #7227, #1521, .T. ) ;
#6538 = VECTOR ( 'NONE', #6863, 1000.000000000000000 ) ;
#6539 = AXIS2_PLACEMENT_3D ( 'NONE', #8843, #11510, #6883 ) ;
#6540 = CIRCLE ( 'NONE', #5963, 2.000000000000001776 ) ;
#6541 = EDGE_CURVE ( 'NONE', #6853, #6751, #8785, .T. ) ;
#6542 = AXIS2_PLACEMENT_3D ( 'NONE', #3547, #5646, #11055 ) ;
#6543 = EDGE_LOOP ( 'NONE', ( #1812, #10120, #9233, #1749 ) ) ;
#6544 = DIRECTION ( 'NONE',  ( -0.000000000000000000, -0.000000000000000000, -1.000000000000000000 ) ) ;
#6545 = ORIENTED_EDGE ( 'NONE', *, *, #4566, .F. ) ;
#6546 = FACE_BOUND ( 'NONE', #7542, .T. ) ;
#6547 = DIRECTION ( 'NONE',  ( -0.000000000000000000, -0.000000000000000000, 1.000000000000000000 ) ) ;
#6548 = DIRECTION ( 'NONE',  ( -1.000000000000000000, 0.000000000000000000, 0.000000000000000000 ) ) ;
#6549 = ORIENTED_EDGE ( 'NONE', *, *, #4869, .F. ) ;
#6550 = VECTOR ( 'NONE', #10605, 1000.000000000000000 ) ;
#6551 = DIRECTION ( 'NONE',  ( 1.000000000000000000, 0.000000000000000000, 0.000000000000000000 ) ) ;
#6552 = DIRECTION ( 'NONE',  ( -0.000000000000000000, -0.000000000000000000, 1.000000000000000000 ) ) ;
#6553 = ORIENTED_EDGE ( 'NONE', *, *, #11129, .F. ) ;
#6554 = VERTEX_POINT ( 'NONE', #10575 ) ;
#6555 = CARTESIAN_POINT ( 'NONE',  ( -90.97499999999982379, -79.02499999999997726, 0.000000000000000000 ) ) ;
#6556 = EDGE_LOOP ( 'NONE', ( #11969, #444, #12021, #10600 ) ) ;
#6557 = CIRCLE ( 'NONE', #9303, 2.000000000000000888 ) ;
#6558 = EDGE_CURVE ( 'NONE', #5100, #7827, #11452, .T. ) ;
#6559 = ORIENTED_EDGE ( 'NONE', *, *, #2478, .F. ) ;
#6560 = ORIENTED_EDGE ( 'NONE', *, *, #4495, .F. ) ;
#6561 = DIRECTION ( 'NONE',  ( 1.000000000000000000, 0.000000000000000000, 0.000000000000000000 ) ) ;
#6562 = CARTESIAN_POINT ( 'NONE',  ( -52.99999999999967315, -34.00000000000058265, 0.000000000000000000 ) ) ;
#6563 = DIRECTION ( 'NONE',  ( 1.000000000000000000, 0.000000000000000000, 0.000000000000000000 ) ) ;
#6564 = CARTESIAN_POINT ( 'NONE',  ( -1.999999999999876099, -34.00000000000022737, 0.000000000000000000 ) ) ;
#6565 = DIRECTION ( 'NONE',  ( -0.000000000000000000, -0.000000000000000000, -1.000000000000000000 ) ) ;
#6566 = ORIENTED_EDGE ( 'NONE', *, *, #10378, .T. ) ;
#6567 = DIRECTION ( 'NONE',  ( -0.000000000000000000, -0.000000000000000000, 1.000000000000000000 ) ) ;
#6568 = FACE_OUTER_BOUND ( 'NONE', #5792, .T. ) ;
#6569 = VECTOR ( 'NONE', #6862, 1000.000000000000000 ) ;
#6570 = ORIENTED_EDGE ( 'NONE', *, *, #6759, .T. ) ;
#6571 = EDGE_CURVE ( 'NONE', #5885, #1990, #366, .T. ) ;
#6572 = ORIENTED_EDGE ( 'NONE', *, *, #2718, .F. ) ;
#6573 = AXIS2_PLACEMENT_3D ( 'NONE', #4316, #11827, #747 ) ;
#6574 = DIRECTION ( 'NONE',  ( 1.000000000000000000, 0.000000000000000000, 0.000000000000000000 ) ) ;
#6575 = DIRECTION ( 'NONE',  ( 1.000000000000000000, 0.000000000000000000, 0.000000000000000000 ) ) ;
#6576 = CYLINDRICAL_SURFACE ( 'NONE', #9535, 2.000000000000001776 ) ;
#6577 = EDGE_LOOP ( 'NONE', ( #2724, #11835 ) ) ;
#6578 = DIRECTION ( 'NONE',  ( 1.000000000000000000, 0.000000000000000000, 0.000000000000000000 ) ) ;
#6579 = CARTESIAN_POINT ( 'NONE',  ( -1.999999999998634426, -130.0000000000000000, 0.000000000000000000 ) ) ;
#6580 = ORIENTED_EDGE ( 'NONE', *, *, #6505, .T. ) ;
#6581 = DIRECTION ( 'NONE',  ( -0.000000000000000000, -0.000000000000000000, 1.000000000000000000 ) ) ;
#6582 = DIRECTION ( 'NONE',  ( -0.000000000000000000, -0.000000000000000000, 1.000000000000000000 ) ) ;
#6583 = FACE_OUTER_BOUND ( 'NONE', #1963, .T. ) ;
#6584 = AXIS2_PLACEMENT_3D ( 'NONE', #4166, #5901, #489 ) ;
#6585 = VECTOR ( 'NONE', #9659, 1000.000000000000000 ) ;
#6586 = CARTESIAN_POINT ( 'NONE',  ( -99.99999999999994316, 0.000000000000000000, 5.000000000000000000 ) ) ;
#6587 = EDGE_LOOP ( 'NONE', ( #11628, #613, #214, #8776 ) ) ;
#6588 = CARTESIAN_POINT ( 'NONE',  ( -84.99999999999988631, -100.0000000000000284, 5.000000000000000000 ) ) ;
#6589 = PLANE ( 'NONE',  #305 ) ;
#6590 = VECTOR ( 'NONE', #10145, 1000.000000000000000 ) ;
#6591 = CARTESIAN_POINT ( 'NONE',  ( -92.49999999999984368, 92.50000000000011369, 0.000000000000000000 ) ) ;
#6592 = CARTESIAN_POINT ( 'NONE',  ( -135.0000000000000000, -14.99999999999999289, 0.000000000000000000 ) ) ;
#6593 = DIRECTION ( 'NONE',  ( 0.000000000000000000, 0.000000000000000000, 1.000000000000000000 ) ) ;
#6594 = ORIENTED_EDGE ( 'NONE', *, *, #6934, .T. ) ;
#6595 = CARTESIAN_POINT ( 'NONE',  ( -82.99999999999941735, -68.00000000000106581, 0.000000000000000000 ) ) ;
#6596 = DIRECTION ( 'NONE',  ( 1.000000000000000000, 0.000000000000000000, 0.000000000000000000 ) ) ;
#6597 = EDGE_LOOP ( 'NONE', ( #436, #4817 ) ) ;
#6598 = ORIENTED_EDGE ( 'NONE', *, *, #6362, .F. ) ;
#6599 = EDGE_CURVE ( 'NONE', #10616, #954, #2152, .T. ) ;
#6600 = ADVANCED_FACE ( 'NONE', ( #9648 ), #8546, .F. ) ;
#6601 = AXIS2_PLACEMENT_3D ( 'NONE', #7423, #8164, #4464 ) ;
#6602 = EDGE_CURVE ( 'NONE', #10435, #1568, #10697, .T. ) ;
#6603 = ORIENTED_EDGE ( 'NONE', *, *, #9470, .T. ) ;
#6604 = DIRECTION ( 'NONE',  ( 1.000000000000000000, 0.000000000000000000, 0.000000000000000000 ) ) ;
#6605 = EDGE_LOOP ( 'NONE', ( #3458, #60, #12090, #9579 ) ) ;
#6606 = EDGE_CURVE ( 'NONE', #3021, #5885, #1043, .T. ) ;
#6607 = FACE_BOUND ( 'NONE', #4405, .T. ) ;
#6608 = DIRECTION ( 'NONE',  ( 1.000000000000000000, 0.000000000000000000, 0.000000000000000000 ) ) ;
#6609 = DIRECTION ( 'NONE',  ( 1.000000000000000000, 0.000000000000000000, 0.000000000000000000 ) ) ;
#6610 = EDGE_LOOP ( 'NONE', ( #9783, #8194 ) ) ;
#6611 = DIRECTION ( 'NONE',  ( 1.000000000000000000, 0.000000000000000000, 0.000000000000000000 ) ) ;
#6612 = CARTESIAN_POINT ( 'NONE',  ( -1.999999999999751088, -68.00000000000044054, 0.000000000000000000 ) ) ;
#6613 = ORIENTED_EDGE ( 'NONE', *, *, #4052, .F. ) ;
#6614 = CIRCLE ( 'NONE', #7588, 2.000000000000001776 ) ;
#6615 = ORIENTED_EDGE ( 'NONE', *, *, #3618, .F. ) ;
#6616 = DIRECTION ( 'NONE',  ( 1.000000000000000000, 0.000000000000000000, 0.000000000000000000 ) ) ;
#6617 = VERTEX_POINT ( 'NONE', #9530 ) ;
#6618 = ORIENTED_EDGE ( 'NONE', *, *, #5636, .F. ) ;
#6619 = EDGE_LOOP ( 'NONE', ( #5164, #3532, #1315, #7065 ) ) ;
#6620 = DIRECTION ( 'NONE',  ( 0.000000000000000000, 0.000000000000000000, 1.000000000000000000 ) ) ;
#6621 = EDGE_CURVE ( 'NONE', #10886, #11676, #2095, .T. ) ;
#6622 = DIRECTION ( 'NONE',  ( -0.000000000000000000, -0.000000000000000000, 1.000000000000000000 ) ) ;
#6623 = CARTESIAN_POINT ( 'NONE',  ( -75.97499999999996589, 0.000000000000000000, 5.000000000000000000 ) ) ;
#6624 = FACE_BOUND ( 'NONE', #10110, .T. ) ;
#6625 = DIRECTION ( 'NONE',  ( -0.000000000000000000, -0.000000000000000000, 1.000000000000000000 ) ) ;
#6626 = VERTEX_POINT ( 'NONE', #4856 ) ;
#6627 = FACE_OUTER_BOUND ( 'NONE', #9729, .T. ) ;
#6628 = ADVANCED_FACE ( 'NONE', ( #9586 ), #4414, .F. ) ;
#6629 = CARTESIAN_POINT ( 'NONE',  ( 84.99999999999941735, 68.00000000000109424, 0.000000000000000000 ) ) ;
#6630 = ORIENTED_EDGE ( 'NONE', *, *, #11994, .F. ) ;
#6631 = ORIENTED_EDGE ( 'NONE', *, *, #2699, .F. ) ;
#6632 = CARTESIAN_POINT ( 'NONE',  ( 16.99999999999975131, 51.00000000000049027, 5.000000000000000000 ) ) ;
#6633 = DIRECTION ( 'NONE',  ( -0.000000000000000000, -0.000000000000000000, 1.000000000000000000 ) ) ;
#6634 = CARTESIAN_POINT ( 'NONE',  ( 86.99999999999984368, -50.99999999999975131, 0.000000000000000000 ) ) ;
#6635 = ORIENTED_EDGE ( 'NONE', *, *, #1438, .F. ) ;
#6636 = CARTESIAN_POINT ( 'NONE',  ( 34.00000000000009948, -68.00000000000022737, 0.000000000000000000 ) ) ;
#6637 = CARTESIAN_POINT ( 'NONE',  ( 69.99999999999943157, 85.00000000000110845, 0.000000000000000000 ) ) ;
#6638 = ORIENTED_EDGE ( 'NONE', *, *, #4060, .F. ) ;
#6639 = EDGE_CURVE ( 'NONE', #6299, #9549, #6157, .T. ) ;
#6640 = CARTESIAN_POINT ( 'NONE',  ( 84.99999999999971578, -16.99999999999951683, 0.000000000000000000 ) ) ;
#6641 = CARTESIAN_POINT ( 'NONE',  ( 1.406764103632366457E-12, -135.0000000000000000, 5.000000000000000000 ) ) ;
#6642 = CARTESIAN_POINT ( 'NONE',  ( -34.00000000000015632, 85.00000000000038369, 0.000000000000000000 ) ) ;
#6643 = DIRECTION ( 'NONE',  ( 1.000000000000000000, 0.000000000000000000, 0.000000000000000000 ) ) ;
#6644 = CIRCLE ( 'NONE', #970, 2.000000000000001776 ) ;
#6645 = VERTEX_POINT ( 'NONE', #1350 ) ;
#6646 = DIRECTION ( 'NONE',  ( -0.000000000000000000, -0.000000000000000000, 1.000000000000000000 ) ) ;
#6647 = DIRECTION ( 'NONE',  ( 0.000000000000000000, 0.000000000000000000, 1.000000000000000000 ) ) ;
#6648 = DIRECTION ( 'NONE',  ( 0.000000000000000000, 0.000000000000000000, 1.000000000000000000 ) ) ;
#6649 = DIRECTION ( 'NONE',  ( 0.000000000000000000, -0.000000000000000000, 1.000000000000000000 ) ) ;
#6650 = DIRECTION ( 'NONE',  ( 1.000000000000000000, 0.000000000000000000, 0.000000000000000000 ) ) ;
#6651 = ORIENTED_EDGE ( 'NONE', *, *, #9942, .T. ) ;
#6652 = CARTESIAN_POINT ( 'NONE',  ( -35.99999999999968736, -51.00000000000058975, 0.000000000000000000 ) ) ;
#6653 = FACE_OUTER_BOUND ( 'NONE', #2507, .T. ) ;
#6654 = AXIS2_PLACEMENT_3D ( 'NONE', #546, #7005, #7986 ) ;
#6655 = ORIENTED_EDGE ( 'NONE', *, *, #15, .F. ) ;
#6656 = ORIENTED_EDGE ( 'NONE', *, *, #914, .F. ) ;
#6657 = ORIENTED_EDGE ( 'NONE', *, *, #3456, .T. ) ;
#6658 = AXIS2_PLACEMENT_3D ( 'NONE', #12031, #11919, #6264 ) ;
#6659 = CIRCLE ( 'NONE', #1372, 2.000000000000001776 ) ;
#6660 = ADVANCED_FACE ( 'NONE', ( #6030 ), #1591, .F. ) ;
#6661 = CARTESIAN_POINT ( 'NONE',  ( 50.99999999999950262, 85.00000000000096634, 0.000000000000000000 ) ) ;
#6662 = ORIENTED_EDGE ( 'NONE', *, *, #6840, .F. ) ;
#6663 = FACE_BOUND ( 'NONE', #1590, .T. ) ;
#6664 = FACE_OUTER_BOUND ( 'NONE', #2336, .T. ) ;
#6665 = DIRECTION ( 'NONE',  ( 1.000000000000000000, 0.000000000000000000, 0.000000000000000000 ) ) ;
#6666 = VERTEX_POINT ( 'NONE', #495 ) ;
#6667 = DIRECTION ( 'NONE',  ( 0.000000000000000000, 0.000000000000000000, 1.000000000000000000 ) ) ;
#6668 = CARTESIAN_POINT ( 'NONE',  ( 52.99999999999979394, 3.747002708109903324E-13, 0.000000000000000000 ) ) ;
#6669 = ORIENTED_EDGE ( 'NONE', *, *, #5603, .T. ) ;
#6670 = ORIENTED_EDGE ( 'NONE', *, *, #6621, .F. ) ;
#6671 = DIRECTION ( 'NONE',  ( 0.000000000000000000, 0.000000000000000000, -1.000000000000000000 ) ) ;
#6672 = AXIS2_PLACEMENT_3D ( 'NONE', #9496, #9430, #3839 ) ;
#6673 = VECTOR ( 'NONE', #4934, 1000.000000000000000 ) ;
#6674 = ADVANCED_FACE ( 'NONE', ( #2281 ), #1413, .F. ) ;
#6675 = ORIENTED_EDGE ( 'NONE', *, *, #4669, .F. ) ;
#6676 = ORIENTED_EDGE ( 'NONE', *, *, #7503, .T. ) ;
#6677 = EDGE_CURVE ( 'NONE', #10729, #8848, #2423, .T. ) ;
#6678 = ORIENTED_EDGE ( 'NONE', *, *, #5866, .T. ) ;
#6679 = CARTESIAN_POINT ( 'NONE',  ( -94.02499999999982094, -79.02499999999996305, 5.000000000000000000 ) ) ;
#6680 = AXIS2_PLACEMENT_3D ( 'NONE', #9047, #10038, #7333 ) ;
#6681 = CARTESIAN_POINT ( 'NONE',  ( -52.99999999999961631, -51.00000000000070344, 0.000000000000000000 ) ) ;
#6682 = DIRECTION ( 'NONE',  ( 0.000000000000000000, 0.000000000000000000, 1.000000000000000000 ) ) ;
#6683 = FACE_BOUND ( 'NONE', #9515, .T. ) ;
#6684 = DIRECTION ( 'NONE',  ( 0.000000000000000000, 0.000000000000000000, 1.000000000000000000 ) ) ;
#6685 = ORIENTED_EDGE ( 'NONE', *, *, #3905, .T. ) ;
#6686 = LINE ( 'NONE', #2140, #2589 ) ;
#6687 = CARTESIAN_POINT ( 'NONE',  ( -1.999999999999695577, -85.00000000000055422, 0.000000000000000000 ) ) ;
#6688 = EDGE_CURVE ( 'NONE', #7265, #10896, #9279, .T. ) ;
#6689 = EDGE_CURVE ( 'NONE', #118, #6357, #1537, .T. ) ;
#6690 = EDGE_CURVE ( 'NONE', #772, #9506, #7990, .T. ) ;
#6691 = ORIENTED_EDGE ( 'NONE', *, *, #3242, .F. ) ;
#6692 = CIRCLE ( 'NONE', #1398, 2.000000000000001776 ) ;
#6693 = EDGE_LOOP ( 'NONE', ( #1541, #890 ) ) ;
#6694 = DIRECTION ( 'NONE',  ( 0.000000000000000000, 0.000000000000000000, 1.000000000000000000 ) ) ;
#6695 = CARTESIAN_POINT ( 'NONE',  ( 84.99999999999965894, 6.106226635438360972E-13, 5.000000000000000000 ) ) ;
#6696 = CYLINDRICAL_SURFACE ( 'NONE', #693, 2.000000000000001776 ) ;
#6697 = CIRCLE ( 'NONE', #6120, 2.000000000000001776 ) ;
#6698 = ORIENTED_EDGE ( 'NONE', *, *, #11357, .F. ) ;
#6699 = DIRECTION ( 'NONE',  ( 0.000000000000000000, 0.000000000000000000, 1.000000000000000000 ) ) ;
#6700 = DIRECTION ( 'NONE',  ( 0.000000000000000000, 0.000000000000000000, -1.000000000000000000 ) ) ;
#6701 = ORIENTED_EDGE ( 'NONE', *, *, #11337, .F. ) ;
#6702 = CARTESIAN_POINT ( 'NONE',  ( 3.595712070532895536E-13, -79.02499999999960778, 0.000000000000000000 ) ) ;
#6703 = FACE_OUTER_BOUND ( 'NONE', #5154, .T. ) ;
#6704 = CARTESIAN_POINT ( 'NONE',  ( -84.99999999999967315, -5.828670879282071837E-13, 5.000000000000000000 ) ) ;
#6705 = CIRCLE ( 'NONE', #7295, 2.000000000000001776 ) ;
#6706 = ORIENTED_EDGE ( 'NONE', *, *, #2620, .T. ) ;
#6707 = EDGE_CURVE ( 'NONE', #8477, #7735, #9858, .T. ) ;
#6708 = ORIENTED_EDGE ( 'NONE', *, *, #9015, .T. ) ;
#6709 = DIRECTION ( 'NONE',  ( 0.000000000000000000, 0.000000000000000000, 1.000000000000000000 ) ) ;
#6710 = CARTESIAN_POINT ( 'NONE',  ( 65.99999999999955946, 51.00000000000085265, 5.000000000000000000 ) ) ;
#6711 = CYLINDRICAL_SURFACE ( 'NONE', #5124, 15.00000000000000000 ) ;
#6712 = DIRECTION ( 'NONE',  ( 1.000000000000000000, 0.000000000000000000, 0.000000000000000000 ) ) ;
#6713 = VERTEX_POINT ( 'NONE', #423 ) ;
#6714 = CYLINDRICAL_SURFACE ( 'NONE', #5755, 2.000000000000001776 ) ;
#6715 = CARTESIAN_POINT ( 'NONE',  ( 2.000000000001358025, -130.0000000000000000, 5.000000000000000000 ) ) ;
#6716 = AXIS2_PLACEMENT_3D ( 'NONE', #7584, #4678, #3943 ) ;
#6717 = ORIENTED_EDGE ( 'NONE', *, *, #10341, .F. ) ;
#6718 = EDGE_LOOP ( 'NONE', ( #7158, #9684 ) ) ;
#6719 = EDGE_CURVE ( 'NONE', #10155, #11142, #10474, .T. ) ;
#6720 = ORIENTED_EDGE ( 'NONE', *, *, #10900, .F. ) ;
#6721 = AXIS2_PLACEMENT_3D ( 'NONE', #2892, #5317, #11900 ) ;
#6722 = DIRECTION ( 'NONE',  ( -0.000000000000000000, -0.000000000000000000, 1.000000000000000000 ) ) ;
#6723 = ORIENTED_EDGE ( 'NONE', *, *, #5226, .F. ) ;
#6724 = FACE_OUTER_BOUND ( 'NONE', #3641, .T. ) ;
#6725 = DIRECTION ( 'NONE',  ( -0.000000000000000000, -0.000000000000000000, 1.000000000000000000 ) ) ;
#6726 = CYLINDRICAL_SURFACE ( 'NONE', #1375, 2.000000000000001776 ) ;
#6727 = PLANE ( 'NONE',  #4737 ) ;
#6728 = DIRECTION ( 'NONE',  ( 1.000000000000000000, 0.000000000000000000, 0.000000000000000000 ) ) ;
#6729 = VERTEX_POINT ( 'NONE', #9775 ) ;
#6730 = VERTEX_POINT ( 'NONE', #7129 ) ;
#6731 = LINE ( 'NONE', #159, #10463 ) ;
#6732 = CIRCLE ( 'NONE', #5167, 2.000000000000001776 ) ;
#6733 = CIRCLE ( 'NONE', #1034, 2.000000000000001776 ) ;
#6734 = EDGE_CURVE ( 'NONE', #2922, #10849, #3006, .T. ) ;
#6735 = VECTOR ( 'NONE', #10137, 1000.000000000000000 ) ;
#6736 = ORIENTED_EDGE ( 'NONE', *, *, #15, .T. ) ;
#6737 = ORIENTED_EDGE ( 'NONE', *, *, #7150, .T. ) ;
#6738 = CIRCLE ( 'NONE', #1821, 15.00000000000000000 ) ;
#6739 = FACE_OUTER_BOUND ( 'NONE', #2581, .T. ) ;
#6740 = VERTEX_POINT ( 'NONE', #7066 ) ;
#6741 = DIRECTION ( 'NONE',  ( 1.000000000000000000, 0.000000000000000000, 0.000000000000000000 ) ) ;
#6742 = AXIS2_PLACEMENT_3D ( 'NONE', #1029, #2691, #4594 ) ;
#6743 = CIRCLE ( 'NONE', #3208, 2.000000000000001776 ) ;
#6744 = DIRECTION ( 'NONE',  ( -1.000000000000000000, 0.000000000000000000, 0.000000000000000000 ) ) ;
#6745 = CARTESIAN_POINT ( 'NONE',  ( -90.97499999999982379, 0.000000000000000000, 0.000000000000000000 ) ) ;
#6746 = DIRECTION ( 'NONE',  ( -0.000000000000000000, -0.000000000000000000, 1.000000000000000000 ) ) ;
#6747 = VERTEX_POINT ( 'NONE', #2460 ) ;
#6748 = DIRECTION ( 'NONE',  ( 0.000000000000000000, 0.000000000000000000, 1.000000000000000000 ) ) ;
#6749 = EDGE_CURVE ( 'NONE', #3239, #10849, #11865, .T. ) ;
#6750 = AXIS2_PLACEMENT_3D ( 'NONE', #2792, #3706, #7464 ) ;
#6751 = VERTEX_POINT ( 'NONE', #3491 ) ;
#6752 = ORIENTED_EDGE ( 'NONE', *, *, #3755, .F. ) ;
#6753 = ADVANCED_FACE ( 'NONE', ( #8104 ), #10938, .T. ) ;
#6754 = DIRECTION ( 'NONE',  ( -0.000000000000000000, -0.000000000000000000, 1.000000000000000000 ) ) ;
#6755 = CARTESIAN_POINT ( 'NONE',  ( -31.99999999999986144, -2.220446049250313081E-13, 0.000000000000000000 ) ) ;
#6756 = VECTOR ( 'NONE', #11199, 1000.000000000000000 ) ;
#6757 = DIRECTION ( 'NONE',  ( 1.000000000000000000, 0.000000000000000000, 0.000000000000000000 ) ) ;
#6758 = EDGE_CURVE ( 'NONE', #11531, #9926, #6268, .T. ) ;
#6759 = EDGE_CURVE ( 'NONE', #3833, #11480, #10015, .T. ) ;
#6760 = ORIENTED_EDGE ( 'NONE', *, *, #4917, .F. ) ;
#6761 = CIRCLE ( 'NONE', #3034, 2.000000000000001776 ) ;
#6762 = DIRECTION ( 'NONE',  ( 0.000000000000000000, -0.000000000000000000, 1.000000000000000000 ) ) ;
#6763 = DIRECTION ( 'NONE',  ( 1.042240231225009585E-14, -1.000000000000000000, 0.000000000000000000 ) ) ;
#6764 = EDGE_LOOP ( 'NONE', ( #2925, #1264, #2366, #906 ) ) ;
#6765 = DIRECTION ( 'NONE',  ( -0.000000000000000000, -0.000000000000000000, 1.000000000000000000 ) ) ;
#6766 = CARTESIAN_POINT ( 'NONE',  ( -33.99999999999997158, 34.00000000000000000, 0.000000000000000000 ) ) ;
#6767 = EDGE_CURVE ( 'NONE', #7728, #2667, #11050, .T. ) ;
#6768 = CARTESIAN_POINT ( 'NONE',  ( 48.99999999999962341, 51.00000000000071054, 0.000000000000000000 ) ) ;
#6769 = AXIS2_PLACEMENT_3D ( 'NONE', #2341, #2222, #6886 ) ;
#6770 = EDGE_LOOP ( 'NONE', ( #2633, #934, #11515, #11917 ) ) ;
#6771 = AXIS2_PLACEMENT_3D ( 'NONE', #3221, #7777, #10547 ) ;
#6772 = ORIENTED_EDGE ( 'NONE', *, *, #847, .F. ) ;
#6773 = FACE_OUTER_BOUND ( 'NONE', #10247, .T. ) ;
#6774 = DIRECTION ( 'NONE',  ( 1.000000000000000000, 0.000000000000000000, 0.000000000000000000 ) ) ;
#6775 = ADVANCED_FACE ( 'NONE', ( #6087 ), #5584, .F. ) ;
#6776 = CARTESIAN_POINT ( 'NONE',  ( 99.99999999999994316, -30.00000000000001421, 5.000000000000000000 ) ) ;
#6777 = CIRCLE ( 'NONE', #1485, 2.000000000000001776 ) ;
#6778 = DIRECTION ( 'NONE',  ( 0.000000000000000000, 0.000000000000000000, 1.000000000000000000 ) ) ;
#6779 = ORIENTED_EDGE ( 'NONE', *, *, #4874, .T. ) ;
#6780 = DIRECTION ( 'NONE',  ( 0.000000000000000000, 0.000000000000000000, 1.000000000000000000 ) ) ;
#6781 = LINE ( 'NONE', #141, #1419 ) ;
#6782 = ORIENTED_EDGE ( 'NONE', *, *, #3891, .T. ) ;
#6783 = AXIS2_PLACEMENT_3D ( 'NONE', #8130, #9105, #7214 ) ;
#6784 = ORIENTED_EDGE ( 'NONE', *, *, #10432, .T. ) ;
#6785 = EDGE_CURVE ( 'NONE', #9539, #4444, #907, .T. ) ;
#6786 = ORIENTED_EDGE ( 'NONE', *, *, #7696, .T. ) ;
#6787 = VECTOR ( 'NONE', #11986, 1000.000000000000000 ) ;
#6788 = LINE ( 'NONE', #2119, #1567 ) ;
#6789 = ORIENTED_EDGE ( 'NONE', *, *, #8141, .T. ) ;
#6790 = FACE_BOUND ( 'NONE', #3711, .T. ) ;
#6791 = DIRECTION ( 'NONE',  ( 0.000000000000000000, 0.000000000000000000, 1.000000000000000000 ) ) ;
#6792 = LINE ( 'NONE', #1808, #3932 ) ;
#6793 = FACE_OUTER_BOUND ( 'NONE', #4973, .T. ) ;
#6794 = CARTESIAN_POINT ( 'NONE',  ( 84.99999999999984368, -50.99999999999975131, 0.000000000000000000 ) ) ;
#6795 = EDGE_LOOP ( 'NONE', ( #1309, #28 ) ) ;
#6796 = ORIENTED_EDGE ( 'NONE', *, *, #1655, .T. ) ;
#6797 = DIRECTION ( 'NONE',  ( -0.000000000000000000, -0.000000000000000000, 1.000000000000000000 ) ) ;
#6798 = EDGE_CURVE ( 'NONE', #4761, #6740, #4652, .T. ) ;
#6799 = CIRCLE ( 'NONE', #11310, 2.000000000000001776 ) ;
#6800 = EDGE_LOOP ( 'NONE', ( #7664, #4365 ) ) ;
#6801 = ORIENTED_EDGE ( 'NONE', *, *, #11872, .F. ) ;
#6802 = CARTESIAN_POINT ( 'NONE',  ( 50.99999999999985079, -16.99999999999975131, 0.000000000000000000 ) ) ;
#6803 = ORIENTED_EDGE ( 'NONE', *, *, #4271, .F. ) ;
#6804 = CARTESIAN_POINT ( 'NONE',  ( 69.99999999999943157, 85.00000000000110845, 5.000000000000000000 ) ) ;
#6805 = CIRCLE ( 'NONE', #10731, 2.000000000000001776 ) ;
#6806 = DIRECTION ( 'NONE',  ( 0.000000000000000000, -0.000000000000000000, -1.000000000000000000 ) ) ;
#6807 = CARTESIAN_POINT ( 'NONE',  ( 84.99999999999947420, 51.00000000000095923, 0.000000000000000000 ) ) ;
#6808 = DIRECTION ( 'NONE',  ( 0.000000000000000000, 0.000000000000000000, 1.000000000000000000 ) ) ;
#6809 = ORIENTED_EDGE ( 'NONE', *, *, #9308, .F. ) ;
#6810 = CARTESIAN_POINT ( 'NONE',  ( 14.99999999999960920, 114.9999999999999574, 5.000000000000000000 ) ) ;
#6811 =( NAMED_UNIT ( * ) PLANE_ANGLE_UNIT ( ) SI_UNIT ( $, .RADIAN. ) );
#6812 = AXIS2_PLACEMENT_3D ( 'NONE', #5906, #7685, #7809 ) ;
#6813 = ORIENTED_EDGE ( 'NONE', *, *, #8052, .T. ) ;
#6814 = EDGE_LOOP ( 'NONE', ( #10065, #6267 ) ) ;
#6815 = DIRECTION ( 'NONE',  ( 1.000000000000000000, 0.000000000000000000, 0.000000000000000000 ) ) ;
#6816 = CARTESIAN_POINT ( 'NONE',  ( 75.97499999999996589, 0.000000000000000000, 0.000000000000000000 ) ) ;
#6817 = EDGE_CURVE ( 'NONE', #4888, #8389, #1828, .T. ) ;
#6818 = DIRECTION ( 'NONE',  ( 0.000000000000000000, 0.000000000000000000, -1.000000000000000000 ) ) ;
#6819 = ORIENTED_EDGE ( 'NONE', *, *, #4787, .T. ) ;
#6820 = CYLINDRICAL_SURFACE ( 'NONE', #2574, 2.000000000000001776 ) ;
#6821 = DIRECTION ( 'NONE',  ( 1.000000000000000000, 0.000000000000000000, 0.000000000000000000 ) ) ;
#6822 = ORIENTED_EDGE ( 'NONE', *, *, #11031, .F. ) ;
#6823 = LINE ( 'NONE', #8607, #11262 ) ;
#6824 = PLANE ( 'NONE',  #10069 ) ;
#6825 = EDGE_CURVE ( 'NONE', #8735, #4267, #2223, .T. ) ;
#6826 = DIRECTION ( 'NONE',  ( -0.000000000000000000, -0.000000000000000000, 1.000000000000000000 ) ) ;
#6827 = ADVANCED_FACE ( 'NONE', ( #1653 ), #10189, .T. ) ;
#6828 = VERTEX_POINT ( 'NONE', #8462 ) ;
#6829 = EDGE_LOOP ( 'NONE', ( #5569, #2255, #6007, #5687 ) ) ;
#6830 = DIRECTION ( 'NONE',  ( 1.000000000000000000, 0.000000000000000000, 0.000000000000000000 ) ) ;
#6831 = ADVANCED_FACE ( 'NONE', ( #2813 ), #5406, .F. ) ;
#6832 = CARTESIAN_POINT ( 'NONE',  ( 34.00000000000003553, -51.00000000000010658, 0.000000000000000000 ) ) ;
#6833 = CARTESIAN_POINT ( 'NONE',  ( 1.942890293094023946E-13, -51.00000000000032685, 0.000000000000000000 ) ) ;
#6834 = DIRECTION ( 'NONE',  ( 0.000000000000000000, 0.000000000000000000, -1.000000000000000000 ) ) ;
#6835 = VERTEX_POINT ( 'NONE', #9390 ) ;
#6836 = DIRECTION ( 'NONE',  ( 1.000000000000000000, 0.000000000000000000, 0.000000000000000000 ) ) ;
#6837 = CARTESIAN_POINT ( 'NONE',  ( -67.99999999999954525, -51.00000000000082423, 0.000000000000000000 ) ) ;
#6838 = ORIENTED_EDGE ( 'NONE', *, *, #7850, .T. ) ;
#6839 = ORIENTED_EDGE ( 'NONE', *, *, #7506, .F. ) ;
#6840 = EDGE_CURVE ( 'NONE', #4163, #5383, #12037, .T. ) ;
#6841 = ADVANCED_FACE ( 'NONE', ( #8281 ), #9333, .F. ) ;
#6842 = EDGE_LOOP ( 'NONE', ( #7723, #817 ) ) ;
#6843 = CARTESIAN_POINT ( 'NONE',  ( 69.99999999999961631, 34.00000000000071054, 0.000000000000000000 ) ) ;
#6844 = ADVANCED_FACE ( 'NONE', ( #2690 ), #12152, .F. ) ;
#6845 = VERTEX_POINT ( 'NONE', #3795 ) ;
#6846 = FACE_BOUND ( 'NONE', #90, .T. ) ;
#6847 = AXIS2_PLACEMENT_3D ( 'NONE', #5965, #6025, #4167 ) ;
#6848 = DIRECTION ( 'NONE',  ( 1.000000000000000000, 0.000000000000000000, 0.000000000000000000 ) ) ;
#6849 = LINE ( 'NONE', #11653, #8438 ) ;
#6850 = SURFACE_STYLE_FILL_AREA ( #4082 ) ;
#6851 = DIRECTION ( 'NONE',  ( -0.000000000000000000, -0.000000000000000000, 1.000000000000000000 ) ) ;
#6852 = CARTESIAN_POINT ( 'NONE',  ( -75.97499999999996589, 94.02500000000000568, 0.000000000000000000 ) ) ;
#6853 = VERTEX_POINT ( 'NONE', #728 ) ;
#6854 = ORIENTED_EDGE ( 'NONE', *, *, #9995, .T. ) ;
#6855 = CARTESIAN_POINT ( 'NONE',  ( 0.000000000000000000, 75.97499999999998010, 5.000000000000000000 ) ) ;
#6856 = CIRCLE ( 'NONE', #1555, 2.000000000000001776 ) ;
#6857 = ORIENTED_EDGE ( 'NONE', *, *, #2116, .F. ) ;
#6858 = ORIENTED_EDGE ( 'NONE', *, *, #2553, .F. ) ;
#6859 = DIRECTION ( 'NONE',  ( 0.000000000000000000, -0.000000000000000000, -1.000000000000000000 ) ) ;
#6860 = EDGE_CURVE ( 'NONE', #7700, #1527, #11237, .T. ) ;
#6861 = ORIENTED_EDGE ( 'NONE', *, *, #9115, .T. ) ;
#6862 = DIRECTION ( 'NONE',  ( -0.000000000000000000, -0.000000000000000000, 1.000000000000000000 ) ) ;
#6863 = DIRECTION ( 'NONE',  ( 1.042240231225009585E-14, -1.000000000000000000, 0.000000000000000000 ) ) ;
#6864 = FACE_OUTER_BOUND ( 'NONE', #974, .T. ) ;
#6865 = DIRECTION ( 'NONE',  ( 0.000000000000000000, 0.000000000000000000, 1.000000000000000000 ) ) ;
#6866 = ORIENTED_EDGE ( 'NONE', *, *, #9809, .T. ) ;
#6867 = AXIS2_PLACEMENT_3D ( 'NONE', #7709, #8627, #203 ) ;
#6868 = DIRECTION ( 'NONE',  ( 1.000000000000000000, 0.000000000000000000, 0.000000000000000000 ) ) ;
#6869 = DIRECTION ( 'NONE',  ( -0.000000000000000000, -0.000000000000000000, 1.000000000000000000 ) ) ;
#6870 = ORIENTED_EDGE ( 'NONE', *, *, #6124, .F. ) ;
#6871 = AXIS2_PLACEMENT_3D ( 'NONE', #6054, #7033, #8014 ) ;
#6872 = EDGE_LOOP ( 'NONE', ( #6858, #4213, #10366, #9427 ) ) ;
#6873 = EDGE_CURVE ( 'NONE', #8848, #10729, #3781, .T. ) ;
#6874 = VECTOR ( 'NONE', #1897, 1000.000000000000000 ) ;
#6875 = DIRECTION ( 'NONE',  ( 1.000000000000000000, 0.000000000000000000, 0.000000000000000000 ) ) ;
#6876 = DIRECTION ( 'NONE',  ( 1.000000000000000000, 0.000000000000000000, 0.000000000000000000 ) ) ;
#6877 = CARTESIAN_POINT ( 'NONE',  ( 67.99999999999995737, -67.99999999999998579, 0.000000000000000000 ) ) ;
#6878 = CARTESIAN_POINT ( 'NONE',  ( 79.02499999999996305, 90.97500000000000853, 5.000000000000000000 ) ) ;
#6879 = ORIENTED_EDGE ( 'NONE', *, *, #2755, .F. ) ;
#6880 = CARTESIAN_POINT ( 'NONE',  ( 36.00000000000009948, -68.00000000000022737, 0.000000000000000000 ) ) ;
#6881 = ORIENTED_EDGE ( 'NONE', *, *, #6162, .T. ) ;
#6882 = FACE_OUTER_BOUND ( 'NONE', #10806, .T. ) ;
#6883 = DIRECTION ( 'NONE',  ( 1.000000000000000000, 0.000000000000000000, 0.000000000000000000 ) ) ;
#6884 = AXIS2_PLACEMENT_3D ( 'NONE', #6102, #5916, #1179 ) ;
#6885 = AXIS2_PLACEMENT_3D ( 'NONE', #9180, #589, #6370 ) ;
#6886 = DIRECTION ( 'NONE',  ( 1.000000000000000000, 0.000000000000000000, 0.000000000000000000 ) ) ;
#6887 = ADVANCED_FACE ( 'NONE', ( #3609 ), #9258, .F. ) ;
#6888 = EDGE_LOOP ( 'NONE', ( #11290, #6372, #5877, #5878 ) ) ;
#6889 = VERTEX_POINT ( 'NONE', #4591 ) ;
#6890 = AXIS2_PLACEMENT_3D ( 'NONE', #4223, #9181, #6257 ) ;
#6891 = LINE ( 'NONE', #4121, #2073 ) ;
#6892 = LINE ( 'NONE', #2048, #8146 ) ;
#6893 = ORIENTED_EDGE ( 'NONE', *, *, #11341, .F. ) ;
#6894 = CYLINDRICAL_SURFACE ( 'NONE', #5318, 2.000000000000001776 ) ;
#6895 = DIRECTION ( 'NONE',  ( 1.000000000000000000, 0.000000000000000000, 0.000000000000000000 ) ) ;
#6896 = ORIENTED_EDGE ( 'NONE', *, *, #527, .F. ) ;
#6897 = CARTESIAN_POINT ( 'NONE',  ( -3.595712070532895536E-13, 79.02499999999960778, 5.000000000000000000 ) ) ;
#6898 = CARTESIAN_POINT ( 'NONE',  ( 2.000000000000070166, -17.00000000000011369, 0.000000000000000000 ) ) ;
#6899 = EDGE_LOOP ( 'NONE', ( #10603, #11768 ) ) ;
#6900 = VECTOR ( 'NONE', #10847, 1000.000000000000000 ) ;
#6901 = EDGE_CURVE ( 'NONE', #9294, #3584, #3199, .T. ) ;
#6902 = EDGE_LOOP ( 'NONE', ( #10937, #3332, #11225, #10713 ) ) ;
#6903 = DIRECTION ( 'NONE',  ( 0.000000000000000000, 0.000000000000000000, 1.000000000000000000 ) ) ;
#6904 = EDGE_LOOP ( 'NONE', ( #8727, #10164, #4055, #10942 ) ) ;
#6905 = CARTESIAN_POINT ( 'NONE',  ( 3.595712070532895536E-13, 79.02499999999960778, 5.000000000000000000 ) ) ;
#6906 = EDGE_CURVE ( 'NONE', #11526, #4590, #2634, .T. ) ;
#6907 = CIRCLE ( 'NONE', #10841, 2.000000000000001776 ) ;
#6908 = DIRECTION ( 'NONE',  ( 1.000000000000000000, 0.000000000000000000, 0.000000000000000000 ) ) ;
#6909 = CARTESIAN_POINT ( 'NONE',  ( -65.99999999999943157, -85.00000000000106581, 0.000000000000000000 ) ) ;
#6910 = FACE_BOUND ( 'NONE', #1103, .T. ) ;
#6911 = EDGE_CURVE ( 'NONE', #7890, #1584, #4767, .T. ) ;
#6912 = EDGE_CURVE ( 'NONE', #10002, #367, #5756, .T. ) ;
#6913 = CARTESIAN_POINT ( 'NONE',  ( -52.99999999999980815, -3.328219780277174918E-13, 5.000000000000000000 ) ) ;
#6914 = CYLINDRICAL_SURFACE ( 'NONE', #4339, 2.000000000000001776 ) ;
#6915 = VERTEX_POINT ( 'NONE', #11305 ) ;
#6916 = ORIENTED_EDGE ( 'NONE', *, *, #4204, .T. ) ;
#6917 = CYLINDRICAL_SURFACE ( 'NONE', #1026, 2.000000000000001776 ) ;
#6918 = EDGE_CURVE ( 'NONE', #10644, #9098, #11363, .T. ) ;
#6919 = VECTOR ( 'NONE', #442, 1000.000000000000000 ) ;
#6920 = VECTOR ( 'NONE', #10672, 1000.000000000000000 ) ;
#6921 = ORIENTED_EDGE ( 'NONE', *, *, #11259, .F. ) ;
#6922 = VERTEX_POINT ( 'NONE', #5769 ) ;
#6923 = CARTESIAN_POINT ( 'NONE',  ( 52.99999999999968026, 34.00000000000059686, 5.000000000000000000 ) ) ;
#6924 = ORIENTED_EDGE ( 'NONE', *, *, #11493, .F. ) ;
#6925 = DIRECTION ( 'NONE',  ( 0.000000000000000000, 0.000000000000000000, 1.000000000000000000 ) ) ;
#6926 = CARTESIAN_POINT ( 'NONE',  ( 3.053113317719180486E-13, -85.00000000000055422, 0.000000000000000000 ) ) ;
#6927 = CARTESIAN_POINT ( 'NONE',  ( -90.97499999999986642, 0.000000000000000000, 5.000000000000000000 ) ) ;
#6928 = CIRCLE ( 'NONE', #47, 2.000000000000000000 ) ;
#6929 = DIRECTION ( 'NONE',  ( 0.000000000000000000, 0.000000000000000000, 1.000000000000000000 ) ) ;
#6930 = ORIENTED_EDGE ( 'NONE', *, *, #8495, .F. ) ;
#6931 = CARTESIAN_POINT ( 'NONE',  ( -52.99999999999997868, 51.00000000000001421, 0.000000000000000000 ) ) ;
#6932 = AXIS2_PLACEMENT_3D ( 'NONE', #10637, #8664, #2214 ) ;
#6933 =( NAMED_UNIT ( * ) SI_UNIT ( $, .STERADIAN. ) SOLID_ANGLE_UNIT ( ) );
#6934 = EDGE_CURVE ( 'NONE', #5221, #1889, #4543, .T. ) ;
#6935 = EDGE_LOOP ( 'NONE', ( #1385, #10611, #10458, #3339 ) ) ;
#6936 = CIRCLE ( 'NONE', #10078, 2.000000000000000888 ) ;
#6937 = ORIENTED_EDGE ( 'NONE', *, *, #11896, .T. ) ;
#6938 = AXIS2_PLACEMENT_3D ( 'NONE', #11992, #8924, #11765 ) ;
#6939 = CYLINDRICAL_SURFACE ( 'NONE', #3831, 2.000000000000000000 ) ;
#6940 = DIRECTION ( 'NONE',  ( 0.000000000000000000, 1.000000000000000000, -0.000000000000000000 ) ) ;
#6941 = DIRECTION ( 'NONE',  ( 1.000000000000000000, 0.000000000000000000, 0.000000000000000000 ) ) ;
#6942 = DIRECTION ( 'NONE',  ( 1.000000000000000000, 0.000000000000000000, 0.000000000000000000 ) ) ;
#6943 = VERTEX_POINT ( 'NONE', #6810 ) ;
#6944 = DIRECTION ( 'NONE',  ( -0.000000000000000000, 0.000000000000000000, -1.000000000000000000 ) ) ;
#6945 = AXIS2_PLACEMENT_3D ( 'NONE', #5813, #11589, #9558 ) ;
#6946 = EDGE_LOOP ( 'NONE', ( #5796, #3731, #8911, #11464 ) ) ;
#6947 = DIRECTION ( 'NONE',  ( 1.000000000000000000, 0.000000000000000000, 0.000000000000000000 ) ) ;
#6948 = DIRECTION ( 'NONE',  ( 0.000000000000000000, 0.000000000000000000, 1.000000000000000000 ) ) ;
#6949 = AXIS2_PLACEMENT_3D ( 'NONE', #6640, #10396, #12054 ) ;
#6950 = EDGE_CURVE ( 'NONE', #3336, #5781, #4041, .T. ) ;
#6951 = CARTESIAN_POINT ( 'NONE',  ( 67.99999999999972999, 4.857225732735059864E-13, 0.000000000000000000 ) ) ;
#6952 = ORIENTED_EDGE ( 'NONE', *, *, #8943, .T. ) ;
#6953 = VECTOR ( 'NONE', #4673, 1000.000000000000000 ) ;
#6954 = ORIENTED_EDGE ( 'NONE', *, *, #5494, .F. ) ;
#6955 = CARTESIAN_POINT ( 'NONE',  ( -18.99999999999998934, 17.00000000000001421, 0.000000000000000000 ) ) ;
#6956 = CIRCLE ( 'NONE', #1657, 2.000000000000000000 ) ;
#6957 = CARTESIAN_POINT ( 'NONE',  ( -2.000000000000278444, 85.00000000000055422, 0.000000000000000000 ) ) ;
#6958 = FACE_OUTER_BOUND ( 'NONE', #6888, .T. ) ;
#6959 = ORIENTED_EDGE ( 'NONE', *, *, #1783, .T. ) ;
#6960 = CARTESIAN_POINT ( 'NONE',  ( -33.99999999999992184, 16.99999999999988987, 0.000000000000000000 ) ) ;
#6961 = DIRECTION ( 'NONE',  ( -1.000000000000000000, 0.000000000000000000, 0.000000000000000000 ) ) ;
#6962 = ORIENTED_EDGE ( 'NONE', *, *, #5573, .F. ) ;
#6963 = DIRECTION ( 'NONE',  ( -0.000000000000000000, -0.000000000000000000, 1.000000000000000000 ) ) ;
#6964 = DIRECTION ( 'NONE',  ( 0.000000000000000000, 0.000000000000000000, 1.000000000000000000 ) ) ;
#6965 = ORIENTED_EDGE ( 'NONE', *, *, #8495, .T. ) ;
#6966 = VECTOR ( 'NONE', #4611, 1000.000000000000000 ) ;
#6967 = VECTOR ( 'NONE', #11957, 1000.000000000000000 ) ;
#6968 = EDGE_LOOP ( 'NONE', ( #10676, #2949 ) ) ;
#6969 = VECTOR ( 'NONE', #9847, 1000.000000000000000 ) ;
#6970 = CARTESIAN_POINT ( 'NONE',  ( -14.99999999999998757, 17.00000000000001421, 0.000000000000000000 ) ) ;
#6971 = DIRECTION ( 'NONE',  ( 1.000000000000000000, 0.000000000000000000, 0.000000000000000000 ) ) ;
#6972 = CIRCLE ( 'NONE', #3250, 2.000000000000001776 ) ;
#6973 = PLANE ( 'NONE',  #2815 ) ;
#6974 = DIRECTION ( 'NONE',  ( 1.000000000000000000, 0.000000000000000000, 0.000000000000000000 ) ) ;
#6975 = EDGE_CURVE ( 'NONE', #2996, #9538, #1278, .T. ) ;
#6976 = EDGE_CURVE ( 'NONE', #10964, #358, #2085, .T. ) ;
#6977 = FACE_BOUND ( 'NONE', #8290, .T. ) ;
#6978 = DIRECTION ( 'NONE',  ( 1.000000000000000000, 0.000000000000000000, 0.000000000000000000 ) ) ;
#6979 = CARTESIAN_POINT ( 'NONE',  ( -82.99999999999937472, -85.00000000000117950, 0.000000000000000000 ) ) ;
#6980 = ORIENTED_EDGE ( 'NONE', *, *, #5467, .T. ) ;
#6981 = ORIENTED_EDGE ( 'NONE', *, *, #9840, .T. ) ;
#6982 = CARTESIAN_POINT ( 'NONE',  ( 67.99999999999967315, 17.00000000000059686, 0.000000000000000000 ) ) ;
#6983 = AXIS2_PLACEMENT_3D ( 'NONE', #3186, #6080, #10810 ) ;
#6984 = EDGE_CURVE ( 'NONE', #7900, #9323, #354, .T. ) ;
#6985 = CIRCLE ( 'NONE', #3633, 2.000000000000001776 ) ;
#6986 = EDGE_LOOP ( 'NONE', ( #516, #899, #9467, #5897 ) ) ;
#6987 = EDGE_CURVE ( 'NONE', #4946, #2212, #12012, .T. ) ;
#6988 = ORIENTED_EDGE ( 'NONE', *, *, #2072, .F. ) ;
#6989 = CARTESIAN_POINT ( 'NONE',  ( -1.665334536937734811E-13, 51.00000000000031974, 5.000000000000000000 ) ) ;
#6990 = ORIENTED_EDGE ( 'NONE', *, *, #11014, .F. ) ;
#6991 = CARTESIAN_POINT ( 'NONE',  ( 65.99999999999978684, -16.99999999999964118, 0.000000000000000000 ) ) ;
#6992 = CARTESIAN_POINT ( 'NONE',  ( -15.00000000000000533, -1.563360346837514757E-13, -0.000000000000000000 ) ) ;
#6993 = DIRECTION ( 'NONE',  ( 1.000000000000000000, 0.000000000000000000, 0.000000000000000000 ) ) ;
#6994 = ADVANCED_FACE ( 'NONE', ( #6627 ), #10566, .F. ) ;
#6995 = EDGE_CURVE ( 'NONE', #10358, #11902, #6686, .T. ) ;
#6996 = CARTESIAN_POINT ( 'NONE',  ( 114.9999999999999432, -15.00000000000001066, 0.000000000000000000 ) ) ;
#6997 = ORIENTED_EDGE ( 'NONE', *, *, #7238, .T. ) ;
#6998 = VECTOR ( 'NONE', #3821, 1000.000000000000000 ) ;
#6999 = CARTESIAN_POINT ( 'NONE',  ( -16.99999999999964118, -85.00000000000069633, 5.000000000000000000 ) ) ;
#7000 = ORIENTED_EDGE ( 'NONE', *, *, #7345, .F. ) ;
#7001 = EDGE_CURVE ( 'NONE', #4535, #4163, #10049, .T. ) ;
#7002 = ORIENTED_EDGE ( 'NONE', *, *, #5839, .T. ) ;
#7003 = AXIS2_PLACEMENT_3D ( 'NONE', #7638, #11389, #3275 ) ;
#7004 = CARTESIAN_POINT ( 'NONE',  ( -79.02499999999996305, 94.02500000000000568, 5.000000000000000000 ) ) ;
#7005 = DIRECTION ( 'NONE',  ( 0.000000000000000000, 0.000000000000000000, 1.000000000000000000 ) ) ;
#7006 = EDGE_CURVE ( 'NONE', #10670, #3239, #7306, .T. ) ;
#7007 = LINE ( 'NONE', #8903, #9350 ) ;
#7008 = DIRECTION ( 'NONE',  ( 1.000000000000000000, 0.000000000000000000, 0.000000000000000000 ) ) ;
#7009 = ORIENTED_EDGE ( 'NONE', *, *, #7883, .F. ) ;
#7010 = DIRECTION ( 'NONE',  ( -4.550094363217858838E-15, -1.000000000000000000, 0.000000000000000000 ) ) ;
#7011 = VERTEX_POINT ( 'NONE', #2936 ) ;
#7012 = CARTESIAN_POINT ( 'NONE',  ( 94.02499999999986358, -75.97499999999998010, 5.000000000000000000 ) ) ;
#7013 = DIRECTION ( 'NONE',  ( -0.000000000000000000, -0.000000000000000000, 1.000000000000000000 ) ) ;
#7014 = VECTOR ( 'NONE', #7751, 1000.000000000000000 ) ;
#7015 = CARTESIAN_POINT ( 'NONE',  ( -16.99999999999975131, -51.00000000000046896, 0.000000000000000000 ) ) ;
#7016 = ORIENTED_EDGE ( 'NONE', *, *, #6689, .T. ) ;
#7017 = ORIENTED_EDGE ( 'NONE', *, *, #2446, .T. ) ;
#7018 = CARTESIAN_POINT ( 'NONE',  ( -31.99999999999991829, 16.99999999999988987, 5.000000000000000000 ) ) ;
#7019 = CARTESIAN_POINT ( 'NONE',  ( -82.99999999999953104, -34.00000000000082423, 0.000000000000000000 ) ) ;
#7020 = EDGE_CURVE ( 'NONE', #6835, #387, #7693, .T. ) ;
#7021 = CARTESIAN_POINT ( 'NONE',  ( -4.538925740496074119E-13, 130.0000000000000000, 5.000000000000000000 ) ) ;
#7022 = EDGE_LOOP ( 'NONE', ( #3318, #3093 ) ) ;
#7023 = CARTESIAN_POINT ( 'NONE',  ( -1.999999999998634426, -130.0000000000000000, 5.000000000000000000 ) ) ;
#7024 = CARTESIAN_POINT ( 'NONE',  ( 35.99999999999992184, -16.99999999999987566, 0.000000000000000000 ) ) ;
#7025 = VERTEX_POINT ( 'NONE', #2017 ) ;
#7026 = DIRECTION ( 'NONE',  ( 1.000000000000000000, 0.000000000000000000, 0.000000000000000000 ) ) ;
#7027 = DIRECTION ( 'NONE',  ( 0.000000000000000000, 0.000000000000000000, 1.000000000000000000 ) ) ;
#7028 = ORIENTED_EDGE ( 'NONE', *, *, #10288, .T. ) ;
#7029 = VERTEX_POINT ( 'NONE', #7797 ) ;
#7030 = FACE_OUTER_BOUND ( 'NONE', #2980, .T. ) ;
#7031 = CARTESIAN_POINT ( 'NONE',  ( -67.99999999999943157, -85.00000000000106581, 0.000000000000000000 ) ) ;
#7032 = FACE_OUTER_BOUND ( 'NONE', #8377, .T. ) ;
#7033 = DIRECTION ( 'NONE',  ( -0.7071067811865465735, 0.7071067811865485719, 0.000000000000000000 ) ) ;
#7034 = FACE_BOUND ( 'NONE', #3482, .T. ) ;
#7035 = CARTESIAN_POINT ( 'NONE',  ( 50.99999999999968026, 34.00000000000059686, 0.000000000000000000 ) ) ;
#7036 = CARTESIAN_POINT ( 'NONE',  ( -34.00000000000015632, 85.00000000000038369, 0.000000000000000000 ) ) ;
#7037 = EDGE_LOOP ( 'NONE', ( #254, #7983, #2391, #9564 ) ) ;
#7038 = ORIENTED_EDGE ( 'NONE', *, *, #8092, .T. ) ;
#7039 = DIRECTION ( 'NONE',  ( -0.000000000000000000, -0.000000000000000000, -1.000000000000000000 ) ) ;
#7040 = ORIENTED_EDGE ( 'NONE', *, *, #657, .T. ) ;
#7041 = ADVANCED_FACE ( 'NONE', ( #8595 ), #1155, .F. ) ;
#7042 = EDGE_LOOP ( 'NONE', ( #10422, #8949, #24, #7749 ) ) ;
#7043 = VECTOR ( 'NONE', #4909, 1000.000000000000000 ) ;
#7044 = DIRECTION ( 'NONE',  ( -0.000000000000000000, -0.000000000000000000, 1.000000000000000000 ) ) ;
#7045 = ORIENTED_EDGE ( 'NONE', *, *, #411, .F. ) ;
#7046 = FACE_BOUND ( 'NONE', #5398, .T. ) ;
#7047 = DIRECTION ( 'NONE',  ( 1.000000000000000000, 0.000000000000000000, 0.000000000000000000 ) ) ;
#7048 = CARTESIAN_POINT ( 'NONE',  ( 114.9999999999999432, 14.99999999999999645, 5.000000000000000000 ) ) ;
#7049 = DIRECTION ( 'NONE',  ( 1.000000000000000000, 0.000000000000000000, 0.000000000000000000 ) ) ;
#7050 = CARTESIAN_POINT ( 'NONE',  ( -86.99999999999967315, -5.826221585683776629E-13, 0.000000000000000000 ) ) ;
#7051 = ORIENTED_EDGE ( 'NONE', *, *, #4978, .T. ) ;
#7052 = DIRECTION ( 'NONE',  ( 0.000000000000000000, 0.000000000000000000, 1.000000000000000000 ) ) ;
#7053 = ADVANCED_FACE ( 'NONE', ( #10382 ), #5955, .F. ) ;
#7054 = VECTOR ( 'NONE', #11419, 1000.000000000000000 ) ;
#7055 = EDGE_LOOP ( 'NONE', ( #1235, #8822, #873, #11537 ) ) ;
#7056 = EDGE_CURVE ( 'NONE', #8588, #8699, #2199, .T. ) ;
#7057 = ORIENTED_EDGE ( 'NONE', *, *, #6315, .F. ) ;
#7058 = CIRCLE ( 'NONE', #9820, 2.000000000000001776 ) ;
#7059 = FACE_OUTER_BOUND ( 'NONE', #7037, .T. ) ;
#7061 = CIRCLE ( 'NONE', #1934, 2.000000000000001776 ) ;
#7060 = DIRECTION ( 'NONE',  ( 0.000000000000000000, 0.000000000000000000, -1.000000000000000000 ) ) ;
#7062 = DIRECTION ( 'NONE',  ( 1.000000000000000000, 0.000000000000000000, 0.000000000000000000 ) ) ;
#7064 = EDGE_CURVE ( 'NONE', #8617, #3291, #2202, .T. ) ;
#7063 = DIRECTION ( 'NONE',  ( 0.000000000000000000, -0.000000000000000000, 1.000000000000000000 ) ) ;
#7065 = ORIENTED_EDGE ( 'NONE', *, *, #2487, .T. ) ;
#7066 = CARTESIAN_POINT ( 'NONE',  ( -90.97499999999986642, 79.02499999999997726, 5.000000000000000000 ) ) ;
#7067 = VERTEX_POINT ( 'NONE', #11489 ) ;
#7068 = EDGE_CURVE ( 'NONE', #2325, #5233, #8869, .T. ) ;
#7069 = CARTESIAN_POINT ( 'NONE',  ( -99.99999999999994316, -29.99999999999999645, 5.000000000000000000 ) ) ;
#7070 = EDGE_CURVE ( 'NONE', #11811, #7405, #3362, .T. ) ;
#7071 = DIRECTION ( 'NONE',  ( 0.000000000000000000, 0.000000000000000000, 1.000000000000000000 ) ) ;
#7072 = CIRCLE ( 'NONE', #11597, 2.000000000000001776 ) ;
#7073 = ORIENTED_EDGE ( 'NONE', *, *, #11277, .T. ) ;
#7074 = CIRCLE ( 'NONE', #7084, 2.000000000000001776 ) ;
#7075 = ORIENTED_EDGE ( 'NONE', *, *, #10198, .F. ) ;
#7076 = DIRECTION ( 'NONE',  ( -0.000000000000000000, -0.000000000000000000, 1.000000000000000000 ) ) ;
#7077 = DIRECTION ( 'NONE',  ( -0.000000000000000000, -0.000000000000000000, 1.000000000000000000 ) ) ;
#7078 = DIRECTION ( 'NONE',  ( 0.000000000000000000, 0.000000000000000000, -1.000000000000000000 ) ) ;
#7079 = CIRCLE ( 'NONE', #4, 2.000000000000001776 ) ;
#7080 = EDGE_LOOP ( 'NONE', ( #4252, #1495 ) ) ;
#7081 = LINE ( 'NONE', #619, #4514 ) ;
#7082 = DIRECTION ( 'NONE',  ( 1.000000000000000000, 0.000000000000000000, 0.000000000000000000 ) ) ;
#7083 = ORIENTED_EDGE ( 'NONE', *, *, #7165, .T. ) ;
#7084 = AXIS2_PLACEMENT_3D ( 'NONE', #9819, #8888, #479 ) ;
#7085 = DIRECTION ( 'NONE',  ( 0.000000000000000000, 0.000000000000000000, 1.000000000000000000 ) ) ;
#7086 = DIRECTION ( 'NONE',  ( 0.000000000000000000, 0.000000000000000000, 1.000000000000000000 ) ) ;
#7087 = VERTEX_POINT ( 'NONE', #2450 ) ;
#7088 = EDGE_CURVE ( 'NONE', #11572, #11641, #3761, .T. ) ;
#7089 = VECTOR ( 'NONE', #7233, 1000.000000000000000 ) ;
#7090 = EDGE_LOOP ( 'NONE', ( #757, #2627, #6302, #6042 ) ) ;
#7091 = DIRECTION ( 'NONE',  ( 4.550094363217858838E-15, -1.000000000000000000, 0.000000000000000000 ) ) ;
#7092 = CARTESIAN_POINT ( 'NONE',  ( 86.99999999999995737, -84.99999999999998579, 5.000000000000000000 ) ) ;
#7093 = CARTESIAN_POINT ( 'NONE',  ( 50.99999999999997158, -50.99999999999999289, 5.000000000000000000 ) ) ;
#7094 = DIRECTION ( 'NONE',  ( 1.000000000000000000, 0.000000000000000000, 0.000000000000000000 ) ) ;
#7095 = FACE_BOUND ( 'NONE', #8578, .T. ) ;
#7096 = CYLINDRICAL_SURFACE ( 'NONE', #4966, 2.000000000000000000 ) ;
#7097 = CARTESIAN_POINT ( 'NONE',  ( 19.00000000000004619, -34.00000000000010658, 0.000000000000000000 ) ) ;
#7098 = VECTOR ( 'NONE', #2379, 1000.000000000000000 ) ;
#7099 = VERTEX_POINT ( 'NONE', #1336 ) ;
#7100 = EDGE_LOOP ( 'NONE', ( #2160, #7437, #11956, #8093 ) ) ;
#7101 = LINE ( 'NONE', #343, #11236 ) ;
#7102 = EDGE_CURVE ( 'NONE', #5927, #9853, #233, .T. ) ;
#7103 = VERTEX_POINT ( 'NONE', #11610 ) ;
#7104 = VECTOR ( 'NONE', #653, 1000.000000000000000 ) ;
#7105 = ORIENTED_EDGE ( 'NONE', *, *, #7379, .T. ) ;
#7106 = VECTOR ( 'NONE', #7114, 1000.000000000000000 ) ;
#7107 = ORIENTED_EDGE ( 'NONE', *, *, #1529, .T. ) ;
#7108 = CARTESIAN_POINT ( 'NONE',  ( 150.0000000000000000, -7.285838599102581908E-15, 5.000000000000000000 ) ) ;
#7109 = DIRECTION ( 'NONE',  ( 0.000000000000000000, 0.000000000000000000, 1.000000000000000000 ) ) ;
#7110 = DIRECTION ( 'NONE',  ( 0.000000000000000000, 0.000000000000000000, 1.000000000000000000 ) ) ;
#7111 = CARTESIAN_POINT ( 'NONE',  ( -14.99999999999964118, -85.00000000000069633, 0.000000000000000000 ) ) ;
#7112 = CYLINDRICAL_SURFACE ( 'NONE', #4921, 2.000000000000000888 ) ;
#7113 = VERTEX_POINT ( 'NONE', #9889 ) ;
#7114 = DIRECTION ( 'NONE',  ( -1.000000000000000000, 0.000000000000000000, 0.000000000000000000 ) ) ;
#7115 = EDGE_CURVE ( 'NONE', #11552, #4340, #3563, .T. ) ;
#7116 = CIRCLE ( 'NONE', #6525, 2.000000000000001776 ) ;
#7117 = AXIS2_PLACEMENT_3D ( 'NONE', #7902, #3350, #8877 ) ;
#7118 = EDGE_LOOP ( 'NONE', ( #8905, #5143, #9827, #8698 ) ) ;
#7119 = VERTEX_POINT ( 'NONE', #6931 ) ;
#7120 = AXIS2_PLACEMENT_3D ( 'NONE', #7547, #9511, #12146 ) ;
#7121 = AXIS2_PLACEMENT_3D ( 'NONE', #3334, #4254, #10592 ) ;
#7122 = CIRCLE ( 'NONE', #9277, 2.000000000000001776 ) ;
#7123 = DIRECTION ( 'NONE',  ( 1.000000000000000000, 0.000000000000000000, 0.000000000000000000 ) ) ;
#7124 = FACE_OUTER_BOUND ( 'NONE', #2417, .T. ) ;
#7125 = CARTESIAN_POINT ( 'NONE',  ( -67.99999999999943157, -85.00000000000106581, 0.000000000000000000 ) ) ;
#7126 = FACE_OUTER_BOUND ( 'NONE', #6902, .T. ) ;
#7127 = ORIENTED_EDGE ( 'NONE', *, *, #8846, .F. ) ;
#7128 = EDGE_CURVE ( 'NONE', #1200, #5055, #10643, .T. ) ;
#7129 = CARTESIAN_POINT ( 'NONE',  ( 14.99999999999960920, 114.9999999999999574, 0.000000000000000000 ) ) ;
#7130 = EDGE_CURVE ( 'NONE', #2606, #3497, #5153, .T. ) ;
#7131 = CARTESIAN_POINT ( 'NONE',  ( -35.99999999999986500, -2.217996755652018378E-13, 0.000000000000000000 ) ) ;
#7132 = DIRECTION ( 'NONE',  ( 0.000000000000000000, 0.000000000000000000, 1.000000000000000000 ) ) ;
#7133 = CIRCLE ( 'NONE', #2613, 2.000000000000001776 ) ;
#7134 = CIRCLE ( 'NONE', #1624, 2.000000000000000000 ) ;
#7135 = AXIS2_PLACEMENT_3D ( 'NONE', #5546, #11269, #7454 ) ;
#7136 = ORIENTED_EDGE ( 'NONE', *, *, #4994, .T. ) ;
#7137 = VECTOR ( 'NONE', #7247, 1000.000000000000000 ) ;
#7138 = EDGE_CURVE ( 'NONE', #8948, #12144, #8089, .T. ) ;
#7139 = ORIENTED_EDGE ( 'NONE', *, *, #4961, .F. ) ;
#7140 = CIRCLE ( 'NONE', #10285, 2.000000000000001776 ) ;
#7141 = ADVANCED_FACE ( 'NONE', ( #4098 ), #3247, .F. ) ;
#7142 = EDGE_CURVE ( 'NONE', #7103, #1822, #10743, .T. ) ;
#7143 = CARTESIAN_POINT ( 'NONE',  ( 86.99999999999965894, 6.106226635438360972E-13, 5.000000000000000000 ) ) ;
#7144 = AXIS2_PLACEMENT_3D ( 'NONE', #9165, #11012, #10037 ) ;
#7145 = DIRECTION ( 'NONE',  ( 1.000000000000000000, 0.000000000000000000, 0.000000000000000000 ) ) ;
#7146 = PRODUCT_DEFINITION_FORMATION_WITH_SPECIFIED_SOURCE ( '任何', '', #8142, .NOT_KNOWN. ) ;
#7147 = ORIENTED_EDGE ( 'NONE', *, *, #9230, .F. ) ;
#7148 = AXIS2_PLACEMENT_3D ( 'NONE', #8548, #4607, #5530 ) ;
#7149 = DIRECTION ( 'NONE',  ( 0.000000000000000000, 0.000000000000000000, 1.000000000000000000 ) ) ;
#7150 = EDGE_CURVE ( 'NONE', #5493, #2118, #5931, .T. ) ;
#7151 = CARTESIAN_POINT ( 'NONE',  ( 94.02499999999986358, 0.000000000000000000, 5.000000000000000000 ) ) ;
#7152 = ORIENTED_EDGE ( 'NONE', *, *, #2120, .F. ) ;
#7153 = CARTESIAN_POINT ( 'NONE',  ( 2.498001805406602216E-13, -68.00000000000044054, 0.000000000000000000 ) ) ;
#7154 = CARTESIAN_POINT ( 'NONE',  ( 99.99999999999994316, -30.00000000000001421, 0.000000000000000000 ) ) ;
#7155 = CIRCLE ( 'NONE', #3224, 2.000000000000001776 ) ;
#7156 = AXIS2_PLACEMENT_3D ( 'NONE', #2649, #9274, #4729 ) ;
#7157 = ADVANCED_FACE ( 'NONE', ( #2381 ), #9823, .F. ) ;
#7158 = ORIENTED_EDGE ( 'NONE', *, *, #1709, .F. ) ;
#7159 = DIRECTION ( 'NONE',  ( 0.000000000000000000, 0.000000000000000000, 1.000000000000000000 ) ) ;
#7160 = DIRECTION ( 'NONE',  ( -0.000000000000000000, -0.000000000000000000, 1.000000000000000000 ) ) ;
#7161 = CARTESIAN_POINT ( 'NONE',  ( -79.02499999999996305, 0.000000000000000000, 5.000000000000000000 ) ) ;
#7162 = CARTESIAN_POINT ( 'NONE',  ( 33.99999999999963052, 68.00000000000072475, 0.000000000000000000 ) ) ;
#7163 = AXIS2_PLACEMENT_3D ( 'NONE', #10158, #3818, #8491 ) ;
#7164 = FACE_BOUND ( 'NONE', #11020, .T. ) ;
#7165 = EDGE_CURVE ( 'NONE', #7537, #5708, #9763, .T. ) ;
#7166 = DIRECTION ( 'NONE',  ( 0.000000000000000000, 0.000000000000000000, 1.000000000000000000 ) ) ;
#7167 = DIRECTION ( 'NONE',  ( 1.000000000000000000, 0.000000000000000000, 0.000000000000000000 ) ) ;
#7168 = ORIENTED_EDGE ( 'NONE', *, *, #4164, .F. ) ;
#7169 = AXIS2_PLACEMENT_3D ( 'NONE', #10213, #11997, #801 ) ;
#7170 = ORIENTED_EDGE ( 'NONE', *, *, #10165, .F. ) ;
#7171 = CARTESIAN_POINT ( 'NONE',  ( -69.99999999999991473, 50.99999999999990763, 0.000000000000000000 ) ) ;
#7172 = VERTEX_POINT ( 'NONE', #8829 ) ;
#7173 = EDGE_LOOP ( 'NONE', ( #2076, #1422, #7291, #11634 ) ) ;
#7174 = ORIENTED_EDGE ( 'NONE', *, *, #5652, .T. ) ;
#7175 = FACE_BOUND ( 'NONE', #6718, .T. ) ;
#7176 = CARTESIAN_POINT ( 'NONE',  ( -86.99999999999984368, 50.99999999999976552, 0.000000000000000000 ) ) ;
#7177 = DIRECTION ( 'NONE',  ( 1.000000000000000000, 0.000000000000000000, 0.000000000000000000 ) ) ;
#7178 = EDGE_CURVE ( 'NONE', #1068, #2104, #1015, .T. ) ;
#7179 = DIRECTION ( 'NONE',  ( -1.000000000000000000, -4.550094363217858838E-15, 0.000000000000000000 ) ) ;
#7180 = CYLINDRICAL_SURFACE ( 'NONE', #2185, 2.000000000000000000 ) ;
#7181 = ORIENTED_EDGE ( 'NONE', *, *, #10061, .T. ) ;
#7182 = DIRECTION ( 'NONE',  ( 1.000000000000000000, 0.000000000000000000, 0.000000000000000000 ) ) ;
#7183 = CIRCLE ( 'NONE', #7368, 2.000000000000001776 ) ;
#7184 = AXIS2_PLACEMENT_3D ( 'NONE', #11633, #3205, #3877 ) ;
#7185 = ORIENTED_EDGE ( 'NONE', *, *, #614, .T. ) ;
#7186 = ORIENTED_EDGE ( 'NONE', *, *, #9013, .T. ) ;
#7187 = AXIS2_PLACEMENT_3D ( 'NONE', #4361, #2522, #7941 ) ;
#7188 = CYLINDRICAL_SURFACE ( 'NONE', #4175, 2.000000000000000000 ) ;
#7189 = DIRECTION ( 'NONE',  ( 0.000000000000000000, 0.000000000000000000, 1.000000000000000000 ) ) ;
#7190 = CARTESIAN_POINT ( 'NONE',  ( -84.99999999999988631, 100.0000000000000284, 5.000000000000000000 ) ) ;
#7191 = LINE ( 'NONE', #12035, #4391 ) ;
#7192 = ORIENTED_EDGE ( 'NONE', *, *, #10529, .F. ) ;
#7193 = DIRECTION ( 'NONE',  ( 1.000000000000000000, 0.000000000000000000, 0.000000000000000000 ) ) ;
#7194 = CARTESIAN_POINT ( 'NONE',  ( 84.99999999999977263, -33.99999999999963762, 0.000000000000000000 ) ) ;
#7195 = DIRECTION ( 'NONE',  ( 1.000000000000000000, 0.000000000000000000, 0.000000000000000000 ) ) ;
#7196 = AXIS2_PLACEMENT_3D ( 'NONE', #9021, #4345, #5095 ) ;
#7197 = ORIENTED_EDGE ( 'NONE', *, *, #3599, .T. ) ;
#7198 = ORIENTED_EDGE ( 'NONE', *, *, #4014, .F. ) ;
#7199 = EDGE_CURVE ( 'NONE', #5190, #6915, #812, .T. ) ;
#7200 = DIRECTION ( 'NONE',  ( 0.000000000000000000, 0.000000000000000000, 1.000000000000000000 ) ) ;
#7201 = DIRECTION ( 'NONE',  ( 0.000000000000000000, 0.000000000000000000, -1.000000000000000000 ) ) ;
#7202 = CIRCLE ( 'NONE', #8767, 2.000000000000001776 ) ;
#7203 = ORIENTED_EDGE ( 'NONE', *, *, #6350, .T. ) ;
#7204 = DIRECTION ( 'NONE',  ( 1.000000000000000000, 0.000000000000000000, 0.000000000000000000 ) ) ;
#7205 = DIRECTION ( 'NONE',  ( 0.000000000000000000, -1.000000000000000000, 0.000000000000000000 ) ) ;
#7206 = VERTEX_POINT ( 'NONE', #5331 ) ;
#7207 = CYLINDRICAL_SURFACE ( 'NONE', #4576, 2.000000000000001776 ) ;
#7208 = FACE_OUTER_BOUND ( 'NONE', #11430, .T. ) ;
#7209 = EDGE_CURVE ( 'NONE', #10983, #6388, #429, .T. ) ;
#7210 = AXIS2_PLACEMENT_3D ( 'NONE', #3558, #11069, #2647 ) ;
#7211 = EDGE_CURVE ( 'NONE', #8319, #2127, #1421, .T. ) ;
#7212 = ORIENTED_EDGE ( 'NONE', *, *, #2159, .T. ) ;
#7213 = DIRECTION ( 'NONE',  ( -0.000000000000000000, -0.000000000000000000, 1.000000000000000000 ) ) ;
#7214 = DIRECTION ( 'NONE',  ( 1.000000000000000000, 0.000000000000000000, 0.000000000000000000 ) ) ;
#7215 = FACE_OUTER_BOUND ( 'NONE', #6946, .T. ) ;
#7216 = DIRECTION ( 'NONE',  ( 1.000000000000000000, 0.000000000000000000, 0.000000000000000000 ) ) ;
#7217 = FACE_BOUND ( 'NONE', #2523, .T. ) ;
#7218 = DIRECTION ( 'NONE',  ( 3.283314521725916898E-15, -1.000000000000000000, 0.000000000000000000 ) ) ;
#7219 = LINE ( 'NONE', #698, #7304 ) ;
#7220 = ORIENTED_EDGE ( 'NONE', *, *, #6084, .T. ) ;
#7221 = ORIENTED_EDGE ( 'NONE', *, *, #6124, .T. ) ;
#7222 = CARTESIAN_POINT ( 'NONE',  ( -4.163336342344337027E-14, 17.00000000000009948, 0.000000000000000000 ) ) ;
#7223 = ADVANCED_FACE ( 'NONE', ( #9012 ), #11852, .F. ) ;
#7224 = ORIENTED_EDGE ( 'NONE', *, *, #1192, .T. ) ;
#7225 = ADVANCED_FACE ( 'NONE', ( #11964 ), #9317, .F. ) ;
#7226 = EDGE_LOOP ( 'NONE', ( #5692, #8786, #1457, #8383 ) ) ;
#7227 = VERTEX_POINT ( 'NONE', #1814 ) ;
#7228 = FACE_BOUND ( 'NONE', #7929, .T. ) ;
#7229 = AXIS2_PLACEMENT_3D ( 'NONE', #3102, #338, #6057 ) ;
#7230 = LINE ( 'NONE', #7287, #3204 ) ;
#7231 = DIRECTION ( 'NONE',  ( 1.000000000000000000, 0.000000000000000000, 0.000000000000000000 ) ) ;
#7232 = CARTESIAN_POINT ( 'NONE',  ( -67.99999999999948841, -68.00000000000095213, 0.000000000000000000 ) ) ;
#7233 = DIRECTION ( 'NONE',  ( 0.000000000000000000, -1.000000000000000000, 0.000000000000000000 ) ) ;
#7234 = VERTEX_POINT ( 'NONE', #1751 ) ;
#7235 = DIRECTION ( 'NONE',  ( 1.000000000000000000, 0.000000000000000000, 0.000000000000000000 ) ) ;
#7236 = AXIS2_PLACEMENT_3D ( 'NONE', #4584, #8337, #9444 ) ;
#7237 = ORIENTED_EDGE ( 'NONE', *, *, #9954, .F. ) ;
#7238 = EDGE_CURVE ( 'NONE', #5688, #5621, #818, .T. ) ;
#7239 = VERTEX_POINT ( 'NONE', #6430 ) ;
#7240 = ORIENTED_EDGE ( 'NONE', *, *, #11908, .T. ) ;
#7241 = CARTESIAN_POINT ( 'NONE',  ( -67.99999999999943157, -85.00000000000106581, 5.000000000000000000 ) ) ;
#7242 = CARTESIAN_POINT ( 'NONE',  ( 16.99999999999993250, 1.387778780781445676E-13, 0.000000000000000000 ) ) ;
#7243 = CARTESIAN_POINT ( 'NONE',  ( 69.99999999999984368, -33.99999999999975131, 0.000000000000000000 ) ) ;
#7244 = CARTESIAN_POINT ( 'NONE',  ( -4.163336342344337027E-14, 17.00000000000009948, 0.000000000000000000 ) ) ;
#7245 = AXIS2_PLACEMENT_3D ( 'NONE', #3802, #2884, #10389 ) ;
#7246 = VERTEX_POINT ( 'NONE', #7293 ) ;
#7247 = DIRECTION ( 'NONE',  ( -1.000000000000000000, 0.000000000000000000, 0.000000000000000000 ) ) ;
#7248 = CARTESIAN_POINT ( 'NONE',  ( 130.0000000000000000, 0.000000000000000000, 5.000000000000000000 ) ) ;
#7249 = ORIENTED_EDGE ( 'NONE', *, *, #1338, .T. ) ;
#7250 = EDGE_CURVE ( 'NONE', #4257, #4270, #12022, .T. ) ;
#7251 = AXIS2_PLACEMENT_3D ( 'NONE', #840, #6495, #7367 ) ;
#7252 = EDGE_LOOP ( 'NONE', ( #9994, #1145 ) ) ;
#7253 = CIRCLE ( 'NONE', #10595, 2.000000000000001776 ) ;
#7254 = CARTESIAN_POINT ( 'NONE',  ( 15.00000000000010836, -51.00000000000022737, 0.000000000000000000 ) ) ;
#7255 = CARTESIAN_POINT ( 'NONE',  ( -52.99999999999950262, -85.00000000000093792, 0.000000000000000000 ) ) ;
#7256 = VERTEX_POINT ( 'NONE', #5504 ) ;
#7257 = CYLINDRICAL_SURFACE ( 'NONE', #8067, 2.000000000000001776 ) ;
#7258 = DIRECTION ( 'NONE',  ( 1.000000000000000000, 0.000000000000000000, 0.000000000000000000 ) ) ;
#7259 = ORIENTED_EDGE ( 'NONE', *, *, #1655, .F. ) ;
#7260 = CARTESIAN_POINT ( 'NONE',  ( 75.97499999999996589, 0.000000000000000000, 5.000000000000000000 ) ) ;
#7261 = CARTESIAN_POINT ( 'NONE',  ( 84.99999999999960210, 17.00000000000072120, 0.000000000000000000 ) ) ;
#7262 = VECTOR ( 'NONE', #6425, 1000.000000000000000 ) ;
#7263 = CIRCLE ( 'NONE', #1376, 2.000000000000000000 ) ;
#7264 = EDGE_CURVE ( 'NONE', #4015, #8738, #3481, .T. ) ;
#7265 = VERTEX_POINT ( 'NONE', #7415 ) ;
#7266 = AXIS2_PLACEMENT_3D ( 'NONE', #2596, #2485, #5257 ) ;
#7267 = CARTESIAN_POINT ( 'NONE',  ( -15.00000000000046363, 134.9999999999999432, 5.000000000000000000 ) ) ;
#7268 = DIRECTION ( 'NONE',  ( 0.000000000000000000, -0.000000000000000000, -1.000000000000000000 ) ) ;
#7269 = DIRECTION ( 'NONE',  ( 1.000000000000000000, 0.000000000000000000, 0.000000000000000000 ) ) ;
#7270 = CYLINDRICAL_SURFACE ( 'NONE', #7266, 2.000000000000000888 ) ;
#7271 = FACE_BOUND ( 'NONE', #311, .T. ) ;
#7272 = FACE_OUTER_BOUND ( 'NONE', #8628, .T. ) ;
#7273 = DIRECTION ( 'NONE',  ( -0.000000000000000000, -0.000000000000000000, 1.000000000000000000 ) ) ;
#7274 = ORIENTED_EDGE ( 'NONE', *, *, #5075, .F. ) ;
#7275 = EDGE_LOOP ( 'NONE', ( #8335, #9158, #5590, #6962 ) ) ;
#7276 = ADVANCED_FACE ( 'NONE', ( #12140 ), #11157, .T. ) ;
#7277 = VECTOR ( 'NONE', #9660, 1000.000000000000000 ) ;
#7278 = AXIS2_PLACEMENT_3D ( 'NONE', #2503, #8325, #1525 ) ;
#7279 = ORIENTED_EDGE ( 'NONE', *, *, #170, .T. ) ;
#7280 = EDGE_CURVE ( 'NONE', #3409, #7425, #11036, .T. ) ;
#7281 = ORIENTED_EDGE ( 'NONE', *, *, #1192, .F. ) ;
#7282 = VERTEX_POINT ( 'NONE', #6555 ) ;
#7283 = EDGE_CURVE ( 'NONE', #5493, #5639, #2676, .T. ) ;
#7284 = FACE_BOUND ( 'NONE', #11104, .T. ) ;
#7285 = EDGE_CURVE ( 'NONE', #7025, #2380, #1641, .T. ) ;
#7286 = AXIS2_PLACEMENT_3D ( 'NONE', #1041, #1776, #11250 ) ;
#7287 = CARTESIAN_POINT ( 'NONE',  ( -0.000000000000000000, -75.97499999999998010, 0.000000000000000000 ) ) ;
#7288 = DIRECTION ( 'NONE',  ( 1.000000000000000000, 0.000000000000000000, 0.000000000000000000 ) ) ;
#7289 = DIRECTION ( 'NONE',  ( -0.000000000000000000, -0.000000000000000000, 1.000000000000000000 ) ) ;
#7290 = CARTESIAN_POINT ( 'NONE',  ( -33.99999999999957367, -85.00000000000082423, 0.000000000000000000 ) ) ;
#7291 = ORIENTED_EDGE ( 'NONE', *, *, #6912, .T. ) ;
#7292 = ORIENTED_EDGE ( 'NONE', *, *, #2734, .F. ) ;
#7293 = CARTESIAN_POINT ( 'NONE',  ( -69.99999999999965894, -17.00000000000058265, 0.000000000000000000 ) ) ;
#7294 = ADVANCED_FACE ( 'NONE', ( #828 ), #4578, .F. ) ;
#7295 = AXIS2_PLACEMENT_3D ( 'NONE', #9500, #8697, #1083 ) ;
#7296 = ORIENTED_EDGE ( 'NONE', *, *, #724, .F. ) ;
#7297 = VERTEX_POINT ( 'NONE', #7472 ) ;
#7298 = ORIENTED_EDGE ( 'NONE', *, *, #9767, .T. ) ;
#7299 = LINE ( 'NONE', #10763, #4298 ) ;
#7300 = DIRECTION ( 'NONE',  ( 4.550094363217858838E-15, 1.000000000000000000, -0.000000000000000000 ) ) ;
#7301 = CARTESIAN_POINT ( 'NONE',  ( -14.99999999999982059, -34.00000000000034817, 5.000000000000000000 ) ) ;
#7302 = DIRECTION ( 'NONE',  ( -0.000000000000000000, -0.000000000000000000, 1.000000000000000000 ) ) ;
#7303 = CARTESIAN_POINT ( 'NONE',  ( 1.942890293094023946E-13, -51.00000000000032685, 0.000000000000000000 ) ) ;
#7304 = VECTOR ( 'NONE', #7273, 1000.000000000000000 ) ;
#7305 = ORIENTED_EDGE ( 'NONE', *, *, #6719, .T. ) ;
#7306 = CIRCLE ( 'NONE', #2005, 2.000000000000000888 ) ;
#7307 = DIRECTION ( 'NONE',  ( 0.000000000000000000, 0.000000000000000000, 1.000000000000000000 ) ) ;
#7308 = EDGE_CURVE ( 'NONE', #2784, #3602, #1803, .T. ) ;
#7309 = CARTESIAN_POINT ( 'NONE',  ( 84.99999999999941735, 68.00000000000109424, 5.000000000000000000 ) ) ;
#7310 = VERTEX_POINT ( 'NONE', #656 ) ;
#7311 = VECTOR ( 'NONE', #3684, 1000.000000000000000 ) ;
#7312 = ORIENTED_EDGE ( 'NONE', *, *, #10680, .T. ) ;
#7313 = AXIS2_PLACEMENT_3D ( 'NONE', #10498, #6671, #2003 ) ;
#7314 = CARTESIAN_POINT ( 'NONE',  ( -84.99999999999953104, -34.00000000000082423, 0.000000000000000000 ) ) ;
#7315 = CARTESIAN_POINT ( 'NONE',  ( -9.714451465470119729E-14, 34.00000000000021316, 5.000000000000000000 ) ) ;
#7316 = VERTEX_POINT ( 'NONE', #4400 ) ;
#7317 = CYLINDRICAL_SURFACE ( 'NONE', #2957, 2.000000000000001776 ) ;
#7318 = DIRECTION ( 'NONE',  ( 1.000000000000000000, 0.000000000000000000, 0.000000000000000000 ) ) ;
#7319 = CIRCLE ( 'NONE', #11644, 2.000000000000000888 ) ;
#7320 = ORIENTED_EDGE ( 'NONE', *, *, #10198, .T. ) ;
#7321 = ADVANCED_FACE ( 'NONE', ( #2561 ), #10060, .F. ) ;
#7322 = CARTESIAN_POINT ( 'NONE',  ( -52.99999999999986500, 16.99999999999977973, 0.000000000000000000 ) ) ;
#7323 = DIRECTION ( 'NONE',  ( 0.000000000000000000, 0.000000000000000000, 1.000000000000000000 ) ) ;
#7324 = VECTOR ( 'NONE', #1416, 1000.000000000000000 ) ;
#7325 = VECTOR ( 'NONE', #4813, 1000.000000000000000 ) ;
#7326 = VECTOR ( 'NONE', #1295, 1000.000000000000000 ) ;
#7327 = AXIS2_PLACEMENT_3D ( 'NONE', #9495, #5623, #93 ) ;
#7328 = EDGE_LOOP ( 'NONE', ( #8454, #1768, #3121, #12011 ) ) ;
#7329 = AXIS2_PLACEMENT_3D ( 'NONE', #3942, #440, #7026 ) ;
#7330 = LINE ( 'NONE', #2708, #864 ) ;
#7331 = DIRECTION ( 'NONE',  ( -0.000000000000000000, -0.000000000000000000, 1.000000000000000000 ) ) ;
#7332 = DIRECTION ( 'NONE',  ( -0.000000000000000000, -0.000000000000000000, 1.000000000000000000 ) ) ;
#7333 = DIRECTION ( 'NONE',  ( 1.000000000000000000, 0.000000000000000000, 0.000000000000000000 ) ) ;
#7334 = CARTESIAN_POINT ( 'NONE',  ( 17.00000000000004263, -34.00000000000010658, 5.000000000000000000 ) ) ;
#7335 = FACE_OUTER_BOUND ( 'NONE', #1268, .T. ) ;
#7336 = EDGE_LOOP ( 'NONE', ( #34, #1165 ) ) ;
#7337 = ORIENTED_EDGE ( 'NONE', *, *, #1870, .F. ) ;
#7338 = VECTOR ( 'NONE', #6352, 1000.000000000000000 ) ;
#7339 = AXIS2_PLACEMENT_3D ( 'NONE', #7753, #4113, #11509 ) ;
#7340 = VERTEX_POINT ( 'NONE', #768 ) ;
#7341 = CIRCLE ( 'NONE', #8910, 2.000000000000001776 ) ;
#7342 = ORIENTED_EDGE ( 'NONE', *, *, #3139, .F. ) ;
#7343 = EDGE_CURVE ( 'NONE', #11242, #5639, #1435, .T. ) ;
#7344 = VECTOR ( 'NONE', #3570, 1000.000000000000000 ) ;
#7345 = EDGE_CURVE ( 'NONE', #8522, #11526, #10122, .T. ) ;
#7346 = VERTEX_POINT ( 'NONE', #9184 ) ;
#7347 = FACE_BOUND ( 'NONE', #11970, .T. ) ;
#7348 = AXIS2_PLACEMENT_3D ( 'NONE', #9219, #7044, #2591 ) ;
#7349 = CARTESIAN_POINT ( 'NONE',  ( -18.99999999999969802, -68.00000000000058265, 5.000000000000000000 ) ) ;
#7350 = CARTESIAN_POINT ( 'NONE',  ( -31.99999999999975131, -34.00000000000046896, 0.000000000000000000 ) ) ;
#7351 = CARTESIAN_POINT ( 'NONE',  ( 84.99999999999941735, 68.00000000000109424, 0.000000000000000000 ) ) ;
#7352 = DIRECTION ( 'NONE',  ( 0.000000000000000000, -1.000000000000000000, 0.000000000000000000 ) ) ;
#7353 = ORIENTED_EDGE ( 'NONE', *, *, #1281, .T. ) ;
#7354 = EDGE_LOOP ( 'NONE', ( #9336, #3583, #9690, #1434 ) ) ;
#7355 = CARTESIAN_POINT ( 'NONE',  ( 99.99999999999994316, 0.000000000000000000, 5.000000000000000000 ) ) ;
#7356 = EDGE_CURVE ( 'NONE', #9425, #11613, #4511, .T. ) ;
#7357 = AXIS2_PLACEMENT_3D ( 'NONE', #984, #11131, #10276 ) ;
#7358 = ADVANCED_FACE ( 'NONE', ( #5820 ), #10555, .F. ) ;
#7359 = VECTOR ( 'NONE', #4138, 1000.000000000000000 ) ;
#7360 = ORIENTED_EDGE ( 'NONE', *, *, #6176, .F. ) ;
#7361 = ORIENTED_EDGE ( 'NONE', *, *, #11357, .T. ) ;
#7362 = ADVANCED_FACE ( 'NONE', ( #11408 ), #3960, .F. ) ;
#7363 = ORIENTED_EDGE ( 'NONE', *, *, #2529, .F. ) ;
#7364 = CARTESIAN_POINT ( 'NONE',  ( 34.00000000000003553, -51.00000000000010658, 0.000000000000000000 ) ) ;
#7365 = DIRECTION ( 'NONE',  ( 1.000000000000000000, 0.000000000000000000, 0.000000000000000000 ) ) ;
#7366 = PRODUCT_DEFINITION_SHAPE ( 'NONE', 'NONE',  #2475 ) ;
#7367 = DIRECTION ( 'NONE',  ( 1.000000000000000000, 0.000000000000000000, 0.000000000000000000 ) ) ;
#7368 = AXIS2_PLACEMENT_3D ( 'NONE', #2696, #3617, #12106 ) ;
#7369 = CARTESIAN_POINT ( 'NONE',  ( -94.02499999999982094, -75.97499999999998010, 0.000000000000000000 ) ) ;
#7370 = CARTESIAN_POINT ( 'NONE',  ( 69.99999999999978684, -16.99999999999964118, 0.000000000000000000 ) ) ;
#7371 = ORIENTED_EDGE ( 'NONE', *, *, #10974, .T. ) ;
#7372 = AXIS2_PLACEMENT_3D ( 'NONE', #10586, #8557, #5982 ) ;
#7373 = DIRECTION ( 'NONE',  ( 1.000000000000000000, 0.000000000000000000, -0.000000000000000000 ) ) ;
#7374 = EDGE_CURVE ( 'NONE', #3833, #9508, #9265, .T. ) ;
#7375 = LINE ( 'NONE', #3859, #9893 ) ;
#7376 = EDGE_CURVE ( 'NONE', #8008, #7407, #4165, .T. ) ;
#7377 = EDGE_LOOP ( 'NONE', ( #3645, #11962 ) ) ;
#7378 = VERTEX_POINT ( 'NONE', #9504 ) ;
#7379 = EDGE_CURVE ( 'NONE', #2297, #10964, #3383, .T. ) ;
#7380 = CYLINDRICAL_SURFACE ( 'NONE', #8144, 2.000000000000001776 ) ;
#7381 = DIRECTION ( 'NONE',  ( 0.000000000000000000, 0.000000000000000000, 1.000000000000000000 ) ) ;
#7382 = ORIENTED_EDGE ( 'NONE', *, *, #6441, .T. ) ;
#7383 = CARTESIAN_POINT ( 'NONE',  ( -69.99999999999980105, 16.99999999999965539, 5.000000000000000000 ) ) ;
#7384 = FACE_OUTER_BOUND ( 'NONE', #6071, .T. ) ;
#7385 = EDGE_LOOP ( 'NONE', ( #1629, #6206, #424, #10287 ) ) ;
#7386 = LINE ( 'NONE', #2038, #11067 ) ;
#7387 = CYLINDRICAL_SURFACE ( 'NONE', #1816, 2.000000000000001776 ) ;
#7388 = VECTOR ( 'NONE', #4108, 1000.000000000000000 ) ;
#7389 = FACE_OUTER_BOUND ( 'NONE', #11009, .T. ) ;
#7390 = EDGE_CURVE ( 'NONE', #10792, #2166, #10428, .T. ) ;
#7391 = ORIENTED_EDGE ( 'NONE', *, *, #2404, .F. ) ;
#7392 = AXIS2_PLACEMENT_3D ( 'NONE', #7334, #10160, #5484 ) ;
#7393 = CARTESIAN_POINT ( 'NONE',  ( -48.99999999999972289, -17.00000000000045830, 0.000000000000000000 ) ) ;
#7394 = CARTESIAN_POINT ( 'NONE',  ( 1.999999999999903855, 34.00000000000021316, 5.000000000000000000 ) ) ;
#7395 = CARTESIAN_POINT ( 'NONE',  ( -51.00000000000002842, 68.00000000000014211, 0.000000000000000000 ) ) ;
#7396 = DIRECTION ( 'NONE',  ( 0.000000000000000000, 0.000000000000000000, 1.000000000000000000 ) ) ;
#7397 = CARTESIAN_POINT ( 'NONE',  ( -18.99999999999998934, 17.00000000000001421, 5.000000000000000000 ) ) ;
#7398 = DIRECTION ( 'NONE',  ( 1.000000000000000000, 0.000000000000000000, 0.000000000000000000 ) ) ;
#7399 = DIRECTION ( 'NONE',  ( 0.000000000000000000, 0.000000000000000000, -1.000000000000000000 ) ) ;
#7400 = ORIENTED_EDGE ( 'NONE', *, *, #611, .F. ) ;
#7401 = EDGE_LOOP ( 'NONE', ( #3471, #6336, #11338, #9141 ) ) ;
#7402 = CIRCLE ( 'NONE', #10941, 2.000000000000001776 ) ;
#7403 = ORIENTED_EDGE ( 'NONE', *, *, #6505, .F. ) ;
#7404 = ADVANCED_FACE ( 'NONE', ( #284 ), #8518, .T. ) ;
#7405 = VERTEX_POINT ( 'NONE', #4889 ) ;
#7406 = LINE ( 'NONE', #11398, #4498 ) ;
#7407 = VERTEX_POINT ( 'NONE', #9437 ) ;
#7408 = FACE_BOUND ( 'NONE', #11429, .T. ) ;
#7409 = DIRECTION ( 'NONE',  ( -0.000000000000000000, 0.000000000000000000, 1.000000000000000000 ) ) ;
#7410 = FACE_OUTER_BOUND ( 'NONE', #9635, .T. ) ;
#7411 = CARTESIAN_POINT ( 'NONE',  ( -67.99999999999965894, -17.00000000000058265, 5.000000000000000000 ) ) ;
#7412 = CARTESIAN_POINT ( 'NONE',  ( -90.97499999999986642, 75.97499999999998010, 5.000000000000000000 ) ) ;
#7413 = ORIENTED_EDGE ( 'NONE', *, *, #672, .F. ) ;
#7414 = ORIENTED_EDGE ( 'NONE', *, *, #3447, .T. ) ;
#7415 = CARTESIAN_POINT ( 'NONE',  ( -52.99999999999967315, -34.00000000000058265, 0.000000000000000000 ) ) ;
#7416 = EDGE_CURVE ( 'NONE', #8672, #7419, #215, .T. ) ;
#7417 = ORIENTED_EDGE ( 'NONE', *, *, #448, .T. ) ;
#7418 = ORIENTED_EDGE ( 'NONE', *, *, #9020, .F. ) ;
#7419 = VERTEX_POINT ( 'NONE', #29 ) ;
#7420 = DIRECTION ( 'NONE',  ( 1.000000000000000000, 0.000000000000000000, 0.000000000000000000 ) ) ;
#7421 = CARTESIAN_POINT ( 'NONE',  ( -135.0000000000000000, 7.285838599102581908E-15, 0.000000000000000000 ) ) ;
#7422 = CARTESIAN_POINT ( 'NONE',  ( -16.99999999999998579, 17.00000000000001421, 0.000000000000000000 ) ) ;
#7423 = CARTESIAN_POINT ( 'NONE',  ( -33.99999999999997158, 34.00000000000000000, 0.000000000000000000 ) ) ;
#7424 = FACE_OUTER_BOUND ( 'NONE', #2719, .T. ) ;
#7425 = VERTEX_POINT ( 'NONE', #10612 ) ;
#7426 = CARTESIAN_POINT ( 'NONE',  ( 34.00000000000015632, -85.00000000000035527, 0.000000000000000000 ) ) ;
#7427 = DIRECTION ( 'NONE',  ( -0.000000000000000000, -0.000000000000000000, 1.000000000000000000 ) ) ;
#7428 = EDGE_CURVE ( 'NONE', #7310, #10801, #7708, .T. ) ;
#7429 = VERTEX_POINT ( 'NONE', #2071 ) ;
#7430 = ORIENTED_EDGE ( 'NONE', *, *, #5457, .F. ) ;
#7431 = EDGE_CURVE ( 'NONE', #6922, #3267, #9257, .T. ) ;
#7432 = LINE ( 'NONE', #5294, #10311 ) ;
#7433 = DIRECTION ( 'NONE',  ( 0.000000000000000000, 0.000000000000000000, 1.000000000000000000 ) ) ;
#7434 = CARTESIAN_POINT ( 'NONE',  ( 17.00000000000022382, -85.00000000000046896, 5.000000000000000000 ) ) ;
#7435 = EDGE_CURVE ( 'NONE', #6666, #9812, #4696, .T. ) ;
#7436 = EDGE_CURVE ( 'NONE', #9974, #9549, #6731, .T. ) ;
#7437 = ORIENTED_EDGE ( 'NONE', *, *, #8437, .F. ) ;
#7438 = DIRECTION ( 'NONE',  ( -0.000000000000000000, -0.000000000000000000, 1.000000000000000000 ) ) ;
#7439 = DIRECTION ( 'NONE',  ( 0.000000000000000000, 0.000000000000000000, -1.000000000000000000 ) ) ;
#7440 = EDGE_LOOP ( 'NONE', ( #213, #3382 ) ) ;
#7441 = DIRECTION ( 'NONE',  ( 0.000000000000000000, 0.000000000000000000, 1.000000000000000000 ) ) ;
#7442 = LINE ( 'NONE', #9533, #2014 ) ;
#7443 = CARTESIAN_POINT ( 'NONE',  ( -79.02499999999996305, -94.02500000000000568, 5.000000000000000000 ) ) ;
#7444 = CIRCLE ( 'NONE', #2148, 2.000000000000000888 ) ;
#7445 = CARTESIAN_POINT ( 'NONE',  ( -51.00000000000002842, 68.00000000000014211, 0.000000000000000000 ) ) ;
#7446 = ORIENTED_EDGE ( 'NONE', *, *, #5880, .F. ) ;
#7447 = CARTESIAN_POINT ( 'NONE',  ( -2.000000000000000000, 2.449293598294706414E-16, 0.000000000000000000 ) ) ;
#7448 = CARTESIAN_POINT ( 'NONE',  ( 0.000000000000000000, 94.02500000000000568, 5.000000000000000000 ) ) ;
#7449 = CIRCLE ( 'NONE', #1752, 2.000000000000001776 ) ;
#7450 = CYLINDRICAL_SURFACE ( 'NONE', #6364, 2.000000000000001776 ) ;
#7451 = FACE_OUTER_BOUND ( 'NONE', #4162, .T. ) ;
#7452 = CARTESIAN_POINT ( 'NONE',  ( -16.99999999999998579, 17.00000000000001421, 5.000000000000000000 ) ) ;
#7453 = ORIENTED_EDGE ( 'NONE', *, *, #1486, .T. ) ;
#7454 = DIRECTION ( 'NONE',  ( 1.000000000000000000, 0.000000000000000000, 0.000000000000000000 ) ) ;
#7455 = CARTESIAN_POINT ( 'NONE',  ( 65.99999999999943157, 85.00000000000110845, 5.000000000000000000 ) ) ;
#7456 = VERTEX_POINT ( 'NONE', #2129 ) ;
#7457 = VERTEX_POINT ( 'NONE', #8700 ) ;
#7458 = EDGE_CURVE ( 'NONE', #9578, #10573, #10842, .T. ) ;
#7459 = AXIS2_PLACEMENT_3D ( 'NONE', #3464, #9166, #7216 ) ;
#7460 = ORIENTED_EDGE ( 'NONE', *, *, #8052, .F. ) ;
#7461 = CYLINDRICAL_SURFACE ( 'NONE', #11388, 2.000000000000001776 ) ;
#7462 = VERTEX_POINT ( 'NONE', #11291 ) ;
#7463 = FACE_BOUND ( 'NONE', #2550, .T. ) ;
#7464 = DIRECTION ( 'NONE',  ( 1.000000000000000000, 0.000000000000000000, 0.000000000000000000 ) ) ;
#7465 = DIRECTION ( 'NONE',  ( -1.000000000000000000, 0.000000000000000000, 0.000000000000000000 ) ) ;
#7466 = ORIENTED_EDGE ( 'NONE', *, *, #4942, .F. ) ;
#7467 = LINE ( 'NONE', #9560, #8113 ) ;
#7468 = DIRECTION ( 'NONE',  ( 0.000000000000000000, 0.000000000000000000, 1.000000000000000000 ) ) ;
#7469 = CIRCLE ( 'NONE', #4325, 2.000000000000001776 ) ;
#7470 = EDGE_LOOP ( 'NONE', ( #9363, #11857, #10229, #1927 ) ) ;
#7471 = ORIENTED_EDGE ( 'NONE', *, *, #10598, .F. ) ;
#7472 = CARTESIAN_POINT ( 'NONE',  ( -90.97499999999986642, 79.02499999999997726, 0.000000000000000000 ) ) ;
#7473 = EDGE_CURVE ( 'NONE', #1847, #10329, #1942, .T. ) ;
#7474 = ORIENTED_EDGE ( 'NONE', *, *, #1726, .T. ) ;
#7475 = EDGE_LOOP ( 'NONE', ( #1992, #10082 ) ) ;
#7476 = EDGE_LOOP ( 'NONE', ( #9037, #8597, #9435, #4297 ) ) ;
#7477 = FACE_OUTER_BOUND ( 'NONE', #4291, .T. ) ;
#7478 = DIRECTION ( 'NONE',  ( 1.000000000000000000, 0.000000000000000000, 0.000000000000000000 ) ) ;
#7479 = CARTESIAN_POINT ( 'NONE',  ( 0.000000000000000000, 100.0000000000000142, 5.000000000000000000 ) ) ;
#7480 = ADVANCED_FACE ( 'NONE', ( #2919 ), #3901, .F. ) ;
#7481 = CARTESIAN_POINT ( 'NONE',  ( -114.9999999999999432, -14.99999999999999645, 5.000000000000000000 ) ) ;
#7482 = CARTESIAN_POINT ( 'NONE',  ( -17.00000000000004263, 34.00000000000012790, 0.000000000000000000 ) ) ;
#7483 = VERTEX_POINT ( 'NONE', #5753 ) ;
#7484 = DIRECTION ( 'NONE',  ( 1.000000000000000000, 0.000000000000000000, 0.000000000000000000 ) ) ;
#7485 = CARTESIAN_POINT ( 'NONE',  ( -36.00000000000009948, 68.00000000000025580, 0.000000000000000000 ) ) ;
#7486 = AXIS2_PLACEMENT_3D ( 'NONE', #10785, #6119, #11658 ) ;
#7487 = ORIENTED_EDGE ( 'NONE', *, *, #9883, .T. ) ;
#7488 = ORIENTED_EDGE ( 'NONE', *, *, #1186, .T. ) ;
#7489 = AXIS2_PLACEMENT_3D ( 'NONE', #10963, #10041, #8192 ) ;
#7490 = AXIS2_PLACEMENT_3D ( 'NONE', #2877, #11422, #1215 ) ;
#7491 = FACE_OUTER_BOUND ( 'NONE', #9627, .T. ) ;
#7492 = CARTESIAN_POINT ( 'NONE',  ( 15.00000000000016342, -68.00000000000035527, 0.000000000000000000 ) ) ;
#7493 = EDGE_CURVE ( 'NONE', #11752, #9121, #238, .T. ) ;
#7494 = EDGE_CURVE ( 'NONE', #1133, #4783, #7101, .T. ) ;
#7495 = FACE_OUTER_BOUND ( 'NONE', #8692, .T. ) ;
#7496 = EDGE_LOOP ( 'NONE', ( #9566, #11367, #11756, #4119 ) ) ;
#7497 = CARTESIAN_POINT ( 'NONE',  ( 15.00000000000010836, -51.00000000000022737, 0.000000000000000000 ) ) ;
#7498 = DIRECTION ( 'NONE',  ( 1.000000000000000000, 0.000000000000000000, 0.000000000000000000 ) ) ;
#7499 = ORIENTED_EDGE ( 'NONE', *, *, #6099, .F. ) ;
#7500 = DIRECTION ( 'NONE',  ( 1.000000000000000000, 0.000000000000000000, 0.000000000000000000 ) ) ;
#7501 = DIRECTION ( 'NONE',  ( 0.000000000000000000, 0.000000000000000000, 1.000000000000000000 ) ) ;
#7502 = CARTESIAN_POINT ( 'NONE',  ( -33.99999999999957367, -85.00000000000082423, 5.000000000000000000 ) ) ;
#7503 = EDGE_CURVE ( 'NONE', #6194, #1673, #8020, .T. ) ;
#7504 = VECTOR ( 'NONE', #5207, 1000.000000000000000 ) ;
#7505 = FACE_OUTER_BOUND ( 'NONE', #8362, .T. ) ;
#7506 = EDGE_CURVE ( 'NONE', #3959, #10370, #3411, .T. ) ;
#7507 = VERTEX_POINT ( 'NONE', #11661 ) ;
#7508 = DIRECTION ( 'NONE',  ( 0.000000000000000000, 0.000000000000000000, 1.000000000000000000 ) ) ;
#7509 = ADVANCED_FACE ( 'NONE', ( #10788 ), #6917, .F. ) ;
#7510 = AXIS2_PLACEMENT_3D ( 'NONE', #1020, #3662, #8396 ) ;
#7511 = CARTESIAN_POINT ( 'NONE',  ( -3.595712070532895536E-13, -79.02499999999960778, 0.000000000000000000 ) ) ;
#7512 = CIRCLE ( 'NONE', #11241, 2.000000000000001776 ) ;
#7513 = LINE ( 'NONE', #10347, #4788 ) ;
#7514 = DIRECTION ( 'NONE',  ( -0.000000000000000000, -0.000000000000000000, 1.000000000000000000 ) ) ;
#7516 = DIRECTION ( 'NONE',  ( -0.000000000000000000, -0.000000000000000000, 1.000000000000000000 ) ) ;
#7515 = AXIS2_PLACEMENT_3D ( 'NONE', #9081, #4237, #11804 ) ;
#7517 = EDGE_LOOP ( 'NONE', ( #5649, #1135, #6813, #4148 ) ) ;
#7518 = CARTESIAN_POINT ( 'NONE',  ( 50.99999999999962341, 51.00000000000071054, 0.000000000000000000 ) ) ;
#7519 = CARTESIAN_POINT ( 'NONE',  ( 17.00000000000022382, -85.00000000000046896, 0.000000000000000000 ) ) ;
#7520 = VERTEX_POINT ( 'NONE', #5137 ) ;
#7521 = ORIENTED_EDGE ( 'NONE', *, *, #4413, .T. ) ;
#7522 = AXIS2_PLACEMENT_3D ( 'NONE', #5949, #9699, #4959 ) ;
#7523 = EDGE_CURVE ( 'NONE', #9508, #2917, #11836, .T. ) ;
#7524 = AXIS2_PLACEMENT_3D ( 'NONE', #1101, #8596, #4042 ) ;
#7525 = AXIS2_PLACEMENT_3D ( 'NONE', #10352, #1925, #6046 ) ;
#7526 = VERTEX_POINT ( 'NONE', #8760 ) ;
#7527 = DIRECTION ( 'NONE',  ( -0.000000000000000000, -0.000000000000000000, 1.000000000000000000 ) ) ;
#7528 = EDGE_CURVE ( 'NONE', #9538, #4270, #11829, .T. ) ;
#7529 = ORIENTED_EDGE ( 'NONE', *, *, #11477, .F. ) ;
#7530 = FACE_BOUND ( 'NONE', #345, .T. ) ;
#7531 = CARTESIAN_POINT ( 'NONE',  ( 29.99999999999960920, 115.0000000000000142, 0.000000000000000000 ) ) ;
#7532 = DIRECTION ( 'NONE',  ( -0.7071067811865485719, 0.7071067811865465735, 0.000000000000000000 ) ) ;
#7533 = EDGE_LOOP ( 'NONE', ( #8879, #7591, #10954, #9794 ) ) ;
#7534 = AXIS2_PLACEMENT_3D ( 'NONE', #10235, #821, #1006 ) ;
#7535 = CYLINDRICAL_SURFACE ( 'NONE', #10264, 2.000000000000001776 ) ;
#7536 = DIRECTION ( 'NONE',  ( 0.000000000000000000, -1.000000000000000000, 0.000000000000000000 ) ) ;
#7537 = VERTEX_POINT ( 'NONE', #5940 ) ;
#7538 = AXIS2_PLACEMENT_3D ( 'NONE', #4665, #5720, #8417 ) ;
#7539 = EDGE_LOOP ( 'NONE', ( #12139, #5943 ) ) ;
#7540 = DIRECTION ( 'NONE',  ( -0.000000000000000000, -0.000000000000000000, 1.000000000000000000 ) ) ;
#7541 = ORIENTED_EDGE ( 'NONE', *, *, #3515, .T. ) ;
#7542 = EDGE_LOOP ( 'NONE', ( #10822, #8408 ) ) ;
#7543 = AXIS2_PLACEMENT_3D ( 'NONE', #925, #7970, #5428 ) ;
#7544 = EDGE_CURVE ( 'NONE', #1158, #731, #7841, .T. ) ;
#7545 = EDGE_LOOP ( 'NONE', ( #8193, #10476 ) ) ;
#7546 = CARTESIAN_POINT ( 'NONE',  ( 2.000000000000000000, 0.000000000000000000, 0.000000000000000000 ) ) ;
#7547 = CARTESIAN_POINT ( 'NONE',  ( -50.99999999999986500, 16.99999999999977973, 5.000000000000000000 ) ) ;
#7548 = DIRECTION ( 'NONE',  ( 0.000000000000000000, 1.000000000000000000, 0.000000000000000000 ) ) ;
#7549 = FACE_BOUND ( 'NONE', #1843, .T. ) ;
#7550 = CYLINDRICAL_SURFACE ( 'NONE', #8833, 2.000000000000001776 ) ;
#7551 = EDGE_LOOP ( 'NONE', ( #4670, #2043, #6779, #7186 ) ) ;
#7552 = DIRECTION ( 'NONE',  ( -0.000000000000000000, -0.000000000000000000, 1.000000000000000000 ) ) ;
#7553 = AXIS2_PLACEMENT_3D ( 'NONE', #5053, #9726, #10890 ) ;
#7554 = CARTESIAN_POINT ( 'NONE',  ( -50.99999999999992184, 33.99999999999989342, 0.000000000000000000 ) ) ;
#7555 = CIRCLE ( 'NONE', #5793, 2.000000000000001776 ) ;
#7556 = EDGE_LOOP ( 'NONE', ( #11340, #4681, #5986, #7203 ) ) ;
#7557 = EDGE_LOOP ( 'NONE', ( #4927, #3354, #8094, #8379 ) ) ;
#7558 = VECTOR ( 'NONE', #2579, 1000.000000000000000 ) ;
#7559 = AXIS2_PLACEMENT_3D ( 'NONE', #11771, #10840, #2533 ) ;
#7560 = CYLINDRICAL_SURFACE ( 'NONE', #10711, 15.00000000000000000 ) ;
#7561 = DIRECTION ( 'NONE',  ( 0.000000000000000000, 0.000000000000000000, 1.000000000000000000 ) ) ;
#7562 = DIRECTION ( 'NONE',  ( 0.000000000000000000, -1.000000000000000000, 0.000000000000000000 ) ) ;
#7563 = ORIENTED_EDGE ( 'NONE', *, *, #3832, .T. ) ;
#7564 = CARTESIAN_POINT ( 'NONE',  ( -67.99999999999980105, 16.99999999999965539, 0.000000000000000000 ) ) ;
#7565 = CARTESIAN_POINT ( 'NONE',  ( 84.99999999999947420, 51.00000000000095923, 5.000000000000000000 ) ) ;
#7566 = ORIENTED_EDGE ( 'NONE', *, *, #1726, .F. ) ;
#7567 = CARTESIAN_POINT ( 'NONE',  ( 52.99999999999950262, 85.00000000000096634, 0.000000000000000000 ) ) ;
#7568 = CARTESIAN_POINT ( 'NONE',  ( 1.414049942231469047E-12, -135.0000000000000000, 5.000000000000000000 ) ) ;
#7569 = CARTESIAN_POINT ( 'NONE',  ( 69.99999999999948841, 68.00000000000098055, 5.000000000000000000 ) ) ;
#7570 = VECTOR ( 'NONE', #4104, 1000.000000000000000 ) ;
#7571 = AXIS2_PLACEMENT_3D ( 'NONE', #3070, #2149, #1039 ) ;
#7572 = DIRECTION ( 'NONE',  ( -0.000000000000000000, -0.000000000000000000, 1.000000000000000000 ) ) ;
#7573 = EDGE_CURVE ( 'NONE', #4015, #9375, #10850, .T. ) ;
#7574 = ORIENTED_EDGE ( 'NONE', *, *, #3550, .T. ) ;
#7575 = DIRECTION ( 'NONE',  ( -0.000000000000000000, -0.000000000000000000, 1.000000000000000000 ) ) ;
#7576 = DIRECTION ( 'NONE',  ( 0.000000000000000000, 0.000000000000000000, 1.000000000000000000 ) ) ;
#7577 = AXIS2_PLACEMENT_3D ( 'NONE', #7452, #6468, #10219 ) ;
#7578 = CARTESIAN_POINT ( 'NONE',  ( 75.97499999999996589, 79.02499999999996305, 5.000000000000000000 ) ) ;
#7579 = DIRECTION ( 'NONE',  ( 1.000000000000000000, 0.000000000000000000, 0.000000000000000000 ) ) ;
#7580 = DIRECTION ( 'NONE',  ( -0.000000000000000000, 0.000000000000000000, 1.000000000000000000 ) ) ;
#7581 = ORIENTED_EDGE ( 'NONE', *, *, #10066, .T. ) ;
#7582 = EDGE_CURVE ( 'NONE', #10355, #4478, #631, .T. ) ;
#7583 = CARTESIAN_POINT ( 'NONE',  ( -68.00000000000001421, 85.00000000000015632, 5.000000000000000000 ) ) ;
#7584 = CARTESIAN_POINT ( 'NONE',  ( 84.99999999999971578, -16.99999999999951683, 5.000000000000000000 ) ) ;
#7585 = ORIENTED_EDGE ( 'NONE', *, *, #9954, .T. ) ;
#7586 = ORIENTED_EDGE ( 'NONE', *, *, #7115, .F. ) ;
#7587 = ADVANCED_FACE ( 'NONE', ( #8998 ), #2434, .F. ) ;
#7588 = AXIS2_PLACEMENT_3D ( 'NONE', #6103, #2583, #9916 ) ;
#7589 = ORIENTED_EDGE ( 'NONE', *, *, #6734, .T. ) ;
#7590 = CYLINDRICAL_SURFACE ( 'NONE', #5894, 2.000000000000001776 ) ;
#7591 = ORIENTED_EDGE ( 'NONE', *, *, #936, .T. ) ;
#7592 = FACE_BOUND ( 'NONE', #3349, .T. ) ;
#7593 = EDGE_CURVE ( 'NONE', #6666, #1277, #5263, .T. ) ;
#7594 = LINE ( 'NONE', #11284, #2036 ) ;
#7595 = CARTESIAN_POINT ( 'NONE',  ( 0.000000000000000000, -75.97499999999998010, 5.000000000000000000 ) ) ;
#7596 = ORIENTED_EDGE ( 'NONE', *, *, #7150, .F. ) ;
#7597 = EDGE_CURVE ( 'NONE', #7520, #7029, #2253, .T. ) ;
#7598 = EDGE_CURVE ( 'NONE', #1390, #8976, #5351, .T. ) ;
#7599 = DIRECTION ( 'NONE',  ( 1.000000000000000000, 0.000000000000000000, 0.000000000000000000 ) ) ;
#7600 = DIRECTION ( 'NONE',  ( 0.000000000000000000, 0.000000000000000000, 1.000000000000000000 ) ) ;
#7601 = ORIENTED_EDGE ( 'NONE', *, *, #1387, .F. ) ;
#7602 = CIRCLE ( 'NONE', #5438, 2.000000000000001776 ) ;
#7603 = ORIENTED_EDGE ( 'NONE', *, *, #724, .T. ) ;
#7604 = CARTESIAN_POINT ( 'NONE',  ( 68.00000000000001421, -85.00000000000011369, 5.000000000000000000 ) ) ;
#7605 = EDGE_CURVE ( 'NONE', #1932, #5726, #3165, .T. ) ;
#7606 = ORIENTED_EDGE ( 'NONE', *, *, #7974, .T. ) ;
#7607 = ORIENTED_EDGE ( 'NONE', *, *, #7798, .T. ) ;
#7608 = EDGE_LOOP ( 'NONE', ( #11699, #10887, #9605, #1427 ) ) ;
#7609 = DIRECTION ( 'NONE',  ( -0.000000000000000000, -0.000000000000000000, -1.000000000000000000 ) ) ;
#7610 = CARTESIAN_POINT ( 'NONE',  ( 49.00000000000002842, -68.00000000000011369, 0.000000000000000000 ) ) ;
#7611 = DIRECTION ( 'NONE',  ( 1.000000000000000000, 0.000000000000000000, 0.000000000000000000 ) ) ;
#7612 = FACE_BOUND ( 'NONE', #340, .T. ) ;
#7613 = CARTESIAN_POINT ( 'NONE',  ( -1.999999999999931610, -17.00000000000011369, 5.000000000000000000 ) ) ;
#7614 = ORIENTED_EDGE ( 'NONE', *, *, #7724, .T. ) ;
#7615 = CARTESIAN_POINT ( 'NONE',  ( 82.99999999999971578, -16.99999999999951683, 0.000000000000000000 ) ) ;
#7616 = FACE_OUTER_BOUND ( 'NONE', #1401, .T. ) ;
#7617 = EDGE_CURVE ( 'NONE', #9944, #3282, #1613, .T. ) ;
#7618 = ORIENTED_EDGE ( 'NONE', *, *, #7390, .T. ) ;
#7619 = EDGE_LOOP ( 'NONE', ( #2121, #3361, #1391, #5887 ) ) ;
#7620 = DIRECTION ( 'NONE',  ( 1.000000000000000000, 0.000000000000000000, 0.000000000000000000 ) ) ;
#7621 = DIRECTION ( 'NONE',  ( 1.000000000000000000, 0.000000000000000000, 0.000000000000000000 ) ) ;
#7622 = CARTESIAN_POINT ( 'NONE',  ( -99.99999999999994316, 0.000000000000000000, 5.000000000000000000 ) ) ;
#7623 = ORIENTED_EDGE ( 'NONE', *, *, #6975, .F. ) ;
#7624 = DIRECTION ( 'NONE',  ( 1.000000000000000000, 0.000000000000000000, 0.000000000000000000 ) ) ;
#7625 = FACE_OUTER_BOUND ( 'NONE', #8537, .T. ) ;
#7626 = ORIENTED_EDGE ( 'NONE', *, *, #8816, .T. ) ;
#7627 = CARTESIAN_POINT ( 'NONE',  ( -49.00000000000008527, 85.00000000000027001, 5.000000000000000000 ) ) ;
#7628 = CYLINDRICAL_SURFACE ( 'NONE', #12023, 2.000000000000001776 ) ;
#7629 = ADVANCED_FACE ( 'NONE', ( #9685 ), #5074, .F. ) ;
#7630 = DIRECTION ( 'NONE',  ( -0.000000000000000000, -0.000000000000000000, 1.000000000000000000 ) ) ;
#7631 = VECTOR ( 'NONE', #8471, 1000.000000000000000 ) ;
#7632 = EDGE_LOOP ( 'NONE', ( #7466, #4215 ) ) ;
#7633 = ORIENTED_EDGE ( 'NONE', *, *, #9008, .F. ) ;
#7634 = CYLINDRICAL_SURFACE ( 'NONE', #5213, 2.000000000000001776 ) ;
#7635 = LINE ( 'NONE', #7697, #2466 ) ;
#7636 = CARTESIAN_POINT ( 'NONE',  ( 14.99999999999974776, 51.00000000000049027, 0.000000000000000000 ) ) ;
#7637 = EDGE_CURVE ( 'NONE', #10174, #6297, #9750, .T. ) ;
#7638 = CARTESIAN_POINT ( 'NONE',  ( 135.0000000000000000, -7.285838599102581908E-15, 0.000000000000000000 ) ) ;
#7639 = EDGE_LOOP ( 'NONE', ( #585, #532 ) ) ;
#7640 = CARTESIAN_POINT ( 'NONE',  ( -33.99999999999980815, -17.00000000000034817, 5.000000000000000000 ) ) ;
#7641 = DIRECTION ( 'NONE',  ( -0.000000000000000000, -0.000000000000000000, -1.000000000000000000 ) ) ;
#7642 = CIRCLE ( 'NONE', #1954, 2.000000000000001776 ) ;
#7643 = ORIENTED_EDGE ( 'NONE', *, *, #471, .T. ) ;
#7644 = ORIENTED_EDGE ( 'NONE', *, *, #8624, .F. ) ;
#7645 = ORIENTED_EDGE ( 'NONE', *, *, #8237, .F. ) ;
#7646 = AXIS2_PLACEMENT_3D ( 'NONE', #3854, #4897, #165 ) ;
#7647 = DIRECTION ( 'NONE',  ( 1.000000000000000000, 0.000000000000000000, 0.000000000000000000 ) ) ;
#7648 = ORIENTED_EDGE ( 'NONE', *, *, #430, .T. ) ;
#7649 = CARTESIAN_POINT ( 'NONE',  ( 33.99999999999968736, 51.00000000000059686, 0.000000000000000000 ) ) ;
#7650 = DIRECTION ( 'NONE',  ( 0.000000000000000000, 0.000000000000000000, 1.000000000000000000 ) ) ;
#7651 = DIRECTION ( 'NONE',  ( -3.439439634563829142E-15, 1.000000000000000000, 0.000000000000000000 ) ) ;
#7653 = ORIENTED_EDGE ( 'NONE', *, *, #985, .T. ) ;
#7652 = ADVANCED_FACE ( 'NONE', ( #6247 ), #11190, .F. ) ;
#7654 = DIRECTION ( 'NONE',  ( 1.000000000000000000, 0.000000000000000000, 0.000000000000000000 ) ) ;
#7655 = CYLINDRICAL_SURFACE ( 'NONE', #3747, 2.000000000000001776 ) ;
#7656 = EDGE_LOOP ( 'NONE', ( #2055, #319 ) ) ;
#7657 = ORIENTED_EDGE ( 'NONE', *, *, #5437, .T. ) ;
#7658 = DIRECTION ( 'NONE',  ( 0.000000000000000000, 0.000000000000000000, 1.000000000000000000 ) ) ;
#7659 = AXIS2_PLACEMENT_3D ( 'NONE', #11907, #9124, #11095 ) ;
#7660 = VECTOR ( 'NONE', #6722, 1000.000000000000000 ) ;
#7661 = EDGE_CURVE ( 'NONE', #4190, #1451, #9472, .T. ) ;
#7662 = ORIENTED_EDGE ( 'NONE', *, *, #823, .F. ) ;
#7663 = EDGE_CURVE ( 'NONE', #4501, #2115, #10005, .T. ) ;
#7664 = ORIENTED_EDGE ( 'NONE', *, *, #4861, .F. ) ;
#7665 = ORIENTED_EDGE ( 'NONE', *, *, #3413, .T. ) ;
#7666 = DIRECTION ( 'NONE',  ( 1.000000000000000000, 0.000000000000000000, 0.000000000000000000 ) ) ;
#7667 = CIRCLE ( 'NONE', #3531, 2.000000000000001776 ) ;
#7668 = CARTESIAN_POINT ( 'NONE',  ( -99.99999999999994316, 30.00000000000001421, 0.000000000000000000 ) ) ;
#7669 = DIRECTION ( 'NONE',  ( -0.000000000000000000, -0.000000000000000000, 1.000000000000000000 ) ) ;
#7670 = ADVANCED_FACE ( 'NONE', ( #4384 ), #10273, .F. ) ;
#7671 = DIRECTION ( 'NONE',  ( -0.7071067811865465735, -0.7071067811865485719, 0.000000000000000000 ) ) ;
#7672 = VERTEX_POINT ( 'NONE', #3469 ) ;
#7673 = DIRECTION ( 'NONE',  ( 1.000000000000000000, 0.000000000000000000, 0.000000000000000000 ) ) ;
#7674 = CARTESIAN_POINT ( 'NONE',  ( -150.0000000000000000, 7.285838599102581908E-15, 0.000000000000000000 ) ) ;
#7675 = VECTOR ( 'NONE', #381, 1000.000000000000000 ) ;
#7676 = ORIENTED_EDGE ( 'NONE', *, *, #897, .T. ) ;
#7677 = EDGE_CURVE ( 'NONE', #10409, #8636, #1621, .T. ) ;
#7678 = VERTEX_POINT ( 'NONE', #7569 ) ;
#7679 = CYLINDRICAL_SURFACE ( 'NONE', #10703, 2.000000000000001776 ) ;
#7680 = CARTESIAN_POINT ( 'NONE',  ( 16.99999999999987566, 17.00000000000025224, 5.000000000000000000 ) ) ;
#7681 = EDGE_CURVE ( 'NONE', #2334, #9871, #2537, .T. ) ;
#7682 = FACE_OUTER_BOUND ( 'NONE', #11086, .T. ) ;
#7683 = ORIENTED_EDGE ( 'NONE', *, *, #3080, .F. ) ;
#7684 = LINE ( 'NONE', #3926, #1782 ) ;
#7685 = DIRECTION ( 'NONE',  ( 0.000000000000000000, 0.000000000000000000, 1.000000000000000000 ) ) ;
#7686 = ORIENTED_EDGE ( 'NONE', *, *, #551, .F. ) ;
#7687 = AXIS2_PLACEMENT_3D ( 'NONE', #3489, #5404, #11111 ) ;
#7688 = CARTESIAN_POINT ( 'NONE',  ( 69.99999999999990052, -50.99999999999987210, 0.000000000000000000 ) ) ;
#7689 = DIRECTION ( 'NONE',  ( -0.000000000000000000, -0.000000000000000000, 1.000000000000000000 ) ) ;
#7690 = CARTESIAN_POINT ( 'NONE',  ( 34.00000000000009948, -68.00000000000022737, 0.000000000000000000 ) ) ;
#7691 = VECTOR ( 'NONE', #463, 1000.000000000000000 ) ;
#7692 = ORIENTED_EDGE ( 'NONE', *, *, #7436, .T. ) ;
#7693 = CIRCLE ( 'NONE', #7490, 2.000000000000001776 ) ;
#7694 = ORIENTED_EDGE ( 'NONE', *, *, #3283, .T. ) ;
#7695 = CARTESIAN_POINT ( 'NONE',  ( -84.99999999999990052, 67.99999999999990052, 0.000000000000000000 ) ) ;
#7696 = EDGE_CURVE ( 'NONE', #4478, #10355, #5293, .T. ) ;
#7697 = CARTESIAN_POINT ( 'NONE',  ( -1.999999999999876099, -34.00000000000022737, 0.000000000000000000 ) ) ;
#7698 = DIRECTION ( 'NONE',  ( 1.000000000000000000, 0.000000000000000000, 0.000000000000000000 ) ) ;
#7699 = DIRECTION ( 'NONE',  ( 0.000000000000000000, 0.000000000000000000, 1.000000000000000000 ) ) ;
#7700 = VERTEX_POINT ( 'NONE', #8480 ) ;
#7701 = DIRECTION ( 'NONE',  ( 1.000000000000000000, 0.000000000000000000, 0.000000000000000000 ) ) ;
#7702 = CARTESIAN_POINT ( 'NONE',  ( 16.99999999999964118, 85.00000000000073896, 5.000000000000000000 ) ) ;
#7703 = CIRCLE ( 'NONE', #2399, 2.000000000000001776 ) ;
#7704 = ORIENTED_EDGE ( 'NONE', *, *, #9859, .F. ) ;
#7705 = AXIS2_PLACEMENT_3D ( 'NONE', #10928, #5222, #6018 ) ;
#7706 = VERTEX_POINT ( 'NONE', #9054 ) ;
#7707 = ORIENTED_EDGE ( 'NONE', *, *, #6108, .T. ) ;
#7708 = CIRCLE ( 'NONE', #2418, 2.000000000000000000 ) ;
#7709 = CARTESIAN_POINT ( 'NONE',  ( -84.99999999999990052, 67.99999999999990052, 5.000000000000000000 ) ) ;
#7710 = ORIENTED_EDGE ( 'NONE', *, *, #10341, .T. ) ;
#7711 = CARTESIAN_POINT ( 'NONE',  ( -79.02499999999996305, -75.97499999999998010, 5.000000000000000000 ) ) ;
#7712 = DIRECTION ( 'NONE',  ( 0.000000000000000000, 0.000000000000000000, 1.000000000000000000 ) ) ;
#7713 = DIRECTION ( 'NONE',  ( 0.000000000000000000, 0.000000000000000000, 1.000000000000000000 ) ) ;
#7714 = CARTESIAN_POINT ( 'NONE',  ( 31.99999999999997868, -33.99999999999998579, 0.000000000000000000 ) ) ;
#7715 = LINE ( 'NONE', #10494, #421 ) ;
#7716 = ORIENTED_EDGE ( 'NONE', *, *, #6395, .T. ) ;
#7717 = EDGE_LOOP ( 'NONE', ( #7521, #10309 ) ) ;
#7718 = DIRECTION ( 'NONE',  ( 1.000000000000000000, 0.000000000000000000, 0.000000000000000000 ) ) ;
#7719 = VECTOR ( 'NONE', #9709, 1000.000000000000000 ) ;
#7720 = VECTOR ( 'NONE', #8168, 1000.000000000000000 ) ;
#7721 = AXIS2_PLACEMENT_3D ( 'NONE', #3161, #3289, #4142 ) ;
#7722 = AXIS2_PLACEMENT_3D ( 'NONE', #11751, #9834, #5163 ) ;
#7723 = ORIENTED_EDGE ( 'NONE', *, *, #6496, .T. ) ;
#7724 = EDGE_CURVE ( 'NONE', #3959, #9766, #3702, .T. ) ;
#7725 = ORIENTED_EDGE ( 'NONE', *, *, #11275, .T. ) ;
#7726 = VECTOR ( 'NONE', #6547, 1000.000000000000000 ) ;
#7727 = CYLINDRICAL_SURFACE ( 'NONE', #11481, 2.000000000000001776 ) ;
#7728 = VERTEX_POINT ( 'NONE', #5377 ) ;
#7729 = CARTESIAN_POINT ( 'NONE',  ( -114.9999999999999432, -29.99999999999999645, 5.000000000000000000 ) ) ;
#7730 = CIRCLE ( 'NONE', #469, 2.000000000000001776 ) ;
#7731 = DIRECTION ( 'NONE',  ( -0.000000000000000000, 0.000000000000000000, -1.000000000000000000 ) ) ;
#7732 = CARTESIAN_POINT ( 'NONE',  ( -33.99999999999957367, -85.00000000000082423, 0.000000000000000000 ) ) ;
#7734 = ADVANCED_FACE ( 'NONE', ( #6583 ), #701, .T. ) ;
#7733 = DIRECTION ( 'NONE',  ( 0.000000000000000000, 0.000000000000000000, 1.000000000000000000 ) ) ;
#7735 = VERTEX_POINT ( 'NONE', #2543 ) ;
#7736 = CARTESIAN_POINT ( 'NONE',  ( 67.99999999999943157, 85.00000000000110845, 0.000000000000000000 ) ) ;
#7737 = EDGE_CURVE ( 'NONE', #1487, #8264, #6467, .T. ) ;
#7738 = FACE_OUTER_BOUND ( 'NONE', #8622, .T. ) ;
#7739 = CIRCLE ( 'NONE', #7534, 2.000000000000001776 ) ;
#7740 = AXIS2_PLACEMENT_3D ( 'NONE', #7194, #425, #608 ) ;
#7741 = ORIENTED_EDGE ( 'NONE', *, *, #8816, .F. ) ;
#7742 = EDGE_CURVE ( 'NONE', #10541, #5316, #3685, .T. ) ;
#7743 = VERTEX_POINT ( 'NONE', #63 ) ;
#7744 = CARTESIAN_POINT ( 'NONE',  ( 82.99999999999965894, 6.108675929036656180E-13, 0.000000000000000000 ) ) ;
#7745 = CARTESIAN_POINT ( 'NONE',  ( -19.00000000000017053, 68.00000000000036948, 0.000000000000000000 ) ) ;
#7746 = VECTOR ( 'NONE', #8783, 1000.000000000000000 ) ;
#7747 = EDGE_CURVE ( 'NONE', #6535, #6845, #6517, .T. ) ;
#7748 = LINE ( 'NONE', #4979, #7785 ) ;
#7749 = ORIENTED_EDGE ( 'NONE', *, *, #2551, .T. ) ;
#7750 = DIRECTION ( 'NONE',  ( -0.000000000000000000, -0.000000000000000000, 1.000000000000000000 ) ) ;
#7751 = DIRECTION ( 'NONE',  ( -0.000000000000000000, -0.000000000000000000, 1.000000000000000000 ) ) ;
#7752 = EDGE_LOOP ( 'NONE', ( #8658, #9953 ) ) ;
#7753 = CARTESIAN_POINT ( 'NONE',  ( 29.99999999999960920, 115.0000000000000142, 5.000000000000000000 ) ) ;
#7754 = ADVANCED_FACE ( 'NONE', ( #3745 ), #11256, .F. ) ;
#7755 = DIRECTION ( 'NONE',  ( 1.000000000000000000, 0.000000000000000000, 0.000000000000000000 ) ) ;
#7756 = LINE ( 'NONE', #11695, #4800 ) ;
#7757 = CIRCLE ( 'NONE', #297, 2.000000000000001776 ) ;
#7758 = ADVANCED_FACE ( 'NONE', ( #9135 ), #5111, .F. ) ;
#7759 = EDGE_LOOP ( 'NONE', ( #10524, #11783, #2802, #6076 ) ) ;
#7760 = EDGE_LOOP ( 'NONE', ( #7776, #5696, #4872, #2518 ) ) ;
#7761 = FACE_OUTER_BOUND ( 'NONE', #11307, .T. ) ;
#7762 = CYLINDRICAL_SURFACE ( 'NONE', #4231, 2.000000000000001776 ) ;
#7763 = CYLINDRICAL_SURFACE ( 'NONE', #6884, 2.000000000000001776 ) ;
#7764 = AXIS2_PLACEMENT_3D ( 'NONE', #8659, #2089, #7620 ) ;
#7765 = DIRECTION ( 'NONE',  ( 1.000000000000000000, 0.000000000000000000, 0.000000000000000000 ) ) ;
#7766 = ORIENTED_EDGE ( 'NONE', *, *, #2913, .F. ) ;
#7767 = DIRECTION ( 'NONE',  ( 0.000000000000000000, 0.000000000000000000, 1.000000000000000000 ) ) ;
#7768 = DIRECTION ( 'NONE',  ( 1.000000000000000000, 0.000000000000000000, 0.000000000000000000 ) ) ;
#7769 = ORIENTED_EDGE ( 'NONE', *, *, #1355, .F. ) ;
#7770 = CIRCLE ( 'NONE', #9522, 15.00000000000000000 ) ;
#7771 = ORIENTED_EDGE ( 'NONE', *, *, #3114, .F. ) ;
#7772 = EDGE_CURVE ( 'NONE', #6713, #8606, #2628, .T. ) ;
#7773 = ORIENTED_EDGE ( 'NONE', *, *, #11747, .F. ) ;
#7774 = AXIS2_PLACEMENT_3D ( 'NONE', #915, #10199, #4660 ) ;
#7775 = CARTESIAN_POINT ( 'NONE',  ( -17.00000000000011369, 51.00000000000024158, 5.000000000000000000 ) ) ;
#7776 = ORIENTED_EDGE ( 'NONE', *, *, #10147, .T. ) ;
#7777 = DIRECTION ( 'NONE',  ( -0.000000000000000000, 0.000000000000000000, 1.000000000000000000 ) ) ;
#7778 = DIRECTION ( 'NONE',  ( 0.000000000000000000, 0.000000000000000000, -1.000000000000000000 ) ) ;
#7779 = CARTESIAN_POINT ( 'NONE',  ( -35.99999999999968736, -51.00000000000058975, 5.000000000000000000 ) ) ;
#7780 = DIRECTION ( 'NONE',  ( -0.000000000000000000, -0.000000000000000000, 1.000000000000000000 ) ) ;
#7781 = DIRECTION ( 'NONE',  ( 1.000000000000000000, 0.000000000000000000, 0.000000000000000000 ) ) ;
#7782 = EDGE_LOOP ( 'NONE', ( #400, #11595, #5751, #9754 ) ) ;
#7783 = ORIENTED_EDGE ( 'NONE', *, *, #3748, .F. ) ;
#7784 = DIRECTION ( 'NONE',  ( -0.000000000000000000, -0.000000000000000000, 1.000000000000000000 ) ) ;
#7785 = VECTOR ( 'NONE', #55, 1000.000000000000000 ) ;
#7786 = EDGE_CURVE ( 'NONE', #2127, #6038, #775, .T. ) ;
#7787 = VERTEX_POINT ( 'NONE', #4182 ) ;
#7788 = ORIENTED_EDGE ( 'NONE', *, *, #1363, .T. ) ;
#7789 = DIRECTION ( 'NONE',  ( 0.000000000000000000, 0.000000000000000000, 1.000000000000000000 ) ) ;
#7790 = ORIENTED_EDGE ( 'NONE', *, *, #5776, .T. ) ;
#7791 = CYLINDRICAL_SURFACE ( 'NONE', #11689, 2.000000000000001776 ) ;
#7792 = CIRCLE ( 'NONE', #2880, 2.000000000000001776 ) ;
#7793 = DIRECTION ( 'NONE',  ( 1.000000000000000000, -4.550094363217858838E-15, 0.000000000000000000 ) ) ;
#7794 = DIRECTION ( 'NONE',  ( 1.000000000000000000, 0.000000000000000000, 0.000000000000000000 ) ) ;
#7795 = CYLINDRICAL_SURFACE ( 'NONE', #10997, 2.000000000000001776 ) ;
#7796 = VERTEX_POINT ( 'NONE', #2289 ) ;
#7797 = CARTESIAN_POINT ( 'NONE',  ( -82.99999999999972999, 16.99999999999953104, 5.000000000000000000 ) ) ;
#7798 = EDGE_CURVE ( 'NONE', #3602, #11914, #6381, .T. ) ;
#7799 = FACE_OUTER_BOUND ( 'NONE', #1405, .T. ) ;
#7800 = CIRCLE ( 'NONE', #4256, 15.00000000000000000 ) ;
#7801 = ORIENTED_EDGE ( 'NONE', *, *, #7889, .F. ) ;
#7802 = ORIENTED_EDGE ( 'NONE', *, *, #11982, .F. ) ;
#7803 = CARTESIAN_POINT ( 'NONE',  ( 82.99999999999994316, -84.99999999999998579, 0.000000000000000000 ) ) ;
#7804 = DIRECTION ( 'NONE',  ( -0.000000000000000000, -0.000000000000000000, 1.000000000000000000 ) ) ;
#7805 = DIRECTION ( 'NONE',  ( 1.000000000000000000, 0.000000000000000000, 0.000000000000000000 ) ) ;
#7806 = DIRECTION ( 'NONE',  ( 0.000000000000000000, 0.000000000000000000, -1.000000000000000000 ) ) ;
#7807 = ORIENTED_EDGE ( 'NONE', *, *, #914, .T. ) ;
#7808 = ADVANCED_FACE ( 'NONE', ( #504 ), #10129, .F. ) ;
#7809 = DIRECTION ( 'NONE',  ( 1.000000000000000000, 0.000000000000000000, 0.000000000000000000 ) ) ;
#7810 = ORIENTED_EDGE ( 'NONE', *, *, #6446, .F. ) ;
#7811 = DIRECTION ( 'NONE',  ( 0.000000000000000000, 0.000000000000000000, -1.000000000000000000 ) ) ;
#7812 = DIRECTION ( 'NONE',  ( 0.000000000000000000, 0.000000000000000000, 1.000000000000000000 ) ) ;
#7813 = FACE_OUTER_BOUND ( 'NONE', #1898, .T. ) ;
#7814 = ADVANCED_FACE ( 'NONE', ( #4518 ), #7998, .F. ) ;
#7815 = ORIENTED_EDGE ( 'NONE', *, *, #11231, .F. ) ;
#7816 = EDGE_CURVE ( 'NONE', #3239, #10670, #3337, .T. ) ;
#7817 = EDGE_CURVE ( 'NONE', #8923, #3055, #11106, .T. ) ;
#7818 = VERTEX_POINT ( 'NONE', #6039 ) ;
#7819 = CARTESIAN_POINT ( 'NONE',  ( 67.99999999999955946, 51.00000000000085265, 5.000000000000000000 ) ) ;
#7820 = CARTESIAN_POINT ( 'NONE',  ( 52.99999999999955946, 68.00000000000083844, 0.000000000000000000 ) ) ;
#7821 = DIRECTION ( 'NONE',  ( 1.000000000000000000, 0.000000000000000000, 0.000000000000000000 ) ) ;
#7822 = DIRECTION ( 'NONE',  ( 0.000000000000000000, 0.000000000000000000, 1.000000000000000000 ) ) ;
#7823 = ORIENTED_EDGE ( 'NONE', *, *, #1000, .F. ) ;
#7824 = DIRECTION ( 'NONE',  ( 0.000000000000000000, 0.000000000000000000, 1.000000000000000000 ) ) ;
#7825 = DIRECTION ( 'NONE',  ( 0.000000000000000000, 0.000000000000000000, 1.000000000000000000 ) ) ;
#7826 = ORIENTED_EDGE ( 'NONE', *, *, #6825, .F. ) ;
#7827 = VERTEX_POINT ( 'NONE', #9785 ) ;
#7828 = CYLINDRICAL_SURFACE ( 'NONE', #4310, 2.000000000000001776 ) ;
#7829 = ORIENTED_EDGE ( 'NONE', *, *, #11275, .F. ) ;
#7830 = FACE_BOUND ( 'NONE', #6095, .T. ) ;
#7831 = AXIS2_PLACEMENT_3D ( 'NONE', #2455, #7060, #4344 ) ;
#7832 = CARTESIAN_POINT ( 'NONE',  ( -33.99999999999968026, -51.00000000000058975, 0.000000000000000000 ) ) ;
#7833 = CARTESIAN_POINT ( 'NONE',  ( -82.99999999999978684, 33.99999999999964473, 0.000000000000000000 ) ) ;
#7834 = FACE_BOUND ( 'NONE', #10374, .T. ) ;
#7835 = ADVANCED_FACE ( 'NONE', ( #6434 ), #4120, .F. ) ;
#7836 =( NAMED_UNIT ( * ) PLANE_ANGLE_UNIT ( ) SI_UNIT ( $, .RADIAN. ) );
#7837 = CARTESIAN_POINT ( 'NONE',  ( -15.00000000000001954, -4.924971782588881698E-14, 5.000000000000000000 ) ) ;
#7838 = DIRECTION ( 'NONE',  ( -0.000000000000000000, -0.000000000000000000, 1.000000000000000000 ) ) ;
#7839 = EDGE_LOOP ( 'NONE', ( #4894, #6997 ) ) ;
#7840 = EDGE_LOOP ( 'NONE', ( #2215, #11925, #11496, #1468 ) ) ;
#7841 = LINE ( 'NONE', #526, #8091 ) ;
#7842 = CIRCLE ( 'NONE', #10194, 15.00000000000000000 ) ;
#7843 = EDGE_LOOP ( 'NONE', ( #1341, #1064, #4383, #9966 ) ) ;
#7844 = ORIENTED_EDGE ( 'NONE', *, *, #1036, .T. ) ;
#7845 = DIRECTION ( 'NONE',  ( 1.000000000000000000, 0.000000000000000000, 0.000000000000000000 ) ) ;
#7846 = EDGE_LOOP ( 'NONE', ( #35, #403, #4746, #10766 ) ) ;
#7847 = DIRECTION ( 'NONE',  ( 1.000000000000000000, 0.000000000000000000, 0.000000000000000000 ) ) ;
#7848 = CARTESIAN_POINT ( 'NONE',  ( 1.563880763880307395E-12, -150.0000000000000000, 0.000000000000000000 ) ) ;
#7849 = CARTESIAN_POINT ( 'NONE',  ( -34.00000000000015632, 85.00000000000038369, 0.000000000000000000 ) ) ;
#7850 = EDGE_CURVE ( 'NONE', #731, #11567, #9604, .T. ) ;
#7851 = DIRECTION ( 'NONE',  ( -0.000000000000000000, 0.000000000000000000, -1.000000000000000000 ) ) ;
#7852 = AXIS2_PLACEMENT_3D ( 'NONE', #8444, #2857, #6609 ) ;
#7853 = ORIENTED_EDGE ( 'NONE', *, *, #10932, .T. ) ;
#7854 = AXIS2_PLACEMENT_3D ( 'NONE', #4876, #4136, #391 ) ;
#7855 = DIRECTION ( 'NONE',  ( 0.000000000000000000, 0.000000000000000000, 1.000000000000000000 ) ) ;
#7856 = ORIENTED_EDGE ( 'NONE', *, *, #11031, .T. ) ;
#7857 = CIRCLE ( 'NONE', #7459, 2.000000000000000000 ) ;
#7858 = EDGE_LOOP ( 'NONE', ( #7192, #12103, #10984, #9968 ) ) ;
#7859 = CARTESIAN_POINT ( 'NONE',  ( 16.99999999999969447, 68.00000000000061107, 5.000000000000000000 ) ) ;
#7860 = LINE ( 'NONE', #4286, #10580 ) ;
#7861 = DIRECTION ( 'NONE',  ( -0.000000000000000000, -0.000000000000000000, 1.000000000000000000 ) ) ;
#7862 = FACE_OUTER_BOUND ( 'NONE', #4725, .T. ) ;
#7863 = ORIENTED_EDGE ( 'NONE', *, *, #11994, .T. ) ;
#7864 = FACE_OUTER_BOUND ( 'NONE', #8254, .T. ) ;
#7865 = ORIENTED_EDGE ( 'NONE', *, *, #3447, .F. ) ;
#7866 = CARTESIAN_POINT ( 'NONE',  ( 18.99999999999993250, 1.387778780781445676E-13, 0.000000000000000000 ) ) ;
#7867 = CARTESIAN_POINT ( 'NONE',  ( -14.99999999999859845, -135.0000000000001705, 5.000000000000000000 ) ) ;
#7868 = AXIS2_PLACEMENT_3D ( 'NONE', #9288, #5799, #9357 ) ;
#7869 = DIRECTION ( 'NONE',  ( 1.000000000000000000, 0.000000000000000000, 0.000000000000000000 ) ) ;
#7870 = ORIENTED_EDGE ( 'NONE', *, *, #11112, .T. ) ;
#7871 = EDGE_CURVE ( 'NONE', #8066, #5279, #3202, .T. ) ;
#7872 = ADVANCED_FACE ( 'NONE', ( #8849 ), #7939, .F. ) ;
#7873 = ORIENTED_EDGE ( 'NONE', *, *, #5479, .T. ) ;
#7874 = VECTOR ( 'NONE', #3621, 1000.000000000000000 ) ;
#7875 = DIRECTION ( 'NONE',  ( 0.000000000000000000, 0.000000000000000000, 1.000000000000000000 ) ) ;
#7876 = CARTESIAN_POINT ( 'NONE',  ( 36.00000000000009948, -68.00000000000022737, 5.000000000000000000 ) ) ;
#7877 = CARTESIAN_POINT ( 'NONE',  ( -4.139448346937463700E-13, 90.97500000000037801, 5.000000000000000000 ) ) ;
#7878 = EDGE_LOOP ( 'NONE', ( #11090, #6373, #5247, #1750 ) ) ;
#7879 = LINE ( 'NONE', #11635, #10425 ) ;
#7880 = CARTESIAN_POINT ( 'NONE',  ( 1.414049942231469047E-12, -135.0000000000000000, 5.000000000000000000 ) ) ;
#7881 = VERTEX_POINT ( 'NONE', #7018 ) ;
#7882 = CARTESIAN_POINT ( 'NONE',  ( -84.99999999999941735, -68.00000000000106581, 0.000000000000000000 ) ) ;
#7883 = EDGE_CURVE ( 'NONE', #6258, #5376, #7299, .T. ) ;
#7884 = DIRECTION ( 'NONE',  ( 1.000000000000000000, 0.000000000000000000, 0.000000000000000000 ) ) ;
#7885 = ORIENTED_EDGE ( 'NONE', *, *, #9526, .F. ) ;
#7886 = EDGE_CURVE ( 'NONE', #2347, #5150, #5882, .T. ) ;
#7887 = CIRCLE ( 'NONE', #11425, 2.000000000000001776 ) ;
#7888 = ADVANCED_FACE ( 'NONE', ( #5177 ), #6160, .F. ) ;
#7889 = EDGE_CURVE ( 'NONE', #5233, #2325, #11580, .T. ) ;
#7890 = VERTEX_POINT ( 'NONE', #900 ) ;
#7891 = CYLINDRICAL_SURFACE ( 'NONE', #5104, 2.000000000000001776 ) ;
#7892 = CYLINDRICAL_SURFACE ( 'NONE', #3041, 2.000000000000000888 ) ;
#7893 = AXIS2_PLACEMENT_3D ( 'NONE', #12003, #11141, #7167 ) ;
#7895 = DIRECTION ( 'NONE',  ( 0.7071067811865465735, -0.7071067811865485719, 0.000000000000000000 ) ) ;
#7894 = AXIS2_PLACEMENT_3D ( 'NONE', #1402, #7918, #2268 ) ;
#7896 = CARTESIAN_POINT ( 'NONE',  ( 67.99999999999955946, 51.00000000000085265, 0.000000000000000000 ) ) ;
#7897 = FACE_BOUND ( 'NONE', #4373, .T. ) ;
#7898 = CARTESIAN_POINT ( 'NONE',  ( -69.99999999999991473, 50.99999999999990763, 5.000000000000000000 ) ) ;
#7899 = CYLINDRICAL_SURFACE ( 'NONE', #3373, 2.000000000000001776 ) ;
#7900 = VERTEX_POINT ( 'NONE', #8395 ) ;
#7901 = VERTEX_POINT ( 'NONE', #5640 ) ;
#7902 = CARTESIAN_POINT ( 'NONE',  ( -67.99999999999954525, -51.00000000000082423, 0.000000000000000000 ) ) ;
#7903 = EDGE_CURVE ( 'NONE', #2002, #887, #8589, .T. ) ;
#7904 = VECTOR ( 'NONE', #5474, 1000.000000000000000 ) ;
#7905 = ORIENTED_EDGE ( 'NONE', *, *, #1228, .T. ) ;
#7906 = EDGE_CURVE ( 'NONE', #11531, #8522, #11298, .T. ) ;
#7907 = ORIENTED_EDGE ( 'NONE', *, *, #583, .F. ) ;
#7908 = DIRECTION ( 'NONE',  ( -0.000000000000000000, -0.000000000000000000, 1.000000000000000000 ) ) ;
#7909 = ORIENTED_EDGE ( 'NONE', *, *, #3980, .F. ) ;
#7910 = DIRECTION ( 'NONE',  ( 1.000000000000000000, 0.000000000000000000, 0.000000000000000000 ) ) ;
#7911 = DIRECTION ( 'NONE',  ( 3.491481338843102590E-15, -1.000000000000000000, 0.000000000000000000 ) ) ;
#7912 = LINE ( 'NONE', #8769, #580 ) ;
#7913 = AXIS2_PLACEMENT_3D ( 'NONE', #6435, #10183, #11048 ) ;
#7914 = PLANE ( 'NONE',  #1761 ) ;
#7915 = CIRCLE ( 'NONE', #8096, 2.000000000000001776 ) ;
#7916 = EDGE_LOOP ( 'NONE', ( #11333, #10769 ) ) ;
#7917 = AXIS2_PLACEMENT_3D ( 'NONE', #1322, #11471, #10608 ) ;
#7918 = DIRECTION ( 'NONE',  ( -0.000000000000000000, -0.000000000000000000, 1.000000000000000000 ) ) ;
#7919 = VECTOR ( 'NONE', #7930, 1000.000000000000000 ) ;
#7920 = EDGE_LOOP ( 'NONE', ( #8814, #6801 ) ) ;
#7921 = EDGE_CURVE ( 'NONE', #11480, #2917, #7253, .T. ) ;
#7922 = ORIENTED_EDGE ( 'NONE', *, *, #8107, .F. ) ;
#7923 = VECTOR ( 'NONE', #8123, 1000.000000000000000 ) ;
#7924 = VECTOR ( 'NONE', #1953, 1000.000000000000000 ) ;
#7925 = FACE_OUTER_BOUND ( 'NONE', #2759, .T. ) ;
#7926 = LINE ( 'NONE', #3312, #5284 ) ;
#7927 = CARTESIAN_POINT ( 'NONE',  ( 35.99999999999986500, 2.498001805406602216E-13, 0.000000000000000000 ) ) ;
#7928 = LINE ( 'NONE', #3314, #10888 ) ;
#7929 = EDGE_LOOP ( 'NONE', ( #2590, #9379 ) ) ;
#7930 = DIRECTION ( 'NONE',  ( -0.000000000000000000, -0.000000000000000000, 1.000000000000000000 ) ) ;
#7931 = ORIENTED_EDGE ( 'NONE', *, *, #10919, .F. ) ;
#7932 = DIRECTION ( 'NONE',  ( 1.000000000000000000, 0.000000000000000000, 0.000000000000000000 ) ) ;
#7933 = CARTESIAN_POINT ( 'NONE',  ( -84.99999999999995737, 85.00000000000001421, 0.000000000000000000 ) ) ;
#7934 = AXIS2_PLACEMENT_3D ( 'NONE', #4984, #10639, #10700 ) ;
#7935 = CARTESIAN_POINT ( 'NONE',  ( 1.999999999999723332, 85.00000000000055422, 0.000000000000000000 ) ) ;
#7936 = VERTEX_POINT ( 'NONE', #36 ) ;
#7937 = AXIS2_PLACEMENT_3D ( 'NONE', #12096, #11921, #2513 ) ;
#7938 = ORIENTED_EDGE ( 'NONE', *, *, #7283, .F. ) ;
#7939 = CYLINDRICAL_SURFACE ( 'NONE', #4106, 2.000000000000001776 ) ;
#7940 = DIRECTION ( 'NONE',  ( -0.000000000000000000, -0.000000000000000000, 1.000000000000000000 ) ) ;
#7941 = DIRECTION ( 'NONE',  ( 1.000000000000000000, 0.000000000000000000, 0.000000000000000000 ) ) ;
#7942 = ORIENTED_EDGE ( 'NONE', *, *, #4789, .F. ) ;
#7943 = CARTESIAN_POINT ( 'NONE',  ( -84.99999999999941735, -68.00000000000106581, 0.000000000000000000 ) ) ;
#7944 = CARTESIAN_POINT ( 'NONE',  ( -35.99999999999980815, -17.00000000000034817, 0.000000000000000000 ) ) ;
#7945 = ORIENTED_EDGE ( 'NONE', *, *, #11308, .F. ) ;
#7946 = DIRECTION ( 'NONE',  ( 1.000000000000000000, 0.000000000000000000, 0.000000000000000000 ) ) ;
#7947 = CARTESIAN_POINT ( 'NONE',  ( 16.99999999999993250, 1.387778780781445676E-13, 0.000000000000000000 ) ) ;
#7948 = ORIENTED_EDGE ( 'NONE', *, *, #446, .T. ) ;
#7949 = CIRCLE ( 'NONE', #9517, 15.00000000000000000 ) ;
#7950 = EDGE_CURVE ( 'NONE', #5893, #12151, #7444, .T. ) ;
#7951 = VECTOR ( 'NONE', #11603, 1000.000000000000000 ) ;
#7952 = VERTEX_POINT ( 'NONE', #163 ) ;
#7953 = CIRCLE ( 'NONE', #9328, 2.000000000000001776 ) ;
#7954 = DIRECTION ( 'NONE',  ( 0.000000000000000000, 0.000000000000000000, 1.000000000000000000 ) ) ;
#7955 = EDGE_CURVE ( 'NONE', #4266, #1067, #7842, .T. ) ;
#7956 = CARTESIAN_POINT ( 'NONE',  ( 34.00000000000009948, -68.00000000000022737, 0.000000000000000000 ) ) ;
#7957 = AXIS2_PLACEMENT_3D ( 'NONE', #7877, #8614, #5915 ) ;
#7958 = DIRECTION ( 'NONE',  ( 1.000000000000000000, 0.000000000000000000, 0.000000000000000000 ) ) ;
#7959 = DIRECTION ( 'NONE',  ( 1.000000000000000000, 0.000000000000000000, 0.000000000000000000 ) ) ;
#7960 = FACE_BOUND ( 'NONE', #1256, .T. ) ;
#7961 = CARTESIAN_POINT ( 'NONE',  ( -67.99999999999995737, 68.00000000000002842, 5.000000000000000000 ) ) ;
#7962 = FACE_OUTER_BOUND ( 'NONE', #6122, .T. ) ;
#7963 = EDGE_LOOP ( 'NONE', ( #11249, #7224, #4702, #7741 ) ) ;
#7964 = EDGE_LOOP ( 'NONE', ( #2806, #11127, #4710, #2024 ) ) ;
#7965 = DIRECTION ( 'NONE',  ( 0.000000000000000000, 0.000000000000000000, 1.000000000000000000 ) ) ;
#7966 = EDGE_CURVE ( 'NONE', #9506, #4868, #5678, .T. ) ;
#7967 = VERTEX_POINT ( 'NONE', #4703 ) ;
#7968 = EDGE_CURVE ( 'NONE', #1937, #9738, #6659, .T. ) ;
#7969 = ORIENTED_EDGE ( 'NONE', *, *, #12101, .T. ) ;
#7970 = DIRECTION ( 'NONE',  ( 0.000000000000000000, 0.000000000000000000, 1.000000000000000000 ) ) ;
#7971 = VERTEX_POINT ( 'NONE', #3786 ) ;
#7972 = EDGE_CURVE ( 'NONE', #9961, #7340, #3908, .T. ) ;
#7973 = CYLINDRICAL_SURFACE ( 'NONE', #11283, 2.000000000000000000 ) ;
#7974 = EDGE_CURVE ( 'NONE', #2441, #6278, #2935, .T. ) ;
#7975 = CYLINDRICAL_SURFACE ( 'NONE', #10872, 2.000000000000000888 ) ;
#7976 = DIRECTION ( 'NONE',  ( -0.000000000000000000, -0.000000000000000000, 1.000000000000000000 ) ) ;
#7977 = CARTESIAN_POINT ( 'NONE',  ( -67.99999999999995737, 68.00000000000002842, 0.000000000000000000 ) ) ;
#7978 = FACE_OUTER_BOUND ( 'NONE', #3295, .T. ) ;
#7979 = ORIENTED_EDGE ( 'NONE', *, *, #6987, .T. ) ;
#7980 = AXIS2_PLACEMENT_3D ( 'NONE', #8100, #4288, #6083 ) ;
#7981 = CARTESIAN_POINT ( 'NONE',  ( 84.99999999999984368, -50.99999999999975131, 0.000000000000000000 ) ) ;
#7982 = VERTEX_POINT ( 'NONE', #4839 ) ;
#7983 = ORIENTED_EDGE ( 'NONE', *, *, #2446, .F. ) ;
#7984 = AXIS2_PLACEMENT_3D ( 'NONE', #10948, #6338, #3451 ) ;
#7985 = LINE ( 'NONE', #8901, #1287 ) ;
#7986 = DIRECTION ( 'NONE',  ( 1.000000000000000000, 0.000000000000000000, 0.000000000000000000 ) ) ;
#7987 = CYLINDRICAL_SURFACE ( 'NONE', #4624, 2.000000000000001776 ) ;
#7988 = CARTESIAN_POINT ( 'NONE',  ( -135.0000000000000000, -14.99999999999999289, 0.000000000000000000 ) ) ;
#7989 = ORIENTED_EDGE ( 'NONE', *, *, #4300, .F. ) ;
#7990 = LINE ( 'NONE', #8840, #11648 ) ;
#7991 = ORIENTED_EDGE ( 'NONE', *, *, #1529, .F. ) ;
#7992 = EDGE_CURVE ( 'NONE', #11216, #7483, #2927, .T. ) ;
#7993 = DIRECTION ( 'NONE',  ( 0.000000000000000000, 0.000000000000000000, 1.000000000000000000 ) ) ;
#7994 = CARTESIAN_POINT ( 'NONE',  ( 65.99999999999988631, -50.99999999999987210, 5.000000000000000000 ) ) ;
#7995 = AXIS2_PLACEMENT_3D ( 'NONE', #560, #5246, #9036 ) ;
#7996 = ORIENTED_EDGE ( 'NONE', *, *, #11887, .T. ) ;
#7997 = ORIENTED_EDGE ( 'NONE', *, *, #8598, .F. ) ;
#7998 = CYLINDRICAL_SURFACE ( 'NONE', #6275, 2.000000000000000000 ) ;
#7999 = LINE ( 'NONE', #3384, #9922 ) ;
#8000 = CARTESIAN_POINT ( 'NONE',  ( 16.99999999999987566, 17.00000000000025224, 0.000000000000000000 ) ) ;
#8001 = ORIENTED_EDGE ( 'NONE', *, *, #5860, .T. ) ;
#8002 = FACE_OUTER_BOUND ( 'NONE', #7401, .T. ) ;
#8003 = CARTESIAN_POINT ( 'NONE',  ( -35.99999999999963052, -68.00000000000069633, 0.000000000000000000 ) ) ;
#8004 = EDGE_LOOP ( 'NONE', ( #5922, #4420, #4656, #9553 ) ) ;
#8005 = EDGE_CURVE ( 'NONE', #7706, #9539, #5510, .T. ) ;
#8006 = CARTESIAN_POINT ( 'NONE',  ( 84.99999999999992895, 100.0000000000000000, 5.000000000000000000 ) ) ;
#8007 = CARTESIAN_POINT ( 'NONE',  ( 82.99999999999984368, -50.99999999999975131, 5.000000000000000000 ) ) ;
#8008 = VERTEX_POINT ( 'NONE', #2991 ) ;
#8009 = EDGE_LOOP ( 'NONE', ( #10266, #7363 ) ) ;
#8010 = ADVANCED_FACE ( 'NONE', ( #1949 ), #5697, .F. ) ;
#8011 = CARTESIAN_POINT ( 'NONE',  ( 67.99999999999943157, 85.00000000000110845, 5.000000000000000000 ) ) ;
#8012 = CARTESIAN_POINT ( 'NONE',  ( 50.99999999999962341, 51.00000000000071054, 5.000000000000000000 ) ) ;
#8013 = DIRECTION ( 'NONE',  ( 1.000000000000000000, 0.000000000000000000, 0.000000000000000000 ) ) ;
#8014 = DIRECTION ( 'NONE',  ( -0.7071067811865485719, -0.7071067811865465735, 0.000000000000000000 ) ) ;
#8015 = FACE_BOUND ( 'NONE', #8313, .T. ) ;
#8016 = CARTESIAN_POINT ( 'NONE',  ( 16.99999999999993250, 1.387778780781445676E-13, 5.000000000000000000 ) ) ;
#8017 = CARTESIAN_POINT ( 'NONE',  ( 4.139448346937463700E-13, -90.97500000000037801, 0.000000000000000000 ) ) ;
#8018 = EDGE_LOOP ( 'NONE', ( #9752, #7298 ) ) ;
#8019 = ORIENTED_EDGE ( 'NONE', *, *, #11807, .T. ) ;
#8020 = LINE ( 'NONE', #401, #10255 ) ;
#8021 = ORIENTED_EDGE ( 'NONE', *, *, #5603, .F. ) ;
#8022 = ORIENTED_EDGE ( 'NONE', *, *, #4654, .T. ) ;
#8023 = AXIS2_PLACEMENT_3D ( 'NONE', #9460, #121, #9524 ) ;
#8024 = EDGE_CURVE ( 'NONE', #772, #6196, #7061, .T. ) ;
#8025 = ADVANCED_FACE ( 'NONE', ( #12145 ), #6493, .T. ) ;
#8026 = ORIENTED_EDGE ( 'NONE', *, *, #7068, .T. ) ;
#8027 = FACE_BOUND ( 'NONE', #4735, .T. ) ;
#8028 = CARTESIAN_POINT ( 'NONE',  ( 79.02499999999996305, 0.000000000000000000, 0.000000000000000000 ) ) ;
#8029 = DIRECTION ( 'NONE',  ( 1.000000000000000000, 0.000000000000000000, 0.000000000000000000 ) ) ;
#8030 = DIRECTION ( 'NONE',  ( -0.000000000000000000, -0.000000000000000000, 1.000000000000000000 ) ) ;
#8031 = CARTESIAN_POINT ( 'NONE',  ( -84.99999999999967315, -5.828670879282071837E-13, 0.000000000000000000 ) ) ;
#8032 = ORIENTED_EDGE ( 'NONE', *, *, #3139, .T. ) ;
#8033 = CARTESIAN_POINT ( 'NONE',  ( -16.99999999999998579, 17.00000000000001421, 0.000000000000000000 ) ) ;
#8034 = ADVANCED_FACE ( 'NONE', ( #7477 ), #11228, .F. ) ;
#8035 = CIRCLE ( 'NONE', #9602, 2.000000000000000888 ) ;
#8036 = AXIS2_PLACEMENT_3D ( 'NONE', #1303, #7076, #5052 ) ;
#8037 = EDGE_CURVE ( 'NONE', #8839, #1404, #3135, .T. ) ;
#8038 = ADVANCED_FACE ( 'NONE', ( #12074 ), #7590, .F. ) ;
#8039 = VERTEX_POINT ( 'NONE', #12130 ) ;
#8040 = ORIENTED_EDGE ( 'NONE', *, *, #3673, .F. ) ;
#8041 = EDGE_CURVE ( 'NONE', #11034, #309, #146, .T. ) ;
#8042 = CIRCLE ( 'NONE', #4697, 2.000000000000001776 ) ;
#8043 = DIRECTION ( 'NONE',  ( -0.000000000000000000, -0.000000000000000000, 1.000000000000000000 ) ) ;
#8045 = AXIS2_PLACEMENT_3D ( 'NONE', #377, #9189, #721 ) ;
#8044 = LINE ( 'NONE', #11799, #6073 ) ;
#8046 = CARTESIAN_POINT ( 'NONE',  ( -34.00000000000015632, 85.00000000000038369, 5.000000000000000000 ) ) ;
#8047 = DIRECTION ( 'NONE',  ( 0.000000000000000000, 0.000000000000000000, 1.000000000000000000 ) ) ;
#8048 = ORIENTED_EDGE ( 'NONE', *, *, #5147, .F. ) ;
#8049 = DIRECTION ( 'NONE',  ( 1.000000000000000000, 0.000000000000000000, 0.000000000000000000 ) ) ;
#8050 = LINE ( 'NONE', #7069, #9911 ) ;
#8051 = DIRECTION ( 'NONE',  ( -0.000000000000000000, -0.000000000000000000, 1.000000000000000000 ) ) ;
#8052 = EDGE_CURVE ( 'NONE', #7234, #6751, #6644, .T. ) ;
#8053 = VERTEX_POINT ( 'NONE', #9426 ) ;
#8054 = VECTOR ( 'NONE', #6565, 1000.000000000000000 ) ;
#8055 = EDGE_LOOP ( 'NONE', ( #8466, #11296 ) ) ;
#8056 = EDGE_CURVE ( 'NONE', #3485, #199, #1873, .T. ) ;
#8057 = DIRECTION ( 'NONE',  ( 1.000000000000000000, 0.000000000000000000, 0.000000000000000000 ) ) ;
#8058 = CARTESIAN_POINT ( 'NONE',  ( -84.99999999999947420, -51.00000000000093792, 0.000000000000000000 ) ) ;
#8059 = AXIS2_PLACEMENT_3D ( 'NONE', #4188, #4004, #3145 ) ;
#8060 = VERTEX_POINT ( 'NONE', #11339 ) ;
#8061 = CARTESIAN_POINT ( 'NONE',  ( 35.99999999999963052, 68.00000000000072475, 5.000000000000000000 ) ) ;
#8062 = CARTESIAN_POINT ( 'NONE',  ( 48.99999999999967315, 34.00000000000059686, 0.000000000000000000 ) ) ;
#8063 = ORIENTED_EDGE ( 'NONE', *, *, #10981, .T. ) ;
#8064 = CYLINDRICAL_SURFACE ( 'NONE', #10885, 15.00000000000001421 ) ;
#8065 = DIRECTION ( 'NONE',  ( 1.000000000000000000, -1.295260195396016016E-14, 0.000000000000000000 ) ) ;
#8066 = VERTEX_POINT ( 'NONE', #11280 ) ;
#8067 = AXIS2_PLACEMENT_3D ( 'NONE', #1665, #11989, #3557 ) ;
#8068 = EDGE_CURVE ( 'NONE', #6388, #10983, #11947, .T. ) ;
#8069 = ORIENTED_EDGE ( 'NONE', *, *, #11805, .T. ) ;
#8070 = DIRECTION ( 'NONE',  ( 1.000000000000000000, 0.000000000000000000, 0.000000000000000000 ) ) ;
#8071 = DIRECTION ( 'NONE',  ( -0.000000000000000000, -0.000000000000000000, -1.000000000000000000 ) ) ;
#8072 = LINE ( 'NONE', #2484, #4195 ) ;
#8073 = LINE ( 'NONE', #11942, #2952 ) ;
#8074 = FACE_BOUND ( 'NONE', #10006, .T. ) ;
#8075 = DIRECTION ( 'NONE',  ( -1.000000000000000000, -3.439439634563829142E-15, 0.000000000000000000 ) ) ;
#8076 = CIRCLE ( 'NONE', #7486, 2.000000000000001776 ) ;
#8077 = EDGE_LOOP ( 'NONE', ( #3764, #4700, #3004, #5204 ) ) ;
#8078 = ORIENTED_EDGE ( 'NONE', *, *, #4722, .T. ) ;
#8079 = DIRECTION ( 'NONE',  ( -0.000000000000000000, -0.000000000000000000, 1.000000000000000000 ) ) ;
#8080 = EDGE_LOOP ( 'NONE', ( #11904, #4417 ) ) ;
#8081 = VERTEX_POINT ( 'NONE', #5679 ) ;
#8082 = ORIENTED_EDGE ( 'NONE', *, *, #9070, .F. ) ;
#8083 = FACE_BOUND ( 'NONE', #2051, .T. ) ;
#8084 = LINE ( 'NONE', #11958, #9892 ) ;
#8085 = DIRECTION ( 'NONE',  ( -0.000000000000000000, -0.000000000000000000, 1.000000000000000000 ) ) ;
#8086 = CARTESIAN_POINT ( 'NONE',  ( 4.139448346937463700E-13, -90.97500000000037801, 5.000000000000000000 ) ) ;
#8087 = DIRECTION ( 'NONE',  ( -0.000000000000000000, 0.000000000000000000, -1.000000000000000000 ) ) ;
#8088 = ORIENTED_EDGE ( 'NONE', *, *, #2585, .F. ) ;
#8089 = LINE ( 'NONE', #10869, #7106 ) ;
#8090 = CIRCLE ( 'NONE', #1433, 15.00000000000000000 ) ;
#8091 = VECTOR ( 'NONE', #466, 1000.000000000000000 ) ;
#8092 = EDGE_CURVE ( 'NONE', #10729, #9706, #7406, .T. ) ;
#8093 = ORIENTED_EDGE ( 'NONE', *, *, #11144, .T. ) ;
#8094 = ORIENTED_EDGE ( 'NONE', *, *, #5174, .F. ) ;
#8095 = VECTOR ( 'NONE', #10506, 1000.000000000000000 ) ;
#8096 = AXIS2_PLACEMENT_3D ( 'NONE', #6766, #498, #10526 ) ;
#8097 = AXIS2_PLACEMENT_3D ( 'NONE', #4620, #2779, #874 ) ;
#8098 = CARTESIAN_POINT ( 'NONE',  ( 86.99999999999947420, 51.00000000000095923, 5.000000000000000000 ) ) ;
#8099 = CARTESIAN_POINT ( 'NONE',  ( 17.00000000000022382, -85.00000000000046896, 0.000000000000000000 ) ) ;
#8100 = CARTESIAN_POINT ( 'NONE',  ( -16.99999999999964118, -85.00000000000069633, 0.000000000000000000 ) ) ;
#8101 = ADVANCED_FACE ( 'NONE', ( #2723 ), #10357, .F. ) ;
#8102 = DIRECTION ( 'NONE',  ( 1.000000000000000000, 0.000000000000000000, 0.000000000000000000 ) ) ;
#8103 = ORIENTED_EDGE ( 'NONE', *, *, #11504, .F. ) ;
#8104 = FACE_OUTER_BOUND ( 'NONE', #5227, .T. ) ;
#8105 = CARTESIAN_POINT ( 'NONE',  ( 67.99999999999984368, -33.99999999999975131, 0.000000000000000000 ) ) ;
#8106 = CYLINDRICAL_SURFACE ( 'NONE', #48, 2.000000000000001776 ) ;
#8107 = EDGE_CURVE ( 'NONE', #887, #7282, #8440, .T. ) ;
#8108 = AXIS2_PLACEMENT_3D ( 'NONE', #8259, #2444, #6424 ) ;
#8109 = AXIS2_PLACEMENT_3D ( 'NONE', #6152, #9085, #1593 ) ;
#8110 = AXIS2_PLACEMENT_3D ( 'NONE', #7583, #9224, #11331 ) ;
#8111 = VERTEX_POINT ( 'NONE', #3703 ) ;
#8112 = ORIENTED_EDGE ( 'NONE', *, *, #7494, .T. ) ;
#8113 = VECTOR ( 'NONE', #11403, 1000.000000000000000 ) ;
#8114 = DIRECTION ( 'NONE',  ( -0.000000000000000000, -0.000000000000000000, 1.000000000000000000 ) ) ;
#8115 = AXIS2_PLACEMENT_3D ( 'NONE', #9677, #1194, #7958 ) ;
#8116 = DIRECTION ( 'NONE',  ( -0.000000000000000000, 0.000000000000000000, -1.000000000000000000 ) ) ;
#8117 = EDGE_CURVE ( 'NONE', #2703, #7113, #10407, .T. ) ;
#8118 = CIRCLE ( 'NONE', #1048, 15.00000000000000000 ) ;
#8119 = ORIENTED_EDGE ( 'NONE', *, *, #6419, .T. ) ;
#8120 = CARTESIAN_POINT ( 'NONE',  ( -75.97499999999996589, -75.97499999999998010, 5.000000000000000000 ) ) ;
#8121 = LINE ( 'NONE', #9402, #2500 ) ;
#8122 = VERTEX_POINT ( 'NONE', #8505 ) ;
#8123 = DIRECTION ( 'NONE',  ( -0.000000000000000000, -0.000000000000000000, 1.000000000000000000 ) ) ;
#8124 = DIRECTION ( 'NONE',  ( -1.000000000000000000, 2.081668171172167774E-16, 0.000000000000000000 ) ) ;
#8125 = ADVANCED_FACE ( 'NONE', ( #88 ), #881, .F. ) ;
#8126 = AXIS2_PLACEMENT_3D ( 'NONE', #11687, #9772, #5041 ) ;
#8127 = CIRCLE ( 'NONE', #2251, 15.00000000000000000 ) ;
#8128 = EDGE_LOOP ( 'NONE', ( #9768, #5946 ) ) ;
#8129 = LINE ( 'NONE', #7492, #779 ) ;
#8130 = CARTESIAN_POINT ( 'NONE',  ( -67.99999999999980105, 16.99999999999965539, 0.000000000000000000 ) ) ;
#8131 = FACE_OUTER_BOUND ( 'NONE', #4680, .T. ) ;
#8132 = CARTESIAN_POINT ( 'NONE',  ( -29.99999999999880984, -115.0000000000000142, 5.000000000000000000 ) ) ;
#8133 = VECTOR ( 'NONE', #129, 1000.000000000000000 ) ;
#8134 = FACE_BOUND ( 'NONE', #10628, .T. ) ;
#8135 = DIRECTION ( 'NONE',  ( -0.000000000000000000, -0.000000000000000000, -1.000000000000000000 ) ) ;
#8136 = DIRECTION ( 'NONE',  ( -1.047444401652940638E-14, 1.000000000000000000, 0.000000000000000000 ) ) ;
#8137 = ORIENTED_EDGE ( 'NONE', *, *, #9020, .T. ) ;
#8138 = AXIS2_PLACEMENT_3D ( 'NONE', #3024, #133, #10534 ) ;
#8139 = ORIENTED_EDGE ( 'NONE', *, *, #11795, .T. ) ;
#8140 = CARTESIAN_POINT ( 'NONE',  ( -50.99999999999967315, -34.00000000000058265, 5.000000000000000000 ) ) ;
#8141 = EDGE_CURVE ( 'NONE', #8791, #3678, #11584, .T. ) ;
#8142 = PRODUCT ( '\X2\4e9a514b529b677f\X0\', '\X2\4e9a514b529b677f\X0\', '', ( #3101 ) ) ;
#8143 = ORIENTED_EDGE ( 'NONE', *, *, #742, .F. ) ;
#8144 = AXIS2_PLACEMENT_3D ( 'NONE', #3554, #8114, #2643 ) ;
#8145 = ORIENTED_EDGE ( 'NONE', *, *, #6749, .T. ) ;
#8146 = VECTOR ( 'NONE', #10646, 1000.000000000000000 ) ;
#8147 = ORIENTED_EDGE ( 'NONE', *, *, #2923, .T. ) ;
#8148 = FACE_BOUND ( 'NONE', #4249, .T. ) ;
#8149 = DIRECTION ( 'NONE',  ( 0.000000000000000000, 0.000000000000000000, 1.000000000000000000 ) ) ;
#8150 = CYLINDRICAL_SURFACE ( 'NONE', #2353, 2.000000000000001776 ) ;
#8151 = FACE_OUTER_BOUND ( 'NONE', #8856, .T. ) ;
#8152 = LINE ( 'NONE', #5500, #4149 ) ;
#8153 = EDGE_LOOP ( 'NONE', ( #7174, #2224, #6857, #8231 ) ) ;
#8154 = DIRECTION ( 'NONE',  ( 1.000000000000000000, 0.000000000000000000, 0.000000000000000000 ) ) ;
#8155 = EDGE_CURVE ( 'NONE', #11019, #5927, #10417, .T. ) ;
#8156 = AXIS2_PLACEMENT_3D ( 'NONE', #7021, #7201, #9848 ) ;
#8157 = ORIENTED_EDGE ( 'NONE', *, *, #9148, .T. ) ;
#8158 = ORIENTED_EDGE ( 'NONE', *, *, #11982, .T. ) ;
#8159 = ORIENTED_EDGE ( 'NONE', *, *, #4107, .T. ) ;
#8160 = AXIS2_PLACEMENT_3D ( 'NONE', #3866, #11314, #7805 ) ;
#8161 = CARTESIAN_POINT ( 'NONE',  ( -16.99999999999982236, -34.00000000000034817, 0.000000000000000000 ) ) ;
#8162 = CARTESIAN_POINT ( 'NONE',  ( 18.99999999999969802, 68.00000000000061107, 0.000000000000000000 ) ) ;
#8163 = ADVANCED_FACE ( 'NONE', ( #8318 ), #7461, .F. ) ;
#8164 = DIRECTION ( 'NONE',  ( -0.000000000000000000, -0.000000000000000000, 1.000000000000000000 ) ) ;
#8165 = DIRECTION ( 'NONE',  ( -0.000000000000000000, -0.000000000000000000, 1.000000000000000000 ) ) ;
#8166 = ORIENTED_EDGE ( 'NONE', *, *, #10597, .T. ) ;
#8167 = DIRECTION ( 'NONE',  ( 0.000000000000000000, 0.000000000000000000, 1.000000000000000000 ) ) ;
#8168 = DIRECTION ( 'NONE',  ( -0.000000000000000000, -0.000000000000000000, 1.000000000000000000 ) ) ;
#8169 = EDGE_LOOP ( 'NONE', ( #5757, #10314, #4622, #5005 ) ) ;
#8170 = VERTEX_POINT ( 'NONE', #1074 ) ;
#8171 = CARTESIAN_POINT ( 'NONE',  ( 65.99999999999967315, 17.00000000000059686, 5.000000000000000000 ) ) ;
#8172 = EDGE_CURVE ( 'NONE', #4170, #2385, #4627, .T. ) ;
#8173 = DIRECTION ( 'NONE',  ( 1.000000000000000000, 0.000000000000000000, 0.000000000000000000 ) ) ;
#8174 = AXIS2_PLACEMENT_3D ( 'NONE', #1985, #5731, #4811 ) ;
#8175 = VERTEX_POINT ( 'NONE', #1993 ) ;
#8176 = CARTESIAN_POINT ( 'NONE',  ( 34.00000000000003553, -51.00000000000010658, 0.000000000000000000 ) ) ;
#8177 = DIRECTION ( 'NONE',  ( -0.000000000000000000, -0.000000000000000000, 1.000000000000000000 ) ) ;
#8178 = VERTEX_POINT ( 'NONE', #4822 ) ;
#8179 = CYLINDRICAL_SURFACE ( 'NONE', #11663, 2.000000000000001776 ) ;
#8180 = CARTESIAN_POINT ( 'NONE',  ( -75.97499999999996589, 0.000000000000000000, 0.000000000000000000 ) ) ;
#8181 = EDGE_CURVE ( 'NONE', #3602, #833, #8573, .T. ) ;
#8182 = EDGE_CURVE ( 'NONE', #8496, #8206, #1348, .T. ) ;
#8183 = EDGE_CURVE ( 'NONE', #12052, #7952, #9822, .T. ) ;
#8184 = ORIENTED_EDGE ( 'NONE', *, *, #10655, .F. ) ;
#8185 = LINE ( 'NONE', #11010, #5980 ) ;
#8186 = EDGE_CURVE ( 'NONE', #9098, #5576, #5691, .T. ) ;
#8187 = FACE_OUTER_BOUND ( 'NONE', #5675, .T. ) ;
#8188 = LINE ( 'NONE', #2595, #7338 ) ;
#8189 = CARTESIAN_POINT ( 'NONE',  ( -9.714451465470119729E-14, 34.00000000000021316, 0.000000000000000000 ) ) ;
#8190 = FACE_BOUND ( 'NONE', #10446, .T. ) ;
#8191 = DIRECTION ( 'NONE',  ( -0.000000000000000000, -0.000000000000000000, 1.000000000000000000 ) ) ;
#8192 = DIRECTION ( 'NONE',  ( 1.000000000000000000, 0.000000000000000000, 0.000000000000000000 ) ) ;
#8193 = ORIENTED_EDGE ( 'NONE', *, *, #2766, .T. ) ;
#8194 = ORIENTED_EDGE ( 'NONE', *, *, #10214, .F. ) ;
#8195 = DIRECTION ( 'NONE',  ( 0.000000000000000000, 0.000000000000000000, 1.000000000000000000 ) ) ;
#8196 = ORIENTED_EDGE ( 'NONE', *, *, #8943, .F. ) ;
#8197 = ORIENTED_EDGE ( 'NONE', *, *, #7376, .T. ) ;
#8198 = EDGE_CURVE ( 'NONE', #11955, #3120, #1255, .T. ) ;
#8199 = EDGE_LOOP ( 'NONE', ( #2674, #8951, #9849, #5925 ) ) ;
#8200 = FACE_BOUND ( 'NONE', #160, .T. ) ;
#8201 = CARTESIAN_POINT ( 'NONE',  ( -50.99999999999961631, -51.00000000000070344, 5.000000000000000000 ) ) ;
#8202 = DIRECTION ( 'NONE',  ( 0.000000000000000000, 0.000000000000000000, 1.000000000000000000 ) ) ;
#8203 = CARTESIAN_POINT ( 'NONE',  ( 31.99999999999986144, 2.500451099004896919E-13, 0.000000000000000000 ) ) ;
#8204 = FACE_OUTER_BOUND ( 'NONE', #9421, .T. ) ;
#8205 = ORIENTED_EDGE ( 'NONE', *, *, #7593, .F. ) ;
#8206 = VERTEX_POINT ( 'NONE', #10661 ) ;
#8207 = CARTESIAN_POINT ( 'NONE',  ( 84.99999999999984368, -50.99999999999975131, 5.000000000000000000 ) ) ;
#8208 = VECTOR ( 'NONE', #1002, 1000.000000000000000 ) ;
#8209 = ORIENTED_EDGE ( 'NONE', *, *, #286, .T. ) ;
#8210 = EDGE_LOOP ( 'NONE', ( #11475, #2720 ) ) ;
#8211 = EDGE_CURVE ( 'NONE', #7346, #1683, #12158, .T. ) ;
#8212 = VERTEX_POINT ( 'NONE', #10545 ) ;
#8213 = DIRECTION ( 'NONE',  ( 0.000000000000000000, 0.000000000000000000, 1.000000000000000000 ) ) ;
#8214 = DIRECTION ( 'NONE',  ( -1.000000000000000000, 4.550094363217858838E-15, 0.000000000000000000 ) ) ;
#8215 = CARTESIAN_POINT ( 'NONE',  ( -132.0000000000000000, 0.000000000000000000, 0.000000000000000000 ) ) ;
#8216 = DIRECTION ( 'NONE',  ( 0.000000000000000000, 0.000000000000000000, 1.000000000000000000 ) ) ;
#8217 = DIRECTION ( 'NONE',  ( -0.000000000000000000, -0.000000000000000000, 1.000000000000000000 ) ) ;
#8218 = AXIS2_PLACEMENT_3D ( 'NONE', #11746, #11616, #2329 ) ;
#8219 = ORIENTED_EDGE ( 'NONE', *, *, #6245, .F. ) ;
#8220 = DIRECTION ( 'NONE',  ( 1.000000000000000000, 0.000000000000000000, 0.000000000000000000 ) ) ;
#8221 = CARTESIAN_POINT ( 'NONE',  ( 51.00000000000008527, -85.00000000000022737, 5.000000000000000000 ) ) ;
#8222 = ORIENTED_EDGE ( 'NONE', *, *, #9555, .F. ) ;
#8223 = AXIS2_PLACEMENT_3D ( 'NONE', #9818, #11735, #4095 ) ;
#8224 = ORIENTED_EDGE ( 'NONE', *, *, #10687, .T. ) ;
#8225 = VECTOR ( 'NONE', #9324, 1000.000000000000000 ) ;
#8226 = DIRECTION ( 'NONE',  ( 1.000000000000000000, -5.204170427930419434E-17, 0.000000000000000000 ) ) ;
#8227 = CARTESIAN_POINT ( 'NONE',  ( 1.999999999999903855, 34.00000000000021316, 0.000000000000000000 ) ) ;
#8228 = ORIENTED_EDGE ( 'NONE', *, *, #7724, .F. ) ;
#8229 = DIRECTION ( 'NONE',  ( 1.000000000000000000, 0.000000000000000000, 0.000000000000000000 ) ) ;
#8230 = DIRECTION ( 'NONE',  ( 0.000000000000000000, 0.000000000000000000, 1.000000000000000000 ) ) ;
#8231 = ORIENTED_EDGE ( 'NONE', *, *, #10349, .T. ) ;
#8232 = CARTESIAN_POINT ( 'NONE',  ( -49.00000000000008527, 85.00000000000027001, 0.000000000000000000 ) ) ;
#8233 = DIRECTION ( 'NONE',  ( -0.000000000000000000, -0.000000000000000000, 1.000000000000000000 ) ) ;
#8234 = CIRCLE ( 'NONE', #3521, 2.000000000000001776 ) ;
#8235 = AXIS2_PLACEMENT_3D ( 'NONE', #1823, #3719, #1891 ) ;
#8236 = EDGE_CURVE ( 'NONE', #9098, #5912, #6788, .T. ) ;
#8237 = EDGE_CURVE ( 'NONE', #11088, #4196, #3921, .T. ) ;
#8238 = ORIENTED_EDGE ( 'NONE', *, *, #8629, .F. ) ;
#8239 = AXIS2_PLACEMENT_3D ( 'NONE', #4140, #9802, #5933 ) ;
#8240 = DIRECTION ( 'NONE',  ( -0.000000000000000000, -0.000000000000000000, 1.000000000000000000 ) ) ;
#8241 = LINE ( 'NONE', #3632, #880 ) ;
#8242 = ADVANCED_FACE ( 'NONE', ( #5126 ), #7891, .F. ) ;
#8243 = CARTESIAN_POINT ( 'NONE',  ( -79.02499999999996305, -79.02499999999997726, 5.000000000000000000 ) ) ;
#8244 = CARTESIAN_POINT ( 'NONE',  ( 69.99999999999990052, -50.99999999999987210, 0.000000000000000000 ) ) ;
#8245 = FACE_BOUND ( 'NONE', #2300, .T. ) ;
#8246 = EDGE_CURVE ( 'NONE', #7967, #4835, #11975, .T. ) ;
#8247 = DIRECTION ( 'NONE',  ( 1.000000000000000000, 0.000000000000000000, 0.000000000000000000 ) ) ;
#8248 = CARTESIAN_POINT ( 'NONE',  ( 65.99999999999943157, 85.00000000000110845, 0.000000000000000000 ) ) ;
#8249 = EDGE_LOOP ( 'NONE', ( #4456, #1638 ) ) ;
#8250 = ORIENTED_EDGE ( 'NONE', *, *, #10932, .F. ) ;
#8251 = AXIS2_PLACEMENT_3D ( 'NONE', #11881, #9155, #8229 ) ;
#8252 = EDGE_CURVE ( 'NONE', #5460, #3483, #1377, .T. ) ;
#8253 = EDGE_CURVE ( 'NONE', #5576, #6747, #8691, .T. ) ;
#8254 = EDGE_LOOP ( 'NONE', ( #2170, #795, #8449, #11235 ) ) ;
#8255 = VERTEX_POINT ( 'NONE', #273 ) ;
#8256 = ORIENTED_EDGE ( 'NONE', *, *, #8267, .T. ) ;
#8257 = FACE_BOUND ( 'NONE', #5990, .T. ) ;
#8258 = AXIS2_PLACEMENT_3D ( 'NONE', #856, #7438, #11183 ) ;
#8259 = CARTESIAN_POINT ( 'NONE',  ( -84.99999999999978684, 33.99999999999964473, 0.000000000000000000 ) ) ;
#8260 = CARTESIAN_POINT ( 'NONE',  ( 33.99999999999992184, -16.99999999999987566, 5.000000000000000000 ) ) ;
#8261 = ADVANCED_FACE ( 'NONE', ( #6112 ), #7828, .F. ) ;
#8262 = FACE_OUTER_BOUND ( 'NONE', #7608, .T. ) ;
#8263 = CARTESIAN_POINT ( 'NONE',  ( -79.02499999999996305, -94.02500000000000568, 5.000000000000000000 ) ) ;
#8264 = VERTEX_POINT ( 'NONE', #2174 ) ;
#8265 = ORIENTED_EDGE ( 'NONE', *, *, #530, .T. ) ;
#8266 = CARTESIAN_POINT ( 'NONE',  ( 94.02499999999986358, 79.02499999999996305, 5.000000000000000000 ) ) ;
#8267 = EDGE_CURVE ( 'NONE', #2380, #577, #7263, .T. ) ;
#8268 = AXIS2_PLACEMENT_3D ( 'NONE', #9433, #4693, #10365 ) ;
#8269 = AXIS2_PLACEMENT_3D ( 'NONE', #11923, #5099, #8906 ) ;
#8270 = VERTEX_POINT ( 'NONE', #3219 ) ;
#8271 = ORIENTED_EDGE ( 'NONE', *, *, #1436, .F. ) ;
#8272 = EDGE_LOOP ( 'NONE', ( #8219, #2083 ) ) ;
#8273 = CARTESIAN_POINT ( 'NONE',  ( -16.99999999999975131, -51.00000000000046896, 0.000000000000000000 ) ) ;
#8274 = CARTESIAN_POINT ( 'NONE',  ( 50.99999999999997158, -50.99999999999999289, 0.000000000000000000 ) ) ;
#8275 = CARTESIAN_POINT ( 'NONE',  ( -1.999999999999695577, -85.00000000000055422, 5.000000000000000000 ) ) ;
#8276 = DIRECTION ( 'NONE',  ( 0.000000000000000000, 0.000000000000000000, 1.000000000000000000 ) ) ;
#8277 = FACE_OUTER_BOUND ( 'NONE', #474, .T. ) ;
#8278 = CIRCLE ( 'NONE', #6138, 2.000000000000001776 ) ;
#8279 = ORIENTED_EDGE ( 'NONE', *, *, #2339, .F. ) ;
#8280 = AXIS2_PLACEMENT_3D ( 'NONE', #8033, #7855, #5277 ) ;
#8281 = FACE_OUTER_BOUND ( 'NONE', #11710, .T. ) ;
#8282 = DIRECTION ( 'NONE',  ( -0.000000000000000000, -0.000000000000000000, 1.000000000000000000 ) ) ;
#8283 = EDGE_CURVE ( 'NONE', #6428, #3658, #332, .T. ) ;
#8284 = ORIENTED_EDGE ( 'NONE', *, *, #8330, .F. ) ;
#8285 = VECTOR ( 'NONE', #12055, 1000.000000000000000 ) ;
#8286 = ORIENTED_EDGE ( 'NONE', *, *, #5770, .T. ) ;
#8287 = VECTOR ( 'NONE', #5449, 1000.000000000000000 ) ;
#8288 = DIRECTION ( 'NONE',  ( 0.000000000000000000, 0.000000000000000000, 1.000000000000000000 ) ) ;
#8289 = CARTESIAN_POINT ( 'NONE',  ( -16.99999999999993250, -9.714451465470119729E-14, 0.000000000000000000 ) ) ;
#8290 = EDGE_LOOP ( 'NONE', ( #7361, #11147 ) ) ;
#8291 = DIRECTION ( 'NONE',  ( -0.000000000000000000, -0.000000000000000000, 1.000000000000000000 ) ) ;
#8292 = CARTESIAN_POINT ( 'NONE',  ( -82.99999999999984368, 50.99999999999976552, 5.000000000000000000 ) ) ;
#8293 = CIRCLE ( 'NONE', #11447, 2.000000000000001776 ) ;
#8294 = VERTEX_POINT ( 'NONE', #2359 ) ;
#8295 = CARTESIAN_POINT ( 'NONE',  ( -50.99999999999986500, 16.99999999999977973, 0.000000000000000000 ) ) ;
#8296 = CARTESIAN_POINT ( 'NONE',  ( -48.99999999999955946, -68.00000000000082423, 0.000000000000000000 ) ) ;
#8297 = AXIS2_PLACEMENT_3D ( 'NONE', #11563, #5909, #4985 ) ;
#8298 = AXIS2_PLACEMENT_3D ( 'NONE', #8563, #1862, #79 ) ;
#8299 = AXIS2_PLACEMENT_3D ( 'NONE', #5516, #6567, #6500 ) ;
#8300 = AXIS2_PLACEMENT_3D ( 'NONE', #3357, #12016, #4395 ) ;
#8301 = CIRCLE ( 'NONE', #6165, 2.000000000000001776 ) ;
#8302 = ORIENTED_EDGE ( 'NONE', *, *, #7661, .F. ) ;
#8303 = AXIS2_PLACEMENT_3D ( 'NONE', #7153, #1496, #10897 ) ;
#8304 = CARTESIAN_POINT ( 'NONE',  ( -67.99999999999991473, 50.99999999999990763, 0.000000000000000000 ) ) ;
#8305 = CYLINDRICAL_SURFACE ( 'NONE', #3627, 2.000000000000001776 ) ;
#8306 = DIRECTION ( 'NONE',  ( 0.000000000000000000, 0.000000000000000000, 1.000000000000000000 ) ) ;
#8307 = CARTESIAN_POINT ( 'NONE',  ( -50.99999999999961631, -51.00000000000070344, 0.000000000000000000 ) ) ;
#8308 = ADVANCED_FACE ( 'NONE', ( #7030 ), #4076, .F. ) ;
#8309 = DIRECTION ( 'NONE',  ( 0.000000000000000000, 0.000000000000000000, 1.000000000000000000 ) ) ;
#8310 = LINE ( 'NONE', #3695, #3018 ) ;
#8311 = CARTESIAN_POINT ( 'NONE',  ( 1.361677722148822135E-12, -130.0000000000000000, 5.000000000000000000 ) ) ;
#8312 = ORIENTED_EDGE ( 'NONE', *, *, #8468, .T. ) ;
#8313 = EDGE_LOOP ( 'NONE', ( #6657, #7105 ) ) ;
#8314 = AXIS2_PLACEMENT_3D ( 'NONE', #5932, #7895, #10548 ) ;
#8315 = AXIS2_PLACEMENT_3D ( 'NONE', #3871, #11562, #312 ) ;
#8316 = ORIENTED_EDGE ( 'NONE', *, *, #614, .F. ) ;
#8317 = VERTEX_POINT ( 'NONE', #5994 ) ;
#8318 = FACE_OUTER_BOUND ( 'NONE', #6904, .T. ) ;
#8319 = VERTEX_POINT ( 'NONE', #6970 ) ;
#8320 = FACE_BOUND ( 'NONE', #3046, .T. ) ;
#8321 = AXIS2_PLACEMENT_3D ( 'NONE', #2047, #6646, #9475 ) ;
#8322 = CARTESIAN_POINT ( 'NONE',  ( 35.99999999999963052, 68.00000000000072475, 0.000000000000000000 ) ) ;
#8323 = DIRECTION ( 'NONE',  ( 1.000000000000000000, 0.000000000000000000, 0.000000000000000000 ) ) ;
#8324 = EDGE_CURVE ( 'NONE', #1683, #4282, #9740, .T. ) ;
#8325 = DIRECTION ( 'NONE',  ( -0.000000000000000000, -0.000000000000000000, 1.000000000000000000 ) ) ;
#8326 = CARTESIAN_POINT ( 'NONE',  ( 15.00000000000140687, -134.9999999999998295, 0.000000000000000000 ) ) ;
#8327 = ORIENTED_EDGE ( 'NONE', *, *, #7597, .T. ) ;
#8328 = ORIENTED_EDGE ( 'NONE', *, *, #3598, .T. ) ;
#8329 = CARTESIAN_POINT ( 'NONE',  ( -48.99999999999972289, -17.00000000000045830, 0.000000000000000000 ) ) ;
#8330 = EDGE_CURVE ( 'NONE', #9812, #10817, #10721, .T. ) ;
#8331 = VECTOR ( 'NONE', #988, 1000.000000000000000 ) ;
#8332 = ORIENTED_EDGE ( 'NONE', *, *, #365, .T. ) ;
#8333 = ADVANCED_FACE ( 'NONE', ( #11247 ), #11890, .F. ) ;
#8334 = EDGE_CURVE ( 'NONE', #11160, #3941, #8129, .T. ) ;
#8335 = ORIENTED_EDGE ( 'NONE', *, *, #6911, .F. ) ;
#8336 = ORIENTED_EDGE ( 'NONE', *, *, #6767, .F. ) ;
#8337 = DIRECTION ( 'NONE',  ( -0.000000000000000000, -0.000000000000000000, 1.000000000000000000 ) ) ;
#8338 = FACE_OUTER_BOUND ( 'NONE', #451, .T. ) ;
#8339 = CYLINDRICAL_SURFACE ( 'NONE', #6457, 2.000000000000001776 ) ;
#8340 = AXIS2_PLACEMENT_3D ( 'NONE', #9151, #732, #4473 ) ;
#8341 = CARTESIAN_POINT ( 'NONE',  ( 35.99999999999998579, -33.99999999999998579, 5.000000000000000000 ) ) ;
#8342 = DIRECTION ( 'NONE',  ( 1.000000000000000000, 0.000000000000000000, 0.000000000000000000 ) ) ;
#8343 = ORIENTED_EDGE ( 'NONE', *, *, #897, .F. ) ;
#8344 = CIRCLE ( 'NONE', #3051, 2.000000000000001776 ) ;
#8345 = CARTESIAN_POINT ( 'NONE',  ( 90.97499999999986642, 0.000000000000000000, 0.000000000000000000 ) ) ;
#8346 = CARTESIAN_POINT ( 'NONE',  ( 1.414049942231469047E-12, -135.0000000000000000, 0.000000000000000000 ) ) ;
#8347 = EDGE_LOOP ( 'NONE', ( #10092, #4641 ) ) ;
#8348 = VERTEX_POINT ( 'NONE', #9340 ) ;
#8349 = AXIS2_PLACEMENT_3D ( 'NONE', #5780, #9644, #6757 ) ;
#8350 = CARTESIAN_POINT ( 'NONE',  ( 65.99999999999955946, 51.00000000000085265, 0.000000000000000000 ) ) ;
#8351 = CYLINDRICAL_SURFACE ( 'NONE', #169, 15.00000000000000000 ) ;
#8352 = EDGE_CURVE ( 'NONE', #98, #5436, #10384, .T. ) ;
#8353 = CARTESIAN_POINT ( 'NONE',  ( 52.99999999999962341, 51.00000000000071054, 0.000000000000000000 ) ) ;
#8354 = ORIENTED_EDGE ( 'NONE', *, *, #6571, .F. ) ;
#8355 = DIRECTION ( 'NONE',  ( 1.000000000000000000, 0.000000000000000000, 0.000000000000000000 ) ) ;
#8356 = DIRECTION ( 'NONE',  ( 0.000000000000000000, -0.000000000000000000, -1.000000000000000000 ) ) ;
#8357 = ORIENTED_EDGE ( 'NONE', *, *, #7130, .T. ) ;
#8358 = CARTESIAN_POINT ( 'NONE',  ( 84.99999999999977263, -33.99999999999963762, 5.000000000000000000 ) ) ;
#8359 = LINE ( 'NONE', #11379, #9666 ) ;
#8360 = CIRCLE ( 'NONE', #119, 2.000000000000001776 ) ;
#8361 = CARTESIAN_POINT ( 'NONE',  ( 33.99999999999968736, 51.00000000000059686, 0.000000000000000000 ) ) ;
#8362 = EDGE_LOOP ( 'NONE', ( #9914, #4565, #8373, #11353 ) ) ;
#8363 = AXIS2_PLACEMENT_3D ( 'NONE', #10712, #5118, #8855 ) ;
#8364 = DIRECTION ( 'NONE',  ( -0.000000000000000000, -0.000000000000000000, -1.000000000000000000 ) ) ;
#8365 = EDGE_CURVE ( 'NONE', #2282, #5376, #11177, .T. ) ;
#8366 = CARTESIAN_POINT ( 'NONE',  ( -65.99999999999954525, -51.00000000000082423, 0.000000000000000000 ) ) ;
#8367 = FACE_OUTER_BOUND ( 'NONE', #3945, .T. ) ;
#8368 = CARTESIAN_POINT ( 'NONE',  ( 84.99999999999937472, 85.00000000000120792, 5.000000000000000000 ) ) ;
#8369 = DIRECTION ( 'NONE',  ( 0.000000000000000000, 0.000000000000000000, -1.000000000000000000 ) ) ;
#8370 = ORIENTED_EDGE ( 'NONE', *, *, #8512, .F. ) ;
#8371 = DIRECTION ( 'NONE',  ( -0.000000000000000000, -0.000000000000000000, 1.000000000000000000 ) ) ;
#8372 = DIRECTION ( 'NONE',  ( 0.000000000000000000, 0.000000000000000000, 1.000000000000000000 ) ) ;
#8373 = ORIENTED_EDGE ( 'NONE', *, *, #3669, .T. ) ;
#8374 = ORIENTED_EDGE ( 'NONE', *, *, #8186, .T. ) ;
#8375 = AXIS2_PLACEMENT_3D ( 'NONE', #3869, #10523, #245 ) ;
#8376 = EDGE_CURVE ( 'NONE', #1364, #6511, #6180, .T. ) ;
#8377 = EDGE_LOOP ( 'NONE', ( #3593, #1358, #8147, #4911 ) ) ;
#8378 = CARTESIAN_POINT ( 'NONE',  ( -3.595712070532895536E-13, -79.02499999999960778, 5.000000000000000000 ) ) ;
#8379 = ORIENTED_EDGE ( 'NONE', *, *, #11444, .F. ) ;
#8380 = FACE_BOUND ( 'NONE', #3726, .T. ) ;
#8381 = CARTESIAN_POINT ( 'NONE',  ( 50.99999999999973710, 17.00000000000048672, 0.000000000000000000 ) ) ;
#8382 = DIRECTION ( 'NONE',  ( 1.000000000000000000, 0.000000000000000000, 0.000000000000000000 ) ) ;
#8383 = ORIENTED_EDGE ( 'NONE', *, *, #11802, .F. ) ;
#8384 = FACE_OUTER_BOUND ( 'NONE', #5503, .T. ) ;
#8385 = DIRECTION ( 'NONE',  ( -0.000000000000000000, 0.000000000000000000, -1.000000000000000000 ) ) ;
#8386 = VERTEX_POINT ( 'NONE', #10906 ) ;
#8387 = ORIENTED_EDGE ( 'NONE', *, *, #5476, .T. ) ;
#8388 = DIRECTION ( 'NONE',  ( -0.000000000000000000, -0.000000000000000000, 1.000000000000000000 ) ) ;
#8389 = VERTEX_POINT ( 'NONE', #2532 ) ;
#8390 = ADVANCED_FACE ( 'NONE', ( #10839 ), #2482, .F. ) ;
#8391 = ADVANCED_FACE ( 'NONE', ( #1443 ), #4258, .F. ) ;
#8392 = AXIS2_PLACEMENT_3D ( 'NONE', #5202, #397, #6978 ) ;
#8393 = ORIENTED_EDGE ( 'NONE', *, *, #8365, .T. ) ;
#8394 = VERTEX_POINT ( 'NONE', #9043 ) ;
#8395 = CARTESIAN_POINT ( 'NONE',  ( -79.02499999999996305, -75.97499999999998010, 0.000000000000000000 ) ) ;
#8396 = DIRECTION ( 'NONE',  ( 1.000000000000000000, 0.000000000000000000, 0.000000000000000000 ) ) ;
#8397 = DIRECTION ( 'NONE',  ( 1.000000000000000000, 0.000000000000000000, 0.000000000000000000 ) ) ;
#8398 = CARTESIAN_POINT ( 'NONE',  ( 0.000000000000000000, 0.000000000000000000, 0.000000000000000000 ) ) ;
#8400 = EDGE_CURVE ( 'NONE', #11168, #4596, #11566, .T. ) ;
#8399 = DIRECTION ( 'NONE',  ( 0.000000000000000000, -1.000000000000000000, 0.000000000000000000 ) ) ;
#8401 = ORIENTED_EDGE ( 'NONE', *, *, #1127, .F. ) ;
#8402 = DIRECTION ( 'NONE',  ( 1.000000000000000000, 0.000000000000000000, 0.000000000000000000 ) ) ;
#8403 = EDGE_CURVE ( 'NONE', #10241, #5440, #4100, .T. ) ;
#8404 = DIRECTION ( 'NONE',  ( -0.000000000000000000, -0.000000000000000000, 1.000000000000000000 ) ) ;
#8405 = EDGE_CURVE ( 'NONE', #3716, #6828, #10955, .T. ) ;
#8406 = ORIENTED_EDGE ( 'NONE', *, *, #1947, .F. ) ;
#8407 = EDGE_CURVE ( 'NONE', #3653, #11383, #11158, .T. ) ;
#8408 = ORIENTED_EDGE ( 'NONE', *, *, #4787, .F. ) ;
#8409 = CIRCLE ( 'NONE', #5465, 2.000000000000001776 ) ;
#8410 = DIRECTION ( 'NONE',  ( 1.000000000000000000, 0.000000000000000000, 0.000000000000000000 ) ) ;
#8411 = CYLINDRICAL_SURFACE ( 'NONE', #10969, 2.000000000000000888 ) ;
#8412 = DIRECTION ( 'NONE',  ( -0.000000000000000000, -0.000000000000000000, -1.000000000000000000 ) ) ;
#8413 = EDGE_LOOP ( 'NONE', ( #5939, #3036, #202, #11978 ) ) ;
#8414 = DIRECTION ( 'NONE',  ( 0.000000000000000000, 0.000000000000000000, 1.000000000000000000 ) ) ;
#8415 = DIRECTION ( 'NONE',  ( -0.000000000000000000, -0.000000000000000000, 1.000000000000000000 ) ) ;
#8416 = EDGE_LOOP ( 'NONE', ( #5748, #8022, #9655, #4322 ) ) ;
#8417 = DIRECTION ( 'NONE',  ( 1.000000000000000000, 0.000000000000000000, 0.000000000000000000 ) ) ;
#8418 = ADVANCED_FACE ( 'NONE', ( #9928 ), #852, .F. ) ;
#8419 = CARTESIAN_POINT ( 'NONE',  ( -82.99999999999988631, 67.99999999999990052, 0.000000000000000000 ) ) ;
#8420 = DIRECTION ( 'NONE',  ( -0.000000000000000000, -0.000000000000000000, -1.000000000000000000 ) ) ;
#8421 = VECTOR ( 'NONE', #5830, 1000.000000000000000 ) ;
#8422 = AXIS2_PLACEMENT_3D ( 'NONE', #8792, #7875, #11631 ) ;
#8423 = CARTESIAN_POINT ( 'NONE',  ( -67.99999999999991473, 50.99999999999990763, 0.000000000000000000 ) ) ;
#8424 = ADVANCED_FACE ( 'NONE', ( #5254 ), #8351, .T. ) ;
#8425 = ORIENTED_EDGE ( 'NONE', *, *, #5271, .F. ) ;
#8426 = CYLINDRICAL_SURFACE ( 'NONE', #4803, 2.000000000000001776 ) ;
#8427 = LINE ( 'NONE', #4738, #1488 ) ;
#8428 = CIRCLE ( 'NONE', #6284, 2.000000000000001776 ) ;
#8429 = DIRECTION ( 'NONE',  ( 0.000000000000000000, 0.000000000000000000, 1.000000000000000000 ) ) ;
#8430 = DIRECTION ( 'NONE',  ( 0.000000000000000000, 0.000000000000000000, 1.000000000000000000 ) ) ;
#8431 = CARTESIAN_POINT ( 'NONE',  ( 49.00000000000008527, -85.00000000000022737, 5.000000000000000000 ) ) ;
#8432 = ORIENTED_EDGE ( 'NONE', *, *, #11759, .T. ) ;
#8433 = CYLINDRICAL_SURFACE ( 'NONE', #9074, 2.000000000000001776 ) ;
#8434 = CYLINDRICAL_SURFACE ( 'NONE', #10047, 2.000000000000001776 ) ;
#8435 = ORIENTED_EDGE ( 'NONE', *, *, #382, .T. ) ;
#8436 = EDGE_LOOP ( 'NONE', ( #531, #10385, #6603, #11963 ) ) ;
#8437 = EDGE_CURVE ( 'NONE', #4862, #8588, #8409, .T. ) ;
#8438 = VECTOR ( 'NONE', #10781, 1000.000000000000000 ) ;
#8439 = ORIENTED_EDGE ( 'NONE', *, *, #6496, .F. ) ;
#8440 = LINE ( 'NONE', #6476, #8208 ) ;
#8441 = VERTEX_POINT ( 'NONE', #11180 ) ;
#8442 = FACE_BOUND ( 'NONE', #10893, .T. ) ;
#8443 = LINE ( 'NONE', #9310, #467 ) ;
#8444 = CARTESIAN_POINT ( 'NONE',  ( -16.99999999999975131, -51.00000000000046896, 0.000000000000000000 ) ) ;
#8445 = EDGE_LOOP ( 'NONE', ( #1191, #3981, #11407, #11529 ) ) ;
#8446 = CARTESIAN_POINT ( 'NONE',  ( -4.538925740496074119E-13, 130.0000000000000000, 0.000000000000000000 ) ) ;
#8447 = DIRECTION ( 'NONE',  ( 1.000000000000000000, 0.000000000000000000, 0.000000000000000000 ) ) ;
#8448 = AXIS2_PLACEMENT_3D ( 'NONE', #4250, #508, #5419 ) ;
#8449 = ORIENTED_EDGE ( 'NONE', *, *, #3232, .T. ) ;
#8450 = EDGE_LOOP ( 'NONE', ( #1349, #7292 ) ) ;
#8451 = DIRECTION ( 'NONE',  ( 1.000000000000000000, 0.000000000000000000, 0.000000000000000000 ) ) ;
#8452 = ORIENTED_EDGE ( 'NONE', *, *, #2695, .T. ) ;
#8453 = AXIS2_PLACEMENT_3D ( 'NONE', #7290, #825, #11033 ) ;
#8454 = ORIENTED_EDGE ( 'NONE', *, *, #1501, .F. ) ;
#8455 = EDGE_LOOP ( 'NONE', ( #10466, #10455, #5606, #11834 ) ) ;
#8456 = DIRECTION ( 'NONE',  ( 0.000000000000000000, 0.000000000000000000, 1.000000000000000000 ) ) ;
#8457 = CARTESIAN_POINT ( 'NONE',  ( 33.99999999999974420, 34.00000000000047606, 0.000000000000000000 ) ) ;
#8458 = DIRECTION ( 'NONE',  ( -0.000000000000000000, -0.000000000000000000, 1.000000000000000000 ) ) ;
#8459 = FACE_BOUND ( 'NONE', #8752, .T. ) ;
#8460 = CARTESIAN_POINT ( 'NONE',  ( 92.49999999999984368, 92.50000000000011369, 5.000000000000000000 ) ) ;
#8461 = ORIENTED_EDGE ( 'NONE', *, *, #1460, .F. ) ;
#8462 = CARTESIAN_POINT ( 'NONE',  ( -84.99999999999988631, -100.0000000000000284, 0.000000000000000000 ) ) ;
#8463 = ADVANCED_FACE ( 'NONE', ( #4659 ), #8411, .F. ) ;
#8464 = DIRECTION ( 'NONE',  ( 0.000000000000000000, -0.000000000000000000, -1.000000000000000000 ) ) ;
#8465 = VECTOR ( 'NONE', #1323, 1000.000000000000000 ) ;
#8466 = ORIENTED_EDGE ( 'NONE', *, *, #2487, .F. ) ;
#8467 = ORIENTED_EDGE ( 'NONE', *, *, #1387, .T. ) ;
#8468 = EDGE_CURVE ( 'NONE', #10756, #5781, #5088, .T. ) ;
#8469 = AXIS2_PLACEMENT_3D ( 'NONE', #9636, #1027, #9703 ) ;
#8470 = CARTESIAN_POINT ( 'NONE',  ( -18.99999999999992895, -9.689958529487172699E-14, 5.000000000000000000 ) ) ;
#8471 = DIRECTION ( 'NONE',  ( 0.7071067811865485719, 0.7071067811865465735, 0.000000000000000000 ) ) ;
#8472 = CARTESIAN_POINT ( 'NONE',  ( 82.99999999999988631, -67.99999999999987210, 0.000000000000000000 ) ) ;
#8473 = ORIENTED_EDGE ( 'NONE', *, *, #4644, .T. ) ;
#8474 = DIRECTION ( 'NONE',  ( 1.000000000000000000, 0.000000000000000000, 0.000000000000000000 ) ) ;
#8475 = EDGE_CURVE ( 'NONE', #876, #11750, #1967, .T. ) ;
#8476 = CARTESIAN_POINT ( 'NONE',  ( 50.99999999999979394, 3.747002708109903324E-13, 0.000000000000000000 ) ) ;
#8477 = VERTEX_POINT ( 'NONE', #5902 ) ;
#8478 = CARTESIAN_POINT ( 'NONE',  ( 2.000000000000306422, -85.00000000000055422, 0.000000000000000000 ) ) ;
#8479 = DIRECTION ( 'NONE',  ( -0.000000000000000000, 0.000000000000000000, 1.000000000000000000 ) ) ;
#8480 = CARTESIAN_POINT ( 'NONE',  ( -75.97499999999996589, -94.02500000000000568, 5.000000000000000000 ) ) ;
#8481 = CIRCLE ( 'NONE', #5942, 2.000000000000001776 ) ;
#8482 = VECTOR ( 'NONE', #8945, 1000.000000000000000 ) ;
#8483 = DIRECTION ( 'NONE',  ( 0.000000000000000000, 0.000000000000000000, 1.000000000000000000 ) ) ;
#8484 = EDGE_CURVE ( 'NONE', #10166, #11567, #3865, .T. ) ;
#8485 = VERTEX_POINT ( 'NONE', #4786 ) ;
#8486 = DIRECTION ( 'NONE',  ( -1.000000000000000000, 0.000000000000000000, 0.000000000000000000 ) ) ;
#8487 = AXIS2_PLACEMENT_3D ( 'NONE', #10249, #1826, #7478 ) ;
#8488 = CARTESIAN_POINT ( 'NONE',  ( 86.99999999999995737, -84.99999999999998579, 0.000000000000000000 ) ) ;
#8489 = AXIS2_PLACEMENT_3D ( 'NONE', #11172, #2749, #908 ) ;
#8491 = DIRECTION ( 'NONE',  ( -1.000000000000000000, -4.550094363217858838E-15, 0.000000000000000000 ) ) ;
#8490 = AXIS2_PLACEMENT_3D ( 'NONE', #7837, #10911, #7218 ) ;
#8492 = PLANE ( 'NONE',  #10212 ) ;
#8494 = CARTESIAN_POINT ( 'NONE',  ( 132.0000000000000000, 2.449293598294701484E-16, 5.000000000000000000 ) ) ;
#8493 = AXIS2_PLACEMENT_3D ( 'NONE', #844, #3727, #1765 ) ;
#8495 = EDGE_CURVE ( 'NONE', #11216, #11194, #2921, .T. ) ;
#8496 = VERTEX_POINT ( 'NONE', #3008 ) ;
#8497 = CARTESIAN_POINT ( 'NONE',  ( 14.99999999999998401, -16.99999999999998579, 0.000000000000000000 ) ) ;
#8498 = FACE_OUTER_BOUND ( 'NONE', #1208, .T. ) ;
#8499 = ORIENTED_EDGE ( 'NONE', *, *, #10125, .T. ) ;
#8500 = VERTEX_POINT ( 'NONE', #11312 ) ;
#8501 = AXIS2_PLACEMENT_3D ( 'NONE', #9061, #9006, #2670 ) ;
#8502 = VECTOR ( 'NONE', #9335, 1000.000000000000000 ) ;
#8503 = AXIS2_PLACEMENT_3D ( 'NONE', #1368, #1182, #7946 ) ;
#8504 = ORIENTED_EDGE ( 'NONE', *, *, #2859, .F. ) ;
#8505 = CARTESIAN_POINT ( 'NONE',  ( -35.99999999999997868, 34.00000000000000000, 0.000000000000000000 ) ) ;
#8506 = ORIENTED_EDGE ( 'NONE', *, *, #11231, .T. ) ;
#8507 = FACE_BOUND ( 'NONE', #1548, .T. ) ;
#8508 = DIRECTION ( 'NONE',  ( -0.000000000000000000, -0.000000000000000000, -1.000000000000000000 ) ) ;
#8509 = CARTESIAN_POINT ( 'NONE',  ( -90.97499999999982379, -79.02499999999997726, 5.000000000000000000 ) ) ;
#8510 = EDGE_LOOP ( 'NONE', ( #8103, #5883, #3540, #5355 ) ) ;
#8511 = CIRCLE ( 'NONE', #4781, 2.000000000000001776 ) ;
#8512 = EDGE_CURVE ( 'NONE', #6357, #3518, #4050, .T. ) ;
#8513 = DIRECTION ( 'NONE',  ( -0.000000000000000000, -0.000000000000000000, 1.000000000000000000 ) ) ;
#8514 = DIRECTION ( 'NONE',  ( -0.000000000000000000, -0.000000000000000000, 1.000000000000000000 ) ) ;
#8515 = ORIENTED_EDGE ( 'NONE', *, *, #3669, .F. ) ;
#8516 = CIRCLE ( 'NONE', #11858, 2.000000000000001776 ) ;
#8517 = EDGE_LOOP ( 'NONE', ( #5063, #11043, #10794, #5050 ) ) ;
#8518 = PLANE ( 'NONE',  #3765 ) ;
#8519 = AXIS2_PLACEMENT_3D ( 'NONE', #9448, #959, #3059 ) ;
#8520 = ORIENTED_EDGE ( 'NONE', *, *, #5898, .F. ) ;
#8521 = AXIS2_PLACEMENT_3D ( 'NONE', #2898, #6465, #4549 ) ;
#8522 = VERTEX_POINT ( 'NONE', #11501 ) ;
#8523 = CIRCLE ( 'NONE', #4209, 2.000000000000000888 ) ;
#8524 = EDGE_LOOP ( 'NONE', ( #9443, #5125 ) ) ;
#8525 = CARTESIAN_POINT ( 'NONE',  ( -16.99999999999982236, -34.00000000000034817, 5.000000000000000000 ) ) ;
#8526 = LINE ( 'NONE', #4774, #2412 ) ;
#8527 = CYLINDRICAL_SURFACE ( 'NONE', #5677, 2.000000000000001776 ) ;
#8528 = EDGE_CURVE ( 'NONE', #2694, #358, #9993, .T. ) ;
#8529 = FACE_BOUND ( 'NONE', #2542, .T. ) ;
#8530 = CARTESIAN_POINT ( 'NONE',  ( -29.99999999999880984, -100.0000000000000142, 5.000000000000000000 ) ) ;
#8531 = ORIENTED_EDGE ( 'NONE', *, *, #6460, .T. ) ;
#8532 = DIRECTION ( 'NONE',  ( 1.000000000000000000, 0.000000000000000000, 0.000000000000000000 ) ) ;
#8533 = CIRCLE ( 'NONE', #11279, 2.000000000000001776 ) ;
#8534 = DIRECTION ( 'NONE',  ( 1.000000000000000000, 0.000000000000000000, 0.000000000000000000 ) ) ;
#8535 = CIRCLE ( 'NONE', #9716, 2.000000000000001776 ) ;
#8536 = ORIENTED_EDGE ( 'NONE', *, *, #7006, .F. ) ;
#8537 = EDGE_LOOP ( 'NONE', ( #11722, #6572, #3890, #8069 ) ) ;
#8538 = CIRCLE ( 'NONE', #3248, 2.000000000000001776 ) ;
#8539 = ADVANCED_FACE ( 'NONE', ( #9643 ), #4852, .F. ) ;
#8540 = AXIS2_PLACEMENT_3D ( 'NONE', #802, #7576, #12119 ) ;
#8541 = CARTESIAN_POINT ( 'NONE',  ( 135.0000000000000000, 0.000000000000000000, 5.000000000000000000 ) ) ;
#8542 = DIRECTION ( 'NONE',  ( 1.000000000000000000, 0.000000000000000000, 0.000000000000000000 ) ) ;
#8543 = DIRECTION ( 'NONE',  ( 1.000000000000000000, 0.000000000000000000, 0.000000000000000000 ) ) ;
#8544 = VERTEX_POINT ( 'NONE', #3069 ) ;
#8545 = LINE ( 'NONE', #6512, #7874 ) ;
#8546 = PLANE ( 'NONE',  #2975 ) ;
#8547 = ORIENTED_EDGE ( 'NONE', *, *, #11089, .F. ) ;
#8548 = CARTESIAN_POINT ( 'NONE',  ( 17.00000000000016698, -68.00000000000035527, 0.000000000000000000 ) ) ;
#8549 = DIRECTION ( 'NONE',  ( 1.000000000000000000, 0.000000000000000000, 0.000000000000000000 ) ) ;
#8550 = CIRCLE ( 'NONE', #110, 2.000000000000001776 ) ;
#8551 = CIRCLE ( 'NONE', #10124, 2.000000000000000888 ) ;
#8552 = LINE ( 'NONE', #4733, #8133 ) ;
#8553 = ORIENTED_EDGE ( 'NONE', *, *, #4903, .T. ) ;
#8554 = EDGE_CURVE ( 'NONE', #6377, #11981, #2029, .T. ) ;
#8555 = VERTEX_POINT ( 'NONE', #6755 ) ;
#8556 = DIRECTION ( 'NONE',  ( -0.000000000000000000, -0.000000000000000000, 1.000000000000000000 ) ) ;
#8557 = DIRECTION ( 'NONE',  ( 0.000000000000000000, 0.000000000000000000, 1.000000000000000000 ) ) ;
#8558 = AXIS2_PLACEMENT_3D ( 'NONE', #2685, #4649, #1762 ) ;
#8559 = CARTESIAN_POINT ( 'NONE',  ( 19.00000000000011369, -51.00000000000022737, 0.000000000000000000 ) ) ;
#8560 = DIRECTION ( 'NONE',  ( 1.000000000000000000, 0.000000000000000000, 0.000000000000000000 ) ) ;
#8561 = LINE ( 'NONE', #4675, #9353 ) ;
#8562 = VERTEX_POINT ( 'NONE', #8660 ) ;
#8563 = CARTESIAN_POINT ( 'NONE',  ( -16.99999999999982236, -34.00000000000034817, 0.000000000000000000 ) ) ;
#8564 = EDGE_CURVE ( 'NONE', #9539, #6499, #1038, .T. ) ;
#8565 = CARTESIAN_POINT ( 'NONE',  ( -19.00000000000017053, 68.00000000000036948, 0.000000000000000000 ) ) ;
#8566 = ORIENTED_EDGE ( 'NONE', *, *, #9225, .T. ) ;
#8567 = ORIENTED_EDGE ( 'NONE', *, *, #11184, .F. ) ;
#8568 = EDGE_CURVE ( 'NONE', #8053, #11211, #3923, .T. ) ;
#8569 = EDGE_CURVE ( 'NONE', #7971, #9936, #1107, .T. ) ;
#8570 = CIRCLE ( 'NONE', #3272, 2.000000000000001776 ) ;
#8571 = EDGE_CURVE ( 'NONE', #8270, #7405, #10178, .T. ) ;
#8572 = ORIENTED_EDGE ( 'NONE', *, *, #4287, .T. ) ;
#8573 = LINE ( 'NONE', #10487, #6285 ) ;
#8574 = ORIENTED_EDGE ( 'NONE', *, *, #6688, .F. ) ;
#8575 = CARTESIAN_POINT ( 'NONE',  ( -52.99999999999961631, -51.00000000000070344, 5.000000000000000000 ) ) ;
#8576 = CARTESIAN_POINT ( 'NONE',  ( 79.02499999999996305, -94.02500000000000568, 5.000000000000000000 ) ) ;
#8577 = CARTESIAN_POINT ( 'NONE',  ( 16.99999999999964118, 85.00000000000073896, 5.000000000000000000 ) ) ;
#8578 = EDGE_LOOP ( 'NONE', ( #2322, #4062 ) ) ;
#8579 = CARTESIAN_POINT ( 'NONE',  ( 84.99999999999984368, -50.99999999999975131, 5.000000000000000000 ) ) ;
#8580 = CARTESIAN_POINT ( 'NONE',  ( -19.00000000000022382, 85.00000000000049738, 0.000000000000000000 ) ) ;
#8581 = ORIENTED_EDGE ( 'NONE', *, *, #5865, .T. ) ;
#8582 = AXIS2_PLACEMENT_3D ( 'NONE', #11507, #4111, #6821 ) ;
#8583 = ORIENTED_EDGE ( 'NONE', *, *, #10673, .F. ) ;
#8584 = DIRECTION ( 'NONE',  ( -0.000000000000000000, -0.000000000000000000, -1.000000000000000000 ) ) ;
#8585 = ORIENTED_EDGE ( 'NONE', *, *, #11171, .T. ) ;
#8586 = ADVANCED_FACE ( 'NONE', ( #4977 ), #8601, .F. ) ;
#8587 = VERTEX_POINT ( 'NONE', #972 ) ;
#8588 = VERTEX_POINT ( 'NONE', #11555 ) ;
#8589 = LINE ( 'NONE', #6679, #3915 ) ;
#8590 = CYLINDRICAL_SURFACE ( 'NONE', #449, 2.000000000000001776 ) ;
#8591 = LINE ( 'NONE', #9386, #769 ) ;
#8592 = FACE_BOUND ( 'NONE', #6577, .T. ) ;
#8593 = CYLINDRICAL_SURFACE ( 'NONE', #1071, 2.000000000000001776 ) ;
#8594 = ORIENTED_EDGE ( 'NONE', *, *, #7747, .F. ) ;
#8595 = FACE_OUTER_BOUND ( 'NONE', #592, .T. ) ;
#8596 = DIRECTION ( 'NONE',  ( 0.000000000000000000, 0.000000000000000000, 1.000000000000000000 ) ) ;
#8597 = ORIENTED_EDGE ( 'NONE', *, *, #11089, .T. ) ;
#8598 = EDGE_CURVE ( 'NONE', #7239, #287, #5778, .T. ) ;
#8599 = ORIENTED_EDGE ( 'NONE', *, *, #7138, .F. ) ;
#8600 = DIRECTION ( 'NONE',  ( -1.000000000000000000, 0.000000000000000000, 0.000000000000000000 ) ) ;
#8601 = CYLINDRICAL_SURFACE ( 'NONE', #1736, 2.000000000000001776 ) ;
#8602 = DIRECTION ( 'NONE',  ( 1.000000000000000000, 0.000000000000000000, 0.000000000000000000 ) ) ;
#8603 = EDGE_LOOP ( 'NONE', ( #6396, #9603, #3154, #6854 ) ) ;
#8604 = CARTESIAN_POINT ( 'NONE',  ( 48.99999999999967315, 34.00000000000059686, 0.000000000000000000 ) ) ;
#8605 = DIRECTION ( 'NONE',  ( -0.000000000000000000, -0.000000000000000000, 1.000000000000000000 ) ) ;
#8606 = VERTEX_POINT ( 'NONE', #5713 ) ;
#8607 = CARTESIAN_POINT ( 'NONE',  ( -15.00000000000022382, 85.00000000000049738, 0.000000000000000000 ) ) ;
#8608 = FACE_OUTER_BOUND ( 'NONE', #113, .T. ) ;
#8609 = CYLINDRICAL_SURFACE ( 'NONE', #5790, 2.000000000000001776 ) ;
#8610 = AXIS2_PLACEMENT_3D ( 'NONE', #8011, #8932, #11769 ) ;
#8611 = ORIENTED_EDGE ( 'NONE', *, *, #12116, .T. ) ;
#8612 = ORIENTED_EDGE ( 'NONE', *, *, #4699, .F. ) ;
#8613 = CARTESIAN_POINT ( 'NONE',  ( -1.999999999998634426, -130.0000000000000000, 5.000000000000000000 ) ) ;
#8614 = DIRECTION ( 'NONE',  ( 4.550094363217858838E-15, -1.000000000000000000, 0.000000000000000000 ) ) ;
#8615 = FACE_OUTER_BOUND ( 'NONE', #7517, .T. ) ;
#8616 = CARTESIAN_POINT ( 'NONE',  ( -130.0000000000000000, 0.000000000000000000, 5.000000000000000000 ) ) ;
#8617 = VERTEX_POINT ( 'NONE', #7745 ) ;
#8618 = CARTESIAN_POINT ( 'NONE',  ( 14.99999999999953992, 135.0000000000000568, 5.000000000000000000 ) ) ;
#8619 = CARTESIAN_POINT ( 'NONE',  ( -35.99999999999980815, -17.00000000000034817, 0.000000000000000000 ) ) ;
#8620 = AXIS2_PLACEMENT_3D ( 'NONE', #10934, #11049, #1586 ) ;
#8621 = ORIENTED_EDGE ( 'NONE', *, *, #2866, .T. ) ;
#8622 = EDGE_LOOP ( 'NONE', ( #9147, #3468, #2549, #10772 ) ) ;
#8623 = ADVANCED_FACE ( 'NONE', ( #11371 ), #2090, .F. ) ;
#8624 = EDGE_CURVE ( 'NONE', #3600, #3742, #3893, .T. ) ;
#8625 = EDGE_LOOP ( 'NONE', ( #4561, #5435, #7790, #3660 ) ) ;
#8626 = VECTOR ( 'NONE', #10706, 1000.000000000000000 ) ;
#8627 = DIRECTION ( 'NONE',  ( 0.000000000000000000, 0.000000000000000000, 1.000000000000000000 ) ) ;
#8628 = EDGE_LOOP ( 'NONE', ( #7989, #1945, #5348, #2189 ) ) ;
#8629 = EDGE_CURVE ( 'NONE', #4460, #6244, #360, .T. ) ;
#8630 = DIRECTION ( 'NONE',  ( 1.000000000000000000, 0.000000000000000000, 0.000000000000000000 ) ) ;
#8631 = DIRECTION ( 'NONE',  ( 1.000000000000000000, 0.000000000000000000, 0.000000000000000000 ) ) ;
#8632 = DIRECTION ( 'NONE',  ( 1.000000000000000000, 0.000000000000000000, 0.000000000000000000 ) ) ;
#8633 = FACE_OUTER_BOUND ( 'NONE', #2225, .T. ) ;
#8634 = CARTESIAN_POINT ( 'NONE',  ( 32.00000000000015632, -85.00000000000035527, 0.000000000000000000 ) ) ;
#8635 = EDGE_LOOP ( 'NONE', ( #11688, #5076, #4694, #4469 ) ) ;
#8636 = VERTEX_POINT ( 'NONE', #8902 ) ;
#8637 = DIRECTION ( 'NONE',  ( -0.000000000000000000, -0.000000000000000000, 1.000000000000000000 ) ) ;
#8638 = EDGE_CURVE ( 'NONE', #7119, #832, #2387, .T. ) ;
#8639 = CIRCLE ( 'NONE', #1578, 2.000000000000001776 ) ;
#8640 = ORIENTED_EDGE ( 'NONE', *, *, #4048, .F. ) ;
#8641 = EDGE_CURVE ( 'NONE', #1420, #5505, #8780, .T. ) ;
#8642 = ORIENTED_EDGE ( 'NONE', *, *, #2091, .F. ) ;
#8643 = DIRECTION ( 'NONE',  ( 0.000000000000000000, 0.000000000000000000, 1.000000000000000000 ) ) ;
#8644 = ORIENTED_EDGE ( 'NONE', *, *, #10532, .F. ) ;
#8645 = LINE ( 'NONE', #6012, #4402 ) ;
#8646 = EDGE_CURVE ( 'NONE', #11318, #787, #566, .T. ) ;
#8647 = AXIS2_PLACEMENT_3D ( 'NONE', #136, #11387, #2961 ) ;
#8648 = CARTESIAN_POINT ( 'NONE',  ( -67.99999999999974420, -4.579669976578770729E-13, 0.000000000000000000 ) ) ;
#8649 = CYLINDRICAL_SURFACE ( 'NONE', #173, 2.000000000000001776 ) ;
#8650 = VECTOR ( 'NONE', #8770, 1000.000000000000000 ) ;
#8651 = CARTESIAN_POINT ( 'NONE',  ( 99.99999999999994316, 0.000000000000000000, 5.000000000000000000 ) ) ;
#8652 = ORIENTED_EDGE ( 'NONE', *, *, #5479, .F. ) ;
#8653 = CARTESIAN_POINT ( 'NONE',  ( -86.99999999999953104, -34.00000000000082423, 0.000000000000000000 ) ) ;
#8654 = ADVANCED_FACE ( 'NONE', ( #6145 ), #4233, .F. ) ;
#8655 = CARTESIAN_POINT ( 'NONE',  ( 67.99999999999961631, 34.00000000000071054, 0.000000000000000000 ) ) ;
#8656 = AXIS2_PLACEMENT_3D ( 'NONE', #178, #2151, #2094 ) ;
#8657 = ORIENTED_EDGE ( 'NONE', *, *, #11614, .T. ) ;
#8658 = ORIENTED_EDGE ( 'NONE', *, *, #11428, .F. ) ;
#8659 = CARTESIAN_POINT ( 'NONE',  ( 84.99999999999937472, 85.00000000000120792, 0.000000000000000000 ) ) ;
#8660 = CARTESIAN_POINT ( 'NONE',  ( 79.02499999999996305, 75.97499999999998010, 0.000000000000000000 ) ) ;
#8661 = CARTESIAN_POINT ( 'NONE',  ( 70.00000000000001421, -85.00000000000011369, 0.000000000000000000 ) ) ;
#8662 = EDGE_LOOP ( 'NONE', ( #3410, #1581, #6594, #9575 ) ) ;
#8663 = DIRECTION ( 'NONE',  ( -0.000000000000000000, -0.000000000000000000, 1.000000000000000000 ) ) ;
#8664 = DIRECTION ( 'NONE',  ( 0.000000000000000000, 0.000000000000000000, 1.000000000000000000 ) ) ;
#8665 = ORIENTED_EDGE ( 'NONE', *, *, #535, .T. ) ;
#8666 = EDGE_CURVE ( 'NONE', #7796, #3941, #1357, .T. ) ;
#8667 = DIRECTION ( 'NONE',  ( 0.000000000000000000, 0.000000000000000000, 1.000000000000000000 ) ) ;
#8668 = CARTESIAN_POINT ( 'NONE',  ( -65.99999999999954525, -51.00000000000082423, 0.000000000000000000 ) ) ;
#8669 = CARTESIAN_POINT ( 'NONE',  ( -3.595712070532930372E-13, 79.02500000000038938, 5.000000000000000000 ) ) ;
#8670 = CIRCLE ( 'NONE', #1005, 2.000000000000001776 ) ;
#8671 = EDGE_LOOP ( 'NONE', ( #7802, #11797, #1227, #5380 ) ) ;
#8672 = VERTEX_POINT ( 'NONE', #9896 ) ;
#8673 = CARTESIAN_POINT ( 'NONE',  ( 67.99999999999972999, 4.857225732735059864E-13, 5.000000000000000000 ) ) ;
#8674 = CYLINDRICAL_SURFACE ( 'NONE', #7184, 2.000000000000001776 ) ;
#8675 = DIRECTION ( 'NONE',  ( 0.000000000000000000, 0.000000000000000000, 1.000000000000000000 ) ) ;
#8676 = CARTESIAN_POINT ( 'NONE',  ( 30.00000000000120082, -115.0000000000000142, 5.000000000000000000 ) ) ;
#8677 = ORIENTED_EDGE ( 'NONE', *, *, #3824, .T. ) ;
#8678 = EDGE_CURVE ( 'NONE', #9871, #10014, #7860, .T. ) ;
#8679 = FACE_OUTER_BOUND ( 'NONE', #1130, .T. ) ;
#8680 = DIRECTION ( 'NONE',  ( 1.000000000000000000, 0.000000000000000000, 0.000000000000000000 ) ) ;
#8681 = VECTOR ( 'NONE', #9484, 1000.000000000000000 ) ;
#8682 = ORIENTED_EDGE ( 'NONE', *, *, #11655, .F. ) ;
#8683 = VECTOR ( 'NONE', #8388, 1000.000000000000000 ) ;
#8684 = ORIENTED_EDGE ( 'NONE', *, *, #12007, .T. ) ;
#8685 = AXIS2_PLACEMENT_3D ( 'NONE', #6308, #2447, #710 ) ;
#8686 = CIRCLE ( 'NONE', #10656, 2.000000000000001776 ) ;
#8687 = AXIS2_PLACEMENT_3D ( 'NONE', #8925, #7027, #10771 ) ;
#8688 = ORIENTED_EDGE ( 'NONE', *, *, #3153, .F. ) ;
#8689 = AXIS2_PLACEMENT_3D ( 'NONE', #576, #5259, #10161 ) ;
#8690 = EDGE_CURVE ( 'NONE', #7700, #3651, #7926, .T. ) ;
#8691 = LINE ( 'NONE', #10777, #363 ) ;
#8692 = EDGE_LOOP ( 'NONE', ( #6670, #10553, #7488, #4146 ) ) ;
#8693 = CARTESIAN_POINT ( 'NONE',  ( 50.99999999999991473, -33.99999999999987210, 0.000000000000000000 ) ) ;
#8694 = CARTESIAN_POINT ( 'NONE',  ( 16.99999999999964118, 85.00000000000073896, 0.000000000000000000 ) ) ;
#8695 = LINE ( 'NONE', #8755, #3720 ) ;
#8696 = LINE ( 'NONE', #10726, #1817 ) ;
#8697 = DIRECTION ( 'NONE',  ( 0.000000000000000000, 0.000000000000000000, 1.000000000000000000 ) ) ;
#8698 = ORIENTED_EDGE ( 'NONE', *, *, #5702, .F. ) ;
#8699 = VERTEX_POINT ( 'NONE', #1476 ) ;
#8700 = CARTESIAN_POINT ( 'NONE',  ( 79.02499999999996305, -75.97499999999998010, 0.000000000000000000 ) ) ;
#8701 = VECTOR ( 'NONE', #6068, 1000.000000000000000 ) ;
#8702 = ORIENTED_EDGE ( 'NONE', *, *, #3379, .F. ) ;
#8703 = ORIENTED_EDGE ( 'NONE', *, *, #5417, .T. ) ;
#8704 = EDGE_CURVE ( 'NONE', #5519, #3716, #8044, .T. ) ;
#8705 = AXIS2_PLACEMENT_3D ( 'NONE', #748, #1678, #9106 ) ;
#8706 = CARTESIAN_POINT ( 'NONE',  ( 99.99999999999994316, 0.000000000000000000, 5.000000000000000000 ) ) ;
#8707 = ORIENTED_EDGE ( 'NONE', *, *, #894, .F. ) ;
#8708 = PLANE ( 'NONE',  #10108 ) ;
#8709 = CIRCLE ( 'NONE', #7538, 2.000000000000000888 ) ;
#8710 = CARTESIAN_POINT ( 'NONE',  ( 1.999999999999834355, 51.00000000000031974, 5.000000000000000000 ) ) ;
#8711 = LINE ( 'NONE', #4037, #10601 ) ;
#8712 = DIRECTION ( 'NONE',  ( 0.000000000000000000, 0.000000000000000000, 1.000000000000000000 ) ) ;
#8713 = EDGE_LOOP ( 'NONE', ( #3108, #8547, #5367, #4849 ) ) ;
#8714 = CARTESIAN_POINT ( 'NONE',  ( 50.99999999999950262, 85.00000000000096634, 5.000000000000000000 ) ) ;
#8715 = CARTESIAN_POINT ( 'NONE',  ( 19.00000000000022382, -85.00000000000046896, 0.000000000000000000 ) ) ;
#8716 = EDGE_CURVE ( 'NONE', #5708, #4337, #11366, .T. ) ;
#8717 = CIRCLE ( 'NONE', #11866, 2.000000000000001776 ) ;
#8718 = EDGE_CURVE ( 'NONE', #5781, #10756, #5871, .T. ) ;
#8719 = EDGE_CURVE ( 'NONE', #472, #4517, #9003, .T. ) ;
#8720 = VECTOR ( 'NONE', #9354, 1000.000000000000000 ) ;
#8721 = VERTEX_POINT ( 'NONE', #1533 ) ;
#8722 = ORIENTED_EDGE ( 'NONE', *, *, #4732, .T. ) ;
#8723 = DIRECTION ( 'NONE',  ( 1.000000000000000000, 0.000000000000000000, 0.000000000000000000 ) ) ;
#8724 = DIRECTION ( 'NONE',  ( 0.000000000000000000, 1.000000000000000000, -0.000000000000000000 ) ) ;
#8725 = VECTOR ( 'NONE', #2405, 1000.000000000000000 ) ;
#8726 = CARTESIAN_POINT ( 'NONE',  ( -130.0000000000000000, 0.000000000000000000, 5.000000000000000000 ) ) ;
#8727 = ORIENTED_EDGE ( 'NONE', *, *, #5352, .F. ) ;
#8728 = VECTOR ( 'NONE', #11077, 1000.000000000000000 ) ;
#8729 = CARTESIAN_POINT ( 'NONE',  ( -14.99999999999987566, -17.00000000000022382, 0.000000000000000000 ) ) ;
#8730 = ORIENTED_EDGE ( 'NONE', *, *, #4271, .T. ) ;
#8731 = CARTESIAN_POINT ( 'NONE',  ( 17.00000000000011369, -51.00000000000022737, 0.000000000000000000 ) ) ;
#8732 = DIRECTION ( 'NONE',  ( -0.000000000000000000, -0.000000000000000000, 1.000000000000000000 ) ) ;
#8733 = DIRECTION ( 'NONE',  ( 1.000000000000000000, 0.000000000000000000, 0.000000000000000000 ) ) ;
#8734 = CIRCLE ( 'NONE', #2833, 2.000000000000001776 ) ;
#8735 = VERTEX_POINT ( 'NONE', #3369 ) ;
#8736 = VECTOR ( 'NONE', #3157, 1000.000000000000000 ) ;
#8737 = ADVANCED_FACE ( 'NONE', ( #7124 ), #9770, .T. ) ;
#8738 = VERTEX_POINT ( 'NONE', #1344 ) ;
#8739 = DIRECTION ( 'NONE',  ( 1.000000000000000000, 0.000000000000000000, 0.000000000000000000 ) ) ;
#8740 = CARTESIAN_POINT ( 'NONE',  ( 50.99999999999979394, 3.747002708109903324E-13, 0.000000000000000000 ) ) ;
#8741 = DIRECTION ( 'NONE',  ( 1.000000000000000000, 0.000000000000000000, 0.000000000000000000 ) ) ;
#8742 = AXIS2_PLACEMENT_3D ( 'NONE', #9091, #6447, #1543 ) ;
#8743 = DIRECTION ( 'NONE',  ( 0.000000000000000000, 0.000000000000000000, 1.000000000000000000 ) ) ;
#8744 = VERTEX_POINT ( 'NONE', #1291 ) ;
#8745 = CARTESIAN_POINT ( 'NONE',  ( 33.99999999999963052, 68.00000000000072475, 5.000000000000000000 ) ) ;
#8746 = DIRECTION ( 'NONE',  ( 0.000000000000000000, 0.000000000000000000, 1.000000000000000000 ) ) ;
#8747 = VERTEX_POINT ( 'NONE', #9710 ) ;
#8748 = EDGE_CURVE ( 'NONE', #5233, #1185, #10811, .T. ) ;
#8749 = VERTEX_POINT ( 'NONE', #10751 ) ;
#8750 = AXIS2_PLACEMENT_3D ( 'NONE', #10708, #7078, #11815 ) ;
#8751 = DIRECTION ( 'NONE',  ( 1.000000000000000000, 0.000000000000000000, 0.000000000000000000 ) ) ;
#8752 = EDGE_LOOP ( 'NONE', ( #10181, #8063 ) ) ;
#8753 = FACE_BOUND ( 'NONE', #8517, .T. ) ;
#8754 = LINE ( 'NONE', #393, #9693 ) ;
#8755 = CARTESIAN_POINT ( 'NONE',  ( -0.000000000000000000, -75.97499999999998010, 0.000000000000000000 ) ) ;
#8756 = PLANE ( 'NONE',  #8490 ) ;
#8757 = LINE ( 'NONE', #2309, #11813 ) ;
#8758 = EDGE_LOOP ( 'NONE', ( #7601, #4581, #1659, #3388 ) ) ;
#8759 = ORIENTED_EDGE ( 'NONE', *, *, #9161, .T. ) ;
#8760 = CARTESIAN_POINT ( 'NONE',  ( 99.99999999999994316, -85.00000000000001421, 5.000000000000000000 ) ) ;
#8761 = AXIS2_PLACEMENT_3D ( 'NONE', #10693, #6027, #1345 ) ;
#8762 = ORIENTED_EDGE ( 'NONE', *, *, #7737, .T. ) ;
#8763 = ORIENTED_EDGE ( 'NONE', *, *, #411, .T. ) ;
#8764 = DIRECTION ( 'NONE',  ( -0.000000000000000000, -0.000000000000000000, 1.000000000000000000 ) ) ;
#8765 = ORIENTED_EDGE ( 'NONE', *, *, #10214, .T. ) ;
#8766 = CARTESIAN_POINT ( 'NONE',  ( -14.99999999999993250, -9.714451465470119729E-14, 0.000000000000000000 ) ) ;
#8767 = AXIS2_PLACEMENT_3D ( 'NONE', #4069, #7822, #6712 ) ;
#8768 = CARTESIAN_POINT ( 'NONE',  ( -18.99999999999987921, -17.00000000000022382, 0.000000000000000000 ) ) ;
#8769 = CARTESIAN_POINT ( 'NONE',  ( 0.000000000000000000, -75.97499999999998010, 5.000000000000000000 ) ) ;
#8770 = DIRECTION ( 'NONE',  ( 0.000000000000000000, 1.000000000000000000, -0.000000000000000000 ) ) ;
#8771 = ORIENTED_EDGE ( 'NONE', *, *, #1798, .T. ) ;
#8772 = CARTESIAN_POINT ( 'NONE',  ( 114.9999999999999432, 14.99999999999999645, 5.000000000000000000 ) ) ;
#8773 = CARTESIAN_POINT ( 'NONE',  ( -84.99999999999984368, 50.99999999999976552, 0.000000000000000000 ) ) ;
#8774 = EDGE_CURVE ( 'NONE', #4862, #7429, #6081, .T. ) ;
#8775 = EDGE_CURVE ( 'NONE', #2470, #5409, #4103, .T. ) ;
#8776 = ORIENTED_EDGE ( 'NONE', *, *, #5021, .F. ) ;
#8777 = EDGE_LOOP ( 'NONE', ( #6630, #5619, #7643, #5858 ) ) ;
#8778 = EDGE_CURVE ( 'NONE', #5042, #10223, #7642, .T. ) ;
#8779 = DIRECTION ( 'NONE',  ( 0.000000000000000000, 0.000000000000000000, 1.000000000000000000 ) ) ;
#8780 = LINE ( 'NONE', #5093, #2715 ) ;
#8781 = DIRECTION ( 'NONE',  ( 1.000000000000000000, 0.000000000000000000, 0.000000000000000000 ) ) ;
#8782 = EDGE_CURVE ( 'NONE', #9657, #6835, #11974, .T. ) ;
#8783 = DIRECTION ( 'NONE',  ( 0.000000000000000000, 0.000000000000000000, -1.000000000000000000 ) ) ;
#8784 = ORIENTED_EDGE ( 'NONE', *, *, #3387, .T. ) ;
#8785 = LINE ( 'NONE', #3012, #7326 ) ;
#8786 = ORIENTED_EDGE ( 'NONE', *, *, #8283, .T. ) ;
#8787 = DIRECTION ( 'NONE',  ( -0.000000000000000000, -0.000000000000000000, 1.000000000000000000 ) ) ;
#8788 = FACE_OUTER_BOUND ( 'NONE', #2731, .T. ) ;
#8789 = DIRECTION ( 'NONE',  ( 0.000000000000000000, 0.000000000000000000, 1.000000000000000000 ) ) ;
#8790 = ORIENTED_EDGE ( 'NONE', *, *, #8400, .F. ) ;
#8791 = VERTEX_POINT ( 'NONE', #3543 ) ;
#8792 = CARTESIAN_POINT ( 'NONE',  ( 50.99999999999997158, -50.99999999999999289, 5.000000000000000000 ) ) ;
#8793 = LINE ( 'NONE', #4299, #8725 ) ;
#8794 = CARTESIAN_POINT ( 'NONE',  ( 15.00000000000003908, -34.00000000000010658, 0.000000000000000000 ) ) ;
#8795 = ADVANCED_FACE ( 'NONE', ( #4520 ), #662, .F. ) ;
#8796 = EDGE_LOOP ( 'NONE', ( #5977, #1688 ) ) ;
#8797 = DIRECTION ( 'NONE',  ( 1.000000000000000000, 0.000000000000000000, 0.000000000000000000 ) ) ;
#8798 = CYLINDRICAL_SURFACE ( 'NONE', #1902, 15.00000000000000000 ) ;
#8799 = ORIENTED_EDGE ( 'NONE', *, *, #9470, .F. ) ;
#8800 = DIRECTION ( 'NONE',  ( -0.000000000000000000, -0.000000000000000000, 1.000000000000000000 ) ) ;
#8801 = DIRECTION ( 'NONE',  ( 1.000000000000000000, 0.000000000000000000, 0.000000000000000000 ) ) ;
#8802 = VERTEX_POINT ( 'NONE', #4463 ) ;
#8803 = EDGE_CURVE ( 'NONE', #1185, #2679, #8035, .T. ) ;
#8804 = AXIS2_PLACEMENT_3D ( 'NONE', #18, #3889, #5743 ) ;
#8805 = ORIENTED_EDGE ( 'NONE', *, *, #11887, .F. ) ;
#8806 = DIRECTION ( 'NONE',  ( 1.000000000000000000, 0.000000000000000000, 0.000000000000000000 ) ) ;
#8807 = DIRECTION ( 'NONE',  ( 0.000000000000000000, 0.000000000000000000, 1.000000000000000000 ) ) ;
#8808 = DIRECTION ( 'NONE',  ( 1.000000000000000000, 0.000000000000000000, 0.000000000000000000 ) ) ;
#8809 = DIRECTION ( 'NONE',  ( -0.000000000000000000, -0.000000000000000000, 1.000000000000000000 ) ) ;
#8810 = FACE_BOUND ( 'NONE', #9876, .T. ) ;
#8811 = CARTESIAN_POINT ( 'NONE',  ( -86.99999999999978684, 33.99999999999964473, 0.000000000000000000 ) ) ;
#8812 = CARTESIAN_POINT ( 'NONE',  ( 67.99999999999948841, 68.00000000000098055, 0.000000000000000000 ) ) ;
#8813 = EDGE_LOOP ( 'NONE', ( #6553, #891, #4891, #7127 ) ) ;
#8814 = ORIENTED_EDGE ( 'NONE', *, *, #11805, .F. ) ;
#8815 = DIRECTION ( 'NONE',  ( -0.000000000000000000, -0.000000000000000000, 1.000000000000000000 ) ) ;
#8816 = EDGE_CURVE ( 'NONE', #6492, #2495, #12094, .T. ) ;
#8817 = AXIS2_PLACEMENT_3D ( 'NONE', #7479, #7548, #2873 ) ;
#8818 = VECTOR ( 'NONE', #9114, 1000.000000000000000 ) ;
#8819 = EDGE_LOOP ( 'NONE', ( #3904, #3672, #12082, #8621 ) ) ;
#8820 = ORIENTED_EDGE ( 'NONE', *, *, #5403, .F. ) ;
#8821 = CARTESIAN_POINT ( 'NONE',  ( 19.00000000000011369, -51.00000000000022737, 5.000000000000000000 ) ) ;
#8822 = ORIENTED_EDGE ( 'NONE', *, *, #4557, .F. ) ;
#8823 = CARTESIAN_POINT ( 'NONE',  ( 50.99999999999950262, 85.00000000000096634, 0.000000000000000000 ) ) ;
#8824 = CARTESIAN_POINT ( 'NONE',  ( -18.99999999999987921, -17.00000000000022382, 5.000000000000000000 ) ) ;
#8825 = FACE_OUTER_BOUND ( 'NONE', #7963, .T. ) ;
#8826 = FACE_OUTER_BOUND ( 'NONE', #6473, .T. ) ;
#8827 = AXIS2_PLACEMENT_3D ( 'NONE', #3528, #2727, #7288 ) ;
#8828 = ORIENTED_EDGE ( 'NONE', *, *, #10441, .T. ) ;
#8829 = CARTESIAN_POINT ( 'NONE',  ( 82.99999999999936051, 85.00000000000120792, 5.000000000000000000 ) ) ;
#8830 = ORIENTED_EDGE ( 'NONE', *, *, #4347, .F. ) ;
#8831 = AXIS2_PLACEMENT_3D ( 'NONE', #8871, #4261, #1380 ) ;
#8832 = VERTEX_POINT ( 'NONE', #8275 ) ;
#8833 = AXIS2_PLACEMENT_3D ( 'NONE', #11303, #6625, #1213 ) ;
#8834 = FACE_OUTER_BOUND ( 'NONE', #9293, .T. ) ;
#8835 = DIRECTION ( 'NONE',  ( 0.000000000000000000, -1.000000000000000000, 0.000000000000000000 ) ) ;
#8836 = EDGE_CURVE ( 'NONE', #8060, #9028, #4648, .T. ) ;
#8837 = CARTESIAN_POINT ( 'NONE',  ( 86.99999999999984368, -50.99999999999975131, 5.000000000000000000 ) ) ;
#8838 = CARTESIAN_POINT ( 'NONE',  ( 67.99999999999978684, -16.99999999999964118, 0.000000000000000000 ) ) ;
#8839 = VERTEX_POINT ( 'NONE', #7301 ) ;
#8840 = CARTESIAN_POINT ( 'NONE',  ( 82.99999999999994316, -84.99999999999998579, 0.000000000000000000 ) ) ;
#8841 = ORIENTED_EDGE ( 'NONE', *, *, #7431, .F. ) ;
#8842 = CYLINDRICAL_SURFACE ( 'NONE', #7339, 15.00000000000000000 ) ;
#8843 = CARTESIAN_POINT ( 'NONE',  ( 33.99999999999957367, 85.00000000000085265, 0.000000000000000000 ) ) ;
#8844 = AXIS2_PLACEMENT_3D ( 'NONE', #1428, #8675, #7821 ) ;
#8845 = CARTESIAN_POINT ( 'NONE',  ( -84.99999999999958789, -17.00000000000071054, 5.000000000000000000 ) ) ;
#8846 = EDGE_CURVE ( 'NONE', #2250, #4947, #2630, .T. ) ;
#8847 = VERTEX_POINT ( 'NONE', #10132 ) ;
#8848 = VERTEX_POINT ( 'NONE', #8162 ) ;
#8849 = FACE_OUTER_BOUND ( 'NONE', #6587, .T. ) ;
#8850 = CARTESIAN_POINT ( 'NONE',  ( -4.538925740496074119E-13, 130.0000000000000000, 5.000000000000000000 ) ) ;
#8851 = EDGE_CURVE ( 'NONE', #8294, #5279, #2534, .T. ) ;
#8852 = DIRECTION ( 'NONE',  ( 0.000000000000000000, 0.000000000000000000, 1.000000000000000000 ) ) ;
#8853 = VERTEX_POINT ( 'NONE', #1760 ) ;
#8854 = CARTESIAN_POINT ( 'NONE',  ( -48.99999999999950262, -85.00000000000093792, 0.000000000000000000 ) ) ;
#8855 = DIRECTION ( 'NONE',  ( 1.000000000000000000, 0.000000000000000000, 0.000000000000000000 ) ) ;
#8856 = EDGE_LOOP ( 'NONE', ( #142, #6618, #7249, #9844 ) ) ;
#8857 = CARTESIAN_POINT ( 'NONE',  ( 67.99999999999961631, 34.00000000000071054, 0.000000000000000000 ) ) ;
#8858 = PLANE ( 'NONE',  #7121 ) ;
#8859 = ORIENTED_EDGE ( 'NONE', *, *, #702, .F. ) ;
#8860 = EDGE_CURVE ( 'NONE', #12157, #954, #3903, .T. ) ;
#8861 = AXIS2_PLACEMENT_3D ( 'NONE', #4759, #8514, #11347 ) ;
#8862 = ADVANCED_FACE ( 'NONE', ( #6383 ), #9138, .F. ) ;
#8863 = ADVANCED_FACE ( 'NONE', ( #4587 ), #8339, .F. ) ;
#8864 = ORIENTED_EDGE ( 'NONE', *, *, #926, .T. ) ;
#8865 = CARTESIAN_POINT ( 'NONE',  ( 130.0000000000000000, 0.000000000000000000, 5.000000000000000000 ) ) ;
#8866 = EDGE_CURVE ( 'NONE', #2127, #8319, #4684, .T. ) ;
#8867 = DIRECTION ( 'NONE',  ( -0.000000000000000000, -0.000000000000000000, -1.000000000000000000 ) ) ;
#8868 = AXIS2_PLACEMENT_3D ( 'NONE', #3638, #2662, #10222 ) ;
#8870 = DIRECTION ( 'NONE',  ( -0.000000000000000000, -0.000000000000000000, 1.000000000000000000 ) ) ;
#8869 = CIRCLE ( 'NONE', #9058, 2.000000000000000888 ) ;
#8871 = CARTESIAN_POINT ( 'NONE',  ( -50.99999999999986500, 16.99999999999977973, 0.000000000000000000 ) ) ;
#8872 = FACE_BOUND ( 'NONE', #9232, .T. ) ;
#8873 = DIRECTION ( 'NONE',  ( 0.000000000000000000, -0.000000000000000000, -1.000000000000000000 ) ) ;
#8874 = DIRECTION ( 'NONE',  ( 0.000000000000000000, 0.000000000000000000, -1.000000000000000000 ) ) ;
#8875 = EDGE_LOOP ( 'NONE', ( #2045, #10480, #143, #4538 ) ) ;
#8876 = EDGE_LOOP ( 'NONE', ( #6023, #6698, #8209, #8312 ) ) ;
#8877 = DIRECTION ( 'NONE',  ( 1.000000000000000000, 0.000000000000000000, 0.000000000000000000 ) ) ;
#8878 = VECTOR ( 'NONE', #8124, 1000.000000000000000 ) ;
#8879 = ORIENTED_EDGE ( 'NONE', *, *, #6260, .F. ) ;
#8880 = ORIENTED_EDGE ( 'NONE', *, *, #1733, .T. ) ;
#8881 = DIRECTION ( 'NONE',  ( -0.000000000000000000, -0.000000000000000000, 1.000000000000000000 ) ) ;
#8882 = ADVANCED_FACE ( 'NONE', ( #5456 ), #778, .F. ) ;
#8883 = VERTEX_POINT ( 'NONE', #2743 ) ;
#8884 = CARTESIAN_POINT ( 'NONE',  ( 90.97499999999986642, 79.02499999999997726, 0.000000000000000000 ) ) ;
#8885 = CARTESIAN_POINT ( 'NONE',  ( 33.99999999999980815, 17.00000000000036238, 5.000000000000000000 ) ) ;
#8886 = CARTESIAN_POINT ( 'NONE',  ( 75.97499999999996589, 90.97500000000002274, 0.000000000000000000 ) ) ;
#8887 = AXIS2_PLACEMENT_3D ( 'NONE', #10131, #4343, #3486 ) ;
#8888 = DIRECTION ( 'NONE',  ( 0.000000000000000000, 0.000000000000000000, 1.000000000000000000 ) ) ;
#8890 = DIRECTION ( 'NONE',  ( 0.000000000000000000, -1.000000000000000000, 0.000000000000000000 ) ) ;
#8889 = CIRCLE ( 'NONE', #6154, 2.000000000000001776 ) ;
#8891 = VERTEX_POINT ( 'NONE', #8215 ) ;
#8892 = CIRCLE ( 'NONE', #11450, 2.000000000000000000 ) ;
#8893 = DIRECTION ( 'NONE',  ( 1.000000000000000000, 0.000000000000000000, 0.000000000000000000 ) ) ;
#8894 = AXIS2_PLACEMENT_3D ( 'NONE', #10256, #10325, #8220 ) ;
#8895 = VECTOR ( 'NONE', #6746, 1000.000000000000000 ) ;
#8896 = VERTEX_POINT ( 'NONE', #2511 ) ;
#8897 = VECTOR ( 'NONE', #4275, 1000.000000000000000 ) ;
#8898 = ORIENTED_EDGE ( 'NONE', *, *, #1131, .F. ) ;
#8899 = CIRCLE ( 'NONE', #259, 2.000000000000001776 ) ;
#8900 = ADVANCED_FACE ( 'NONE', ( #11109 ), #10250, .F. ) ;
#8901 = CARTESIAN_POINT ( 'NONE',  ( 82.99999999999954525, 34.00000000000083844, 0.000000000000000000 ) ) ;
#8902 = CARTESIAN_POINT ( 'NONE',  ( 31.99999999999980815, 17.00000000000036238, 5.000000000000000000 ) ) ;
#8903 = CARTESIAN_POINT ( 'NONE',  ( 79.02499999999996305, -94.02500000000000568, 5.000000000000000000 ) ) ;
#8904 = CARTESIAN_POINT ( 'NONE',  ( -75.97499999999996589, 0.000000000000000000, 0.000000000000000000 ) ) ;
#8905 = ORIENTED_EDGE ( 'NONE', *, *, #10981, .F. ) ;
#8906 = DIRECTION ( 'NONE',  ( 1.000000000000000000, 0.000000000000000000, 0.000000000000000000 ) ) ;
#8907 = ORIENTED_EDGE ( 'NONE', *, *, #1408, .F. ) ;
#8908 = DIRECTION ( 'NONE',  ( 1.000000000000000000, 0.000000000000000000, 0.000000000000000000 ) ) ;
#8909 = CARTESIAN_POINT ( 'NONE',  ( -82.99999999999958789, -17.00000000000071054, 0.000000000000000000 ) ) ;
#8910 = AXIS2_PLACEMENT_3D ( 'NONE', #2860, #6667, #7654 ) ;
#8911 = ORIENTED_EDGE ( 'NONE', *, *, #3379, .T. ) ;
#8912 = EDGE_CURVE ( 'NONE', #3400, #3900, #10779, .T. ) ;
#8913 = ORIENTED_EDGE ( 'NONE', *, *, #4347, .T. ) ;
#8914 = CIRCLE ( 'NONE', #1470, 2.000000000000001776 ) ;
#8915 = EDGE_LOOP ( 'NONE', ( #3316, #3140, #10163, #14 ) ) ;
#8916 = DIRECTION ( 'NONE',  ( 1.000000000000000000, 0.000000000000000000, 0.000000000000000000 ) ) ;
#8917 = VECTOR ( 'NONE', #8881, 1000.000000000000000 ) ;
#8918 = CARTESIAN_POINT ( 'NONE',  ( -31.99999999999975131, -34.00000000000046896, 5.000000000000000000 ) ) ;
#8919 = CARTESIAN_POINT ( 'NONE',  ( -65.99999999999980105, 16.99999999999965539, 0.000000000000000000 ) ) ;
#8920 = ORIENTED_EDGE ( 'NONE', *, *, #2866, .F. ) ;
#8921 = LINE ( 'NONE', #6337, #2172 ) ;
#8922 = CARTESIAN_POINT ( 'NONE',  ( 50.99999999999962341, 51.00000000000071054, 0.000000000000000000 ) ) ;
#8923 = VERTEX_POINT ( 'NONE', #1648 ) ;
#8924 = DIRECTION ( 'NONE',  ( 0.000000000000000000, 0.000000000000000000, 1.000000000000000000 ) ) ;
#8925 = CARTESIAN_POINT ( 'NONE',  ( 84.99999999999960210, 17.00000000000072120, 5.000000000000000000 ) ) ;
#8926 = ORIENTED_EDGE ( 'NONE', *, *, #896, .F. ) ;
#8927 = VECTOR ( 'NONE', #6161, 1000.000000000000000 ) ;
#8928 = CIRCLE ( 'NONE', #4020, 2.000000000000001776 ) ;
#8929 = ADVANCED_FACE ( 'NONE', ( #723 ), #11230, .F. ) ;
#8930 = EDGE_LOOP ( 'NONE', ( #481, #11239, #7400, #10538 ) ) ;
#8931 = AXIS2_PLACEMENT_3D ( 'NONE', #8978, #1237, #11632 ) ;
#8932 = DIRECTION ( 'NONE',  ( 0.000000000000000000, 0.000000000000000000, 1.000000000000000000 ) ) ;
#8933 = LINE ( 'NONE', #692, #2074 ) ;
#8934 = ADVANCED_FACE ( 'NONE', ( #3970 ), #8527, .F. ) ;
#8935 = AXIS2_PLACEMENT_3D ( 'NONE', #5429, #3817, #2897 ) ;
#8936 = DIRECTION ( 'NONE',  ( 0.000000000000000000, 0.000000000000000000, -1.000000000000000000 ) ) ;
#8937 = DIRECTION ( 'NONE',  ( 0.000000000000000000, -1.000000000000000000, 0.000000000000000000 ) ) ;
#8938 = FACE_BOUND ( 'NONE', #6814, .T. ) ;
#8939 = ADVANCED_FACE ( 'NONE', ( #9573 ), #8649, .F. ) ;
#8940 = CARTESIAN_POINT ( 'NONE',  ( 33.99999999999992184, -16.99999999999987566, 0.000000000000000000 ) ) ;
#8941 = CARTESIAN_POINT ( 'NONE',  ( 90.97499999999986642, -79.02499999999997726, 5.000000000000000000 ) ) ;
#8942 = ORIENTED_EDGE ( 'NONE', *, *, #4593, .T. ) ;
#8943 = EDGE_CURVE ( 'NONE', #2384, #10762, #11167, .T. ) ;
#8944 = ORIENTED_EDGE ( 'NONE', *, *, #8718, .T. ) ;
#8945 = DIRECTION ( 'NONE',  ( -0.000000000000000000, -0.000000000000000000, 1.000000000000000000 ) ) ;
#8946 = ADVANCED_FACE ( 'NONE', ( #109 ), #2011, .T. ) ;
#8947 = AXIS2_PLACEMENT_3D ( 'NONE', #617, #435, #8173 ) ;
#8948 = VERTEX_POINT ( 'NONE', #2929 ) ;
#8949 = ORIENTED_EDGE ( 'NONE', *, *, #6441, .F. ) ;
#8950 = DIRECTION ( 'NONE',  ( -0.000000000000000000, 0.000000000000000000, -1.000000000000000000 ) ) ;
#8951 = ORIENTED_EDGE ( 'NONE', *, *, #4723, .F. ) ;
#8952 = FACE_BOUND ( 'NONE', #1250, .T. ) ;
#8953 = CARTESIAN_POINT ( 'NONE',  ( -32.00000000000015632, 85.00000000000038369, 0.000000000000000000 ) ) ;
#8954 = DIRECTION ( 'NONE',  ( 0.000000000000000000, 0.000000000000000000, 1.000000000000000000 ) ) ;
#8955 = EDGE_CURVE ( 'NONE', #8738, #7282, #11486, .T. ) ;
#8956 = CARTESIAN_POINT ( 'NONE',  ( -84.99999999999967315, -5.828670879282071837E-13, 0.000000000000000000 ) ) ;
#8957 = CARTESIAN_POINT ( 'NONE',  ( -128.0000000000000000, 2.449293598294694581E-16, 5.000000000000000000 ) ) ;
#8958 = EDGE_LOOP ( 'NONE', ( #1754, #6149, #11005, #10315 ) ) ;
#8959 = CIRCLE ( 'NONE', #7980, 2.000000000000000000 ) ;
#8960 = DIRECTION ( 'NONE',  ( -0.000000000000000000, -0.000000000000000000, 1.000000000000000000 ) ) ;
#8961 = ADVANCED_FACE ( 'NONE', ( #10377 ), #2993, .F. ) ;
#8962 = ORIENTED_EDGE ( 'NONE', *, *, #6911, .T. ) ;
#8963 = ORIENTED_EDGE ( 'NONE', *, *, #5413, .F. ) ;
#8964 = AXIS2_PLACEMENT_3D ( 'NONE', #1124, #6778, #7765 ) ;
#8965 = LINE ( 'NONE', #7004, #4763 ) ;
#8966 = DIRECTION ( 'NONE',  ( -0.000000000000000000, -0.000000000000000000, 1.000000000000000000 ) ) ;
#8967 = LINE ( 'NONE', #11686, #10719 ) ;
#8968 = CARTESIAN_POINT ( 'NONE',  ( -68.00000000000001421, 85.00000000000015632, 5.000000000000000000 ) ) ;
#8969 = ORIENTED_EDGE ( 'NONE', *, *, #11042, .T. ) ;
#8970 = DIRECTION ( 'NONE',  ( 1.000000000000000000, 0.000000000000000000, 0.000000000000000000 ) ) ;
#8971 = FACE_OUTER_BOUND ( 'NONE', #1206, .T. ) ;
#8972 = LINE ( 'NONE', #10018, #9073 ) ;
#8973 = AXIS2_PLACEMENT_3D ( 'NONE', #7565, #1971, #9157 ) ;
#8974 = ADVANCED_FACE ( 'NONE', ( #2809 ), #10507, .F. ) ;
#8975 = EDGE_CURVE ( 'NONE', #10689, #7971, #5881, .T. ) ;
#8976 = VERTEX_POINT ( 'NONE', #4775 ) ;
#8977 = EDGE_LOOP ( 'NONE', ( #10533, #3643 ) ) ;
#8978 = CARTESIAN_POINT ( 'NONE',  ( -67.99999999999985789, 33.99999999999976552, 0.000000000000000000 ) ) ;
#8979 = DIRECTION ( 'NONE',  ( 1.000000000000000000, 0.000000000000000000, 0.000000000000000000 ) ) ;
#8980 = ORIENTED_EDGE ( 'NONE', *, *, #446, .F. ) ;
#8981 = CARTESIAN_POINT ( 'NONE',  ( -52.99999999999950262, -85.00000000000093792, 0.000000000000000000 ) ) ;
#8982 = FACE_OUTER_BOUND ( 'NONE', #9807, .T. ) ;
#8983 = ORIENTED_EDGE ( 'NONE', *, *, #6020, .T. ) ;
#8984 = CARTESIAN_POINT ( 'NONE',  ( -14.99999999999969624, -68.00000000000058265, 0.000000000000000000 ) ) ;
#8985 = CARTESIAN_POINT ( 'NONE',  ( 79.02499999999996305, 79.02499999999997726, 0.000000000000000000 ) ) ;
#8986 = EDGE_LOOP ( 'NONE', ( #2408, #6173 ) ) ;
#8987 = VERTEX_POINT ( 'NONE', #4842 ) ;
#8988 = DIRECTION ( 'NONE',  ( 0.000000000000000000, 0.000000000000000000, 1.000000000000000000 ) ) ;
#8989 = CARTESIAN_POINT ( 'NONE',  ( 52.99999999999974420, 17.00000000000048672, 0.000000000000000000 ) ) ;
#8990 = DIRECTION ( 'NONE',  ( -0.000000000000000000, -0.000000000000000000, 1.000000000000000000 ) ) ;
#8991 = DIRECTION ( 'NONE',  ( 0.000000000000000000, -1.000000000000000000, 0.000000000000000000 ) ) ;
#8992 = EDGE_CURVE ( 'NONE', #1328, #3031, #12147, .T. ) ;
#8993 = FACE_BOUND ( 'NONE', #1642, .T. ) ;
#8994 = CARTESIAN_POINT ( 'NONE',  ( 17.00000000000011369, -51.00000000000022737, 0.000000000000000000 ) ) ;
#8995 = CARTESIAN_POINT ( 'NONE',  ( -30.00000000000039790, 100.0000000000000142, 0.000000000000000000 ) ) ;
#8996 = ORIENTED_EDGE ( 'NONE', *, *, #6558, .T. ) ;
#8997 = ORIENTED_EDGE ( 'NONE', *, *, #10774, .F. ) ;
#8998 = FACE_OUTER_BOUND ( 'NONE', #6872, .T. ) ;
#8999 = EDGE_CURVE ( 'NONE', #2703, #11641, #8591, .T. ) ;
#9000 = ORIENTED_EDGE ( 'NONE', *, *, #7178, .T. ) ;
#9001 = EDGE_CURVE ( 'NONE', #11681, #8987, #11772, .T. ) ;
#9002 = VERTEX_POINT ( 'NONE', #38 ) ;
#9003 = CIRCLE ( 'NONE', #6064, 2.000000000000000000 ) ;
#9004 = VERTEX_POINT ( 'NONE', #226 ) ;
#9005 = FACE_BOUND ( 'NONE', #7656, .T. ) ;
#9006 = DIRECTION ( 'NONE',  ( 0.000000000000000000, 0.000000000000000000, 1.000000000000000000 ) ) ;
#9007 = DIRECTION ( 'NONE',  ( 0.000000000000000000, -0.000000000000000000, -1.000000000000000000 ) ) ;
#9008 = EDGE_CURVE ( 'NONE', #8477, #1200, #3911, .T. ) ;
#9009 = DIRECTION ( 'NONE',  ( 1.000000000000000000, 0.000000000000000000, 0.000000000000000000 ) ) ;
#9010 = FACE_OUTER_BOUND ( 'NONE', #8436, .T. ) ;
#9011 = EDGE_LOOP ( 'NONE', ( #158, #6559, #4000, #1604 ) ) ;
#9012 = FACE_OUTER_BOUND ( 'NONE', #11355, .T. ) ;
#9013 = EDGE_CURVE ( 'NONE', #6011, #5276, #5091, .T. ) ;
#9014 = EDGE_LOOP ( 'NONE', ( #6691, #2700, #3559, #1912 ) ) ;
#9015 = EDGE_CURVE ( 'NONE', #9117, #11318, #5890, .T. ) ;
#9016 = ORIENTED_EDGE ( 'NONE', *, *, #10827, .F. ) ;
#9017 = DIRECTION ( 'NONE',  ( 1.000000000000000000, 0.000000000000000000, 0.000000000000000000 ) ) ;
#9019 = VECTOR ( 'NONE', #7213, 1000.000000000000000 ) ;
#9018 = CARTESIAN_POINT ( 'NONE',  ( -50.99999999999992184, 33.99999999999989342, 0.000000000000000000 ) ) ;
#9020 = EDGE_CURVE ( 'NONE', #11682, #7256, #4706, .T. ) ;
#9021 = CARTESIAN_POINT ( 'NONE',  ( 6.938893903907228378E-14, -17.00000000000011369, 0.000000000000000000 ) ) ;
#9022 = CYLINDRICAL_SURFACE ( 'NONE', #4202, 2.000000000000000888 ) ;
#9023 = ORIENTED_EDGE ( 'NONE', *, *, #9997, .F. ) ;
#9024 = DIRECTION ( 'NONE',  ( 0.000000000000000000, 0.000000000000000000, 1.000000000000000000 ) ) ;
#9025 = CYLINDRICAL_SURFACE ( 'NONE', #7740, 2.000000000000001776 ) ;
#9026 = DIRECTION ( 'NONE',  ( 1.000000000000000000, 0.000000000000000000, 0.000000000000000000 ) ) ;
#9027 = CIRCLE ( 'NONE', #5490, 2.000000000000001776 ) ;
#9028 = VERTEX_POINT ( 'NONE', #8886 ) ;
#9029 = ORIENTED_EDGE ( 'NONE', *, *, #5611, .T. ) ;
#9030 = CARTESIAN_POINT ( 'NONE',  ( 67.99999999999984368, -33.99999999999975131, 0.000000000000000000 ) ) ;
#9031 = ADVANCED_FACE ( 'NONE', ( #8825 ), #10740, .F. ) ;
#9032 = DIRECTION ( 'NONE',  ( 1.000000000000000000, 0.000000000000000000, 0.000000000000000000 ) ) ;
#9033 = CIRCLE ( 'NONE', #8251, 2.000000000000001776 ) ;
#9034 = EDGE_LOOP ( 'NONE', ( #11334, #2818 ) ) ;
#9035 = DIRECTION ( 'NONE',  ( 0.000000000000000000, 0.000000000000000000, 1.000000000000000000 ) ) ;
#9036 = DIRECTION ( 'NONE',  ( 1.000000000000000000, 0.000000000000000000, 0.000000000000000000 ) ) ;
#9037 = ORIENTED_EDGE ( 'NONE', *, *, #65, .F. ) ;
#9038 = VECTOR ( 'NONE', #5445, 1000.000000000000000 ) ;
#9039 = CARTESIAN_POINT ( 'NONE',  ( -50.99999999999955946, -68.00000000000082423, 0.000000000000000000 ) ) ;
#9040 = CARTESIAN_POINT ( 'NONE',  ( 35.99999999999998579, -33.99999999999998579, 0.000000000000000000 ) ) ;
#9041 = VECTOR ( 'NONE', #9647, 1000.000000000000000 ) ;
#9042 = ORIENTED_EDGE ( 'NONE', *, *, #9462, .T. ) ;
#9043 = CARTESIAN_POINT ( 'NONE',  ( 94.02499999999986358, -75.97499999999998010, 0.000000000000000000 ) ) ;
#9044 = EDGE_CURVE ( 'NONE', #3704, #5626, #12150, .T. ) ;
#9045 = DIRECTION ( 'NONE',  ( 0.000000000000000000, 0.000000000000000000, 1.000000000000000000 ) ) ;
#9046 = CARTESIAN_POINT ( 'NONE',  ( -4.163336342344337027E-14, 17.00000000000009948, 0.000000000000000000 ) ) ;
#9047 = CARTESIAN_POINT ( 'NONE',  ( 0.000000000000000000, 0.000000000000000000, 0.000000000000000000 ) ) ;
#9048 = FACE_BOUND ( 'NONE', #2747, .T. ) ;
#9049 = CYLINDRICAL_SURFACE ( 'NONE', #11047, 2.000000000000001776 ) ;
#9050 = CARTESIAN_POINT ( 'NONE',  ( 49.00000000000008527, -85.00000000000022737, 0.000000000000000000 ) ) ;
#9051 = AXIS2_PLACEMENT_3D ( 'NONE', #6794, #10552, #1197 ) ;
#9052 = ORIENTED_EDGE ( 'NONE', *, *, #8716, .F. ) ;
#9053 = ORIENTED_EDGE ( 'NONE', *, *, #1373, .T. ) ;
#9054 = CARTESIAN_POINT ( 'NONE',  ( 75.97499999999996589, -94.02500000000000568, 5.000000000000000000 ) ) ;
#9055 = ORIENTED_EDGE ( 'NONE', *, *, #4861, .T. ) ;
#9056 = EDGE_CURVE ( 'NONE', #3353, #8175, #1370, .T. ) ;
#9057 = ORIENTED_EDGE ( 'NONE', *, *, #4585, .F. ) ;
#9058 = AXIS2_PLACEMENT_3D ( 'NONE', #1580, #2323, #11792 ) ;
#9059 = ORIENTED_EDGE ( 'NONE', *, *, #4798, .T. ) ;
#9060 = FACE_BOUND ( 'NONE', #9917, .T. ) ;
#9061 = CARTESIAN_POINT ( 'NONE',  ( -84.99999999999937472, -85.00000000000117950, 0.000000000000000000 ) ) ;
#9062 = CARTESIAN_POINT ( 'NONE',  ( -114.9999999999999432, 30.00000000000001421, 5.000000000000000000 ) ) ;
#9063 = DIRECTION ( 'NONE',  ( 1.000000000000000000, 0.000000000000000000, 0.000000000000000000 ) ) ;
#9064 = DIRECTION ( 'NONE',  ( 1.000000000000000000, 0.000000000000000000, 0.000000000000000000 ) ) ;
#9065 = ORIENTED_EDGE ( 'NONE', *, *, #7544, .F. ) ;
#9066 = DIRECTION ( 'NONE',  ( 1.000000000000000000, 0.000000000000000000, 0.000000000000000000 ) ) ;
#9067 = VECTOR ( 'NONE', #182, 1000.000000000000000 ) ;
#9068 = VECTOR ( 'NONE', #579, 1000.000000000000000 ) ;
#9069 = ORIENTED_EDGE ( 'NONE', *, *, #7209, .T. ) ;
#9070 = EDGE_CURVE ( 'NONE', #2985, #7099, #6856, .T. ) ;
#9071 = EDGE_LOOP ( 'NONE', ( #6723, #2096, #7844, #850 ) ) ;
#9072 = VECTOR ( 'NONE', #6622, 1000.000000000000000 ) ;
#9073 = VECTOR ( 'NONE', #8051, 1000.000000000000000 ) ;
#9074 = AXIS2_PLACEMENT_3D ( 'NONE', #140, #4743, #5733 ) ;
#9075 = CARTESIAN_POINT ( 'NONE',  ( 14.99999999999998401, -16.99999999999998579, 0.000000000000000000 ) ) ;
#9076 = CARTESIAN_POINT ( 'NONE',  ( -1.665334536937734811E-13, 51.00000000000031974, 5.000000000000000000 ) ) ;
#9077 = CARTESIAN_POINT ( 'NONE',  ( -1.999999999999751088, -68.00000000000044054, 0.000000000000000000 ) ) ;
#9079 = EDGE_CURVE ( 'NONE', #118, #7256, #478, .T. ) ;
#9078 = CYLINDRICAL_SURFACE ( 'NONE', #216, 2.000000000000001776 ) ;
#9080 = ORIENTED_EDGE ( 'NONE', *, *, #12073, .T. ) ;
#9081 = CARTESIAN_POINT ( 'NONE',  ( -50.99999999999967315, -34.00000000000058265, 0.000000000000000000 ) ) ;
#9082 = ADVANCED_FACE ( 'NONE', ( #11606 ), #6199, .T. ) ;
#9083 = DIRECTION ( 'NONE',  ( -0.000000000000000000, -0.000000000000000000, 1.000000000000000000 ) ) ;
#9084 = ADVANCED_FACE ( 'NONE', ( #10862 ), #11547, .F. ) ;
#9085 = DIRECTION ( 'NONE',  ( -0.000000000000000000, -0.000000000000000000, 1.000000000000000000 ) ) ;
#9086 = CIRCLE ( 'NONE', #3784, 2.000000000000001776 ) ;
#9087 =( GEOMETRIC_REPRESENTATION_CONTEXT ( 3 ) GLOBAL_UNCERTAINTY_ASSIGNED_CONTEXT ( ( #4522 ) ) GLOBAL_UNIT_ASSIGNED_CONTEXT ( ( #9618, #7836, #2182 ) ) REPRESENTATION_CONTEXT ( 'NONE', 'WORKASPACE' ) );
#9088 = ORIENTED_EDGE ( 'NONE', *, *, #10369, .F. ) ;
#9089 = EDGE_CURVE ( 'NONE', #8053, #9246, #2933, .T. ) ;
#9090 = VERTEX_POINT ( 'NONE', #410 ) ;
#9091 = CARTESIAN_POINT ( 'NONE',  ( 17.00000000000022382, -85.00000000000046896, 5.000000000000000000 ) ) ;
#9092 = AXIS2_PLACEMENT_3D ( 'NONE', #2726, #22, #6608 ) ;
#9093 = DIRECTION ( 'NONE',  ( 1.000000000000000000, 0.000000000000000000, 0.000000000000000000 ) ) ;
#9094 = ORIENTED_EDGE ( 'NONE', *, *, #10529, .T. ) ;
#9095 = VECTOR ( 'NONE', #6765, 1000.000000000000000 ) ;
#9096 = CARTESIAN_POINT ( 'NONE',  ( -33.99999999999986500, -2.220446049250313081E-13, 5.000000000000000000 ) ) ;
#9097 = FACE_OUTER_BOUND ( 'NONE', #3110, .T. ) ;
#9098 = VERTEX_POINT ( 'NONE', #7048 ) ;
#9099 = CARTESIAN_POINT ( 'NONE',  ( 51.00000000000008527, -85.00000000000022737, 0.000000000000000000 ) ) ;
#9100 = CARTESIAN_POINT ( 'NONE',  ( 50.99999999999955946, 68.00000000000083844, 0.000000000000000000 ) ) ;
#9101 = CIRCLE ( 'NONE', #4389, 2.000000000000000000 ) ;
#9102 = AXIS2_PLACEMENT_3D ( 'NONE', #11773, #8936, #2535 ) ;
#9103 = ADVANCED_FACE ( 'NONE', ( #9760 ), #9881, .F. ) ;
#9104 = ORIENTED_EDGE ( 'NONE', *, *, #4529, .F. ) ;
#9105 = DIRECTION ( 'NONE',  ( 0.000000000000000000, 0.000000000000000000, 1.000000000000000000 ) ) ;
#9106 = DIRECTION ( 'NONE',  ( 1.000000000000000000, 0.000000000000000000, 0.000000000000000000 ) ) ;
#9107 = CARTESIAN_POINT ( 'NONE',  ( 14.99999999999969269, 68.00000000000061107, 5.000000000000000000 ) ) ;
#9108 = FACE_BOUND ( 'NONE', #8796, .T. ) ;
#9109 = CARTESIAN_POINT ( 'NONE',  ( 15.00000000000140687, -134.9999999999998295, 5.000000000000000000 ) ) ;
#9110 = DIRECTION ( 'NONE',  ( 0.000000000000000000, 0.000000000000000000, 1.000000000000000000 ) ) ;
#9111 = ORIENTED_EDGE ( 'NONE', *, *, #3965, .F. ) ;
#9112 = AXIS2_PLACEMENT_3D ( 'NONE', #4671, #6925, #5827 ) ;
#9113 = ORIENTED_EDGE ( 'NONE', *, *, #2987, .T. ) ;
#9114 = DIRECTION ( 'NONE',  ( -0.000000000000000000, -0.000000000000000000, 1.000000000000000000 ) ) ;
#9115 = EDGE_CURVE ( 'NONE', #6244, #8636, #3913, .T. ) ;
#9116 = VECTOR ( 'NONE', #2183, 1000.000000000000000 ) ;
#9117 = VERTEX_POINT ( 'NONE', #538 ) ;
#9118 = VECTOR ( 'NONE', #2468, 1000.000000000000000 ) ;
#9119 = ORIENTED_EDGE ( 'NONE', *, *, #5860, .F. ) ;
#9120 = AXIS2_PLACEMENT_3D ( 'NONE', #7448, #5666, #4614 ) ;
#9121 = VERTEX_POINT ( 'NONE', #3113 ) ;
#9122 = FACE_BOUND ( 'NONE', #3052, .T. ) ;
#9123 = CARTESIAN_POINT ( 'NONE',  ( 33.99999999999968736, 51.00000000000059686, 5.000000000000000000 ) ) ;
#9124 = DIRECTION ( 'NONE',  ( 0.000000000000000000, 1.000000000000000000, 0.000000000000000000 ) ) ;
#9125 = CARTESIAN_POINT ( 'NONE',  ( -18.99999999999975486, -51.00000000000046896, 5.000000000000000000 ) ) ;
#9126 = CARTESIAN_POINT ( 'NONE',  ( 4.139448346937463700E-13, 90.97500000000037801, 5.000000000000000000 ) ) ;
#9127 = ORIENTED_EDGE ( 'NONE', *, *, #9977, .F. ) ;
#9128 = ORIENTED_EDGE ( 'NONE', *, *, #7199, .T. ) ;
#9129 = DIRECTION ( 'NONE',  ( 1.000000000000000000, 0.000000000000000000, 0.000000000000000000 ) ) ;
#9130 = AXIS2_PLACEMENT_3D ( 'NONE', #11311, #2883, #1966 ) ;
#9131 = CIRCLE ( 'NONE', #3254, 2.000000000000001776 ) ;
#9132 = ORIENTED_EDGE ( 'NONE', *, *, #4228, .F. ) ;
#9133 = ORIENTED_EDGE ( 'NONE', *, *, #4052, .T. ) ;
#9134 = ORIENTED_EDGE ( 'NONE', *, *, #9909, .F. ) ;
#9135 = FACE_OUTER_BOUND ( 'NONE', #4742, .T. ) ;
#9136 = AXIS2_PLACEMENT_3D ( 'NONE', #1588, #2330, #9771 ) ;
#9137 = CARTESIAN_POINT ( 'NONE',  ( -33.99999999999963052, -68.00000000000069633, 0.000000000000000000 ) ) ;
#9138 = CYLINDRICAL_SURFACE ( 'NONE', #6658, 2.000000000000000000 ) ;
#9139 = FACE_BOUND ( 'NONE', #6842, .T. ) ;
#9140 = CARTESIAN_POINT ( 'NONE',  ( 18.99999999999975486, 51.00000000000049027, 0.000000000000000000 ) ) ;
#9141 = ORIENTED_EDGE ( 'NONE', *, *, #1851, .F. ) ;
#9142 = ADVANCED_FACE ( 'NONE', ( #6864 ), #9947, .F. ) ;
#9143 = DIRECTION ( 'NONE',  ( -0.000000000000000000, -0.000000000000000000, 1.000000000000000000 ) ) ;
#9144 = EDGE_CURVE ( 'NONE', #11142, #10155, #10192, .T. ) ;
#9145 = CARTESIAN_POINT ( 'NONE',  ( -15.00000000000046363, 134.9999999999999432, 0.000000000000000000 ) ) ;
#9146 = VECTOR ( 'NONE', #7205, 1000.000000000000000 ) ;
#9147 = ORIENTED_EDGE ( 'NONE', *, *, #2493, .F. ) ;
#9148 = EDGE_CURVE ( 'NONE', #10704, #1940, #9608, .T. ) ;
#9149 = ORIENTED_EDGE ( 'NONE', *, *, #3830, .F. ) ;
#9150 = EDGE_CURVE ( 'NONE', #348, #5824, #8711, .T. ) ;
#9151 = CARTESIAN_POINT ( 'NONE',  ( 84.99999999999954525, 34.00000000000083844, 0.000000000000000000 ) ) ;
#9152 = CARTESIAN_POINT ( 'NONE',  ( 50.99999999999985079, -16.99999999999975131, 0.000000000000000000 ) ) ;
#9153 = AXIS2_PLACEMENT_3D ( 'NONE', #125, #3927, #5845 ) ;
#9154 = ORIENTED_EDGE ( 'NONE', *, *, #1712, .F. ) ;
#9155 = DIRECTION ( 'NONE',  ( 0.000000000000000000, 0.000000000000000000, 1.000000000000000000 ) ) ;
#9156 = EDGE_CURVE ( 'NONE', #348, #4015, #7912, .T. ) ;
#9157 = DIRECTION ( 'NONE',  ( 1.000000000000000000, 0.000000000000000000, 0.000000000000000000 ) ) ;
#9158 = ORIENTED_EDGE ( 'NONE', *, *, #10714, .T. ) ;
#9159 = LINE ( 'NONE', #7260, #1455 ) ;
#9160 = DIRECTION ( 'NONE',  ( 0.000000000000000000, -1.000000000000000000, 0.000000000000000000 ) ) ;
#9161 = EDGE_CURVE ( 'NONE', #9503, #8672, #8042, .T. ) ;
#9162 = ORIENTED_EDGE ( 'NONE', *, *, #4060, .T. ) ;
#9163 = DIRECTION ( 'NONE',  ( -0.000000000000000000, -0.000000000000000000, 1.000000000000000000 ) ) ;
#9164 = CARTESIAN_POINT ( 'NONE',  ( -84.99999999999984368, 50.99999999999976552, 0.000000000000000000 ) ) ;
#9165 = CARTESIAN_POINT ( 'NONE',  ( 0.000000000000000000, -100.0000000000000142, 5.000000000000000000 ) ) ;
#9166 = DIRECTION ( 'NONE',  ( 0.000000000000000000, 0.000000000000000000, 1.000000000000000000 ) ) ;
#9167 = FACE_BOUND ( 'NONE', #7545, .T. ) ;
#9168 = EDGE_CURVE ( 'NONE', #11531, #9425, #6014, .T. ) ;
#9169 = CARTESIAN_POINT ( 'NONE',  ( -84.99999999999937472, -85.00000000000117950, 0.000000000000000000 ) ) ;
#9170 = LINE ( 'NONE', #9226, #4950 ) ;
#9171 = EDGE_LOOP ( 'NONE', ( #4642, #1667, #9672, #9501 ) ) ;
#9172 = VERTEX_POINT ( 'NONE', #3477 ) ;
#9173 = ORIENTED_EDGE ( 'NONE', *, *, #6860, .F. ) ;
#9174 = ORIENTED_EDGE ( 'NONE', *, *, #583, .T. ) ;
#9175 = ORIENTED_EDGE ( 'NONE', *, *, #8246, .F. ) ;
#9176 = FACE_BOUND ( 'NONE', #2233, .T. ) ;
#9177 = LINE ( 'NONE', #9998, #3398 ) ;
#9178 = FACE_OUTER_BOUND ( 'NONE', #3964, .T. ) ;
#9179 = ADVANCED_FACE ( 'NONE', ( #7410 ), #8150, .F. ) ;
#9180 = CARTESIAN_POINT ( 'NONE',  ( 51.00000000000008527, -85.00000000000022737, 0.000000000000000000 ) ) ;
#9181 = DIRECTION ( 'NONE',  ( 0.000000000000000000, 0.000000000000000000, 1.000000000000000000 ) ) ;
#9182 = ORIENTED_EDGE ( 'NONE', *, *, #6078, .T. ) ;
#9183 = ORIENTED_EDGE ( 'NONE', *, *, #1958, .T. ) ;
#9184 = CARTESIAN_POINT ( 'NONE',  ( 52.99999999999991473, -33.99999999999987210, 0.000000000000000000 ) ) ;
#9185 = AXIS2_PLACEMENT_3D ( 'NONE', #7680, #2943, #9398 ) ;
#9186 = ORIENTED_EDGE ( 'NONE', *, *, #5652, .F. ) ;
#9187 = ORIENTED_EDGE ( 'NONE', *, *, #1900, .F. ) ;
#9188 = VERTEX_POINT ( 'NONE', #1633 ) ;
#9189 = DIRECTION ( 'NONE',  ( -0.000000000000000000, -0.000000000000000000, 1.000000000000000000 ) ) ;
#9190 = DIRECTION ( 'NONE',  ( 1.000000000000000000, 0.000000000000000000, 0.000000000000000000 ) ) ;
#9191 = DIRECTION ( 'NONE',  ( 1.000000000000000000, 0.000000000000000000, 0.000000000000000000 ) ) ;
#9192 = LINE ( 'NONE', #6321, #4834 ) ;
#9193 = PRODUCT_DEFINITION_CONTEXT ( 'detailed design', #1984, 'design' ) ;
#9194 = CARTESIAN_POINT ( 'NONE',  ( -82.99999999999947420, -51.00000000000093792, 0.000000000000000000 ) ) ;
#9195 = VECTOR ( 'NONE', #1827, 1000.000000000000000 ) ;
#9196 = ORIENTED_EDGE ( 'NONE', *, *, #1960, .T. ) ;
#9197 = DIRECTION ( 'NONE',  ( -0.000000000000000000, 0.000000000000000000, -1.000000000000000000 ) ) ;
#9198 = CARTESIAN_POINT ( 'NONE',  ( 33.99999999999980815, 17.00000000000036238, 0.000000000000000000 ) ) ;
#9199 = ORIENTED_EDGE ( 'NONE', *, *, #5709, .T. ) ;
#9200 = CIRCLE ( 'NONE', #10789, 2.000000000000001776 ) ;
#9201 = ORIENTED_EDGE ( 'NONE', *, *, #9613, .F. ) ;
#9202 = AXIS2_PLACEMENT_3D ( 'NONE', #9910, #4461, #8916 ) ;
#9203 = EDGE_CURVE ( 'NONE', #7706, #1492, #6254, .T. ) ;
#9204 = DIRECTION ( 'NONE',  ( 1.000000000000000000, 0.000000000000000000, 0.000000000000000000 ) ) ;
#9205 = DIRECTION ( 'NONE',  ( 0.000000000000000000, 0.000000000000000000, 1.000000000000000000 ) ) ;
#9206 = ORIENTED_EDGE ( 'NONE', *, *, #11397, .T. ) ;
#9207 = LINE ( 'NONE', #3868, #11008 ) ;
#9208 = CARTESIAN_POINT ( 'NONE',  ( 16.99999999999982236, 34.00000000000036238, 0.000000000000000000 ) ) ;
#9209 = ORIENTED_EDGE ( 'NONE', *, *, #746, .T. ) ;
#9210 = LINE ( 'NONE', #10153, #4386 ) ;
#9211 = DIRECTION ( 'NONE',  ( 0.000000000000000000, 0.000000000000000000, 1.000000000000000000 ) ) ;
#9212 = VECTOR ( 'NONE', #5444, 1000.000000000000000 ) ;
#9213 = AXIS2_PLACEMENT_3D ( 'NONE', #2788, #5557, #11210 ) ;
#9214 = CIRCLE ( 'NONE', #10804, 2.000000000000001776 ) ;
#9215 = EDGE_CURVE ( 'NONE', #5135, #10546, #5303, .T. ) ;
#9216 = EDGE_CURVE ( 'NONE', #5807, #6428, #1171, .T. ) ;
#9217 = ORIENTED_EDGE ( 'NONE', *, *, #1127, .T. ) ;
#9218 = CIRCLE ( 'NONE', #10807, 2.000000000000001776 ) ;
#9219 = CARTESIAN_POINT ( 'NONE',  ( 17.00000000000011369, -51.00000000000022737, 0.000000000000000000 ) ) ;
#9220 = CARTESIAN_POINT ( 'NONE',  ( -69.99999999999965894, -17.00000000000058265, 5.000000000000000000 ) ) ;
#9221 = CARTESIAN_POINT ( 'NONE',  ( 86.99999999999960210, 17.00000000000072120, 0.000000000000000000 ) ) ;
#9222 = LINE ( 'NONE', #3571, #2558 ) ;
#9223 = DIRECTION ( 'NONE',  ( 0.000000000000000000, 0.000000000000000000, 1.000000000000000000 ) ) ;
#9224 = DIRECTION ( 'NONE',  ( 0.000000000000000000, 0.000000000000000000, 1.000000000000000000 ) ) ;
#9225 = EDGE_CURVE ( 'NONE', #555, #1797, #9200, .T. ) ;
#9226 = CARTESIAN_POINT ( 'NONE',  ( -75.97499999999996589, 0.000000000000000000, 0.000000000000000000 ) ) ;
#9227 = ORIENTED_EDGE ( 'NONE', *, *, #12101, .F. ) ;
#9228 = ORIENTED_EDGE ( 'NONE', *, *, #105, .F. ) ;
#9229 = EDGE_CURVE ( 'NONE', #4824, #5657, #7449, .T. ) ;
#9230 = EDGE_CURVE ( 'NONE', #10662, #99, #1962, .T. ) ;
#9231 = VECTOR ( 'NONE', #10348, 1000.000000000000000 ) ;
#9232 = EDGE_LOOP ( 'NONE', ( #2681, #195 ) ) ;
#9233 = ORIENTED_EDGE ( 'NONE', *, *, #10441, .F. ) ;
#9234 = ORIENTED_EDGE ( 'NONE', *, *, #2478, .T. ) ;
#9235 = FACE_BOUND ( 'NONE', #6800, .T. ) ;
#9236 = CIRCLE ( 'NONE', #610, 2.000000000000000000 ) ;
#9237 = DIRECTION ( 'NONE',  ( 1.000000000000000000, 0.000000000000000000, 0.000000000000000000 ) ) ;
#9238 = CARTESIAN_POINT ( 'NONE',  ( 0.000000000000000000, -94.02500000000000568, 5.000000000000000000 ) ) ;
#9239 = CARTESIAN_POINT ( 'NONE',  ( 135.0000000000000000, -15.00000000000001243, 5.000000000000000000 ) ) ;
#9240 = DIRECTION ( 'NONE',  ( -0.000000000000000000, -0.000000000000000000, 1.000000000000000000 ) ) ;
#9241 = EDGE_LOOP ( 'NONE', ( #9080, #6720, #6062, #6676 ) ) ;
#9242 = VERTEX_POINT ( 'NONE', #1574 ) ;
#9243 = DIRECTION ( 'NONE',  ( -0.000000000000000000, -0.000000000000000000, 1.000000000000000000 ) ) ;
#9244 = AXIS2_PLACEMENT_3D ( 'NONE', #9682, #9935, #10727 ) ;
#9245 = AXIS2_PLACEMENT_3D ( 'NONE', #11741, #1469, #542 ) ;
#9246 = VERTEX_POINT ( 'NONE', #7350 ) ;
#9247 = EDGE_CURVE ( 'NONE', #7067, #7678, #588, .T. ) ;
#9248 = ORIENTED_EDGE ( 'NONE', *, *, #6300, .F. ) ;
#9249 = ORIENTED_EDGE ( 'NONE', *, *, #8638, .F. ) ;
#9250 = CARTESIAN_POINT ( 'NONE',  ( 84.99999999999995737, -84.99999999999998579, 5.000000000000000000 ) ) ;
#9251 = CARTESIAN_POINT ( 'NONE',  ( 33.99999999999957367, 85.00000000000085265, 0.000000000000000000 ) ) ;
#9252 = DIRECTION ( 'NONE',  ( 0.000000000000000000, 0.000000000000000000, 1.000000000000000000 ) ) ;
#9253 = DIRECTION ( 'NONE',  ( 1.000000000000000000, 0.000000000000000000, 0.000000000000000000 ) ) ;
#9254 = CARTESIAN_POINT ( 'NONE',  ( 82.99999999999965894, 6.108675929036656180E-13, 0.000000000000000000 ) ) ;
#9255 = CIRCLE ( 'NONE', #3961, 2.000000000000001776 ) ;
#9256 = ORIENTED_EDGE ( 'NONE', *, *, #951, .T. ) ;
#9257 = CIRCLE ( 'NONE', #2787, 2.000000000000001776 ) ;
#9258 = PLANE ( 'NONE',  #11854 ) ;
#9259 = CARTESIAN_POINT ( 'NONE',  ( -66.00000000000001421, 85.00000000000015632, 5.000000000000000000 ) ) ;
#9260 = ORIENTED_EDGE ( 'NONE', *, *, #10583, .F. ) ;
#9261 = CIRCLE ( 'NONE', #249, 2.000000000000000000 ) ;
#9262 = ADVANCED_FACE ( 'NONE', ( #11152 ), #10236, .F. ) ;
#9263 = CIRCLE ( 'NONE', #11234, 2.000000000000001776 ) ;
#9264 = EDGE_LOOP ( 'NONE', ( #3276, #5863, #9174, #9029 ) ) ;
#9265 = CIRCLE ( 'NONE', #11441, 2.000000000000001776 ) ;
#9266 = DIRECTION ( 'NONE',  ( 1.000000000000000000, 0.000000000000000000, 0.000000000000000000 ) ) ;
#9267 = DIRECTION ( 'NONE',  ( -0.000000000000000000, -0.000000000000000000, 1.000000000000000000 ) ) ;
#9268 = CARTESIAN_POINT ( 'NONE',  ( -33.99999999999992184, 16.99999999999988987, 5.000000000000000000 ) ) ;
#9269 = VERTEX_POINT ( 'NONE', #2502 ) ;
#9270 = DIRECTION ( 'NONE',  ( -0.7071067811865485719, -0.7071067811865465735, 0.000000000000000000 ) ) ;
#9271 = FACE_OUTER_BOUND ( 'NONE', #6431, .T. ) ;
#9272 = AXIS2_PLACEMENT_3D ( 'NONE', #5038, #8779, #2275 ) ;
#9273 = ORIENTED_EDGE ( 'NONE', *, *, #9395, .F. ) ;
#9274 = DIRECTION ( 'NONE',  ( 0.000000000000000000, 0.000000000000000000, 1.000000000000000000 ) ) ;
#9275 = CARTESIAN_POINT ( 'NONE',  ( 132.0000000000000000, 2.449293598294694581E-16, 0.000000000000000000 ) ) ;
#9276 = CIRCLE ( 'NONE', #5362, 2.000000000000001776 ) ;
#9277 = AXIS2_PLACEMENT_3D ( 'NONE', #7961, #6001, #1382 ) ;
#9278 = EDGE_CURVE ( 'NONE', #1928, #220, #2156, .T. ) ;
#9279 = CIRCLE ( 'NONE', #7515, 2.000000000000001776 ) ;
#9280 = CARTESIAN_POINT ( 'NONE',  ( 99.99999999999994316, 0.000000000000000000, 0.000000000000000000 ) ) ;
#9281 = CIRCLE ( 'NONE', #11057, 2.000000000000001776 ) ;
#9282 = AXIS2_PLACEMENT_3D ( 'NONE', #10383, #7427, #4712 ) ;
#9283 = ORIENTED_EDGE ( 'NONE', *, *, #3588, .T. ) ;
#9284 = AXIS2_PLACEMENT_3D ( 'NONE', #10032, #1431, #4366 ) ;
#9285 = CARTESIAN_POINT ( 'NONE',  ( -31.99999999999962697, -68.00000000000069633, 0.000000000000000000 ) ) ;
#9286 = CARTESIAN_POINT ( 'NONE',  ( -50.99999999999992184, 33.99999999999989342, 5.000000000000000000 ) ) ;
#9287 = DIRECTION ( 'NONE',  ( 0.7071067811865485719, 0.7071067811865465735, 0.000000000000000000 ) ) ;
#9288 = CARTESIAN_POINT ( 'NONE',  ( -51.00000000000002842, 68.00000000000014211, 0.000000000000000000 ) ) ;
#9289 = PLANE ( 'NONE',  #2865 ) ;
#9290 = ORIENTED_EDGE ( 'NONE', *, *, #4357, .T. ) ;
#9291 = DIRECTION ( 'NONE',  ( -1.000000000000000000, 5.204170427930419434E-17, 0.000000000000000000 ) ) ;
#9292 = CYLINDRICAL_SURFACE ( 'NONE', #2781, 2.000000000000000888 ) ;
#9293 = EDGE_LOOP ( 'NONE', ( #3907, #2675, #5253, #6981 ) ) ;
#9294 = VERTEX_POINT ( 'NONE', #5498 ) ;
#9295 = EDGE_CURVE ( 'NONE', #5436, #98, #8234, .T. ) ;
#9296 = CIRCLE ( 'NONE', #6945, 2.000000000000001776 ) ;
#9297 = ADVANCED_FACE ( 'NONE', ( #649 ), #6306, .F. ) ;
#9298 = AXIS2_PLACEMENT_3D ( 'NONE', #8105, #6089, #3440 ) ;
#9299 = ORIENTED_EDGE ( 'NONE', *, *, #2393, .F. ) ;
#9300 = CIRCLE ( 'NONE', #4005, 2.000000000000001776 ) ;
#9301 = EDGE_CURVE ( 'NONE', #8386, #673, #7058, .T. ) ;
#9302 = ORIENTED_EDGE ( 'NONE', *, *, #2257, .T. ) ;
#9303 = AXIS2_PLACEMENT_3D ( 'NONE', #493, #2331, #11749 ) ;
#9304 = DIRECTION ( 'NONE',  ( 1.000000000000000000, 0.000000000000000000, 0.000000000000000000 ) ) ;
#9305 = EDGE_LOOP ( 'NONE', ( #8143, #10323 ) ) ;
#9306 = EDGE_CURVE ( 'NONE', #4510, #2441, #3648, .T. ) ;
#9307 = FACE_BOUND ( 'NONE', #3888, .T. ) ;
#9308 = EDGE_CURVE ( 'NONE', #8747, #6403, #6369, .T. ) ;
#9309 = CIRCLE ( 'NONE', #1263, 2.000000000000001776 ) ;
#9310 = CARTESIAN_POINT ( 'NONE',  ( -69.99999999999985789, 33.99999999999976552, 0.000000000000000000 ) ) ;
#9311 = CARTESIAN_POINT ( 'NONE',  ( 84.99999999999995737, -84.99999999999998579, 0.000000000000000000 ) ) ;
#9312 = ORIENTED_EDGE ( 'NONE', *, *, #1587, .T. ) ;
#9313 = DIRECTION ( 'NONE',  ( 1.000000000000000000, 0.000000000000000000, 0.000000000000000000 ) ) ;
#9314 = CARTESIAN_POINT ( 'NONE',  ( -2.220446049250313081E-13, 68.00000000000042633, 5.000000000000000000 ) ) ;
#9315 = EDGE_LOOP ( 'NONE', ( #7922, #10211, #2707, #877 ) ) ;
#9316 = ORIENTED_EDGE ( 'NONE', *, *, #12163, .T. ) ;
#9317 = PLANE ( 'NONE',  #10243 ) ;
#9318 = ADVANCED_FACE ( 'NONE', ( #9178 ), #12017, .F. ) ;
#9319 = AXIS2_PLACEMENT_3D ( 'NONE', #7690, #6826, #1299 ) ;
#9320 = VECTOR ( 'NONE', #6252, 1000.000000000000000 ) ;
#9321 = ORIENTED_EDGE ( 'NONE', *, *, #7431, .T. ) ;
#9322 = ORIENTED_EDGE ( 'NONE', *, *, #8564, .T. ) ;
#9323 = VERTEX_POINT ( 'NONE', #1936 ) ;
#9324 = DIRECTION ( 'NONE',  ( -0.000000000000000000, -0.000000000000000000, 1.000000000000000000 ) ) ;
#9325 = ADVANCED_FACE ( 'NONE', ( #9371 ), #4756, .F. ) ;
#9326 = DIRECTION ( 'NONE',  ( -0.000000000000000000, -0.000000000000000000, 1.000000000000000000 ) ) ;
#9327 = CARTESIAN_POINT ( 'NONE',  ( -16.99999999999969447, -68.00000000000058265, 0.000000000000000000 ) ) ;
#9328 = AXIS2_PLACEMENT_3D ( 'NONE', #2942, #6694, #10517 ) ;
#9329 = DIRECTION ( 'NONE',  ( 1.000000000000000000, 0.000000000000000000, 0.000000000000000000 ) ) ;
#9330 = CARTESIAN_POINT ( 'NONE',  ( -1.999999999999695577, -85.00000000000055422, 0.000000000000000000 ) ) ;
#9331 = ORIENTED_EDGE ( 'NONE', *, *, #11145, .F. ) ;
#9332 = AXIS2_PLACEMENT_3D ( 'NONE', #8740, #9728, #4123 ) ;
#9333 = CYLINDRICAL_SURFACE ( 'NONE', #10275, 2.000000000000000000 ) ;
#9334 = EDGE_CURVE ( 'NONE', #5020, #4236, #5562, .T. ) ;
#9335 = DIRECTION ( 'NONE',  ( -1.000000000000000000, -4.550094363217858838E-15, 0.000000000000000000 ) ) ;
#9336 = ORIENTED_EDGE ( 'NONE', *, *, #1437, .F. ) ;
#9337 = ORIENTED_EDGE ( 'NONE', *, *, #4544, .F. ) ;
#9338 = AXIS2_PLACEMENT_3D ( 'NONE', #8289, #7381, #11122 ) ;
#9339 = DIRECTION ( 'NONE',  ( 4.550094363217858838E-15, -1.000000000000000000, 0.000000000000000000 ) ) ;
#9340 = CARTESIAN_POINT ( 'NONE',  ( -65.99999999999974420, -4.579669976578770729E-13, 0.000000000000000000 ) ) ;
#9341 = CARTESIAN_POINT ( 'NONE',  ( -35.99999999999963052, -68.00000000000069633, 5.000000000000000000 ) ) ;
#9342 = ORIENTED_EDGE ( 'NONE', *, *, #3220, .F. ) ;
#9343 = LINE ( 'NONE', #10201, #2758 ) ;
#9344 = DIRECTION ( 'NONE',  ( -0.000000000000000000, -0.000000000000000000, -1.000000000000000000 ) ) ;
#9345 = ORIENTED_EDGE ( 'NONE', *, *, #10447, .F. ) ;
#9346 = EDGE_CURVE ( 'NONE', #11102, #10488, #3714, .T. ) ;
#9347 = DIRECTION ( 'NONE',  ( 1.000000000000000000, 0.000000000000000000, 0.000000000000000000 ) ) ;
#9348 = CARTESIAN_POINT ( 'NONE',  ( -31.99999999999991829, 16.99999999999988987, 0.000000000000000000 ) ) ;
#9350 = VECTOR ( 'NONE', #6212, 1000.000000000000000 ) ;
#9349 = CARTESIAN_POINT ( 'NONE',  ( 67.99999999999967315, 17.00000000000059686, 0.000000000000000000 ) ) ;
#9351 = LINE ( 'NONE', #6586, #10511 ) ;
#9352 = EDGE_LOOP ( 'NONE', ( #4863, #8499 ) ) ;
#9353 = VECTOR ( 'NONE', #137, 1000.000000000000000 ) ;
#9354 = DIRECTION ( 'NONE',  ( -1.000000000000000000, -4.550094363217858838E-15, 0.000000000000000000 ) ) ;
#9355 = LINE ( 'NONE', #7511, #2270 ) ;
#9356 = LINE ( 'NONE', #12061, #10293 ) ;
#9357 = DIRECTION ( 'NONE',  ( 1.000000000000000000, 0.000000000000000000, 0.000000000000000000 ) ) ;
#9358 = FACE_BOUND ( 'NONE', #835, .T. ) ;
#9359 = ORIENTED_EDGE ( 'NONE', *, *, #10582, .T. ) ;
#9360 = DIRECTION ( 'NONE',  ( 1.000000000000000000, 0.000000000000000000, 0.000000000000000000 ) ) ;
#9361 = CARTESIAN_POINT ( 'NONE',  ( -2.220446049250313081E-13, 68.00000000000042633, 0.000000000000000000 ) ) ;
#9362 = ORIENTED_EDGE ( 'NONE', *, *, #964, .F. ) ;
#9363 = ORIENTED_EDGE ( 'NONE', *, *, #9203, .F. ) ;
#9364 = AXIS2_PLACEMENT_3D ( 'NONE', #10394, #8356, #7318 ) ;
#9365 = EDGE_LOOP ( 'NONE', ( #7075, #2847 ) ) ;
#9366 = ADVANCED_FACE ( 'NONE', ( #2912 ), #2793, .F. ) ;
#9367 = CARTESIAN_POINT ( 'NONE',  ( -51.00000000000002842, 68.00000000000014211, 5.000000000000000000 ) ) ;
#9368 = ORIENTED_EDGE ( 'NONE', *, *, #3965, .T. ) ;
#9369 = FACE_BOUND ( 'NONE', #1517, .T. ) ;
#9370 = DIRECTION ( 'NONE',  ( -0.000000000000000000, -0.000000000000000000, 1.000000000000000000 ) ) ;
#9371 = FACE_OUTER_BOUND ( 'NONE', #11691, .T. ) ;
#9372 = EDGE_LOOP ( 'NONE', ( #5907, #2317 ) ) ;
#9373 = CARTESIAN_POINT ( 'NONE',  ( -2.000000000000000000, 2.449293598294706414E-16, 5.000000000000000000 ) ) ;
#9374 = CARTESIAN_POINT ( 'NONE',  ( -2.775557561562891351E-13, 85.00000000000055422, 0.000000000000000000 ) ) ;
#9375 = VERTEX_POINT ( 'NONE', #8509 ) ;
#9376 = VERTEX_POINT ( 'NONE', #151 ) ;
#9377 = DIRECTION ( 'NONE',  ( 1.000000000000000000, 0.000000000000000000, 0.000000000000000000 ) ) ;
#9378 = ADVANCED_FACE ( 'NONE', ( #11215 ), #11402, .F. ) ;
#9379 = ORIENTED_EDGE ( 'NONE', *, *, #1202, .F. ) ;
#9380 = CIRCLE ( 'NONE', #7229, 2.000000000000001776 ) ;
#9381 = ORIENTED_EDGE ( 'NONE', *, *, #1733, .F. ) ;
#9382 = EDGE_CURVE ( 'NONE', #6196, #772, #8428, .T. ) ;
#9383 = ORIENTED_EDGE ( 'NONE', *, *, #6037, .F. ) ;
#9384 = DIRECTION ( 'NONE',  ( -0.000000000000000000, -0.000000000000000000, 1.000000000000000000 ) ) ;
#9385 = DIRECTION ( 'NONE',  ( -0.000000000000000000, -0.000000000000000000, 1.000000000000000000 ) ) ;
#9386 = CARTESIAN_POINT ( 'NONE',  ( -14.99999999999964118, -85.00000000000069633, 0.000000000000000000 ) ) ;
#9387 = FACE_BOUND ( 'NONE', #11309, .T. ) ;
#9388 = DIRECTION ( 'NONE',  ( 0.7071067811865485719, -0.7071067811865465735, 0.000000000000000000 ) ) ;
#9389 = ORIENTED_EDGE ( 'NONE', *, *, #7020, .T. ) ;
#9390 = CARTESIAN_POINT ( 'NONE',  ( 31.99999999999957012, 85.00000000000085265, 5.000000000000000000 ) ) ;
#9391 = CARTESIAN_POINT ( 'NONE',  ( -16.99999999999993250, -9.714451465470119729E-14, 5.000000000000000000 ) ) ;
#9392 = ADVANCED_FACE ( 'NONE', ( #4631 ), #94, .F. ) ;
#9393 = ORIENTED_EDGE ( 'NONE', *, *, #8646, .F. ) ;
#9394 = ORIENTED_EDGE ( 'NONE', *, *, #5046, .F. ) ;
#9395 = EDGE_CURVE ( 'NONE', #6730, #5089, #4690, .T. ) ;
#9396 = VECTOR ( 'NONE', #9829, 1000.000000000000000 ) ;
#9397 = CARTESIAN_POINT ( 'NONE',  ( -9.714451465470119729E-14, 34.00000000000021316, 0.000000000000000000 ) ) ;
#9398 = DIRECTION ( 'NONE',  ( 1.000000000000000000, 0.000000000000000000, 0.000000000000000000 ) ) ;
#9399 = DIRECTION ( 'NONE',  ( 1.000000000000000000, 0.000000000000000000, 0.000000000000000000 ) ) ;
#9400 = VERTEX_POINT ( 'NONE', #10421 ) ;
#9401 = CARTESIAN_POINT ( 'NONE',  ( -16.99999999999969447, -68.00000000000058265, 0.000000000000000000 ) ) ;
#9402 = CARTESIAN_POINT ( 'NONE',  ( -90.97499999999986642, 75.97499999999998010, 5.000000000000000000 ) ) ;
#9403 = ORIENTED_EDGE ( 'NONE', *, *, #4178, .T. ) ;
#9404 = DIRECTION ( 'NONE',  ( -0.000000000000000000, -0.000000000000000000, 1.000000000000000000 ) ) ;
#9405 = DIRECTION ( 'NONE',  ( -0.000000000000000000, -0.000000000000000000, 1.000000000000000000 ) ) ;
#9406 = CARTESIAN_POINT ( 'NONE',  ( -17.00000000000022382, 85.00000000000049738, 0.000000000000000000 ) ) ;
#9407 = AXIS2_PLACEMENT_3D ( 'NONE', #7502, #2765, #4731 ) ;
#9408 = CARTESIAN_POINT ( 'NONE',  ( 50.99999999999973710, 17.00000000000048672, 0.000000000000000000 ) ) ;
#9409 = ADVANCED_FACE ( 'NONE', ( #12134 ), #6726, .F. ) ;
#9410 = EDGE_LOOP ( 'NONE', ( #6752, #4309 ) ) ;
#9411 = DIRECTION ( 'NONE',  ( 1.000000000000000000, 0.000000000000000000, 0.000000000000000000 ) ) ;
#9412 = DIRECTION ( 'NONE',  ( -4.550094363217858838E-15, -1.000000000000000000, 0.000000000000000000 ) ) ;
#9413 = VECTOR ( 'NONE', #5814, 1000.000000000000000 ) ;
#9414 = CARTESIAN_POINT ( 'NONE',  ( -2.000000000000278444, 85.00000000000055422, 0.000000000000000000 ) ) ;
#9415 = DIRECTION ( 'NONE',  ( -0.000000000000000000, -0.000000000000000000, -1.000000000000000000 ) ) ;
#9416 = AXIS2_PLACEMENT_3D ( 'NONE', #3038, #6903, #8751 ) ;
#9417 = DIRECTION ( 'NONE',  ( 1.000000000000000000, 0.000000000000000000, 0.000000000000000000 ) ) ;
#9418 = EDGE_LOOP ( 'NONE', ( #4158, #744, #3324, #11729 ) ) ;
#9419 = CARTESIAN_POINT ( 'NONE',  ( 18.99999999999964118, 85.00000000000073896, 5.000000000000000000 ) ) ;
#9420 = LINE ( 'NONE', #6533, #8681 ) ;
#9421 = EDGE_LOOP ( 'NONE', ( #2128, #11278, #8599, #9196 ) ) ;
#9422 = ORIENTED_EDGE ( 'NONE', *, *, #3325, .F. ) ;
#9423 = CIRCLE ( 'NONE', #10414, 2.000000000000001776 ) ;
#9424 = EDGE_CURVE ( 'NONE', #1030, #8721, #2066, .T. ) ;
#9425 = VERTEX_POINT ( 'NONE', #5624 ) ;
#9426 = CARTESIAN_POINT ( 'NONE',  ( -35.99999999999975131, -34.00000000000046896, 0.000000000000000000 ) ) ;
#9427 = ORIENTED_EDGE ( 'NONE', *, *, #1892, .F. ) ;
#9428 = FACE_BOUND ( 'NONE', #11149, .T. ) ;
#9429 = DIRECTION ( 'NONE',  ( 1.000000000000000000, 0.000000000000000000, 0.000000000000000000 ) ) ;
#9430 = DIRECTION ( 'NONE',  ( 0.000000000000000000, 0.000000000000000000, 1.000000000000000000 ) ) ;
#9431 = VERTEX_POINT ( 'NONE', #942 ) ;
#9432 = DIRECTION ( 'NONE',  ( 1.000000000000000000, 0.000000000000000000, 0.000000000000000000 ) ) ;
#9433 = CARTESIAN_POINT ( 'NONE',  ( -84.99999999999978684, 33.99999999999964473, 0.000000000000000000 ) ) ;
#9434 = AXIS2_PLACEMENT_3D ( 'NONE', #1922, #3878, #7579 ) ;
#9435 = ORIENTED_EDGE ( 'NONE', *, *, #8198, .T. ) ;
#9436 = ORIENTED_EDGE ( 'NONE', *, *, #5791, .T. ) ;
#9437 = CARTESIAN_POINT ( 'NONE',  ( 48.99999999999973710, 17.00000000000048672, 5.000000000000000000 ) ) ;
#9438 = VECTOR ( 'NONE', #7289, 1000.000000000000000 ) ;
#9439 = EDGE_CURVE ( 'NONE', #8175, #3353, #2545, .T. ) ;
#9440 = ORIENTED_EDGE ( 'NONE', *, *, #1342, .F. ) ;
#9441 = AXIS2_PLACEMENT_3D ( 'NONE', #1910, #793, #10267 ) ;
#9442 = VERTEX_POINT ( 'NONE', #11344 ) ;
#9443 = ORIENTED_EDGE ( 'NONE', *, *, #10369, .T. ) ;
#9444 = DIRECTION ( 'NONE',  ( 1.000000000000000000, 0.000000000000000000, 0.000000000000000000 ) ) ;
#9445 = CARTESIAN_POINT ( 'NONE',  ( 32.00000000000015632, -85.00000000000035527, 5.000000000000000000 ) ) ;
#9446 = DIRECTION ( 'NONE',  ( -0.000000000000000000, -0.000000000000000000, 1.000000000000000000 ) ) ;
#9447 = FACE_BOUND ( 'NONE', #3096, .T. ) ;
#9448 = CARTESIAN_POINT ( 'NONE',  ( -7.806255641895630939E-16, -15.00000000000000533, 5.000000000000000000 ) ) ;
#9449 = ORIENTED_EDGE ( 'NONE', *, *, #3733, .T. ) ;
#9450 = CARTESIAN_POINT ( 'NONE',  ( -79.02499999999996305, 0.000000000000000000, 0.000000000000000000 ) ) ;
#9451 = DIRECTION ( 'NONE',  ( -0.000000000000000000, -0.000000000000000000, -1.000000000000000000 ) ) ;
#9452 = CIRCLE ( 'NONE', #11627, 2.000000000000001776 ) ;
#9453 = EDGE_CURVE ( 'NONE', #3309, #8039, #1997, .T. ) ;
#9454 = EDGE_LOOP ( 'NONE', ( #6045, #11791 ) ) ;
#9455 = EDGE_LOOP ( 'NONE', ( #2006, #7826, #4475, #10709 ) ) ;
#9456 = EDGE_CURVE ( 'NONE', #3291, #10083, #1138, .T. ) ;
#9457 = AXIS2_PLACEMENT_3D ( 'NONE', #4381, #6471, #1735 ) ;
#9458 = AXIS2_PLACEMENT_3D ( 'NONE', #6137, #10686, #11677 ) ;
#9459 = DIRECTION ( 'NONE',  ( 1.000000000000000000, 0.000000000000000000, 0.000000000000000000 ) ) ;
#9460 = CARTESIAN_POINT ( 'NONE',  ( 17.00000000000004263, -34.00000000000010658, 5.000000000000000000 ) ) ;
#9461 = CARTESIAN_POINT ( 'NONE',  ( 18.99999999999964118, 85.00000000000073896, 0.000000000000000000 ) ) ;
#9462 = EDGE_CURVE ( 'NONE', #11902, #3236, #11386, .T. ) ;
#9463 = EDGE_CURVE ( 'NONE', #10871, #6492, #191, .T. ) ;
#9464 = EDGE_LOOP ( 'NONE', ( #8137, #200, #5904, #865 ) ) ;
#9465 = DIRECTION ( 'NONE',  ( -0.000000000000000000, -0.000000000000000000, 1.000000000000000000 ) ) ;
#9466 = CARTESIAN_POINT ( 'NONE',  ( 86.99999999999954525, 34.00000000000083844, 0.000000000000000000 ) ) ;
#9467 = ORIENTED_EDGE ( 'NONE', *, *, #9247, .T. ) ;
#9468 = DIRECTION ( 'NONE',  ( 1.000000000000000000, 0.000000000000000000, 0.000000000000000000 ) ) ;
#9469 = LINE ( 'NONE', #5659, #9067 ) ;
#9470 = EDGE_CURVE ( 'NONE', #8721, #10180, #6792, .T. ) ;
#9471 = VECTOR ( 'NONE', #1114, 1000.000000000000000 ) ;
#9472 = CIRCLE ( 'NONE', #11380, 2.000000000000001776 ) ;
#9473 = EDGE_LOOP ( 'NONE', ( #285, #11926, #986, #3525 ) ) ;
#9474 = ORIENTED_EDGE ( 'NONE', *, *, #11444, .T. ) ;
#9475 = DIRECTION ( 'NONE',  ( 1.000000000000000000, 0.000000000000000000, 0.000000000000000000 ) ) ;
#9476 = CARTESIAN_POINT ( 'NONE',  ( 82.99999999999936051, 85.00000000000120792, 0.000000000000000000 ) ) ;
#9477 = CIRCLE ( 'NONE', #8489, 2.000000000000001776 ) ;
#9479 = CARTESIAN_POINT ( 'NONE',  ( 67.99999999999972999, 4.857225732735059864E-13, 0.000000000000000000 ) ) ;
#9478 = CIRCLE ( 'NONE', #8298, 2.000000000000000000 ) ;
#9480 = DIRECTION ( 'NONE',  ( 0.000000000000000000, 0.000000000000000000, 1.000000000000000000 ) ) ;
#9481 = CARTESIAN_POINT ( 'NONE',  ( 16.99999999999987566, 17.00000000000025224, 0.000000000000000000 ) ) ;
#9482 = ORIENTED_EDGE ( 'NONE', *, *, #5352, .T. ) ;
#9483 = CARTESIAN_POINT ( 'NONE',  ( -15.00000000000016698, 68.00000000000036948, 0.000000000000000000 ) ) ;
#9484 = DIRECTION ( 'NONE',  ( -0.000000000000000000, -0.000000000000000000, 1.000000000000000000 ) ) ;
#9485 = ORIENTED_EDGE ( 'NONE', *, *, #10277, .F. ) ;
#9486 = EDGE_LOOP ( 'NONE', ( #10650, #3480, #3782, #7870 ) ) ;
#9487 = EDGE_CURVE ( 'NONE', #220, #8987, #6849, .T. ) ;
#9488 = AXIS2_PLACEMENT_3D ( 'NONE', #4155, #1211, #7911 ) ;
#9489 =( GEOMETRIC_REPRESENTATION_CONTEXT ( 3 ) GLOBAL_UNCERTAINTY_ASSIGNED_CONTEXT ( ( #2686 ) ) GLOBAL_UNIT_ASSIGNED_CONTEXT ( ( #11491, #6811, #6933 ) ) REPRESENTATION_CONTEXT ( 'NONE', 'WORKASPACE' ) );
#9490 = AXIS2_PLACEMENT_3D ( 'NONE', #3212, #6963, #2234 ) ;
#9491 = ORIENTED_EDGE ( 'NONE', *, *, #6537, .T. ) ;
#9492 = CARTESIAN_POINT ( 'NONE',  ( 49.00000000000008527, -85.00000000000022737, 0.000000000000000000 ) ) ;
#9493 = ORIENTED_EDGE ( 'NONE', *, *, #6237, .F. ) ;
#9494 = FACE_BOUND ( 'NONE', #9305, .T. ) ;
#9495 = CARTESIAN_POINT ( 'NONE',  ( -34.00000000000004263, 51.00000000000012790, 5.000000000000000000 ) ) ;
#9496 = CARTESIAN_POINT ( 'NONE',  ( 16.99999999999982236, 34.00000000000036238, 0.000000000000000000 ) ) ;
#9497 = ORIENTED_EDGE ( 'NONE', *, *, #9537, .T. ) ;
#9498 = AXIS2_PLACEMENT_3D ( 'NONE', #6479, #7650, #9237 ) ;
#9499 = DIRECTION ( 'NONE',  ( 0.000000000000000000, 0.000000000000000000, 1.000000000000000000 ) ) ;
#9500 = CARTESIAN_POINT ( 'NONE',  ( -50.99999999999950262, -85.00000000000093792, 0.000000000000000000 ) ) ;
#9501 = ORIENTED_EDGE ( 'NONE', *, *, #3296, .F. ) ;
#9502 = AXIS2_PLACEMENT_3D ( 'NONE', #11623, #2283, #9778 ) ;
#9503 = VERTEX_POINT ( 'NONE', #1446 ) ;
#9504 = CARTESIAN_POINT ( 'NONE',  ( 36.00000000000003553, -51.00000000000010658, 0.000000000000000000 ) ) ;
#9505 = EDGE_CURVE ( 'NONE', #9641, #738, #1388, .T. ) ;
#9506 = VERTEX_POINT ( 'NONE', #10606 ) ;
#9507 = CIRCLE ( 'NONE', #7687, 2.000000000000001776 ) ;
#9508 = VERTEX_POINT ( 'NONE', #3223 ) ;
#9509 = EDGE_LOOP ( 'NONE', ( #3329, #6008, #3958, #27 ) ) ;
#9510 = DIRECTION ( 'NONE',  ( 0.000000000000000000, 0.000000000000000000, 1.000000000000000000 ) ) ;
#9511 = DIRECTION ( 'NONE',  ( 0.000000000000000000, 0.000000000000000000, 1.000000000000000000 ) ) ;
#9512 = CARTESIAN_POINT ( 'NONE',  ( -34.00000000000009948, 68.00000000000025580, 0.000000000000000000 ) ) ;
#9513 = FACE_BOUND ( 'NONE', #2869, .T. ) ;
#9514 = DIRECTION ( 'NONE',  ( 0.000000000000000000, 0.000000000000000000, 1.000000000000000000 ) ) ;
#9515 = EDGE_LOOP ( 'NONE', ( #9321, #6365 ) ) ;
#9516 = DIRECTION ( 'NONE',  ( -0.000000000000000000, -0.000000000000000000, 1.000000000000000000 ) ) ;
#9517 = AXIS2_PLACEMENT_3D ( 'NONE', #6093, #10579, #4116 ) ;
#9518 = DIRECTION ( 'NONE',  ( 1.000000000000000000, 0.000000000000000000, 0.000000000000000000 ) ) ;
#9519 = CIRCLE ( 'NONE', #12068, 2.000000000000001776 ) ;
#9520 = ORIENTED_EDGE ( 'NONE', *, *, #7817, .F. ) ;
#9521 = ORIENTED_EDGE ( 'NONE', *, *, #759, .F. ) ;
#9522 = AXIS2_PLACEMENT_3D ( 'NONE', #1059, #9542, #4807 ) ;
#9523 = LINE ( 'NONE', #239, #9722 ) ;
#9524 = DIRECTION ( 'NONE',  ( 1.000000000000000000, 0.000000000000000000, 0.000000000000000000 ) ) ;
#9525 = ADVANCED_FACE ( 'NONE', ( #4080 ), #394, .F. ) ;
#9526 = EDGE_CURVE ( 'NONE', #10762, #2384, #1758, .T. ) ;
#9527 = CYLINDRICAL_SURFACE ( 'NONE', #8160, 2.000000000000001776 ) ;
#9528 = VERTEX_POINT ( 'NONE', #7833 ) ;
#9529 = CARTESIAN_POINT ( 'NONE',  ( 90.97499999999986642, 0.000000000000000000, 5.000000000000000000 ) ) ;
#9530 = CARTESIAN_POINT ( 'NONE',  ( 32.00000000000003553, -51.00000000000010658, 0.000000000000000000 ) ) ;
#9531 = EDGE_LOOP ( 'NONE', ( #11495, #11105 ) ) ;
#9532 = DIRECTION ( 'NONE',  ( 1.000000000000000000, 0.000000000000000000, 0.000000000000000000 ) ) ;
#9533 = CARTESIAN_POINT ( 'NONE',  ( 48.99999999999950262, 85.00000000000096634, 0.000000000000000000 ) ) ;
#9534 = EDGE_CURVE ( 'NONE', #11399, #9971, #5306, .T. ) ;
#9535 = AXIS2_PLACEMENT_3D ( 'NONE', #9152, #2757, #10333 ) ;
#9536 = CARTESIAN_POINT ( 'NONE',  ( -79.02499999999996305, 0.000000000000000000, 5.000000000000000000 ) ) ;
#9537 = EDGE_CURVE ( 'NONE', #3031, #7425, #9218, .T. ) ;
#9538 = VERTEX_POINT ( 'NONE', #2306 ) ;
#9539 = VERTEX_POINT ( 'NONE', #458 ) ;
#9540 = CARTESIAN_POINT ( 'NONE',  ( 35.99999999999980815, 17.00000000000036238, 0.000000000000000000 ) ) ;
#9541 = EDGE_CURVE ( 'NONE', #1889, #5221, #4312, .T. ) ;
#9542 = DIRECTION ( 'NONE',  ( -0.000000000000000000, 0.000000000000000000, 1.000000000000000000 ) ) ;
#9543 = AXIS2_PLACEMENT_3D ( 'NONE', #7125, #2512, #3370 ) ;
#9544 = CARTESIAN_POINT ( 'NONE',  ( 17.00000000000016698, -68.00000000000035527, 5.000000000000000000 ) ) ;
#9545 = CARTESIAN_POINT ( 'NONE',  ( 48.99999999999985079, -16.99999999999975131, 0.000000000000000000 ) ) ;
#9546 = ORIENTED_EDGE ( 'NONE', *, *, #11115, .T. ) ;
#9547 = CYLINDRICAL_SURFACE ( 'NONE', #5553, 2.000000000000001776 ) ;
#9548 = DIRECTION ( 'NONE',  ( 1.000000000000000000, 0.000000000000000000, 0.000000000000000000 ) ) ;
#9549 = VERTEX_POINT ( 'NONE', #9678 ) ;
#9550 = VERTEX_POINT ( 'NONE', #6909 ) ;
#9551 = ADVANCED_FACE ( 'NONE', ( #520 ), #10549, .T. ) ;
#9552 = CIRCLE ( 'NONE', #11123, 2.000000000000001776 ) ;
#9553 = ORIENTED_EDGE ( 'NONE', *, *, #5739, .F. ) ;
#9554 = DIRECTION ( 'NONE',  ( -0.000000000000000000, -0.000000000000000000, 1.000000000000000000 ) ) ;
#9555 = EDGE_CURVE ( 'NONE', #8317, #876, #9027, .T. ) ;
#9556 = VERTEX_POINT ( 'NONE', #7779 ) ;
#9557 = FACE_BOUND ( 'NONE', #2070, .T. ) ;
#9558 = DIRECTION ( 'NONE',  ( 1.000000000000000000, 0.000000000000000000, 0.000000000000000000 ) ) ;
#9559 = CARTESIAN_POINT ( 'NONE',  ( 75.97499999999996589, 0.000000000000000000, 5.000000000000000000 ) ) ;
#9560 = CARTESIAN_POINT ( 'NONE',  ( 128.0000000000000000, 0.000000000000000000, 5.000000000000000000 ) ) ;
#9561 = DIRECTION ( 'NONE',  ( -0.000000000000000000, -0.000000000000000000, 1.000000000000000000 ) ) ;
#9562 = ORIENTED_EDGE ( 'NONE', *, *, #4178, .F. ) ;
#9563 = CIRCLE ( 'NONE', #1908, 2.000000000000001776 ) ;
#9564 = ORIENTED_EDGE ( 'NONE', *, *, #7428, .T. ) ;
#9565 = CARTESIAN_POINT ( 'NONE',  ( 84.99999999999965894, 6.106226635438360972E-13, 0.000000000000000000 ) ) ;
#9566 = ORIENTED_EDGE ( 'NONE', *, *, #9334, .F. ) ;
#9567 = EDGE_LOOP ( 'NONE', ( #10654, #3107 ) ) ;
#9568 = CARTESIAN_POINT ( 'NONE',  ( -86.99999999999972999, 16.99999999999953104, 0.000000000000000000 ) ) ;
#9569 = ADVANCED_FACE ( 'NONE', ( #5012 ), #2243, .F. ) ;
#9570 = ORIENTED_EDGE ( 'NONE', *, *, #8571, .F. ) ;
#9571 = DIRECTION ( 'NONE',  ( -0.000000000000000000, -0.000000000000000000, 1.000000000000000000 ) ) ;
#9572 = DIRECTION ( 'NONE',  ( 1.000000000000000000, 0.000000000000000000, 0.000000000000000000 ) ) ;
#9573 = FACE_OUTER_BOUND ( 'NONE', #12123, .T. ) ;
#9574 = CARTESIAN_POINT ( 'NONE',  ( 50.99999999999991473, -33.99999999999987210, 5.000000000000000000 ) ) ;
#9575 = ORIENTED_EDGE ( 'NONE', *, *, #3666, .F. ) ;
#9576 = DIRECTION ( 'NONE',  ( 1.000000000000000000, 0.000000000000000000, 0.000000000000000000 ) ) ;
#9577 = CARTESIAN_POINT ( 'NONE',  ( 150.0000000000000000, -7.285838599102581908E-15, -0.000000000000000000 ) ) ;
#9578 = VERTEX_POINT ( 'NONE', #5068 ) ;
#9579 = ORIENTED_EDGE ( 'NONE', *, *, #10147, .F. ) ;
#9580 = EDGE_CURVE ( 'NONE', #12126, #8744, #2362, .T. ) ;
#9581 = LINE ( 'NONE', #11500, #1670 ) ;
#9582 = DIRECTION ( 'NONE',  ( -0.000000000000000000, -0.000000000000000000, 1.000000000000000000 ) ) ;
#9583 = LINE ( 'NONE', #11372, #322 ) ;
#9584 = ORIENTED_EDGE ( 'NONE', *, *, #3572, .T. ) ;
#9585 = FACE_OUTER_BOUND ( 'NONE', #6935, .T. ) ;
#9586 = FACE_OUTER_BOUND ( 'NONE', #9748, .T. ) ;
#9587 = ORIENTED_EDGE ( 'NONE', *, *, #936, .F. ) ;
#9588 = LINE ( 'NONE', #6702, #2237 ) ;
#9589 = DIRECTION ( 'NONE',  ( 0.000000000000000000, 0.000000000000000000, 1.000000000000000000 ) ) ;
#9590 = DIRECTION ( 'NONE',  ( -0.000000000000000000, -0.000000000000000000, 1.000000000000000000 ) ) ;
#9591 = ADVANCED_FACE ( 'NONE', ( #5198 ), #3344, .F. ) ;
#9592 = AXIS2_PLACEMENT_3D ( 'NONE', #3341, #8988, #10263 ) ;
#9593 = EDGE_LOOP ( 'NONE', ( #9383, #3620, #7788, #11697 ) ) ;
#9594 = ORIENTED_EDGE ( 'NONE', *, *, #9942, .F. ) ;
#9595 = FACE_OUTER_BOUND ( 'NONE', #11646, .T. ) ;
#9596 = CARTESIAN_POINT ( 'NONE',  ( 14.99999999999953992, 135.0000000000000568, 0.000000000000000000 ) ) ;
#9597 = DIRECTION ( 'NONE',  ( 0.000000000000000000, 0.000000000000000000, 1.000000000000000000 ) ) ;
#9598 = CARTESIAN_POINT ( 'NONE',  ( 34.00000000000015632, -85.00000000000035527, 0.000000000000000000 ) ) ;
#9599 = ORIENTED_EDGE ( 'NONE', *, *, #7374, .F. ) ;
#9600 = DIRECTION ( 'NONE',  ( 1.000000000000000000, 0.000000000000000000, 0.000000000000000000 ) ) ;
#9601 = CARTESIAN_POINT ( 'NONE',  ( -15.00000000000001954, -4.924971782588881698E-14, 5.000000000000000000 ) ) ;
#9602 = AXIS2_PLACEMENT_3D ( 'NONE', #9076, #5400, #5338 ) ;
#9603 = ORIENTED_EDGE ( 'NONE', *, *, #4903, .F. ) ;
#9605 = ORIENTED_EDGE ( 'NONE', *, *, #861, .T. ) ;
#9604 = CIRCLE ( 'NONE', #8422, 2.000000000000001776 ) ;
#9606 = EDGE_CURVE ( 'NONE', #1800, #7900, #8695, .T. ) ;
#9607 = EDGE_LOOP ( 'NONE', ( #3156, #9692 ) ) ;
#9608 = CIRCLE ( 'NONE', #11175, 2.000000000000001776 ) ;
#9609 = AXIS2_PLACEMENT_3D ( 'NONE', #11585, #2239, #3155 ) ;
#9610 = DIRECTION ( 'NONE',  ( -0.000000000000000000, -0.000000000000000000, 1.000000000000000000 ) ) ;
#9611 = ORIENTED_EDGE ( 'NONE', *, *, #10084, .T. ) ;
#9612 = PLANE ( 'NONE',  #6771 ) ;
#9613 = EDGE_CURVE ( 'NONE', #7706, #6190, #11534, .T. ) ;
#9614 = DIRECTION ( 'NONE',  ( 0.000000000000000000, 0.000000000000000000, 1.000000000000000000 ) ) ;
#9615 = DIRECTION ( 'NONE',  ( 1.000000000000000000, 0.000000000000000000, 0.000000000000000000 ) ) ;
#9616 = EDGE_CURVE ( 'NONE', #8389, #7407, #336, .T. ) ;
#9617 = EDGE_CURVE ( 'NONE', #2433, #10886, #10019, .T. ) ;
#9618 =( LENGTH_UNIT ( ) NAMED_UNIT ( * ) SI_UNIT ( .MILLI., .METRE. ) );
#9619 = CYLINDRICAL_SURFACE ( 'NONE', #10868, 2.000000000000001776 ) ;
#9620 = DIRECTION ( 'NONE',  ( 1.000000000000000000, 0.000000000000000000, 0.000000000000000000 ) ) ;
#9621 = ORIENTED_EDGE ( 'NONE', *, *, #535, .F. ) ;
#9622 = VERTEX_POINT ( 'NONE', #6239 ) ;
#9623 = DIRECTION ( 'NONE',  ( 0.000000000000000000, 0.000000000000000000, 1.000000000000000000 ) ) ;
#9624 = AXIS2_PLACEMENT_3D ( 'NONE', #5999, #1195, #4940 ) ;
#9625 = VECTOR ( 'NONE', #11788, 1000.000000000000000 ) ;
#9626 = ORIENTED_EDGE ( 'NONE', *, *, #3397, .F. ) ;
#9627 = EDGE_LOOP ( 'NONE', ( #10917, #9626, #7529, #11466 ) ) ;
#9628 = PLANE ( 'NONE',  #3612 ) ;
#9629 = ORIENTED_EDGE ( 'NONE', *, *, #6599, .T. ) ;
#9630 = DIRECTION ( 'NONE',  ( -0.000000000000000000, -0.000000000000000000, 1.000000000000000000 ) ) ;
#9631 = AXIS2_PLACEMENT_3D ( 'NONE', #8176, #11003, #11762 ) ;
#9632 = PLANE ( 'NONE',  #12040 ) ;
#9633 = CARTESIAN_POINT ( 'NONE',  ( 2.000000000000195399, -51.00000000000032685, 0.000000000000000000 ) ) ;
#9634 = FACE_OUTER_BOUND ( 'NONE', #8510, .T. ) ;
#9635 = EDGE_LOOP ( 'NONE', ( #1861, #167, #8032, #7403 ) ) ;
#9636 = CARTESIAN_POINT ( 'NONE',  ( 51.00000000000008527, -85.00000000000022737, 0.000000000000000000 ) ) ;
#9637 = CYLINDRICAL_SURFACE ( 'NONE', #9687, 2.000000000000001776 ) ;
#9638 = EDGE_CURVE ( 'NONE', #4243, #9961, #6287, .T. ) ;
#9639 = VECTOR ( 'NONE', #7750, 1000.000000000000000 ) ;
#9640 = ORIENTED_EDGE ( 'NONE', *, *, #5948, .F. ) ;
#9641 = VERTEX_POINT ( 'NONE', #9982 ) ;
#9642 = CARTESIAN_POINT ( 'NONE',  ( -52.99999999999955946, -68.00000000000082423, 0.000000000000000000 ) ) ;
#9643 = FACE_OUTER_BOUND ( 'NONE', #7226, .T. ) ;
#9644 = DIRECTION ( 'NONE',  ( 0.000000000000000000, 0.000000000000000000, 1.000000000000000000 ) ) ;
#9645 = AXIS2_PLACEMENT_3D ( 'NONE', #10057, #1637, #2673 ) ;
#9646 = ORIENTED_EDGE ( 'NONE', *, *, #4798, .F. ) ;
#9647 = DIRECTION ( 'NONE',  ( -0.000000000000000000, -0.000000000000000000, 1.000000000000000000 ) ) ;
#9648 = FACE_OUTER_BOUND ( 'NONE', #10121, .T. ) ;
#9649 = VERTEX_POINT ( 'NONE', #8244 ) ;
#9650 = CARTESIAN_POINT ( 'NONE',  ( 50.99999999999950262, 85.00000000000096634, 0.000000000000000000 ) ) ;
#9651 = DIRECTION ( 'NONE',  ( -1.000000000000000000, 0.000000000000000000, 0.000000000000000000 ) ) ;
#9652 = EDGE_CURVE ( 'NONE', #6038, #1570, #7857, .T. ) ;
#9653 = PLANE ( 'NONE',  #9711 ) ;
#9654 = AXIS2_PLACEMENT_3D ( 'NONE', #7519, #10290, #6596 ) ;
#9655 = ORIENTED_EDGE ( 'NONE', *, *, #8571, .T. ) ;
#9656 = AXIS2_PLACEMENT_3D ( 'NONE', #4967, #230, #3858 ) ;
#9657 = VERTEX_POINT ( 'NONE', #10909 ) ;
#9658 = DIRECTION ( 'NONE',  ( 1.000000000000000000, 0.000000000000000000, 0.000000000000000000 ) ) ;
#9659 = DIRECTION ( 'NONE',  ( -0.000000000000000000, -0.000000000000000000, 1.000000000000000000 ) ) ;
#9660 = DIRECTION ( 'NONE',  ( 0.000000000000000000, 0.000000000000000000, -1.000000000000000000 ) ) ;
#9661 = ADVANCED_FACE ( 'NONE', ( #2536 ), #633, .F. ) ;
#9662 = LINE ( 'NONE', #9545, #9758 ) ;
#9663 = ORIENTED_EDGE ( 'NONE', *, *, #10599, .F. ) ;
#9664 = CARTESIAN_POINT ( 'NONE',  ( 69.99999999999961631, 34.00000000000071054, 5.000000000000000000 ) ) ;
#9665 = FACE_OUTER_BOUND ( 'NONE', #5786, .T. ) ;
#9666 = VECTOR ( 'NONE', #4859, 1000.000000000000000 ) ;
#9667 = EDGE_LOOP ( 'NONE', ( #439, #8184 ) ) ;
#9668 = AXIS2_PLACEMENT_3D ( 'NONE', #6982, #6061, #10730 ) ;
#9669 = ORIENTED_EDGE ( 'NONE', *, *, #2607, .T. ) ;
#9670 = AXIS2_PLACEMENT_3D ( 'NONE', #9137, #10009, #602 ) ;
#9671 = AXIS2_PLACEMENT_3D ( 'NONE', #3995, #7689, #7755 ) ;
#9672 = ORIENTED_EDGE ( 'NONE', *, *, #9301, .T. ) ;
#9673 = CIRCLE ( 'NONE', #4369, 2.000000000000001776 ) ;
#9674 = CARTESIAN_POINT ( 'NONE',  ( -86.99999999999958789, -17.00000000000071054, 0.000000000000000000 ) ) ;
#9675 = EDGE_LOOP ( 'NONE', ( #7240, #7603 ) ) ;
#9676 = FACE_BOUND ( 'NONE', #12044, .T. ) ;
#9677 = CARTESIAN_POINT ( 'NONE',  ( -114.9999999999999432, -29.99999999999999645, 0.000000000000000000 ) ) ;
#9678 = CARTESIAN_POINT ( 'NONE',  ( -48.99999999999950262, -85.00000000000093792, 5.000000000000000000 ) ) ;
#9679 = EDGE_CURVE ( 'NONE', #5867, #3718, #4378, .T. ) ;
#9680 = EDGE_CURVE ( 'NONE', #10136, #253, #8073, .T. ) ;
#9681 = CARTESIAN_POINT ( 'NONE',  ( 82.99999999999947420, 51.00000000000095923, 0.000000000000000000 ) ) ;
#9682 = CARTESIAN_POINT ( 'NONE',  ( -33.99999999999997158, 34.00000000000000000, 0.000000000000000000 ) ) ;
#9683 = ORIENTED_EDGE ( 'NONE', *, *, #11039, .T. ) ;
#9684 = ORIENTED_EDGE ( 'NONE', *, *, #5251, .F. ) ;
#9685 = FACE_OUTER_BOUND ( 'NONE', #7118, .T. ) ;
#9686 = CIRCLE ( 'NONE', #3992, 2.000000000000001776 ) ;
#9687 = AXIS2_PLACEMENT_3D ( 'NONE', #8773, #5835, #3977 ) ;
#9688 = AXIS2_PLACEMENT_3D ( 'NONE', #1247, #7767, #3278 ) ;
#9689 = EDGE_CURVE ( 'NONE', #309, #2895, #10800, .T. ) ;
#9690 = ORIENTED_EDGE ( 'NONE', *, *, #9424, .T. ) ;
#9691 = EDGE_CURVE ( 'NONE', #1133, #204, #7667, .T. ) ;
#9692 = ORIENTED_EDGE ( 'NONE', *, *, #1977, .F. ) ;
#9693 = VECTOR ( 'NONE', #3158, 1000.000000000000000 ) ;
#9694 = CYLINDRICAL_SURFACE ( 'NONE', #7348, 2.000000000000001776 ) ;
#9695 = EDGE_LOOP ( 'NONE', ( #507, #2882, #4954, #464 ) ) ;
#9696 = CARTESIAN_POINT ( 'NONE',  ( -34.00000000000004263, 51.00000000000012790, 0.000000000000000000 ) ) ;
#9697 = CIRCLE ( 'NONE', #270, 2.000000000000001776 ) ;
#9698 = CIRCLE ( 'NONE', #11672, 2.000000000000000000 ) ;
#9699 = DIRECTION ( 'NONE',  ( 0.000000000000000000, 0.000000000000000000, 1.000000000000000000 ) ) ;
#9700 = DIRECTION ( 'NONE',  ( 1.000000000000000000, 0.000000000000000000, 0.000000000000000000 ) ) ;
#9701 = CARTESIAN_POINT ( 'NONE',  ( 36.00000000000009948, -68.00000000000022737, 0.000000000000000000 ) ) ;
#9702 = ORIENTED_EDGE ( 'NONE', *, *, #6599, .F. ) ;
#9703 = DIRECTION ( 'NONE',  ( 1.000000000000000000, 0.000000000000000000, 0.000000000000000000 ) ) ;
#9704 = DIRECTION ( 'NONE',  ( 1.000000000000000000, 0.000000000000000000, 0.000000000000000000 ) ) ;
#9705 = VECTOR ( 'NONE', #5214, 1000.000000000000000 ) ;
#9706 = VERTEX_POINT ( 'NONE', #9107 ) ;
#9707 = EDGE_CURVE ( 'NONE', #7099, #2985, #7072, .T. ) ;
#9708 = ORIENTED_EDGE ( 'NONE', *, *, #5815, .T. ) ;
#9709 = DIRECTION ( 'NONE',  ( 0.000000000000000000, -1.000000000000000000, 0.000000000000000000 ) ) ;
#9710 = CARTESIAN_POINT ( 'NONE',  ( -82.99999999999984368, 50.99999999999976552, 0.000000000000000000 ) ) ;
#9711 = AXIS2_PLACEMENT_3D ( 'NONE', #8669, #11442, #10702 ) ;
#9712 = ADVANCED_FACE ( 'NONE', ( #4438 ), #11013, .F. ) ;
#9713 = CARTESIAN_POINT ( 'NONE',  ( -75.97499999999996589, 0.000000000000000000, 5.000000000000000000 ) ) ;
#9714 = DIRECTION ( 'NONE',  ( 0.000000000000000000, 0.000000000000000000, 1.000000000000000000 ) ) ;
#9715 = EDGE_LOOP ( 'NONE', ( #1473, #501 ) ) ;
#9716 = AXIS2_PLACEMENT_3D ( 'NONE', #4154, #4093, #7847 ) ;
#9717 = CARTESIAN_POINT ( 'NONE',  ( 75.97499999999996589, -90.97500000000002274, 0.000000000000000000 ) ) ;
#9718 = ORIENTED_EDGE ( 'NONE', *, *, #10362, .T. ) ;
#9719 = DIRECTION ( 'NONE',  ( 1.000000000000000000, 0.000000000000000000, 0.000000000000000000 ) ) ;
#9720 = LINE ( 'NONE', #6033, #7324 ) ;
#9721 = DIRECTION ( 'NONE',  ( -0.000000000000000000, -0.000000000000000000, 1.000000000000000000 ) ) ;
#9722 = VECTOR ( 'NONE', #1162, 1000.000000000000000 ) ;
#9723 = ORIENTED_EDGE ( 'NONE', *, *, #4387, .T. ) ;
#9724 = VECTOR ( 'NONE', #9862, 1000.000000000000000 ) ;
#9725 = EDGE_LOOP ( 'NONE', ( #4090, #4466, #5182, #7676, #3861, #3883, #680, #6796, #819, #5278, #7948, #9342, #598, #9493, #5350, #11120, #3047, #7607, #13, #364, #9273, #10831, #1722, #7418, #6736, #10418, #8159, #666, #9611, #5833, #1084, #3771, #1017, #2238, #7606, #10967 ) ) ;
#9726 = DIRECTION ( 'NONE',  ( -0.000000000000000000, -0.000000000000000000, 1.000000000000000000 ) ) ;
#9727 = ADVANCED_FACE ( 'NONE', ( #3406 ), #7270, .F. ) ;
#9728 = DIRECTION ( 'NONE',  ( -0.000000000000000000, -0.000000000000000000, 1.000000000000000000 ) ) ;
#9729 = EDGE_LOOP ( 'NONE', ( #10240, #2258, #1838, #6701 ) ) ;
#9730 = DIRECTION ( 'NONE',  ( -0.000000000000000000, -0.000000000000000000, 1.000000000000000000 ) ) ;
#9731 = AXIS2_PLACEMENT_3D ( 'NONE', #11554, #8043, #8723 ) ;
#9732 = DIRECTION ( 'NONE',  ( 1.000000000000000000, 0.000000000000000000, 0.000000000000000000 ) ) ;
#9733 = ORIENTED_EDGE ( 'NONE', *, *, #139, .T. ) ;
#9734 = CARTESIAN_POINT ( 'NONE',  ( 79.02499999999996305, -90.97500000000000853, 5.000000000000000000 ) ) ;
#9735 = DIRECTION ( 'NONE',  ( 1.000000000000000000, 0.000000000000000000, 0.000000000000000000 ) ) ;
#9736 = ORIENTED_EDGE ( 'NONE', *, *, #3595, .F. ) ;
#9737 = VECTOR ( 'NONE', #2945, 1000.000000000000000 ) ;
#9738 = VERTEX_POINT ( 'NONE', #10102 ) ;
#9739 = VECTOR ( 'NONE', #3188, 1000.000000000000000 ) ;
#9740 = LINE ( 'NONE', #1316, #4472 ) ;
#9741 = EDGE_LOOP ( 'NONE', ( #8926, #2075, #301, #6615 ) ) ;
#9742 = FACE_BOUND ( 'NONE', #7840, .T. ) ;
#9743 = CYLINDRICAL_SURFACE ( 'NONE', #10882, 2.000000000000001776 ) ;
#9744 = DIRECTION ( 'NONE',  ( 0.000000000000000000, 1.000000000000000000, -0.000000000000000000 ) ) ;
#9745 = FACE_BOUND ( 'NONE', #3708, .T. ) ;
#9746 = DIRECTION ( 'NONE',  ( -0.000000000000000000, -0.000000000000000000, 1.000000000000000000 ) ) ;
#9747 = LINE ( 'NONE', #8995, #5334 ) ;
#9748 = EDGE_LOOP ( 'NONE', ( #328, #4388, #6580, #10254 ) ) ;
#9749 = EDGE_LOOP ( 'NONE', ( #1371, #7905 ) ) ;
#9750 = LINE ( 'NONE', #3293, #2594 ) ;
#9751 = AXIS2_PLACEMENT_3D ( 'NONE', #8046, #3435, #10752 ) ;
#9752 = ORIENTED_EDGE ( 'NONE', *, *, #5993, .T. ) ;
#9753 = EDGE_CURVE ( 'NONE', #8264, #1487, #8639, .T. ) ;
#9754 = ORIENTED_EDGE ( 'NONE', *, *, #742, .T. ) ;
#9755 = LINE ( 'NONE', #11415, #5587 ) ;
#9756 = ORIENTED_EDGE ( 'NONE', *, *, #1202, .T. ) ;
#9757 = DIRECTION ( 'NONE',  ( 0.000000000000000000, 0.000000000000000000, 1.000000000000000000 ) ) ;
#9758 = VECTOR ( 'NONE', #5985, 1000.000000000000000 ) ;
#9759 = DIRECTION ( 'NONE',  ( 1.000000000000000000, 0.000000000000000000, 0.000000000000000000 ) ) ;
#9760 = FACE_OUTER_BOUND ( 'NONE', #4433, .T. ) ;
#9761 = CARTESIAN_POINT ( 'NONE',  ( -84.99999999999984368, 50.99999999999976552, 0.000000000000000000 ) ) ;
#9762 = ORIENTED_EDGE ( 'NONE', *, *, #8718, .F. ) ;
#9763 = LINE ( 'NONE', #482, #6325 ) ;
#9764 = EDGE_CURVE ( 'NONE', #2565, #4850, #1679, .T. ) ;
#9765 = DIRECTION ( 'NONE',  ( -0.000000000000000000, -0.000000000000000000, 1.000000000000000000 ) ) ;
#9766 = VERTEX_POINT ( 'NONE', #11081 ) ;
#9767 = EDGE_CURVE ( 'NONE', #8923, #11991, #9423, .T. ) ;
#9768 = ORIENTED_EDGE ( 'NONE', *, *, #773, .T. ) ;
#9769 = DIRECTION ( 'NONE',  ( 1.000000000000000000, 0.000000000000000000, 0.000000000000000000 ) ) ;
#9770 = CYLINDRICAL_SURFACE ( 'NONE', #7831, 15.00000000000000000 ) ;
#9771 = DIRECTION ( 'NONE',  ( 1.000000000000000000, 0.000000000000000000, 0.000000000000000000 ) ) ;
#9773 = EDGE_CURVE ( 'NONE', #9738, #5276, #9222, .T. ) ;
#9772 = DIRECTION ( 'NONE',  ( -0.000000000000000000, -0.000000000000000000, 1.000000000000000000 ) ) ;
#9774 = ORIENTED_EDGE ( 'NONE', *, *, #4164, .T. ) ;
#9775 = CARTESIAN_POINT ( 'NONE',  ( 1.563880763880307395E-12, -150.0000000000000000, 5.000000000000000000 ) ) ;
#9776 = ORIENTED_EDGE ( 'NONE', *, *, #9225, .F. ) ;
#9777 = EDGE_CURVE ( 'NONE', #9550, #6416, #2659, .T. ) ;
#9778 = DIRECTION ( 'NONE',  ( 0.000000000000000000, 0.000000000000000000, 1.000000000000000000 ) ) ;
#9779 = ADVANCED_FACE ( 'NONE', ( #1731 ), #4550, .F. ) ;
#9780 = DIRECTION ( 'NONE',  ( 1.000000000000000000, 0.000000000000000000, 0.000000000000000000 ) ) ;
#9781 = CYLINDRICAL_SURFACE ( 'NONE', #5591, 2.000000000000000888 ) ;
#9782 = EDGE_CURVE ( 'NONE', #11194, #11216, #6100, .T. ) ;
#9783 = ORIENTED_EDGE ( 'NONE', *, *, #7376, .F. ) ;
#9784 = EDGE_LOOP ( 'NONE', ( #11155, #9485 ) ) ;
#9785 = CARTESIAN_POINT ( 'NONE',  ( 48.99999999999955946, 68.00000000000083844, 0.000000000000000000 ) ) ;
#9786 = DIRECTION ( 'NONE',  ( 3.491481338843102590E-15, -1.000000000000000000, 0.000000000000000000 ) ) ;
#9787 = CARTESIAN_POINT ( 'NONE',  ( 82.99999999999960210, 17.00000000000072120, 5.000000000000000000 ) ) ;
#9788 = ORIENTED_EDGE ( 'NONE', *, *, #10774, .T. ) ;
#9789 = FACE_OUTER_BOUND ( 'NONE', #4935, .T. ) ;
#9790 = CYLINDRICAL_SURFACE ( 'NONE', #5630, 2.000000000000001776 ) ;
#9791 = VERTEX_POINT ( 'NONE', #2711 ) ;
#9792 = CARTESIAN_POINT ( 'NONE',  ( 14.99999999999992895, 1.390228074379740378E-13, 0.000000000000000000 ) ) ;
#9793 = LINE ( 'NONE', #5989, #5349 ) ;
#9794 = ORIENTED_EDGE ( 'NONE', *, *, #4883, .F. ) ;
#9795 = AXIS2_PLACEMENT_3D ( 'NONE', #1134, #7954, #8806 ) ;
#9796 = EDGE_CURVE ( 'NONE', #346, #7796, #869, .T. ) ;
#9797 = ORIENTED_EDGE ( 'NONE', *, *, #9247, .F. ) ;
#9798 = CARTESIAN_POINT ( 'NONE',  ( -34.00000000000004263, 51.00000000000012790, 0.000000000000000000 ) ) ;
#9799 = FACE_BOUND ( 'NONE', #12097, .T. ) ;
#9800 = AXIS2_PLACEMENT_3D ( 'NONE', #1503, #4600, #1840 ) ;
#9801 = FACE_OUTER_BOUND ( 'NONE', #7496, .T. ) ;
#9802 = DIRECTION ( 'NONE',  ( 0.000000000000000000, 0.000000000000000000, 1.000000000000000000 ) ) ;
#9803 = FACE_BOUND ( 'NONE', #7440, .T. ) ;
#9804 = CYLINDRICAL_SURFACE ( 'NONE', #5169, 2.000000000000001776 ) ;
#9805 = DIRECTION ( 'NONE',  ( 1.000000000000000000, 0.000000000000000000, 0.000000000000000000 ) ) ;
#9806 = ORIENTED_EDGE ( 'NONE', *, *, #595, .F. ) ;
#9807 = EDGE_LOOP ( 'NONE', ( #6560, #4877, #8703, #9055 ) ) ;
#9808 = DIRECTION ( 'NONE',  ( 1.000000000000000000, 0.000000000000000000, 0.000000000000000000 ) ) ;
#9809 = EDGE_CURVE ( 'NONE', #7526, #6443, #11200, .T. ) ;
#9810 = AXIS2_PLACEMENT_3D ( 'NONE', #9018, #9958, #603 ) ;
#9811 = AXIS2_PLACEMENT_3D ( 'NONE', #1757, #1092, #11356 ) ;
#9812 = VERTEX_POINT ( 'NONE', #2049 ) ;
#9813 = EDGE_LOOP ( 'NONE', ( #8574, #2367, #2689, #6870 ) ) ;
#9814 = DIRECTION ( 'NONE',  ( 1.000000000000000000, 0.000000000000000000, 0.000000000000000000 ) ) ;
#9815 = EDGE_LOOP ( 'NONE', ( #5097, #606 ) ) ;
#9816 = DIRECTION ( 'NONE',  ( 1.000000000000000000, 0.000000000000000000, 0.000000000000000000 ) ) ;
#9817 = CARTESIAN_POINT ( 'NONE',  ( 0.000000000000000000, -75.97499999999998010, 5.000000000000000000 ) ) ;
#9818 = CARTESIAN_POINT ( 'NONE',  ( -16.99999999999975131, -51.00000000000046896, 0.000000000000000000 ) ) ;
#9819 = CARTESIAN_POINT ( 'NONE',  ( 84.99999999999947420, 51.00000000000095923, 0.000000000000000000 ) ) ;
#9820 = AXIS2_PLACEMENT_3D ( 'NONE', #10055, #8202, #11030 ) ;
#9821 = ORIENTED_EDGE ( 'NONE', *, *, #8107, .T. ) ;
#9822 = CIRCLE ( 'NONE', #6867, 2.000000000000001776 ) ;
#9823 = CYLINDRICAL_SURFACE ( 'NONE', #5737, 2.000000000000001776 ) ;
#9824 = EDGE_CURVE ( 'NONE', #5100, #10662, #5542, .T. ) ;
#9825 = EDGE_LOOP ( 'NONE', ( #11345, #4329, #5544, #1174 ) ) ;
#9826 = AXIS2_PLACEMENT_3D ( 'NONE', #8189, #4318, #9932 ) ;
#9827 = ORIENTED_EDGE ( 'NONE', *, *, #9070, .T. ) ;
#9828 = DIRECTION ( 'NONE',  ( -0.000000000000000000, -0.000000000000000000, 1.000000000000000000 ) ) ;
#9829 = DIRECTION ( 'NONE',  ( -0.000000000000000000, -0.000000000000000000, 1.000000000000000000 ) ) ;
#9830 = FACE_OUTER_BOUND ( 'NONE', #1090, .T. ) ;
#9831 = DIRECTION ( 'NONE',  ( 0.000000000000000000, 0.000000000000000000, 1.000000000000000000 ) ) ;
#9832 = EDGE_LOOP ( 'NONE', ( #7563, #6127, #486, #8730 ) ) ;
#9833 = ADVANCED_FACE ( 'NONE', ( #8615 ), #1983, .F. ) ;
#9834 = DIRECTION ( 'NONE',  ( -0.000000000000000000, 0.000000000000000000, -1.000000000000000000 ) ) ;
#9835 = ORIENTED_EDGE ( 'NONE', *, *, #9689, .T. ) ;
#9836 = CARTESIAN_POINT ( 'NONE',  ( 18.99999999999975486, 51.00000000000049027, 5.000000000000000000 ) ) ;
#9837 = CARTESIAN_POINT ( 'NONE',  ( -14.99999999999975131, -51.00000000000046896, 5.000000000000000000 ) ) ;
#9838 = AXIS2_PLACEMENT_3D ( 'NONE', #5245, #3330, #6168 ) ;
#9839 = CYLINDRICAL_SURFACE ( 'NONE', #9319, 2.000000000000001776 ) ;
#9840 = EDGE_CURVE ( 'NONE', #2385, #895, #2840, .T. ) ;
#9841 = VERTEX_POINT ( 'NONE', #2776 ) ;
#9842 = EDGE_CURVE ( 'NONE', #11750, #7172, #201, .T. ) ;
#9843 = ADVANCED_FACE ( 'NONE', ( #6528 ), #6711, .F. ) ;
#9844 = ORIENTED_EDGE ( 'NONE', *, *, #8056, .T. ) ;
#9845 = VECTOR ( 'NONE', #12080, 1000.000000000000000 ) ;
#9846 = DIRECTION ( 'NONE',  ( 0.000000000000000000, 0.000000000000000000, 1.000000000000000000 ) ) ;
#9847 = DIRECTION ( 'NONE',  ( -0.000000000000000000, -0.000000000000000000, 1.000000000000000000 ) ) ;
#9848 = DIRECTION ( 'NONE',  ( -1.000000000000000000, 0.000000000000000000, 0.000000000000000000 ) ) ;
#9849 = ORIENTED_EDGE ( 'NONE', *, *, #11427, .T. ) ;
#9850 = FACE_OUTER_BOUND ( 'NONE', #1181, .T. ) ;
#9851 = EDGE_CURVE ( 'NONE', #3941, #7796, #408, .T. ) ;
#9852 = DIRECTION ( 'NONE',  ( 1.000000000000000000, 0.000000000000000000, 0.000000000000000000 ) ) ;
#9853 = VERTEX_POINT ( 'NONE', #5610 ) ;
#9854 = DIRECTION ( 'NONE',  ( 0.000000000000000000, 0.000000000000000000, 1.000000000000000000 ) ) ;
#9855 = DIRECTION ( 'NONE',  ( 1.000000000000000000, 0.000000000000000000, 0.000000000000000000 ) ) ;
#9856 = ORIENTED_EDGE ( 'NONE', *, *, #6606, .F. ) ;
#9857 = CIRCLE ( 'NONE', #5924, 2.000000000000001776 ) ;
#9858 = CIRCLE ( 'NONE', #4532, 2.000000000000000888 ) ;
#9859 = EDGE_CURVE ( 'NONE', #9376, #9188, #2750, .T. ) ;
#9860 = EDGE_LOOP ( 'NONE', ( #3177, #4556, #638, #6924 ) ) ;
#9861 = DIRECTION ( 'NONE',  ( 0.000000000000000000, 1.000000000000000000, -0.000000000000000000 ) ) ;
#9862 = DIRECTION ( 'NONE',  ( -0.000000000000000000, -0.000000000000000000, 1.000000000000000000 ) ) ;
#9864 = DIRECTION ( 'NONE',  ( -0.000000000000000000, -0.000000000000000000, 1.000000000000000000 ) ) ;
#9863 = VECTOR ( 'NONE', #6072, 1000.000000000000000 ) ;
#9865 = DIRECTION ( 'NONE',  ( -0.000000000000000000, -0.000000000000000000, 1.000000000000000000 ) ) ;
#9866 = FACE_BOUND ( 'NONE', #6031, .T. ) ;
#9867 = ADVANCED_FACE ( 'NONE', ( #7451 ), #992, .F. ) ;
#9868 = LINE ( 'NONE', #9681, #10854 ) ;
#9869 = CARTESIAN_POINT ( 'NONE',  ( -67.99999999999985789, 33.99999999999976552, 0.000000000000000000 ) ) ;
#9870 = ORIENTED_EDGE ( 'NONE', *, *, #9616, .T. ) ;
#9871 = VERTEX_POINT ( 'NONE', #7636 ) ;
#9872 = DIRECTION ( 'NONE',  ( -0.000000000000000000, -0.000000000000000000, 1.000000000000000000 ) ) ;
#9873 = VECTOR ( 'NONE', #1974, 1000.000000000000000 ) ;
#9874 = AXIS2_PLACEMENT_3D ( 'NONE', #2864, #8637, #7718 ) ;
#9875 = VERTEX_POINT ( 'NONE', #8 ) ;
#9876 = EDGE_LOOP ( 'NONE', ( #10279, #10718 ) ) ;
#9877 = CARTESIAN_POINT ( 'NONE',  ( -114.9999999999999432, 15.00000000000001066, 0.000000000000000000 ) ) ;
#9878 = ORIENTED_EDGE ( 'NONE', *, *, #11743, .T. ) ;
#9879 = FACE_BOUND ( 'NONE', #2668, .T. ) ;
#9880 = FACE_OUTER_BOUND ( 'NONE', #4330, .T. ) ;
#9881 = CYLINDRICAL_SURFACE ( 'NONE', #5892, 2.000000000000001776 ) ;
#9882 = AXIS2_PLACEMENT_3D ( 'NONE', #8161, #9957, #5399 ) ;
#9883 = EDGE_CURVE ( 'NONE', #6617, #9090, #3753, .T. ) ;
#9884 = CARTESIAN_POINT ( 'NONE',  ( -82.99999999999988631, 67.99999999999990052, 0.000000000000000000 ) ) ;
#9886 = DIRECTION ( 'NONE',  ( 1.000000000000000000, 0.000000000000000000, 0.000000000000000000 ) ) ;
#9885 = CIRCLE ( 'NONE', #6539, 2.000000000000001776 ) ;
#9887 = ORIENTED_EDGE ( 'NONE', *, *, #10870, .F. ) ;
#9888 = AXIS2_PLACEMENT_3D ( 'NONE', #10846, #697, #2539 ) ;
#9889 = CARTESIAN_POINT ( 'NONE',  ( -18.99999999999964118, -85.00000000000069633, 0.000000000000000000 ) ) ;
#9890 = AXIS2_PLACEMENT_3D ( 'NONE', #2571, #6326, #11114 ) ;
#9891 = EDGE_LOOP ( 'NONE', ( #8520, #3935, #1461, #1129 ) ) ;
#9892 = VECTOR ( 'NONE', #11845, 1000.000000000000000 ) ;
#9893 = VECTOR ( 'NONE', #8404, 1000.000000000000000 ) ;
#9894 = ORIENTED_EDGE ( 'NONE', *, *, #4925, .F. ) ;
#9895 = FACE_OUTER_BOUND ( 'NONE', #4273, .T. ) ;
#9896 = CARTESIAN_POINT ( 'NONE',  ( -36.00000000000015632, 85.00000000000038369, 0.000000000000000000 ) ) ;
#9897 = AXIS2_PLACEMENT_3D ( 'NONE', #6483, #3709, #2795 ) ;
#9898 = LINE ( 'NONE', #3257, #2285 ) ;
#9899 = DIRECTION ( 'NONE',  ( 0.000000000000000000, 0.000000000000000000, 1.000000000000000000 ) ) ;
#9900 = EDGE_LOOP ( 'NONE', ( #4952, #6363 ) ) ;
#9901 = DIRECTION ( 'NONE',  ( 1.000000000000000000, -4.550094363217858838E-15, 0.000000000000000000 ) ) ;
#9902 = CIRCLE ( 'NONE', #6750, 2.000000000000001776 ) ;
#9903 = LINE ( 'NONE', #669, #5379 ) ;
#9904 = CARTESIAN_POINT ( 'NONE',  ( -50.99999999999997868, 51.00000000000001421, 0.000000000000000000 ) ) ;
#9905 = AXIS2_PLACEMENT_3D ( 'NONE', #8731, #3193, #6947 ) ;
#9906 = ORIENTED_EDGE ( 'NONE', *, *, #1000, .T. ) ;
#9907 = EDGE_LOOP ( 'NONE', ( #4900, #11659 ) ) ;
#9908 = CIRCLE ( 'NONE', #10688, 2.000000000000001776 ) ;
#9909 = EDGE_CURVE ( 'NONE', #1990, #2131, #11266, .T. ) ;
#9910 = CARTESIAN_POINT ( 'NONE',  ( 84.99999999999965894, 6.106226635438360972E-13, 0.000000000000000000 ) ) ;
#9911 = VECTOR ( 'NONE', #10818, 1000.000000000000000 ) ;
#9912 = DIRECTION ( 'NONE',  ( -0.000000000000000000, -0.000000000000000000, 1.000000000000000000 ) ) ;
#9913 = CARTESIAN_POINT ( 'NONE',  ( -48.99999999999986500, 16.99999999999977973, 0.000000000000000000 ) ) ;
#9914 = ORIENTED_EDGE ( 'NONE', *, *, #2572, .F. ) ;
#9915 = DIRECTION ( 'NONE',  ( 1.000000000000000000, 0.000000000000000000, 0.000000000000000000 ) ) ;
#9916 = DIRECTION ( 'NONE',  ( 1.000000000000000000, 0.000000000000000000, 0.000000000000000000 ) ) ;
#9917 = EDGE_LOOP ( 'NONE', ( #5239, #5215 ) ) ;
#9918 = CARTESIAN_POINT ( 'NONE',  ( -75.97499999999996589, -90.97500000000002274, 5.000000000000000000 ) ) ;
#9919 = ADVANCED_FACE ( 'NONE', ( #10406 ), #8492, .F. ) ;
#9920 = CARTESIAN_POINT ( 'NONE',  ( 65.99999999999955946, 51.00000000000085265, 0.000000000000000000 ) ) ;
#9921 = ORIENTED_EDGE ( 'NONE', *, *, #4942, .T. ) ;
#9922 = VECTOR ( 'NONE', #5981, 1000.000000000000000 ) ;
#9923 = EDGE_CURVE ( 'NONE', #8178, #3444, #7079, .T. ) ;
#9924 = VECTOR ( 'NONE', #475, 1000.000000000000000 ) ;
#9925 = EDGE_CURVE ( 'NONE', #5460, #1742, #3730, .T. ) ;
#9926 = VERTEX_POINT ( 'NONE', #1365 ) ;
#9927 = AXIS2_PLACEMENT_3D ( 'NONE', #7314, #4599, #5414 ) ;
#9928 = FACE_OUTER_BOUND ( 'NONE', #10167, .T. ) ;
#9929 = CARTESIAN_POINT ( 'NONE',  ( 35.99999999999957367, 85.00000000000085265, 0.000000000000000000 ) ) ;
#9930 = VECTOR ( 'NONE', #4066, 1000.000000000000000 ) ;
#9931 = CARTESIAN_POINT ( 'NONE',  ( 52.99999999999950262, 85.00000000000096634, 5.000000000000000000 ) ) ;
#9932 = DIRECTION ( 'NONE',  ( 1.000000000000000000, 0.000000000000000000, 0.000000000000000000 ) ) ;
#9933 = FACE_BOUND ( 'NONE', #266, .T. ) ;
#9934 = FACE_OUTER_BOUND ( 'NONE', #10334, .T. ) ;
#9935 = DIRECTION ( 'NONE',  ( 0.000000000000000000, 0.000000000000000000, 1.000000000000000000 ) ) ;
#9936 = VERTEX_POINT ( 'NONE', #11704 ) ;
#9937 = ORIENTED_EDGE ( 'NONE', *, *, #3740, .F. ) ;
#9938 = DIRECTION ( 'NONE',  ( 0.000000000000000000, 0.000000000000000000, 1.000000000000000000 ) ) ;
#9939 = EDGE_CURVE ( 'NONE', #9117, #9841, #791, .T. ) ;
#9940 = CIRCLE ( 'NONE', #8947, 2.000000000000001776 ) ;
#9941 = ORIENTED_EDGE ( 'NONE', *, *, #7493, .F. ) ;
#9942 = EDGE_CURVE ( 'NONE', #8699, #7429, #10620, .T. ) ;
#9943 = ORIENTED_EDGE ( 'NONE', *, *, #515, .F. ) ;
#9944 = VERTEX_POINT ( 'NONE', #4068 ) ;
#9945 = FACE_BOUND ( 'NONE', #4969, .T. ) ;
#9946 = DIRECTION ( 'NONE',  ( 0.000000000000000000, -1.000000000000000000, 0.000000000000000000 ) ) ;
#9947 = CYLINDRICAL_SURFACE ( 'NONE', #12156, 2.000000000000001776 ) ;
#9948 = DIRECTION ( 'NONE',  ( 0.000000000000000000, 0.000000000000000000, 1.000000000000000000 ) ) ;
#9949 = LINE ( 'NONE', #7050, #9639 ) ;
#9950 = ORIENTED_EDGE ( 'NONE', *, *, #8860, .T. ) ;
#9951 = VECTOR ( 'NONE', #904, 1000.000000000000000 ) ;
#9952 = DIRECTION ( 'NONE',  ( 1.000000000000000000, 0.000000000000000000, 0.000000000000000000 ) ) ;
#9953 = ORIENTED_EDGE ( 'NONE', *, *, #9229, .F. ) ;
#9954 = EDGE_CURVE ( 'NONE', #10488, #3444, #7879, .T. ) ;
#9955 = ORIENTED_EDGE ( 'NONE', *, *, #3166, .F. ) ;
#9956 = CIRCLE ( 'NONE', #7984, 15.00000000000000000 ) ;
#9957 = DIRECTION ( 'NONE',  ( -0.000000000000000000, -0.000000000000000000, 1.000000000000000000 ) ) ;
#9958 = DIRECTION ( 'NONE',  ( 0.000000000000000000, 0.000000000000000000, 1.000000000000000000 ) ) ;
#9959 = LINE ( 'NONE', #7190, #3459 ) ;
#9960 = CARTESIAN_POINT ( 'NONE',  ( -31.99999999999957012, -85.00000000000082423, 5.000000000000000000 ) ) ;
#9961 = VERTEX_POINT ( 'NONE', #2295 ) ;
#9962 = CARTESIAN_POINT ( 'NONE',  ( 84.99999999999954525, 34.00000000000083844, 0.000000000000000000 ) ) ;
#9963 = LINE ( 'NONE', #1592, #476 ) ;
#9964 = DIRECTION ( 'NONE',  ( 1.000000000000000000, 0.000000000000000000, 0.000000000000000000 ) ) ;
#9965 = AXIS2_PLACEMENT_3D ( 'NONE', #2888, #7439, #12051 ) ;
#9966 = ORIENTED_EDGE ( 'NONE', *, *, #5739, .T. ) ;
#9967 = ADVANCED_FACE ( 'NONE', ( #2164 ), #10587, .F. ) ;
#9968 = ORIENTED_EDGE ( 'NONE', *, *, #1524, .F. ) ;
#9969 = DIRECTION ( 'NONE',  ( 0.000000000000000000, 0.000000000000000000, 1.000000000000000000 ) ) ;
#9970 = FACE_OUTER_BOUND ( 'NONE', #3694, .T. ) ;
#9971 = VERTEX_POINT ( 'NONE', #10710 ) ;
#9972 = DIRECTION ( 'NONE',  ( 1.000000000000000000, 0.000000000000000000, 0.000000000000000000 ) ) ;
#9973 = CYLINDRICAL_SURFACE ( 'NONE', #5828, 2.000000000000001776 ) ;
#9974 = VERTEX_POINT ( 'NONE', #8854 ) ;
#9975 = CARTESIAN_POINT ( 'NONE',  ( 67.99999999999961631, 34.00000000000071054, 5.000000000000000000 ) ) ;
#9976 = CARTESIAN_POINT ( 'NONE',  ( 67.99999999999990052, -50.99999999999987210, 0.000000000000000000 ) ) ;
#9977 = EDGE_CURVE ( 'NONE', #4399, #6358, #11451, .T. ) ;
#9978 = VERTEX_POINT ( 'NONE', #6776 ) ;
#9979 = DIRECTION ( 'NONE',  ( -0.000000000000000000, -0.000000000000000000, 1.000000000000000000 ) ) ;
#9980 = LINE ( 'NONE', #10036, #502 ) ;
#9981 = CARTESIAN_POINT ( 'NONE',  ( -65.99999999999995737, 68.00000000000002842, 0.000000000000000000 ) ) ;
#9982 = CARTESIAN_POINT ( 'NONE',  ( -48.99999999999955946, -68.00000000000082423, 0.000000000000000000 ) ) ;
#9983 = FACE_BOUND ( 'NONE', #3920, .T. ) ;
#9984 = DIRECTION ( 'NONE',  ( 1.000000000000000000, 0.000000000000000000, 0.000000000000000000 ) ) ;
#9985 = DIRECTION ( 'NONE',  ( 0.000000000000000000, 0.000000000000000000, 1.000000000000000000 ) ) ;
#9986 = ORIENTED_EDGE ( 'NONE', *, *, #7573, .F. ) ;
#9987 = ORIENTED_EDGE ( 'NONE', *, *, #6009, .F. ) ;
#9988 = DIRECTION ( 'NONE',  ( 1.000000000000000000, 0.000000000000000000, 0.000000000000000000 ) ) ;
#9989 = EDGE_CURVE ( 'NONE', #6262, #98, #323, .T. ) ;
#9990 = ORIENTED_EDGE ( 'NONE', *, *, #1146, .F. ) ;
#9991 = ADVANCED_FACE ( 'NONE', ( #9789 ), #7763, .F. ) ;
#9992 = VERTEX_POINT ( 'NONE', #6043 ) ;
#9993 = CIRCLE ( 'NONE', #1157, 2.000000000000001776 ) ;
#9994 = ORIENTED_EDGE ( 'NONE', *, *, #3083, .F. ) ;
#9995 = EDGE_CURVE ( 'NONE', #4238, #4783, #599, .T. ) ;
#9996 = FACE_BOUND ( 'NONE', #7022, .T. ) ;
#9997 = EDGE_CURVE ( 'NONE', #9375, #7282, #1242, .T. ) ;
#9998 = CARTESIAN_POINT ( 'NONE',  ( 0.000000000000000000, -75.97499999999998010, 0.000000000000000000 ) ) ;
#9999 = DIRECTION ( 'NONE',  ( 0.000000000000000000, 0.000000000000000000, 1.000000000000000000 ) ) ;
#10000 = FACE_OUTER_BOUND ( 'NONE', #3928, .T. ) ;
#10001 = CARTESIAN_POINT ( 'NONE',  ( 94.02499999999986358, 0.000000000000000000, 0.000000000000000000 ) ) ;
#10002 = VERTEX_POINT ( 'NONE', #5856 ) ;
#10003 = CARTESIAN_POINT ( 'NONE',  ( -86.99999999999938893, -85.00000000000117950, 0.000000000000000000 ) ) ;
#10004 = VECTOR ( 'NONE', #11674, 1000.000000000000000 ) ;
#10005 = CIRCLE ( 'NONE', #9407, 2.000000000000001776 ) ;
#10006 = EDGE_LOOP ( 'NONE', ( #1335, #5775 ) ) ;
#10007 = ORIENTED_EDGE ( 'NONE', *, *, #6020, .F. ) ;
#10008 = AXIS2_PLACEMENT_3D ( 'NONE', #3587, #2671, #10171 ) ;
#10009 = DIRECTION ( 'NONE',  ( 0.000000000000000000, 0.000000000000000000, 1.000000000000000000 ) ) ;
#10011 = VECTOR ( 'NONE', #6544, 1000.000000000000000 ) ;
#10010 = CARTESIAN_POINT ( 'NONE',  ( 50.99999999999955946, 68.00000000000083844, 0.000000000000000000 ) ) ;
#10012 = CYLINDRICAL_SURFACE ( 'NONE', #1893, 2.000000000000000888 ) ;
#10013 = DIRECTION ( 'NONE',  ( -0.000000000000000000, -0.000000000000000000, 1.000000000000000000 ) ) ;
#10014 = VERTEX_POINT ( 'NONE', #2109 ) ;
#10015 = LINE ( 'NONE', #667, #4975 ) ;
#10016 = ADVANCED_FACE ( 'NONE', ( #5056 ), #6894, .F. ) ;
#10017 = DIRECTION ( 'NONE',  ( -0.000000000000000000, -0.000000000000000000, 1.000000000000000000 ) ) ;
#10018 = CARTESIAN_POINT ( 'NONE',  ( 70.00000000000001421, -85.00000000000011369, 0.000000000000000000 ) ) ;
#10019 = CIRCLE ( 'NONE', #591, 15.00000000000000000 ) ;
#10020 = ORIENTED_EDGE ( 'NONE', *, *, #10903, .F. ) ;
#10021 = AXIS2_PLACEMENT_3D ( 'NONE', #7482, #7733, #2994 ) ;
#10022 = ORIENTED_EDGE ( 'NONE', *, *, #7617, .T. ) ;
#10023 = DIRECTION ( 'NONE',  ( 0.000000000000000000, 0.000000000000000000, 1.000000000000000000 ) ) ;
#10024 = PLANE ( 'NONE',  #5809 ) ;
#10025 = CIRCLE ( 'NONE', #4714, 2.000000000000001776 ) ;
#10026 = ORIENTED_EDGE ( 'NONE', *, *, #831, .F. ) ;
#10027 = CARTESIAN_POINT ( 'NONE',  ( -33.99999999999975131, -34.00000000000046896, 0.000000000000000000 ) ) ;
#10028 = CARTESIAN_POINT ( 'NONE',  ( 33.99999999999997868, -33.99999999999998579, 0.000000000000000000 ) ) ;
#10029 = ORIENTED_EDGE ( 'NONE', *, *, #1346, .T. ) ;
#10030 = ADVANCED_FACE ( 'NONE', ( #9850 ), #437, .F. ) ;
#10031 = VECTOR ( 'NONE', #10975, 1000.000000000000000 ) ;
#10032 = CARTESIAN_POINT ( 'NONE',  ( -67.99999999999948841, -68.00000000000095213, 0.000000000000000000 ) ) ;
#10033 = CYLINDRICAL_SURFACE ( 'NONE', #2593, 2.000000000000001776 ) ;
#10034 = CIRCLE ( 'NONE', #6304, 2.000000000000001776 ) ;
#10035 = EDGE_LOOP ( 'NONE', ( #767, #6422, #1536, #4011 ) ) ;
#10036 = CARTESIAN_POINT ( 'NONE',  ( 79.02499999999996305, 90.97500000000000853, 5.000000000000000000 ) ) ;
#10037 = DIRECTION ( 'NONE',  ( 0.000000000000000000, -0.000000000000000000, 1.000000000000000000 ) ) ;
#10038 = DIRECTION ( 'NONE',  ( 0.000000000000000000, 0.000000000000000000, 1.000000000000000000 ) ) ;
#10039 = FACE_BOUND ( 'NONE', #8018, .T. ) ;
#10040 = CARTESIAN_POINT ( 'NONE',  ( -114.9999999999999432, 15.00000000000001066, 0.000000000000000000 ) ) ;
#10041 = DIRECTION ( 'NONE',  ( -0.000000000000000000, -0.000000000000000000, 1.000000000000000000 ) ) ;
#10042 = VECTOR ( 'NONE', #6552, 1000.000000000000000 ) ;
#10043 = ORIENTED_EDGE ( 'NONE', *, *, #5665, .T. ) ;
#10044 = VERTEX_POINT ( 'NONE', #5116 ) ;
#10045 = DIRECTION ( 'NONE',  ( -1.000000000000000000, 2.081668171172167774E-16, 0.000000000000000000 ) ) ;
#10046 = ORIENTED_EDGE ( 'NONE', *, *, #11527, .F. ) ;
#10047 = AXIS2_PLACEMENT_3D ( 'NONE', #2780, #5672, #11205 ) ;
#10048 = EDGE_LOOP ( 'NONE', ( #1089, #3032 ) ) ;
#10049 = CIRCLE ( 'NONE', #1608, 2.000000000000001776 ) ;
#10050 = EDGE_CURVE ( 'NONE', #3429, #11505, #987, .T. ) ;
#10051 = EDGE_CURVE ( 'NONE', #4342, #1404, #10648, .T. ) ;
#10052 = ORIENTED_EDGE ( 'NONE', *, *, #3427, .F. ) ;
#10053 = FACE_BOUND ( 'NONE', #7475, .T. ) ;
#10054 = CARTESIAN_POINT ( 'NONE',  ( 35.99999999999969447, 51.00000000000059686, 0.000000000000000000 ) ) ;
#10055 = CARTESIAN_POINT ( 'NONE',  ( -84.99999999999941735, -68.00000000000106581, 5.000000000000000000 ) ) ;
#10056 = FACE_OUTER_BOUND ( 'NONE', #10316, .T. ) ;
#10057 = CARTESIAN_POINT ( 'NONE',  ( 130.0000000000000000, 0.000000000000000000, 0.000000000000000000 ) ) ;
#10058 = ORIENTED_EDGE ( 'NONE', *, *, #10432, .F. ) ;
#10059 = VERTEX_POINT ( 'NONE', #10536 ) ;
#10060 = CYLINDRICAL_SURFACE ( 'NONE', #830, 2.000000000000001776 ) ;
#10061 = EDGE_CURVE ( 'NONE', #5376, #2282, #4133, .T. ) ;
#10062 = CIRCLE ( 'NONE', #5539, 2.000000000000001776 ) ;
#10063 = EDGE_CURVE ( 'NONE', #4340, #11552, #7469, .T. ) ;
#10064 = EDGE_LOOP ( 'NONE', ( #3170, #8652, #6959, #10308 ) ) ;
#10065 = ORIENTED_EDGE ( 'NONE', *, *, #3504, .T. ) ;
#10066 = EDGE_CURVE ( 'NONE', #7378, #6617, #5707, .T. ) ;
#10067 = CIRCLE ( 'NONE', #8487, 2.000000000000001776 ) ;
#10068 = VERTEX_POINT ( 'NONE', #8061 ) ;
#10069 = AXIS2_PLACEMENT_3D ( 'NONE', #1170, #9651, #9589 ) ;
#10070 = DIRECTION ( 'NONE',  ( -0.000000000000000000, -0.000000000000000000, 1.000000000000000000 ) ) ;
#10071 = DIRECTION ( 'NONE',  ( -0.000000000000000000, -0.000000000000000000, 1.000000000000000000 ) ) ;
#10072 = VECTOR ( 'NONE', #3668, 1000.000000000000000 ) ;
#10073 = FACE_BOUND ( 'NONE', #3850, .T. ) ;
#10074 = DIRECTION ( 'NONE',  ( -1.000000000000000000, -4.550094363217858838E-15, 0.000000000000000000 ) ) ;
#10075 = ORIENTED_EDGE ( 'NONE', *, *, #4067, .F. ) ;
#10076 = DIRECTION ( 'NONE',  ( 0.000000000000000000, 0.000000000000000000, 1.000000000000000000 ) ) ;
#10077 = DIRECTION ( 'NONE',  ( 1.000000000000000000, 0.000000000000000000, 0.000000000000000000 ) ) ;
#10078 = AXIS2_PLACEMENT_3D ( 'NONE', #6926, #2136, #7047 ) ;
#10079 = EDGE_CURVE ( 'NONE', #8348, #11034, #3537, .T. ) ;
#10080 = VECTOR ( 'NONE', #9451, 1000.000000000000000 ) ;
#10081 = CIRCLE ( 'NONE', #9688, 2.000000000000001776 ) ;
#10082 = ORIENTED_EDGE ( 'NONE', *, *, #7663, .F. ) ;
#10083 = VERTEX_POINT ( 'NONE', #1718 ) ;
#10084 = EDGE_CURVE ( 'NONE', #12127, #11553, #1583, .T. ) ;
#10085 = FACE_OUTER_BOUND ( 'NONE', #2963, .T. ) ;
#10086 = CIRCLE ( 'NONE', #8115, 15.00000000000000000 ) ;
#10087 = DIRECTION ( 'NONE',  ( -0.000000000000000000, -0.000000000000000000, 1.000000000000000000 ) ) ;
#10088 = ORIENTED_EDGE ( 'NONE', *, *, #10775, .T. ) ;
#10089 = VECTOR ( 'NONE', #1848, 1000.000000000000000 ) ;
#10090 = LINE ( 'NONE', #6226, #11405 ) ;
#10091 = DIRECTION ( 'NONE',  ( 0.000000000000000000, 0.000000000000000000, 1.000000000000000000 ) ) ;
#10092 = ORIENTED_EDGE ( 'NONE', *, *, #9541, .F. ) ;
#10093 = DIRECTION ( 'NONE',  ( 1.000000000000000000, 0.000000000000000000, 0.000000000000000000 ) ) ;
#10094 = DIRECTION ( 'NONE',  ( 0.000000000000000000, 0.000000000000000000, 1.000000000000000000 ) ) ;
#10095 = CIRCLE ( 'NONE', #3033, 2.000000000000001776 ) ;
#10096 = AXIS2_PLACEMENT_3D ( 'NONE', #3297, #6129, #6523 ) ;
#10097 = EDGE_CURVE ( 'NONE', #8522, #11613, #8921, .T. ) ;
#10098 = ORIENTED_EDGE ( 'NONE', *, *, #8992, .F. ) ;
#10099 = CARTESIAN_POINT ( 'NONE',  ( 69.99999999999997158, -67.99999999999998579, 5.000000000000000000 ) ) ;
#10100 = CARTESIAN_POINT ( 'NONE',  ( -79.02499999999996305, 79.02499999999997726, 0.000000000000000000 ) ) ;
#10101 = FACE_OUTER_BOUND ( 'NONE', #10728, .T. ) ;
#10102 = CARTESIAN_POINT ( 'NONE',  ( 82.99999999999960210, 17.00000000000072120, 0.000000000000000000 ) ) ;
#10103 = CIRCLE ( 'NONE', #3234, 2.000000000000001776 ) ;
#10104 = FACE_BOUND ( 'NONE', #7336, .T. ) ;
#10105 = DIRECTION ( 'NONE',  ( 0.000000000000000000, 0.000000000000000000, 1.000000000000000000 ) ) ;
#10106 = DIRECTION ( 'NONE',  ( 1.000000000000000000, 0.000000000000000000, 0.000000000000000000 ) ) ;
#10107 = VERTEX_POINT ( 'NONE', #2582 ) ;
#10108 = AXIS2_PLACEMENT_3D ( 'NONE', #5025, #5947, #1209 ) ;
#10109 = EDGE_LOOP ( 'NONE', ( #2273, #11855, #699, #6937 ) ) ;
#10110 = EDGE_LOOP ( 'NONE', ( #10968, #10848 ) ) ;
#10111 = CIRCLE ( 'NONE', #101, 2.000000000000001776 ) ;
#10112 = ORIENTED_EDGE ( 'NONE', *, *, #5815, .F. ) ;
#10113 = AXIS2_PLACEMENT_3D ( 'NONE', #7956, #4259, #11011 ) ;
#10114 = ORIENTED_EDGE ( 'NONE', *, *, #12154, .F. ) ;
#10115 = CARTESIAN_POINT ( 'NONE',  ( -99.99999999999994316, 85.00000000000001421, 5.000000000000000000 ) ) ;
#10116 = DIRECTION ( 'NONE',  ( -0.000000000000000000, -0.000000000000000000, 1.000000000000000000 ) ) ;
#10117 = DIRECTION ( 'NONE',  ( 0.000000000000000000, 0.000000000000000000, 1.000000000000000000 ) ) ;
#10118 = FACE_OUTER_BOUND ( 'NONE', #3794, .T. ) ;
#10119 = DIRECTION ( 'NONE',  ( 0.000000000000000000, 0.000000000000000000, 1.000000000000000000 ) ) ;
#10120 = ORIENTED_EDGE ( 'NONE', *, *, #11112, .F. ) ;
#10121 = EDGE_LOOP ( 'NONE', ( #1296, #9133, #3246, #4552 ) ) ;
#10122 = LINE ( 'NONE', #1697, #8287 ) ;
#10123 = CIRCLE ( 'NONE', #11705, 2.000000000000001776 ) ;
#10124 = AXIS2_PLACEMENT_3D ( 'NONE', #7315, #4474, #5653 ) ;
#10125 = EDGE_CURVE ( 'NONE', #223, #2150, #9033, .T. ) ;
#10126 = ORIENTED_EDGE ( 'NONE', *, *, #10663, .F. ) ;
#10127 = EDGE_LOOP ( 'NONE', ( #2186, #1756 ) ) ;
#10128 = ORIENTED_EDGE ( 'NONE', *, *, #1783, .F. ) ;
#10129 = CYLINDRICAL_SURFACE ( 'NONE', #1558, 2.000000000000001776 ) ;
#10130 = AXIS2_PLACEMENT_3D ( 'NONE', #8726, #6818, #2210 ) ;
#10131 = CARTESIAN_POINT ( 'NONE',  ( -50.99999999999967315, -34.00000000000058265, 0.000000000000000000 ) ) ;
#10132 = CARTESIAN_POINT ( 'NONE',  ( -79.02499999999996305, -90.97500000000000853, 5.000000000000000000 ) ) ;
#10133 = CARTESIAN_POINT ( 'NONE',  ( -34.00000000000009948, 68.00000000000025580, 5.000000000000000000 ) ) ;
#10134 = ADVANCED_FACE ( 'NONE', ( #8002 ), #7317, .F. ) ;
#10135 = FACE_OUTER_BOUND ( 'NONE', #4683, .T. ) ;
#10136 = VERTEX_POINT ( 'NONE', #8120 ) ;
#10137 = DIRECTION ( 'NONE',  ( 1.000000000000000000, 0.000000000000000000, 0.000000000000000000 ) ) ;
#10138 = CARTESIAN_POINT ( 'NONE',  ( 14.99999999999963762, 85.00000000000073896, 5.000000000000000000 ) ) ;
#10139 = EDGE_CURVE ( 'NONE', #10059, #415, #10025, .T. ) ;
#10140 = VECTOR ( 'NONE', #8177, 1000.000000000000000 ) ;
#10141 = ORIENTED_EDGE ( 'NONE', *, *, #4961, .T. ) ;
#10142 = EDGE_LOOP ( 'NONE', ( #3629, #10698, #5962, #1619 ) ) ;
#10143 = ADVANCED_FACE ( 'NONE', ( #2524 ), #11817, .F. ) ;
#10144 = CARTESIAN_POINT ( 'NONE',  ( -69.99999999999997158, 68.00000000000002842, 0.000000000000000000 ) ) ;
#10145 = DIRECTION ( 'NONE',  ( -0.000000000000000000, -0.000000000000000000, 1.000000000000000000 ) ) ;
#10146 = EDGE_CURVE ( 'NONE', #11383, #5869, #10894, .T. ) ;
#10147 = EDGE_CURVE ( 'NONE', #8606, #4850, #7081, .T. ) ;
#10148 = CIRCLE ( 'NONE', #7995, 2.000000000000000888 ) ;
#10149 = ORIENTED_EDGE ( 'NONE', *, *, #9168, .F. ) ;
#10150 = FACE_OUTER_BOUND ( 'NONE', #1818, .T. ) ;
#10151 = DIRECTION ( 'NONE',  ( 1.000000000000000000, 0.000000000000000000, 0.000000000000000000 ) ) ;
#10152 = EDGE_LOOP ( 'NONE', ( #10618, #9440 ) ) ;
#10153 = CARTESIAN_POINT ( 'NONE',  ( 86.99999999999990052, -67.99999999999987210, 0.000000000000000000 ) ) ;
#10154 = CARTESIAN_POINT ( 'NONE',  ( -3.122502256758255925E-15, -15.00000000000001954, 0.000000000000000000 ) ) ;
#10155 = VERTEX_POINT ( 'NONE', #2646 ) ;
#10156 = LINE ( 'NONE', #11730, #2825 ) ;
#10157 = LINE ( 'NONE', #5608, #1671 ) ;
#10158 = CARTESIAN_POINT ( 'NONE',  ( -3.595712070532895536E-13, 79.02499999999960778, 5.000000000000000000 ) ) ;
#10159 = DIRECTION ( 'NONE',  ( -0.000000000000000000, -0.000000000000000000, 1.000000000000000000 ) ) ;
#10160 = DIRECTION ( 'NONE',  ( 0.000000000000000000, 0.000000000000000000, 1.000000000000000000 ) ) ;
#10161 = DIRECTION ( 'NONE',  ( 1.000000000000000000, 0.000000000000000000, 0.000000000000000000 ) ) ;
#10162 = FACE_OUTER_BOUND ( 'NONE', #3667, .T. ) ;
#10163 = ORIENTED_EDGE ( 'NONE', *, *, #8172, .F. ) ;
#10164 = ORIENTED_EDGE ( 'NONE', *, *, #2467, .F. ) ;
#10165 = EDGE_CURVE ( 'NONE', #5824, #8738, #10090, .T. ) ;
#10166 = VERTEX_POINT ( 'NONE', #1602 ) ;
#10167 = EDGE_LOOP ( 'NONE', ( #4914, #6250, #4838, #11286 ) ) ;
#10168 = EDGE_LOOP ( 'NONE', ( #2432, #5447 ) ) ;
#10169 = FACE_BOUND ( 'NONE', #4832, .T. ) ;
#10170 = CARTESIAN_POINT ( 'NONE',  ( -14.99999999999982059, -34.00000000000034817, 0.000000000000000000 ) ) ;
#10171 = DIRECTION ( 'NONE',  ( 1.000000000000000000, 0.000000000000000000, 0.000000000000000000 ) ) ;
#10172 = DIRECTION ( 'NONE',  ( -0.000000000000000000, -0.000000000000000000, 1.000000000000000000 ) ) ;
#10173 = DIRECTION ( 'NONE',  ( 3.491481338843102590E-15, -1.000000000000000000, 0.000000000000000000 ) ) ;
#10174 = VERTEX_POINT ( 'NONE', #1493 ) ;
#10175 = ORIENTED_EDGE ( 'NONE', *, *, #1270, .F. ) ;
#10176 = CARTESIAN_POINT ( 'NONE',  ( 33.99999999999980815, 17.00000000000036238, 0.000000000000000000 ) ) ;
#10177 = EDGE_CURVE ( 'NONE', #253, #1784, #5356, .T. ) ;
#10178 = CIRCLE ( 'NONE', #9185, 2.000000000000001776 ) ;
#10179 = ORIENTED_EDGE ( 'NONE', *, *, #7374, .T. ) ;
#10180 = VERTEX_POINT ( 'NONE', #10829 ) ;
#10181 = ORIENTED_EDGE ( 'NONE', *, *, #8182, .T. ) ;
#10182 = DIRECTION ( 'NONE',  ( -0.000000000000000000, -0.000000000000000000, 1.000000000000000000 ) ) ;
#10183 = DIRECTION ( 'NONE',  ( 0.000000000000000000, 0.000000000000000000, 1.000000000000000000 ) ) ;
#10184 = DIRECTION ( 'NONE',  ( -0.000000000000000000, -0.000000000000000000, 1.000000000000000000 ) ) ;
#10185 = EDGE_CURVE ( 'NONE', #5469, #6299, #11068, .T. ) ;
#10186 = DIRECTION ( 'NONE',  ( -0.000000000000000000, -0.000000000000000000, 1.000000000000000000 ) ) ;
#10187 = CARTESIAN_POINT ( 'NONE',  ( -2.000000000000167422, 51.00000000000031974, 0.000000000000000000 ) ) ;
#10188 = ORIENTED_EDGE ( 'NONE', *, *, #4314, .T. ) ;
#10189 = PLANE ( 'NONE',  #3402 ) ;
#10190 = CARTESIAN_POINT ( 'NONE',  ( 75.97499999999996589, 90.97500000000002274, 5.000000000000000000 ) ) ;
#10191 = EDGE_LOOP ( 'NONE', ( #10193, #5741 ) ) ;
#10192 = CIRCLE ( 'NONE', #4308, 2.000000000000001776 ) ;
#10193 = ORIENTED_EDGE ( 'NONE', *, *, #10891, .T. ) ;
#10194 = AXIS2_PLACEMENT_3D ( 'NONE', #2870, #11162, #836 ) ;
#10195 = CARTESIAN_POINT ( 'NONE',  ( -130.0000000000000000, 0.000000000000000000, 5.000000000000000000 ) ) ;
#10196 = CARTESIAN_POINT ( 'NONE',  ( -92.49999999999984368, -92.50000000000011369, 0.000000000000000000 ) ) ;
#10197 = EDGE_CURVE ( 'NONE', #1011, #6262, #212, .T. ) ;
#10198 = EDGE_CURVE ( 'NONE', #5136, #788, #10225, .T. ) ;
#10199 = DIRECTION ( 'NONE',  ( -0.000000000000000000, -0.000000000000000000, 1.000000000000000000 ) ) ;
#10200 = EDGE_LOOP ( 'NONE', ( #8805, #1711, #7585, #9788 ) ) ;
#10201 = CARTESIAN_POINT ( 'NONE',  ( 92.49999999999984368, -92.50000000000011369, 5.000000000000000000 ) ) ;
#10202 = CARTESIAN_POINT ( 'NONE',  ( 1.999999999999959366, 17.00000000000009948, 5.000000000000000000 ) ) ;
#10203 = ORIENTED_EDGE ( 'NONE', *, *, #2519, .F. ) ;
#10204 = DIRECTION ( 'NONE',  ( 0.000000000000000000, 0.000000000000000000, 1.000000000000000000 ) ) ;
#10205 = CARTESIAN_POINT ( 'NONE',  ( 84.99999999999988631, -100.0000000000000284, 0.000000000000000000 ) ) ;
#10206 = VECTOR ( 'NONE', #4809, 1000.000000000000000 ) ;
#10207 = ADVANCED_FACE ( 'NONE', ( #4476 ), #7257, .F. ) ;
#10208 = DIRECTION ( 'NONE',  ( 1.000000000000000000, 0.000000000000000000, 0.000000000000000000 ) ) ;
#10209 = ADVANCED_FACE ( 'NONE', ( #10150 ), #4726, .F. ) ;
#10210 = ADVANCED_FACE ( 'NONE', ( #2947 ), #5717, .F. ) ;
#10211 = ORIENTED_EDGE ( 'NONE', *, *, #7903, .F. ) ;
#10212 = AXIS2_PLACEMENT_3D ( 'NONE', #11328, #2899, #6649 ) ;
#10213 = CARTESIAN_POINT ( 'NONE',  ( -84.99999999999958789, -17.00000000000071054, 5.000000000000000000 ) ) ;
#10214 = EDGE_CURVE ( 'NONE', #7407, #8008, #2383, .T. ) ;
#10215 = AXIS2_PLACEMENT_3D ( 'NONE', #3302, #6929, #7049 ) ;
#10216 = CARTESIAN_POINT ( 'NONE',  ( 69.99999999999978684, -16.99999999999964118, 5.000000000000000000 ) ) ;
#10217 = DIRECTION ( 'NONE',  ( -0.000000000000000000, -0.000000000000000000, -1.000000000000000000 ) ) ;
#10218 = CARTESIAN_POINT ( 'NONE',  ( 99.99999999999994316, -85.00000000000001421, 5.000000000000000000 ) ) ;
#10219 = DIRECTION ( 'NONE',  ( 1.000000000000000000, 0.000000000000000000, 0.000000000000000000 ) ) ;
#10220 = VERTEX_POINT ( 'NONE', #7497 ) ;
#10221 = DIRECTION ( 'NONE',  ( -0.000000000000000000, -0.000000000000000000, 1.000000000000000000 ) ) ;
#10222 = DIRECTION ( 'NONE',  ( 1.000000000000000000, 0.000000000000000000, 0.000000000000000000 ) ) ;
#10223 = VERTEX_POINT ( 'NONE', #57 ) ;
#10224 = ORIENTED_EDGE ( 'NONE', *, *, #10714, .F. ) ;
#10225 = CIRCLE ( 'NONE', #3737, 2.000000000000001776 ) ;
#10226 = AXIS2_PLACEMENT_3D ( 'NONE', #1650, #6498, #10936 ) ;
#10227 = EDGE_CURVE ( 'NONE', #6492, #10871, #11412, .T. ) ;
#10228 = ORIENTED_EDGE ( 'NONE', *, *, #9382, .F. ) ;
#10229 = ORIENTED_EDGE ( 'NONE', *, *, #5928, .T. ) ;
#10230 = CARTESIAN_POINT ( 'NONE',  ( -16.99999999999964118, -85.00000000000069633, 0.000000000000000000 ) ) ;
#10231 = EDGE_CURVE ( 'NONE', #10244, #5818, #3549, .T. ) ;
#10232 = ORIENTED_EDGE ( 'NONE', *, *, #2677, .T. ) ;
#10233 = FACE_BOUND ( 'NONE', #10486, .T. ) ;
#10234 = CIRCLE ( 'NONE', #3169, 2.000000000000000888 ) ;
#10235 = CARTESIAN_POINT ( 'NONE',  ( 130.0000000000000000, 0.000000000000000000, 0.000000000000000000 ) ) ;
#10236 = PLANE ( 'NONE',  #7659 ) ;
#10237 = EDGE_LOOP ( 'NONE', ( #11394, #6475, #4715, #2007 ) ) ;
#10238 = FACE_OUTER_BOUND ( 'NONE', #7354, .T. ) ;
#10239 = CARTESIAN_POINT ( 'NONE',  ( -79.02499999999996305, 79.02499999999997726, 5.000000000000000000 ) ) ;
#10240 = ORIENTED_EDGE ( 'NONE', *, *, #2641, .F. ) ;
#10241 = VERTEX_POINT ( 'NONE', #7383 ) ;
#10242 = CARTESIAN_POINT ( 'NONE',  ( -84.99999999999984368, 50.99999999999976552, 0.000000000000000000 ) ) ;
#10243 = AXIS2_PLACEMENT_3D ( 'NONE', #3654, #2799, #11913 ) ;
#10244 = VERTEX_POINT ( 'NONE', #2826 ) ;
#10245 = ORIENTED_EDGE ( 'NONE', *, *, #5866, .F. ) ;
#10246 = ADVANCED_FACE ( 'NONE', ( #3806 ), #10456, .F. ) ;
#10247 = EDGE_LOOP ( 'NONE', ( #9337, #3490, #3201, #5583 ) ) ;
#10248 = DIRECTION ( 'NONE',  ( -0.000000000000000000, -0.000000000000000000, -1.000000000000000000 ) ) ;
#10249 = CARTESIAN_POINT ( 'NONE',  ( -84.99999999999972999, 16.99999999999953104, 5.000000000000000000 ) ) ;
#10250 = CYLINDRICAL_SURFACE ( 'NONE', #4296, 2.000000000000000000 ) ;
#10251 = DIRECTION ( 'NONE',  ( 1.000000000000000000, 0.000000000000000000, 0.000000000000000000 ) ) ;
#10252 = CARTESIAN_POINT ( 'NONE',  ( -53.00000000000008527, 85.00000000000027001, 5.000000000000000000 ) ) ;
#10253 = VECTOR ( 'NONE', #3030, 1000.000000000000000 ) ;
#10254 = ORIENTED_EDGE ( 'NONE', *, *, #6021, .T. ) ;
#10255 = VECTOR ( 'NONE', #7039, 1000.000000000000000 ) ;
#10256 = CARTESIAN_POINT ( 'NONE',  ( 16.99999999999969447, 68.00000000000061107, 0.000000000000000000 ) ) ;
#10257 = CARTESIAN_POINT ( 'NONE',  ( 3.595712070532930372E-13, -79.02500000000038938, 0.000000000000000000 ) ) ;
#10258 = VERTEX_POINT ( 'NONE', #917 ) ;
#10259 = AXIS2_PLACEMENT_3D ( 'NONE', #4705, #11358, #2080 ) ;
#10260 = VECTOR ( 'NONE', #3625, 1000.000000000000000 ) ;
#10261 = ORIENTED_EDGE ( 'NONE', *, *, #2893, .F. ) ;
#10262 = CARTESIAN_POINT ( 'NONE',  ( -51.00000000000008527, 85.00000000000027001, 5.000000000000000000 ) ) ;
#10263 = DIRECTION ( 'NONE',  ( 1.000000000000000000, 0.000000000000000000, 0.000000000000000000 ) ) ;
#10264 = AXIS2_PLACEMENT_3D ( 'NONE', #155, #4692, #7599 ) ;
#10265 = DIRECTION ( 'NONE',  ( 0.000000000000000000, 0.000000000000000000, 1.000000000000000000 ) ) ;
#10266 = ORIENTED_EDGE ( 'NONE', *, *, #7428, .F. ) ;
#10267 = DIRECTION ( 'NONE',  ( -0.000000000000000000, 0.000000000000000000, -1.000000000000000000 ) ) ;
#10268 = CARTESIAN_POINT ( 'NONE',  ( 84.99999999999937472, 85.00000000000120792, 0.000000000000000000 ) ) ;
#10269 = ORIENTED_EDGE ( 'NONE', *, *, #10063, .F. ) ;
#10270 = DIRECTION ( 'NONE',  ( -0.000000000000000000, -0.000000000000000000, 1.000000000000000000 ) ) ;
#10271 = CARTESIAN_POINT ( 'NONE',  ( -14.99999999999975131, -51.00000000000046896, 0.000000000000000000 ) ) ;
#10272 = VECTOR ( 'NONE', #8732, 1000.000000000000000 ) ;
#10273 = CYLINDRICAL_SURFACE ( 'NONE', #5094, 2.000000000000001776 ) ;
#10274 = AXIS2_PLACEMENT_3D ( 'NONE', #197, #6780, #11456 ) ;
#10275 = AXIS2_PLACEMENT_3D ( 'NONE', #44, #1832, #8402 ) ;
#10276 = DIRECTION ( 'NONE',  ( 1.000000000000000000, 0.000000000000000000, 0.000000000000000000 ) ) ;
#10277 = EDGE_CURVE ( 'NONE', #1016, #11723, #10034, .T. ) ;
#10278 = CIRCLE ( 'NONE', #11470, 15.00000000000000000 ) ;
#10279 = ORIENTED_EDGE ( 'NONE', *, *, #3166, .T. ) ;
#10280 = VECTOR ( 'NONE', #2704, 1000.000000000000000 ) ;
#10281 = CARTESIAN_POINT ( 'NONE',  ( 99.99999999999994316, 0.000000000000000000, 5.000000000000000000 ) ) ;
#10282 = DIRECTION ( 'NONE',  ( -0.000000000000000000, -0.000000000000000000, 1.000000000000000000 ) ) ;
#10283 = CARTESIAN_POINT ( 'NONE',  ( -32.00000000000009948, 68.00000000000025580, 0.000000000000000000 ) ) ;
#10284 = CARTESIAN_POINT ( 'NONE',  ( -29.99999999999880984, -115.0000000000000142, 5.000000000000000000 ) ) ;
#10285 = AXIS2_PLACEMENT_3D ( 'NONE', #7411, #1009, #11153 ) ;
#10286 = CARTESIAN_POINT ( 'NONE',  ( 0.000000000000000000, 0.000000000000000000, 0.000000000000000000 ) ) ;
#10287 = ORIENTED_EDGE ( 'NONE', *, *, #2986, .T. ) ;
#10288 = EDGE_CURVE ( 'NONE', #4025, #5155, #6697, .T. ) ;
#10289 = DIRECTION ( 'NONE',  ( 0.000000000000000000, 0.000000000000000000, 1.000000000000000000 ) ) ;
#10290 = DIRECTION ( 'NONE',  ( -0.000000000000000000, -0.000000000000000000, 1.000000000000000000 ) ) ;
#10291 = ORIENTED_EDGE ( 'NONE', *, *, #1627, .F. ) ;
#10292 = ORIENTED_EDGE ( 'NONE', *, *, #7068, .F. ) ;
#10293 = VECTOR ( 'NONE', #6527, 1000.000000000000000 ) ;
#10294 = AXIS2_PLACEMENT_3D ( 'NONE', #5825, #11543, #7845 ) ;
#10295 = ADVANCED_FACE ( 'NONE', ( #10335 ), #5596, .F. ) ;
#10296 = ORIENTED_EDGE ( 'NONE', *, *, #2637, .T. ) ;
#10297 = VECTOR ( 'NONE', #7077, 1000.000000000000000 ) ;
#10298 = DIRECTION ( 'NONE',  ( -0.000000000000000000, -0.000000000000000000, 1.000000000000000000 ) ) ;
#10299 = ORIENTED_EDGE ( 'NONE', *, *, #6444, .F. ) ;
#10300 = FACE_BOUND ( 'NONE', #1820, .T. ) ;
#10301 = AXIS2_PLACEMENT_3D ( 'NONE', #7031, #9045, #10907 ) ;
#10302 = CARTESIAN_POINT ( 'NONE',  ( 49.00000000000002842, -68.00000000000011369, 5.000000000000000000 ) ) ;
#10303 = DIRECTION ( 'NONE',  ( 0.000000000000000000, 0.000000000000000000, 1.000000000000000000 ) ) ;
#10304 = ORIENTED_EDGE ( 'NONE', *, *, #4669, .T. ) ;
#10305 = EDGE_CURVE ( 'NONE', #10107, #2784, #1970, .T. ) ;
#10306 = PLANE ( 'NONE',  #268 ) ;
#10307 = CARTESIAN_POINT ( 'NONE',  ( 33.99999999999986500, 2.498001805406602216E-13, 5.000000000000000000 ) ) ;
#10308 = ORIENTED_EDGE ( 'NONE', *, *, #4491, .T. ) ;
#10309 = ORIENTED_EDGE ( 'NONE', *, *, #5226, .T. ) ;
#10310 = DIRECTION ( 'NONE',  ( -0.000000000000000000, 0.000000000000000000, 1.000000000000000000 ) ) ;
#10311 = VECTOR ( 'NONE', #8226, 1000.000000000000000 ) ;
#10312 = EDGE_CURVE ( 'NONE', #8348, #2895, #9207, .T. ) ;
#10313 = CIRCLE ( 'NONE', #10301, 2.000000000000001776 ) ;
#10314 = ORIENTED_EDGE ( 'NONE', *, *, #6350, .F. ) ;
#10315 = ORIENTED_EDGE ( 'NONE', *, *, #2695, .F. ) ;
#10316 = EDGE_LOOP ( 'NONE', ( #3261, #5080, #950, #7541 ) ) ;
#10317 = DIRECTION ( 'NONE',  ( 1.000000000000000000, 0.000000000000000000, 0.000000000000000000 ) ) ;
#10318 = LINE ( 'NONE', #37, #11044 ) ;
#10319 = DIRECTION ( 'NONE',  ( -0.000000000000000000, -0.000000000000000000, 1.000000000000000000 ) ) ;
#10320 = VECTOR ( 'NONE', #3734, 1000.000000000000000 ) ;
#10321 = CARTESIAN_POINT ( 'NONE',  ( 31.99999999999974420, 34.00000000000047606, 0.000000000000000000 ) ) ;
#10322 = CARTESIAN_POINT ( 'NONE',  ( 99.99999999999994316, 0.000000000000000000, 0.000000000000000000 ) ) ;
#10323 = ORIENTED_EDGE ( 'NONE', *, *, #11397, .F. ) ;
#10324 = CIRCLE ( 'NONE', #5019, 2.000000000000001776 ) ;
#10325 = DIRECTION ( 'NONE',  ( 0.000000000000000000, 0.000000000000000000, 1.000000000000000000 ) ) ;
#10326 = DIRECTION ( 'NONE',  ( 1.000000000000000000, 0.000000000000000000, 0.000000000000000000 ) ) ;
#10327 = EDGE_CURVE ( 'NONE', #3651, #1847, #4793, .T. ) ;
#10328 = ORIENTED_EDGE ( 'NONE', *, *, #6798, .F. ) ;
#10329 = VERTEX_POINT ( 'NONE', #5527 ) ;
#10330 = AXIS2_PLACEMENT_3D ( 'NONE', #9268, #9205, #854 ) ;
#10331 = DIRECTION ( 'NONE',  ( 0.000000000000000000, 0.000000000000000000, -1.000000000000000000 ) ) ;
#10332 = CARTESIAN_POINT ( 'NONE',  ( -92.49999999999984368, 92.50000000000011369, 5.000000000000000000 ) ) ;
#10333 = DIRECTION ( 'NONE',  ( 1.000000000000000000, 0.000000000000000000, 0.000000000000000000 ) ) ;
#10334 = EDGE_LOOP ( 'NONE', ( #529, #2739, #1805, #8256 ) ) ;
#10335 = FACE_OUTER_BOUND ( 'NONE', #10064, .T. ) ;
#10336 = CARTESIAN_POINT ( 'NONE',  ( -86.99999999999958789, -17.00000000000071054, 0.000000000000000000 ) ) ;
#10337 = EDGE_LOOP ( 'NONE', ( #7499, #6059 ) ) ;
#10338 = FACE_OUTER_BOUND ( 'NONE', #600, .T. ) ;
#10339 = CARTESIAN_POINT ( 'NONE',  ( -17.00000000000004263, 34.00000000000012790, 0.000000000000000000 ) ) ;
#10340 = DIRECTION ( 'NONE',  ( 2.081668171172167774E-16, 1.000000000000000000, 0.000000000000000000 ) ) ;
#10341 = EDGE_CURVE ( 'NONE', #5469, #9974, #11611, .T. ) ;
#10342 = CYLINDRICAL_SURFACE ( 'NONE', #7357, 2.000000000000001776 ) ;
#10343 = ORIENTED_EDGE ( 'NONE', *, *, #3262, .T. ) ;
#10344 = CIRCLE ( 'NONE', #4636, 2.000000000000001776 ) ;
#10345 = CYLINDRICAL_SURFACE ( 'NONE', #10502, 2.000000000000001776 ) ;
#10346 = PLANE ( 'NONE',  #9120 ) ;
#10347 = CARTESIAN_POINT ( 'NONE',  ( -66.00000000000001421, 85.00000000000015632, 0.000000000000000000 ) ) ;
#10348 = DIRECTION ( 'NONE',  ( 0.000000000000000000, 0.000000000000000000, -1.000000000000000000 ) ) ;
#10349 = EDGE_CURVE ( 'NONE', #7456, #8060, #8545, .T. ) ;
#10350 = CYLINDRICAL_SURFACE ( 'NONE', #1313, 2.000000000000001776 ) ;
#10351 = ORIENTED_EDGE ( 'NONE', *, *, #4639, .F. ) ;
#10352 = CARTESIAN_POINT ( 'NONE',  ( 51.00000000000002842, -68.00000000000011369, 0.000000000000000000 ) ) ;
#10353 = LINE ( 'NONE', #3825, #6506 ) ;
#10354 = ORIENTED_EDGE ( 'NONE', *, *, #9580, .F. ) ;
#10355 = VERTEX_POINT ( 'NONE', #2701 ) ;
#10356 = ORIENTED_EDGE ( 'NONE', *, *, #8836, .T. ) ;
#10357 = CYLINDRICAL_SURFACE ( 'NONE', #3522, 2.000000000000001776 ) ;
#10358 = VERTEX_POINT ( 'NONE', #1845 ) ;
#10359 = FACE_BOUND ( 'NONE', #10152, .T. ) ;
#10360 = DIRECTION ( 'NONE',  ( -0.000000000000000000, -0.000000000000000000, 1.000000000000000000 ) ) ;
#10361 = DIRECTION ( 'NONE',  ( 0.000000000000000000, 0.000000000000000000, 1.000000000000000000 ) ) ;
#10363 = ORIENTED_EDGE ( 'NONE', *, *, #8568, .F. ) ;
#10362 = EDGE_CURVE ( 'NONE', #7526, #2465, #9343, .T. ) ;
#10364 = CARTESIAN_POINT ( 'NONE',  ( 50.99999999999968026, 34.00000000000059686, 5.000000000000000000 ) ) ;
#10365 = DIRECTION ( 'NONE',  ( 1.000000000000000000, 0.000000000000000000, 0.000000000000000000 ) ) ;
#10366 = ORIENTED_EDGE ( 'NONE', *, *, #11352, .T. ) ;
#10367 = ORIENTED_EDGE ( 'NONE', *, *, #11202, .T. ) ;
#10368 = DIRECTION ( 'NONE',  ( 1.000000000000000000, -4.550094363217858838E-15, 0.000000000000000000 ) ) ;
#10369 = EDGE_CURVE ( 'NONE', #7507, #1072, #9236, .T. ) ;
#10370 = VERTEX_POINT ( 'NONE', #3739 ) ;
#10371 = ADVANCED_FACE ( 'NONE', ( #1110 ), #6820, .F. ) ;
#10372 = EDGE_CURVE ( 'NONE', #6486, #2302, #4912, .T. ) ;
#10373 = ORIENTED_EDGE ( 'NONE', *, *, #8324, .F. ) ;
#10374 = EDGE_LOOP ( 'NONE', ( #2918, #9209 ) ) ;
#10375 = CARTESIAN_POINT ( 'NONE',  ( 1.249000902703301108E-13, -34.00000000000022737, 0.000000000000000000 ) ) ;
#10376 = LINE ( 'NONE', #1151, #11240 ) ;
#10377 = FACE_OUTER_BOUND ( 'NONE', #4110, .T. ) ;
#10378 = EDGE_CURVE ( 'NONE', #6347, #11088, #11789, .T. ) ;
#10379 = FACE_BOUND ( 'NONE', #4887, .T. ) ;
#10380 = LINE ( 'NONE', #8651, #7924 ) ;
#10381 = ORIENTED_EDGE ( 'NONE', *, *, #8117, .T. ) ;
#10382 = FACE_OUTER_BOUND ( 'NONE', #3104, .T. ) ;
#10383 = CARTESIAN_POINT ( 'NONE',  ( -34.00000000000015632, 85.00000000000038369, 0.000000000000000000 ) ) ;
#10384 = CIRCLE ( 'NONE', #6092, 2.000000000000001776 ) ;
#10385 = ORIENTED_EDGE ( 'NONE', *, *, #1913, .F. ) ;
#10386 = VERTEX_POINT ( 'NONE', #2448 ) ;
#10387 = VECTOR ( 'NONE', #8966, 1000.000000000000000 ) ;
#10388 = FACE_OUTER_BOUND ( 'NONE', #2175, .T. ) ;
#10389 = DIRECTION ( 'NONE',  ( 1.000000000000000000, 0.000000000000000000, 0.000000000000000000 ) ) ;
#10390 = ADVANCED_FACE ( 'NONE', ( #10799 ), #3360, .F. ) ;
#10391 = LINE ( 'NONE', #9461, #1289 ) ;
#10392 = ORIENTED_EDGE ( 'NONE', *, *, #11518, .F. ) ;
#10393 = DIRECTION ( 'NONE',  ( 0.000000000000000000, 0.000000000000000000, 1.000000000000000000 ) ) ;
#10394 = CARTESIAN_POINT ( 'NONE',  ( 30.00000000000120082, -115.0000000000000142, 5.000000000000000000 ) ) ;
#10395 = EDGE_LOOP ( 'NONE', ( #1367, #6296, #7662, #12081 ) ) ;
#10396 = DIRECTION ( 'NONE',  ( -0.000000000000000000, -0.000000000000000000, 1.000000000000000000 ) ) ;
#10397 = CARTESIAN_POINT ( 'NONE',  ( -79.02499999999996305, 0.000000000000000000, 0.000000000000000000 ) ) ;
#10398 = AXIS2_PLACEMENT_3D ( 'NONE', #1397, #6069, #5027 ) ;
#10399 = DIRECTION ( 'NONE',  ( 1.000000000000000000, 0.000000000000000000, 0.000000000000000000 ) ) ;
#10400 = ORIENTED_EDGE ( 'NONE', *, *, #4869, .T. ) ;
#10401 = DIRECTION ( 'NONE',  ( 1.000000000000000000, 0.000000000000000000, -0.000000000000000000 ) ) ;
#10402 = EDGE_CURVE ( 'NONE', #4965, #8294, #9949, .T. ) ;
#10403 = LINE ( 'NONE', #3086, #1872 ) ;
#10404 = AXIS2_PLACEMENT_3D ( 'NONE', #3244, #8954, #8029 ) ;
#10405 = DIRECTION ( 'NONE',  ( 1.000000000000000000, 0.000000000000000000, 0.000000000000000000 ) ) ;
#10406 = FACE_OUTER_BOUND ( 'NONE', #6141, .T. ) ;
#10407 = CIRCLE ( 'NONE', #2546, 2.000000000000000000 ) ;
#10408 = LINE ( 'NONE', #1789, #6998 ) ;
#10409 = VERTEX_POINT ( 'NONE', #6201 ) ;
#10410 = CARTESIAN_POINT ( 'NONE',  ( -33.99999999999986500, -2.220446049250313081E-13, 0.000000000000000000 ) ) ;
#10411 = LINE ( 'NONE', #12, #10253 ) ;
#10412 = EDGE_LOOP ( 'NONE', ( #10991, #9990 ) ) ;
#10413 = ORIENTED_EDGE ( 'NONE', *, *, #2027, .T. ) ;
#10414 = AXIS2_PLACEMENT_3D ( 'NONE', #7162, #749, #12000 ) ;
#10415 = CIRCLE ( 'NONE', #780, 2.000000000000000888 ) ;
#10416 = ORIENTED_EDGE ( 'NONE', *, *, #6719, .F. ) ;
#10417 = LINE ( 'NONE', #9492, #7660 ) ;
#10418 = ORIENTED_EDGE ( 'NONE', *, *, #823, .T. ) ;
#10419 = FACE_BOUND ( 'NONE', #11396, .T. ) ;
#10420 = DIRECTION ( 'NONE',  ( 1.000000000000000000, 0.000000000000000000, 0.000000000000000000 ) ) ;
#10421 = CARTESIAN_POINT ( 'NONE',  ( -35.99999999999986500, -2.217996755652018378E-13, 0.000000000000000000 ) ) ;
#10422 = ORIENTED_EDGE ( 'NONE', *, *, #11192, .F. ) ;
#10423 = DIRECTION ( 'NONE',  ( 0.000000000000000000, 0.000000000000000000, 1.000000000000000000 ) ) ;
#10424 = FACE_OUTER_BOUND ( 'NONE', #2914, .T. ) ;
#10425 = VECTOR ( 'NONE', #9730, 1000.000000000000000 ) ;
#10426 = ORIENTED_EDGE ( 'NONE', *, *, #10550, .F. ) ;
#10427 = ORIENTED_EDGE ( 'NONE', *, *, #11927, .T. ) ;
#10428 = LINE ( 'NONE', #2982, #3569 ) ;
#10429 = AXIS2_PLACEMENT_3D ( 'NONE', #5274, #10864, #12079 ) ;
#10430 = ORIENTED_EDGE ( 'NONE', *, *, #6248, .T. ) ;
#10431 = ADVANCED_FACE ( 'NONE', ( #9585 ), #1166, .F. ) ;
#10432 = EDGE_CURVE ( 'NONE', #8122, #5992, #5905, .T. ) ;
#10433 = ORIENTED_EDGE ( 'NONE', *, *, #657, .F. ) ;
#10435 = VERTEX_POINT ( 'NONE', #8957 ) ;
#10434 = VECTOR ( 'NONE', #10074, 1000.000000000000000 ) ;
#10436 = CARTESIAN_POINT ( 'NONE',  ( 94.02499999999986358, 75.97499999999998010, 5.000000000000000000 ) ) ;
#10437 = DIRECTION ( 'NONE',  ( 0.000000000000000000, 0.000000000000000000, -1.000000000000000000 ) ) ;
#10438 = DIRECTION ( 'NONE',  ( 1.000000000000000000, 0.000000000000000000, -0.000000000000000000 ) ) ;
#10439 = FACE_BOUND ( 'NONE', #2934, .T. ) ;
#10441 = EDGE_CURVE ( 'NONE', #9926, #8749, #11506, .T. ) ;
#10440 = LINE ( 'NONE', #2811, #8054 ) ;
#10442 = EDGE_LOOP ( 'NONE', ( #6432, #9599, #6570, #4769 ) ) ;
#10443 = DIRECTION ( 'NONE',  ( -0.000000000000000000, -0.000000000000000000, 1.000000000000000000 ) ) ;
#10444 = ADVANCED_FACE ( 'NONE', ( #7978 ), #7112, .F. ) ;
#10445 = DIRECTION ( 'NONE',  ( 1.000000000000000000, 0.000000000000000000, 0.000000000000000000 ) ) ;
#10446 = EDGE_LOOP ( 'NONE', ( #6952, #2033 ) ) ;
#10447 = EDGE_CURVE ( 'NONE', #9028, #10044, #11849, .T. ) ;
#10448 = ORIENTED_EDGE ( 'NONE', *, *, #597, .F. ) ;
#10449 =( GEOMETRIC_REPRESENTATION_CONTEXT ( 3 ) GLOBAL_UNCERTAINTY_ASSIGNED_CONTEXT ( ( #12034 ) ) GLOBAL_UNIT_ASSIGNED_CONTEXT ( ( #6295, #4442, #11085 ) ) REPRESENTATION_CONTEXT ( 'NONE', 'WORKASPACE' ) );
#10450 = AXIS2_PLACEMENT_3D ( 'NONE', #7736, #10510, #6868 ) ;
#10451 = DIRECTION ( 'NONE',  ( -0.000000000000000000, -0.000000000000000000, 1.000000000000000000 ) ) ;
#10452 = DIRECTION ( 'NONE',  ( 1.000000000000000000, 0.000000000000000000, 0.000000000000000000 ) ) ;
#10453 = ADVANCED_FACE ( 'NONE', ( #9010 ), #590, .T. ) ;
#10454 = DIRECTION ( 'NONE',  ( -0.000000000000000000, -0.000000000000000000, 1.000000000000000000 ) ) ;
#10455 = ORIENTED_EDGE ( 'NONE', *, *, #6162, .F. ) ;
#10456 = CYLINDRICAL_SURFACE ( 'NONE', #4724, 2.000000000000001776 ) ;
#10457 = CARTESIAN_POINT ( 'NONE',  ( -114.9999999999999432, -14.99999999999999645, 5.000000000000000000 ) ) ;
#10458 = ORIENTED_EDGE ( 'NONE', *, *, #7871, .T. ) ;
#10459 = LINE ( 'NONE', #10577, #10496 ) ;
#10460 = ADVANCED_FACE ( 'NONE', ( #3424 ), #7180, .F. ) ;
#10461 = DIRECTION ( 'NONE',  ( 1.000000000000000000, 0.000000000000000000, 0.000000000000000000 ) ) ;
#10462 = AXIS2_PLACEMENT_3D ( 'NONE', #1550, #9211, #11885 ) ;
#10463 = VECTOR ( 'NONE', #6797, 1000.000000000000000 ) ;
#10464 = DIRECTION ( 'NONE',  ( 0.000000000000000000, 0.000000000000000000, 1.000000000000000000 ) ) ;
#10465 = EDGE_CURVE ( 'NONE', #11613, #4590, #7684, .T. ) ;
#10466 = ORIENTED_EDGE ( 'NONE', *, *, #6995, .F. ) ;
#10467 = ORIENTED_EDGE ( 'NONE', *, *, #9689, .F. ) ;
#10468 = DIRECTION ( 'NONE',  ( 1.000000000000000000, 0.000000000000000000, 0.000000000000000000 ) ) ;
#10469 = CIRCLE ( 'NONE', #2022, 15.00000000000000000 ) ;
#10470 = CARTESIAN_POINT ( 'NONE',  ( 50.99999999999979394, 3.747002708109903324E-13, 5.000000000000000000 ) ) ;
#10471 = VECTOR ( 'NONE', #7013, 1000.000000000000000 ) ;
#10472 = CIRCLE ( 'NONE', #2801, 2.000000000000001776 ) ;
#10473 = CARTESIAN_POINT ( 'NONE',  ( 52.99999999999955946, 68.00000000000083844, 0.000000000000000000 ) ) ;
#10475 = FACE_OUTER_BOUND ( 'NONE', #8713, .T. ) ;
#10474 = CIRCLE ( 'NONE', #1628, 2.000000000000001776 ) ;
#10476 = ORIENTED_EDGE ( 'NONE', *, *, #11664, .T. ) ;
#10477 = AXIS2_PLACEMENT_3D ( 'NONE', #8460, #7671, #9388 ) ;
#10478 = CARTESIAN_POINT ( 'NONE',  ( 1.999999999999778844, 68.00000000000042633, 5.000000000000000000 ) ) ;
#10479 = DIRECTION ( 'NONE',  ( 0.000000000000000000, 0.000000000000000000, -1.000000000000000000 ) ) ;
#10480 = ORIENTED_EDGE ( 'NONE', *, *, #8181, .T. ) ;
#10481 = ORIENTED_EDGE ( 'NONE', *, *, #3687, .T. ) ;
#10482 = VECTOR ( 'NONE', #10682, 1000.000000000000000 ) ;
#10483 = ADVANCED_FACE ( 'NONE', ( #11435 ), #244, .T. ) ;
#10484 = CIRCLE ( 'NONE', #5181, 2.000000000000001776 ) ;
#10485 = VECTOR ( 'NONE', #1126, 1000.000000000000000 ) ;
#10486 = EDGE_LOOP ( 'NONE', ( #3211, #11098 ) ) ;
#10487 = CARTESIAN_POINT ( 'NONE',  ( -15.00000000000039790, 115.0000000000000711, 5.000000000000000000 ) ) ;
#10488 = VERTEX_POINT ( 'NONE', #10521 ) ;
#10489 = DIRECTION ( 'NONE',  ( 1.000000000000000000, 0.000000000000000000, 0.000000000000000000 ) ) ;
#10490 = DIRECTION ( 'NONE',  ( 0.000000000000000000, 0.000000000000000000, 1.000000000000000000 ) ) ;
#10491 = DIRECTION ( 'NONE',  ( 1.000000000000000000, 0.000000000000000000, 0.000000000000000000 ) ) ;
#10492 = AXIS2_PLACEMENT_3D ( 'NONE', #11214, #5682, #9429 ) ;
#10493 = DIRECTION ( 'NONE',  ( 1.000000000000000000, 0.000000000000000000, 0.000000000000000000 ) ) ;
#10494 = CARTESIAN_POINT ( 'NONE',  ( -90.97499999999986642, 0.000000000000000000, 5.000000000000000000 ) ) ;
#10495 = ORIENTED_EDGE ( 'NONE', *, *, #8024, .T. ) ;
#10496 = VECTOR ( 'NONE', #9532, 1000.000000000000000 ) ;
#10497 = ORIENTED_EDGE ( 'NONE', *, *, #10974, .F. ) ;
#10498 = CARTESIAN_POINT ( 'NONE',  ( -4.538925740496074119E-13, 130.0000000000000000, 5.000000000000000000 ) ) ;
#10499 = ORIENTED_EDGE ( 'NONE', *, *, #4262, .T. ) ;
#10500 = AXIS2_PLACEMENT_3D ( 'NONE', #1347, #3258, #4169 ) ;
#10501 = ORIENTED_EDGE ( 'NONE', *, *, #3917, .T. ) ;
#10502 = AXIS2_PLACEMENT_3D ( 'NONE', #7695, #3085, #5727 ) ;
#10503 = DIRECTION ( 'NONE',  ( -0.000000000000000000, 0.000000000000000000, -1.000000000000000000 ) ) ;
#10504 = ORIENTED_EDGE ( 'NONE', *, *, #7523, .T. ) ;
#10505 = LINE ( 'NONE', #11545, #6569 ) ;
#10506 = DIRECTION ( 'NONE',  ( -0.000000000000000000, -0.000000000000000000, 1.000000000000000000 ) ) ;
#10507 = CYLINDRICAL_SURFACE ( 'NONE', #4890, 2.000000000000001776 ) ;
#10508 = LINE ( 'NONE', #5644, #8895 ) ;
#10509 = ORIENTED_EDGE ( 'NONE', *, *, #3740, .T. ) ;
#10510 = DIRECTION ( 'NONE',  ( -0.000000000000000000, -0.000000000000000000, 1.000000000000000000 ) ) ;
#10511 = VECTOR ( 'NONE', #923, 1000.000000000000000 ) ;
#10512 = EDGE_CURVE ( 'NONE', #3164, #3857, #5844, .T. ) ;
#10513 = AXIS2_PLACEMENT_3D ( 'NONE', #7729, #6067, #9816 ) ;
#10514 = ORIENTED_EDGE ( 'NONE', *, *, #7972, .T. ) ;
#10515 = EDGE_LOOP ( 'NONE', ( #10920, #8026 ) ) ;
#10516 = CIRCLE ( 'NONE', #5223, 2.000000000000001776 ) ;
#10517 = DIRECTION ( 'NONE',  ( 1.000000000000000000, 0.000000000000000000, 0.000000000000000000 ) ) ;
#10518 = DIRECTION ( 'NONE',  ( -0.000000000000000000, -0.000000000000000000, 1.000000000000000000 ) ) ;
#10519 = DIRECTION ( 'NONE',  ( -1.000000000000000000, 0.000000000000000000, 0.000000000000000000 ) ) ;
#10520 = ORIENTED_EDGE ( 'NONE', *, *, #73, .T. ) ;
#10521 = CARTESIAN_POINT ( 'NONE',  ( 18.99999999999982236, 34.00000000000036238, 0.000000000000000000 ) ) ;
#10522 = EDGE_CURVE ( 'NONE', #4965, #8066, #6490, .T. ) ;
#10523 = DIRECTION ( 'NONE',  ( -0.000000000000000000, -0.000000000000000000, 1.000000000000000000 ) ) ;
#10524 = ORIENTED_EDGE ( 'NONE', *, *, #11503, .F. ) ;
#10525 = DIRECTION ( 'NONE',  ( -0.000000000000000000, -0.000000000000000000, 1.000000000000000000 ) ) ;
#10526 = DIRECTION ( 'NONE',  ( 1.000000000000000000, 0.000000000000000000, 0.000000000000000000 ) ) ;
#10527 = AXIS2_PLACEMENT_3D ( 'NONE', #557, #3386, #7145 ) ;
#10528 = CARTESIAN_POINT ( 'NONE',  ( -2.000000000000000000, 2.449293598294706414E-16, 0.000000000000000000 ) ) ;
#10529 = EDGE_CURVE ( 'NONE', #8587, #503, #11995, .T. ) ;
#10530 = ORIENTED_EDGE ( 'NONE', *, *, #7064, .F. ) ;
#10531 = EDGE_CURVE ( 'NONE', #7457, #895, #3591, .T. ) ;
#10532 = EDGE_CURVE ( 'NONE', #5822, #325, #3356, .T. ) ;
#10533 = ORIENTED_EDGE ( 'NONE', *, *, #4419, .F. ) ;
#10534 = DIRECTION ( 'NONE',  ( 1.000000000000000000, 0.000000000000000000, 0.000000000000000000 ) ) ;
#10535 = CARTESIAN_POINT ( 'NONE',  ( 33.99999999999986500, 2.498001805406602216E-13, 5.000000000000000000 ) ) ;
#10536 = CARTESIAN_POINT ( 'NONE',  ( 48.99999999999962341, 51.00000000000071054, 5.000000000000000000 ) ) ;
#10537 = CYLINDRICAL_SURFACE ( 'NONE', #4434, 15.00000000000000000 ) ;
#10538 = ORIENTED_EDGE ( 'NONE', *, *, #6231, .F. ) ;
#10539 = LINE ( 'NONE', #4071, #4374 ) ;
#10540 = CARTESIAN_POINT ( 'NONE',  ( -31.99999999999980815, -17.00000000000034817, 0.000000000000000000 ) ) ;
#10541 = VERTEX_POINT ( 'NONE', #8263 ) ;
#10542 = EDGE_LOOP ( 'NONE', ( #5453, #10426, #7471, #2782 ) ) ;
#10543 = AXIS2_PLACEMENT_3D ( 'NONE', #4618, #9, #11138 ) ;
#10544 = ORIENTED_EDGE ( 'NONE', *, *, #5049, .F. ) ;
#10545 = CARTESIAN_POINT ( 'NONE',  ( -30.00000000000039790, 100.0000000000000142, 5.000000000000000000 ) ) ;
#10546 = VERTEX_POINT ( 'NONE', #1694 ) ;
#10547 = DIRECTION ( 'NONE',  ( 1.000000000000000000, 0.000000000000000000, 0.000000000000000000 ) ) ;
#10548 = DIRECTION ( 'NONE',  ( 0.7071067811865485719, 0.7071067811865465735, 0.000000000000000000 ) ) ;
#10549 = PLANE ( 'NONE',  #6871 ) ;
#10550 = EDGE_CURVE ( 'NONE', #4761, #11253, #12019, .T. ) ;
#10551 = CARTESIAN_POINT ( 'NONE',  ( 17.00000000000004263, -34.00000000000010658, 0.000000000000000000 ) ) ;
#10552 = DIRECTION ( 'NONE',  ( 0.000000000000000000, 0.000000000000000000, 1.000000000000000000 ) ) ;
#10553 = ORIENTED_EDGE ( 'NONE', *, *, #5238, .T. ) ;
#10554 = ORIENTED_EDGE ( 'NONE', *, *, #7178, .F. ) ;
#10555 = CYLINDRICAL_SURFACE ( 'NONE', #3962, 2.000000000000001776 ) ;
#10556 = VERTEX_POINT ( 'NONE', #8326 ) ;
#10557 = ORIENTED_EDGE ( 'NONE', *, *, #4818, .F. ) ;
#10558 = DIRECTION ( 'NONE',  ( -0.000000000000000000, -0.000000000000000000, -1.000000000000000000 ) ) ;
#10559 = ORIENTED_EDGE ( 'NONE', *, *, #5573, .T. ) ;
#10560 = CARTESIAN_POINT ( 'NONE',  ( 84.99999999999954525, 34.00000000000083844, 0.000000000000000000 ) ) ;
#10561 = DIRECTION ( 'NONE',  ( 1.000000000000000000, 0.000000000000000000, 0.000000000000000000 ) ) ;
#10562 = DIRECTION ( 'NONE',  ( -0.000000000000000000, -0.000000000000000000, 1.000000000000000000 ) ) ;
#10563 = EDGE_CURVE ( 'NONE', #8394, #1673, #6309, .T. ) ;
#10564 = CARTESIAN_POINT ( 'NONE',  ( -33.99999999999957367, -85.00000000000082423, 5.000000000000000000 ) ) ;
#10565 = EDGE_LOOP ( 'NONE', ( #7873, #727 ) ) ;
#10566 = CYLINDRICAL_SURFACE ( 'NONE', #8469, 2.000000000000001776 ) ;
#10567 = ORIENTED_EDGE ( 'NONE', *, *, #460, .F. ) ;
#10568 = ORIENTED_EDGE ( 'NONE', *, *, #8866, .F. ) ;
#10569 = ADVANCED_FACE ( 'NONE', ( #8204 ), #1577, .F. ) ;
#10570 = LINE ( 'NONE', #306, #7719 ) ;
#10571 = CARTESIAN_POINT ( 'NONE',  ( 50.99999999999962341, 51.00000000000071054, 0.000000000000000000 ) ) ;
#10572 = CARTESIAN_POINT ( 'NONE',  ( 99.99999999999994316, 29.99999999999999645, 5.000000000000000000 ) ) ;
#10573 = VERTEX_POINT ( 'NONE', #4398 ) ;
#10574 = DIRECTION ( 'NONE',  ( -0.000000000000000000, -0.000000000000000000, 1.000000000000000000 ) ) ;
#10575 = CARTESIAN_POINT ( 'NONE',  ( 14.99999999999992895, 1.390228074379740378E-13, 5.000000000000000000 ) ) ;
#10576 = ORIENTED_EDGE ( 'NONE', *, *, #3917, .F. ) ;
#10577 = CARTESIAN_POINT ( 'NONE',  ( 0.000000000000000000, -100.0000000000000142, 0.000000000000000000 ) ) ;
#10578 = LINE ( 'NONE', #11624, #10272 ) ;
#10579 = DIRECTION ( 'NONE',  ( -0.000000000000000000, 0.000000000000000000, 1.000000000000000000 ) ) ;
#10580 = VECTOR ( 'NONE', #10632, 1000.000000000000000 ) ;
#10581 = ORIENTED_EDGE ( 'NONE', *, *, #1870, .T. ) ;
#10582 = EDGE_CURVE ( 'NONE', #3805, #2166, #1811, .T. ) ;
#10583 = EDGE_CURVE ( 'NONE', #6845, #3298, #11208, .T. ) ;
#10584 = ORIENTED_EDGE ( 'NONE', *, *, #3980, .T. ) ;
#10585 = DIRECTION ( 'NONE',  ( -0.000000000000000000, -0.000000000000000000, 1.000000000000000000 ) ) ;
#10586 = CARTESIAN_POINT ( 'NONE',  ( -33.99999999999975131, -34.00000000000046896, 5.000000000000000000 ) ) ;
#10587 = CYLINDRICAL_SURFACE ( 'NONE', #5501, 2.000000000000001776 ) ;
#10588 = CARTESIAN_POINT ( 'NONE',  ( 75.97499999999996589, -90.97500000000002274, 5.000000000000000000 ) ) ;
#10589 = ORIENTED_EDGE ( 'NONE', *, *, #2805, .F. ) ;
#10590 = FACE_OUTER_BOUND ( 'NONE', #9315, .T. ) ;
#10591 = EDGE_CURVE ( 'NONE', #6358, #756, #7887, .T. ) ;
#10592 = DIRECTION ( 'NONE',  ( -1.000000000000000000, 4.550094363217858838E-15, 0.000000000000000000 ) ) ;
#10593 = VECTOR ( 'NONE', #1212, 1000.000000000000000 ) ;
#10594 = ORIENTED_EDGE ( 'NONE', *, *, #8778, .F. ) ;
#10596 = ORIENTED_EDGE ( 'NONE', *, *, #9013, .F. ) ;
#10595 = AXIS2_PLACEMENT_3D ( 'NONE', #2009, #9510, #12091 ) ;
#10597 = EDGE_CURVE ( 'NONE', #5900, #7103, #11018, .T. ) ;
#10598 = EDGE_CURVE ( 'NONE', #8441, #4761, #2730, .T. ) ;
#10599 = EDGE_CURVE ( 'NONE', #2334, #3974, #8152, .T. ) ;
#10600 = ORIENTED_EDGE ( 'NONE', *, *, #7356, .T. ) ;
#10601 = VECTOR ( 'NONE', #1275, 1000.000000000000000 ) ;
#10602 = DIRECTION ( 'NONE',  ( -1.000000000000000000, 0.000000000000000000, 0.000000000000000000 ) ) ;
#10603 = ORIENTED_EDGE ( 'NONE', *, *, #5934, .F. ) ;
#10604 = FACE_BOUND ( 'NONE', #5022, .T. ) ;
#10605 = DIRECTION ( 'NONE',  ( -0.000000000000000000, -0.000000000000000000, 1.000000000000000000 ) ) ;
#10606 = CARTESIAN_POINT ( 'NONE',  ( 82.99999999999994316, -84.99999999999998579, 5.000000000000000000 ) ) ;
#10607 = APPLICATION_PROTOCOL_DEFINITION ( 'draft international standard', 'automotive_design', 1998, #4717 ) ;
#10608 = DIRECTION ( 'NONE',  ( 1.000000000000000000, 0.000000000000000000, 0.000000000000000000 ) ) ;
#10609 = DIRECTION ( 'NONE',  ( 1.000000000000000000, 0.000000000000000000, 0.000000000000000000 ) ) ;
#10610 = VERTEX_POINT ( 'NONE', #7412 ) ;
#10611 = ORIENTED_EDGE ( 'NONE', *, *, #2621, .F. ) ;
#10612 = CARTESIAN_POINT ( 'NONE',  ( -65.99999999999960210, -34.00000000000070344, 5.000000000000000000 ) ) ;
#10613 = EDGE_CURVE ( 'NONE', #3183, #4850, #12137, .T. ) ;
#10614 = VERTEX_POINT ( 'NONE', #11910 ) ;
#10615 = ADVANCED_FACE ( 'NONE', ( #3530 ), #11097, .T. ) ;
#10616 = VERTEX_POINT ( 'NONE', #3479 ) ;
#10617 = DIRECTION ( 'NONE',  ( 0.000000000000000000, 0.000000000000000000, 1.000000000000000000 ) ) ;
#10618 = ORIENTED_EDGE ( 'NONE', *, *, #9995, .F. ) ;
#10619 = DIRECTION ( 'NONE',  ( 1.000000000000000000, 0.000000000000000000, 0.000000000000000000 ) ) ;
#10620 = CIRCLE ( 'NONE', #1767, 2.000000000000001776 ) ;
#10621 = DIRECTION ( 'NONE',  ( 0.000000000000000000, 0.000000000000000000, 1.000000000000000000 ) ) ;
#10622 = CARTESIAN_POINT ( 'NONE',  ( 33.99999999999980815, 17.00000000000036238, 5.000000000000000000 ) ) ;
#10623 = CIRCLE ( 'NONE', #6885, 2.000000000000001776 ) ;
#10624 = DIRECTION ( 'NONE',  ( 1.000000000000000000, 0.000000000000000000, 0.000000000000000000 ) ) ;
#10625 = EDGE_LOOP ( 'NONE', ( #10179, #12067 ) ) ;
#10626 = DIRECTION ( 'NONE',  ( -0.000000000000000000, -0.000000000000000000, 1.000000000000000000 ) ) ;
#10627 = VECTOR ( 'NONE', #6135, 1000.000000000000000 ) ;
#10628 = EDGE_LOOP ( 'NONE', ( #9821, #3998, #7170, #1236 ) ) ;
#10629 = EDGE_CURVE ( 'NONE', #11630, #8500, #6502, .T. ) ;
#10630 = ORIENTED_EDGE ( 'NONE', *, *, #9150, .T. ) ;
#10631 = CYLINDRICAL_SURFACE ( 'NONE', #9731, 2.000000000000000000 ) ;
#10632 = DIRECTION ( 'NONE',  ( -0.000000000000000000, -0.000000000000000000, 1.000000000000000000 ) ) ;
#10633 = CARTESIAN_POINT ( 'NONE',  ( -86.99999999999978684, 33.99999999999964473, 0.000000000000000000 ) ) ;
#10634 = CARTESIAN_POINT ( 'NONE',  ( 49.00000000000002842, -68.00000000000011369, 0.000000000000000000 ) ) ;
#10635 = CIRCLE ( 'NONE', #9244, 2.000000000000001776 ) ;
#10636 = EDGE_LOOP ( 'NONE', ( #11040, #4655 ) ) ;
#10637 = CARTESIAN_POINT ( 'NONE',  ( 67.99999999999984368, -33.99999999999975131, 5.000000000000000000 ) ) ;
#10638 = VERTEX_POINT ( 'NONE', #5389 ) ;
#10639 = DIRECTION ( 'NONE',  ( -0.000000000000000000, -0.000000000000000000, 1.000000000000000000 ) ) ;
#10640 = CARTESIAN_POINT ( 'NONE',  ( -9.714451465470119729E-14, 34.00000000000021316, 0.000000000000000000 ) ) ;
#10641 = DIRECTION ( 'NONE',  ( -0.000000000000000000, -0.000000000000000000, 1.000000000000000000 ) ) ;
#10642 = ORIENTED_EDGE ( 'NONE', *, *, #5852, .F. ) ;
#10643 = CIRCLE ( 'NONE', #9458, 2.000000000000000888 ) ;
#10644 = VERTEX_POINT ( 'NONE', #711 ) ;
#10645 = CARTESIAN_POINT ( 'NONE',  ( 92.49999999999984368, -92.50000000000011369, 0.000000000000000000 ) ) ;
#10646 = DIRECTION ( 'NONE',  ( 1.000000000000000000, 0.000000000000000000, 0.000000000000000000 ) ) ;
#10647 = VERTEX_POINT ( 'NONE', #4454 ) ;
#10648 = LINE ( 'NONE', #2231, #7675 ) ;
#10649 = CARTESIAN_POINT ( 'NONE',  ( 86.99999999999995737, -84.99999999999998579, 0.000000000000000000 ) ) ;
#10650 = ORIENTED_EDGE ( 'NONE', *, *, #10465, .F. ) ;
#10651 = DIRECTION ( 'NONE',  ( 0.000000000000000000, 0.000000000000000000, 1.000000000000000000 ) ) ;
#10652 = FACE_OUTER_BOUND ( 'NONE', #11779, .T. ) ;
#10653 = AXIS2_PLACEMENT_3D ( 'NONE', #6641, #3810, #5722 ) ;
#10654 = ORIENTED_EDGE ( 'NONE', *, *, #8975, .T. ) ;
#10655 = EDGE_CURVE ( 'NONE', #5992, #2302, #9857, .T. ) ;
#10656 = AXIS2_PLACEMENT_3D ( 'NONE', #5764, #10437, #902 ) ;
#10657 = AXIS2_PLACEMENT_3D ( 'NONE', #4059, #2098, #5848 ) ;
#10658 = ORIENTED_EDGE ( 'NONE', *, *, #10809, .T. ) ;
#10659 = AXIS2_PLACEMENT_3D ( 'NONE', #11592, #6851, #11720 ) ;
#10660 = VECTOR ( 'NONE', #5785, 1000.000000000000000 ) ;
#10661 = CARTESIAN_POINT ( 'NONE',  ( -52.99999999999980815, -3.328219780277174918E-13, 0.000000000000000000 ) ) ;
#10662 = VERTEX_POINT ( 'NONE', #4886 ) ;
#10663 = EDGE_CURVE ( 'NONE', #9974, #5469, #6705, .T. ) ;
#10664 = DIRECTION ( 'NONE',  ( 0.000000000000000000, 0.000000000000000000, 1.000000000000000000 ) ) ;
#10665 = LINE ( 'NONE', #3098, #6550 ) ;
#10666 = DIRECTION ( 'NONE',  ( 0.000000000000000000, 0.000000000000000000, 1.000000000000000000 ) ) ;
#10667 = FACE_BOUND ( 'NONE', #8524, .T. ) ;
#10668 = CYLINDRICAL_SURFACE ( 'NONE', #10659, 2.000000000000001776 ) ;
#10669 = CARTESIAN_POINT ( 'NONE',  ( -79.02499999999996305, -79.02499999999997726, 5.000000000000000000 ) ) ;
#10670 = VERTEX_POINT ( 'NONE', #6612 ) ;
#10671 = EDGE_LOOP ( 'NONE', ( #2069, #1033 ) ) ;
#10672 = DIRECTION ( 'NONE',  ( -0.000000000000000000, -0.000000000000000000, -1.000000000000000000 ) ) ;
#10673 = EDGE_CURVE ( 'NONE', #7316, #4947, #4734, .T. ) ;
#10674 = AXIS2_PLACEMENT_3D ( 'NONE', #11884, #9854, #3501 ) ;
#10675 = EDGE_LOOP ( 'NONE', ( #3065, #9331 ) ) ;
#10676 = ORIENTED_EDGE ( 'NONE', *, *, #7816, .T. ) ;
#10677 = LINE ( 'NONE', #9568, #3229 ) ;
#10678 = ORIENTED_EDGE ( 'NONE', *, *, #6798, .T. ) ;
#10679 = CARTESIAN_POINT ( 'NONE',  ( -67.99999999999948841, -68.00000000000095213, 0.000000000000000000 ) ) ;
#10680 = EDGE_CURVE ( 'NONE', #9528, #5617, #3952, .T. ) ;
#10681 = AXIS2_PLACEMENT_3D ( 'NONE', #4915, #8667, #4858 ) ;
#10682 = DIRECTION ( 'NONE',  ( -0.000000000000000000, -0.000000000000000000, 1.000000000000000000 ) ) ;
#10683 = DIRECTION ( 'NONE',  ( 1.000000000000000000, 0.000000000000000000, 0.000000000000000000 ) ) ;
#10684 = CARTESIAN_POINT ( 'NONE',  ( -50.99999999999997868, 51.00000000000001421, 0.000000000000000000 ) ) ;
#10685 = ORIENTED_EDGE ( 'NONE', *, *, #4054, .T. ) ;
#10686 = DIRECTION ( 'NONE',  ( 0.000000000000000000, 0.000000000000000000, 1.000000000000000000 ) ) ;
#10687 = EDGE_CURVE ( 'NONE', #10817, #11382, #11404, .T. ) ;
#10688 = AXIS2_PLACEMENT_3D ( 'NONE', #8838, #9831, #5232 ) ;
#10689 = VERTEX_POINT ( 'NONE', #6668 ) ;
#10690 = ORIENTED_EDGE ( 'NONE', *, *, #8992, .T. ) ;
#10691 = CARTESIAN_POINT ( 'NONE',  ( 114.9999999999999432, 29.99999999999999645, 0.000000000000000000 ) ) ;
#10692 = DIRECTION ( 'NONE',  ( 0.000000000000000000, 0.000000000000000000, 1.000000000000000000 ) ) ;
#10693 = CARTESIAN_POINT ( 'NONE',  ( -84.99999999999941735, -68.00000000000106581, 5.000000000000000000 ) ) ;
#10694 = CARTESIAN_POINT ( 'NONE',  ( -33.99999999999986500, -2.220446049250313081E-13, 0.000000000000000000 ) ) ;
#10695 = ORIENTED_EDGE ( 'NONE', *, *, #4204, .F. ) ;
#10696 = VECTOR ( 'NONE', #2262, 1000.000000000000000 ) ;
#10697 = LINE ( 'NONE', #5718, #3581 ) ;
#10698 = ORIENTED_EDGE ( 'NONE', *, *, #3427, .T. ) ;
#10699 = EDGE_CURVE ( 'NONE', #6221, #11707, #11619, .T. ) ;
#10700 = DIRECTION ( 'NONE',  ( 1.000000000000000000, 0.000000000000000000, 0.000000000000000000 ) ) ;
#10701 = DIRECTION ( 'NONE',  ( 1.000000000000000000, 0.000000000000000000, 0.000000000000000000 ) ) ;
#10702 = DIRECTION ( 'NONE',  ( -1.000000000000000000, -4.550094363217858838E-15, 0.000000000000000000 ) ) ;
#10703 = AXIS2_PLACEMENT_3D ( 'NONE', #120, #4658, #11370 ) ;
#10704 = VERTEX_POINT ( 'NONE', #1010 ) ;
#10705 = ORIENTED_EDGE ( 'NONE', *, *, #1798, .F. ) ;
#10706 = DIRECTION ( 'NONE',  ( -3.283314521725916504E-15, 1.000000000000000000, 0.000000000000000000 ) ) ;
#10707 = DIRECTION ( 'NONE',  ( 0.000000000000000000, 0.000000000000000000, 1.000000000000000000 ) ) ;
#10708 = CARTESIAN_POINT ( 'NONE',  ( -130.0000000000000000, 0.000000000000000000, 0.000000000000000000 ) ) ;
#10709 = ORIENTED_EDGE ( 'NONE', *, *, #6232, .F. ) ;
#10710 = CARTESIAN_POINT ( 'NONE',  ( 69.99999999999955946, 51.00000000000085265, 0.000000000000000000 ) ) ;
#10711 = AXIS2_PLACEMENT_3D ( 'NONE', #5777, #10331, #8600 ) ;
#10712 = CARTESIAN_POINT ( 'NONE',  ( -2.220446049250313081E-13, 68.00000000000042633, 5.000000000000000000 ) ) ;
#10713 = ORIENTED_EDGE ( 'NONE', *, *, #7906, .T. ) ;
#10714 = EDGE_CURVE ( 'NONE', #7890, #1016, #26, .T. ) ;
#10715 = CYLINDRICAL_SURFACE ( 'NONE', #9490, 2.000000000000001776 ) ;
#10716 = LINE ( 'NONE', #9601, #41 ) ;
#10717 = VERTEX_POINT ( 'NONE', #8580 ) ;
#10718 = ORIENTED_EDGE ( 'NONE', *, *, #2572, .T. ) ;
#10719 = VECTOR ( 'NONE', #604, 1000.000000000000000 ) ;
#10720 = EDGE_CURVE ( 'NONE', #12058, #3084, #2861, .T. ) ;
#10721 = LINE ( 'NONE', #11713, #5662 ) ;
#10722 = DIRECTION ( 'NONE',  ( 0.000000000000000000, 0.000000000000000000, 1.000000000000000000 ) ) ;
#10723 = LINE ( 'NONE', #2123, #5772 ) ;
#10724 = DIRECTION ( 'NONE',  ( 1.000000000000000000, 0.000000000000000000, 0.000000000000000000 ) ) ;
#10725 = FACE_BOUND ( 'NONE', #5267, .T. ) ;
#10726 = CARTESIAN_POINT ( 'NONE',  ( 1.563880763880307395E-12, -150.0000000000000000, 5.000000000000000000 ) ) ;
#10727 = DIRECTION ( 'NONE',  ( 1.000000000000000000, 0.000000000000000000, 0.000000000000000000 ) ) ;
#10728 = EDGE_LOOP ( 'NONE', ( #8536, #8581, #7589, #5559 ) ) ;
#10729 = VERTEX_POINT ( 'NONE', #2979 ) ;
#10730 = DIRECTION ( 'NONE',  ( 1.000000000000000000, 0.000000000000000000, 0.000000000000000000 ) ) ;
#10731 = AXIS2_PLACEMENT_3D ( 'NONE', #1923, #9223, #806 ) ;
#10732 = EDGE_LOOP ( 'NONE', ( #642, #4502 ) ) ;
#10733 = EDGE_LOOP ( 'NONE', ( #3738, #11559, #7000, #11133 ) ) ;
#10734 = EDGE_CURVE ( 'NONE', #10717, #7901, #4830, .T. ) ;
#10735 = CARTESIAN_POINT ( 'NONE',  ( -2.220446049250313081E-13, 68.00000000000042633, 0.000000000000000000 ) ) ;
#10736 = ORIENTED_EDGE ( 'NONE', *, *, #10761, .F. ) ;
#10737 = LINE ( 'NONE', #6991, #7951 ) ;
#10738 = VECTOR ( 'NONE', #8605, 1000.000000000000000 ) ;
#10739 = DIRECTION ( 'NONE',  ( 0.000000000000000000, 0.000000000000000000, 1.000000000000000000 ) ) ;
#10740 = CYLINDRICAL_SURFACE ( 'NONE', #11965, 2.000000000000000000 ) ;
#10741 = CARTESIAN_POINT ( 'NONE',  ( -75.97499999999996589, 79.02499999999996305, 0.000000000000000000 ) ) ;
#10742 = ORIENTED_EDGE ( 'NONE', *, *, #7903, .T. ) ;
#10743 = LINE ( 'NONE', #10003, #2392 ) ;
#10744 = EDGE_CURVE ( 'NONE', #220, #1928, #10234, .T. ) ;
#10745 = EDGE_CURVE ( 'NONE', #10610, #6740, #7715, .T. ) ;
#10746 = ADVANCED_FACE ( 'NONE', ( #3957 ), #7655, .F. ) ;
#10747 = ORIENTED_EDGE ( 'NONE', *, *, #6255, .T. ) ;
#10748 = EDGE_LOOP ( 'NONE', ( #7382, #9094 ) ) ;
#10749 = EDGE_CURVE ( 'NONE', #2526, #4931, #945, .T. ) ;
#10750 = CARTESIAN_POINT ( 'NONE',  ( 1.361677722148822135E-12, -130.0000000000000000, 5.000000000000000000 ) ) ;
#10751 = CARTESIAN_POINT ( 'NONE',  ( 90.97499999999986642, 79.02499999999997726, 5.000000000000000000 ) ) ;
#10752 = DIRECTION ( 'NONE',  ( 1.000000000000000000, 0.000000000000000000, 0.000000000000000000 ) ) ;
#10753 = CARTESIAN_POINT ( 'NONE',  ( -79.02499999999996305, 90.97500000000000853, 0.000000000000000000 ) ) ;
#10754 = ORIENTED_EDGE ( 'NONE', *, *, #4413, .F. ) ;
#10755 = DIRECTION ( 'NONE',  ( -0.000000000000000000, -0.000000000000000000, 1.000000000000000000 ) ) ;
#10756 = VERTEX_POINT ( 'NONE', #5876 ) ;
#10757 = DIRECTION ( 'NONE',  ( -0.000000000000000000, -0.000000000000000000, 1.000000000000000000 ) ) ;
#10758 = CARTESIAN_POINT ( 'NONE',  ( 36.00000000000015632, -85.00000000000035527, 5.000000000000000000 ) ) ;
#10759 = FACE_OUTER_BOUND ( 'NONE', #3214, .T. ) ;
#10760 = ORIENTED_EDGE ( 'NONE', *, *, #1851, .T. ) ;
#10761 = EDGE_CURVE ( 'NONE', #3233, #3298, #5817, .T. ) ;
#10762 = VERTEX_POINT ( 'NONE', #1140 ) ;
#10763 = CARTESIAN_POINT ( 'NONE',  ( -35.99999999999963052, -68.00000000000069633, 0.000000000000000000 ) ) ;
#10764 = LINE ( 'NONE', #4993, #6969 ) ;
#10765 = DIRECTION ( 'NONE',  ( 0.000000000000000000, 0.000000000000000000, -1.000000000000000000 ) ) ;
#10766 = ORIENTED_EDGE ( 'NONE', *, *, #7972, .F. ) ;
#10767 = DIRECTION ( 'NONE',  ( 0.000000000000000000, 0.000000000000000000, 1.000000000000000000 ) ) ;
#10768 = CARTESIAN_POINT ( 'NONE',  ( 15.00000000000120082, -115.0000000000001705, 0.000000000000000000 ) ) ;
#10769 = ORIENTED_EDGE ( 'NONE', *, *, #6037, .T. ) ;
#10770 = CARTESIAN_POINT ( 'NONE',  ( 84.99999999999971578, -16.99999999999951683, 0.000000000000000000 ) ) ;
#10771 = DIRECTION ( 'NONE',  ( 1.000000000000000000, 0.000000000000000000, 0.000000000000000000 ) ) ;
#10772 = ORIENTED_EDGE ( 'NONE', *, *, #11726, .F. ) ;
#10773 = VECTOR ( 'NONE', #490, 1000.000000000000000 ) ;
#10774 = EDGE_CURVE ( 'NONE', #3444, #8178, #4531, .T. ) ;
#10775 = EDGE_CURVE ( 'NONE', #2118, #5493, #10836, .T. ) ;
#10776 = ORIENTED_EDGE ( 'NONE', *, *, #188, .F. ) ;
#10777 = CARTESIAN_POINT ( 'NONE',  ( 99.99999999999994316, 29.99999999999999645, 0.000000000000000000 ) ) ;
#10778 = DIRECTION ( 'NONE',  ( -0.000000000000000000, -0.000000000000000000, 1.000000000000000000 ) ) ;
#10779 = CIRCLE ( 'NONE', #3323, 2.000000000000001776 ) ;
#10780 = DIRECTION ( 'NONE',  ( 1.000000000000000000, 0.000000000000000000, 0.000000000000000000 ) ) ;
#10781 = DIRECTION ( 'NONE',  ( -0.000000000000000000, -0.000000000000000000, 1.000000000000000000 ) ) ;
#10782 = FACE_BOUND ( 'NONE', #2236, .T. ) ;
#10783 = DIRECTION ( 'NONE',  ( 1.000000000000000000, 0.000000000000000000, 0.000000000000000000 ) ) ;
#10784 = CARTESIAN_POINT ( 'NONE',  ( -66.00000000000001421, 85.00000000000015632, 0.000000000000000000 ) ) ;
#10785 = CARTESIAN_POINT ( 'NONE',  ( -50.99999999999950262, -85.00000000000093792, 5.000000000000000000 ) ) ;
#10786 = ORIENTED_EDGE ( 'NONE', *, *, #9617, .T. ) ;
#10787 = ORIENTED_EDGE ( 'NONE', *, *, #1959, .T. ) ;
#10788 = FACE_OUTER_BOUND ( 'NONE', #6207, .T. ) ;
#10789 = AXIS2_PLACEMENT_3D ( 'NONE', #5387, #4505, #12078 ) ;
#10790 = VECTOR ( 'NONE', #10248, 1000.000000000000000 ) ;
#10791 = ORIENTED_EDGE ( 'NONE', *, *, #3325, .T. ) ;
#10792 = VERTEX_POINT ( 'NONE', #2126 ) ;
#10793 = DIRECTION ( 'NONE',  ( -0.000000000000000000, -0.000000000000000000, 1.000000000000000000 ) ) ;
#10794 = ORIENTED_EDGE ( 'NONE', *, *, #10177, .T. ) ;
#10795 = CARTESIAN_POINT ( 'NONE',  ( 67.99999999999967315, 17.00000000000059686, 5.000000000000000000 ) ) ;
#10796 = LINE ( 'NONE', #4220, #10482 ) ;
#10797 = DIRECTION ( 'NONE',  ( 1.000000000000000000, 0.000000000000000000, 0.000000000000000000 ) ) ;
#10798 = CARTESIAN_POINT ( 'NONE',  ( 3.053113317719180486E-13, -85.00000000000055422, 5.000000000000000000 ) ) ;
#10799 = FACE_OUTER_BOUND ( 'NONE', #8413, .T. ) ;
#10800 = CIRCLE ( 'NONE', #12171, 2.000000000000001776 ) ;
#10801 = VERTEX_POINT ( 'NONE', #4945 ) ;
#10802 = AXIS2_PLACEMENT_3D ( 'NONE', #5868, #3095, #5007 ) ;
#10803 = CARTESIAN_POINT ( 'NONE',  ( -84.99999999999990052, 67.99999999999990052, 0.000000000000000000 ) ) ;
#10804 = AXIS2_PLACEMENT_3D ( 'NONE', #9761, #1334, #5028 ) ;
#10805 = ADVANCED_FACE ( 'NONE', ( #10424 ), #11288, .F. ) ;
#10806 = EDGE_LOOP ( 'NONE', ( #1141, #5065, #1154, #720 ) ) ;
#10807 = AXIS2_PLACEMENT_3D ( 'NONE', #1259, #10666, #4201 ) ;
#10808 = EDGE_LOOP ( 'NONE', ( #9345, #2509, #9359, #5850 ) ) ;
#10809 = EDGE_CURVE ( 'NONE', #5867, #10828, #2916, .T. ) ;
#10810 = DIRECTION ( 'NONE',  ( 1.000000000000000000, 0.000000000000000000, 0.000000000000000000 ) ) ;
#10811 = LINE ( 'NONE', #5039, #949 ) ;
#10812 = CARTESIAN_POINT ( 'NONE',  ( 66.00000000000001421, -85.00000000000011369, 0.000000000000000000 ) ) ;
#10813 = EDGE_CURVE ( 'NONE', #1784, #9323, #6187, .T. ) ;
#10814 = CARTESIAN_POINT ( 'NONE',  ( 53.00000000000003553, -68.00000000000011369, 0.000000000000000000 ) ) ;
#10815 = ORIENTED_EDGE ( 'NONE', *, *, #2508, .T. ) ;
#10816 = CARTESIAN_POINT ( 'NONE',  ( 2.000000000000250910, -68.00000000000044054, 0.000000000000000000 ) ) ;
#10817 = VERTEX_POINT ( 'NONE', #3227 ) ;
#10818 = DIRECTION ( 'NONE',  ( 0.000000000000000000, 0.000000000000000000, -1.000000000000000000 ) ) ;
#10819 = DIRECTION ( 'NONE',  ( 1.000000000000000000, 0.000000000000000000, 0.000000000000000000 ) ) ;
#10820 = ADVANCED_FACE ( 'NONE', ( #1449 ), #5071, .F. ) ;
#10821 = ORIENTED_EDGE ( 'NONE', *, *, #597, .T. ) ;
#10822 = ORIENTED_EDGE ( 'NONE', *, *, #8267, .F. ) ;
#10823 = AXIS2_PLACEMENT_3D ( 'NONE', #7564, #8291, #4603 ) ;
#10824 = CARTESIAN_POINT ( 'NONE',  ( -82.99999999999967315, -5.828670879282071837E-13, 0.000000000000000000 ) ) ;
#10825 = CARTESIAN_POINT ( 'NONE',  ( 1.999999999999542144, 130.0000000000000000, 0.000000000000000000 ) ) ;
#10826 = DIRECTION ( 'NONE',  ( 1.000000000000000000, 0.000000000000000000, 0.000000000000000000 ) ) ;
#10827 = EDGE_CURVE ( 'NONE', #5595, #6408, #4932, .T. ) ;
#10828 = VERTEX_POINT ( 'NONE', #6852 ) ;
#10829 = CARTESIAN_POINT ( 'NONE',  ( 90.97499999999986642, -79.02499999999997726, 5.000000000000000000 ) ) ;
#10830 = DIRECTION ( 'NONE',  ( 1.000000000000000000, 0.000000000000000000, 0.000000000000000000 ) ) ;
#10831 = ORIENTED_EDGE ( 'NONE', *, *, #1610, .T. ) ;
#10832 = DIRECTION ( 'NONE',  ( 0.000000000000000000, 0.000000000000000000, 1.000000000000000000 ) ) ;
#10833 = CYLINDRICAL_SURFACE ( 'NONE', #237, 2.000000000000001776 ) ;
#10834 = ORIENTED_EDGE ( 'NONE', *, *, #2544, .T. ) ;
#10835 = EDGE_CURVE ( 'NONE', #8672, #9503, #8670, .T. ) ;
#10836 = CIRCLE ( 'NONE', #9051, 2.000000000000001776 ) ;
#10837 = AXIS2_PLACEMENT_3D ( 'NONE', #3594, #1885, #7235 ) ;
#10838 = ORIENTED_EDGE ( 'NONE', *, *, #11364, .T. ) ;
#10839 = FACE_OUTER_BOUND ( 'NONE', #7759, .T. ) ;
#10840 = DIRECTION ( 'NONE',  ( 0.000000000000000000, 0.000000000000000000, 1.000000000000000000 ) ) ;
#10841 = AXIS2_PLACEMENT_3D ( 'NONE', #6837, #327, #11577 ) ;
#10843 = DIRECTION ( 'NONE',  ( 1.000000000000000000, 0.000000000000000000, -0.000000000000000000 ) ) ;
#10842 = CIRCLE ( 'NONE', #5532, 2.000000000000001776 ) ;
#10844 = CARTESIAN_POINT ( 'NONE',  ( -67.99999999999974420, -4.579669976578770729E-13, 5.000000000000000000 ) ) ;
#10845 = FACE_BOUND ( 'NONE', #6125, .T. ) ;
#10846 = CARTESIAN_POINT ( 'NONE',  ( 34.00000000000003553, -51.00000000000010658, 5.000000000000000000 ) ) ;
#10847 = DIRECTION ( 'NONE',  ( -0.000000000000000000, -0.000000000000000000, 1.000000000000000000 ) ) ;
#10848 = ORIENTED_EDGE ( 'NONE', *, *, #2920, .T. ) ;
#10849 = VERTEX_POINT ( 'NONE', #5014 ) ;
#10850 = LINE ( 'NONE', #6191, #2997 ) ;
#10851 = EDGE_CURVE ( 'NONE', #5900, #6101, #2184, .T. ) ;
#10852 = CIRCLE ( 'NONE', #9272, 2.000000000000001776 ) ;
#10853 = CIRCLE ( 'NONE', #250, 15.00000000000000000 ) ;
#10854 = VECTOR ( 'NONE', #1448, 1000.000000000000000 ) ;
#10855 = ORIENTED_EDGE ( 'NONE', *, *, #8678, .F. ) ;
#10856 = ADVANCED_BREP_SHAPE_REPRESENTATION ( '\X2\4e9a514b529b677f\X0\', ( #11074, #2436 ), #9489 ) ;
#10857 = ORIENTED_EDGE ( 'NONE', *, *, #396, .F. ) ;
#10858 = AXIS2_PLACEMENT_3D ( 'NONE', #11960, #1082, #9432 ) ;
#10859 = ORIENTED_EDGE ( 'NONE', *, *, #4269, .T. ) ;
#10860 = FACE_BOUND ( 'NONE', #811, .T. ) ;
#10861 = LINE ( 'NONE', #2501, #4371 ) ;
#10862 = FACE_OUTER_BOUND ( 'NONE', #11330, .T. ) ;
#10863 = CIRCLE ( 'NONE', #9488, 2.000000000000001776 ) ;
#10864 = DIRECTION ( 'NONE',  ( 0.000000000000000000, 0.000000000000000000, 1.000000000000000000 ) ) ;
#10866 = DIRECTION ( 'NONE',  ( 1.000000000000000000, 0.000000000000000000, 0.000000000000000000 ) ) ;
#10865 = AXIS2_PLACEMENT_3D ( 'NONE', #11808, #3378, #5289 ) ;
#10867 = ORIENTED_EDGE ( 'NONE', *, *, #10687, .F. ) ;
#10868 = AXIS2_PLACEMENT_3D ( 'NONE', #7035, #9746, #5132 ) ;
#10869 = CARTESIAN_POINT ( 'NONE',  ( 0.000000000000000000, 75.97499999999998010, 5.000000000000000000 ) ) ;
#10870 = EDGE_CURVE ( 'NONE', #1404, #8839, #2974, .T. ) ;
#10871 = VERTEX_POINT ( 'NONE', #3162 ) ;
#10872 = AXIS2_PLACEMENT_3D ( 'NONE', #1274, #11673, #10561 ) ;
#10873 = ORIENTED_EDGE ( 'NONE', *, *, #9753, .F. ) ;
#10874 = CIRCLE ( 'NONE', #10274, 2.000000000000000000 ) ;
#10875 = CYLINDRICAL_SURFACE ( 'NONE', #1031, 2.000000000000001776 ) ;
#10876 = CARTESIAN_POINT ( 'NONE',  ( 35.99999999999980815, 17.00000000000036238, 0.000000000000000000 ) ) ;
#10877 = EDGE_CURVE ( 'NONE', #8847, #10329, #8757, .T. ) ;
#10878 = DIRECTION ( 'NONE',  ( -0.000000000000000000, -0.000000000000000000, 1.000000000000000000 ) ) ;
#10879 = DIRECTION ( 'NONE',  ( 0.000000000000000000, -1.000000000000000000, 0.000000000000000000 ) ) ;
#10880 = EDGE_LOOP ( 'NONE', ( #5616, #10433 ) ) ;
#10881 = DIRECTION ( 'NONE',  ( 1.000000000000000000, 0.000000000000000000, 0.000000000000000000 ) ) ;
#10882 = AXIS2_PLACEMENT_3D ( 'NONE', #457, #6053, #1319 ) ;
#10883 = FACE_OUTER_BOUND ( 'NONE', #6394, .T. ) ;
#10884 = FACE_OUTER_BOUND ( 'NONE', #9509, .T. ) ;
#10885 = AXIS2_PLACEMENT_3D ( 'NONE', #11820, #3393, #2474 ) ;
#10886 = VERTEX_POINT ( 'NONE', #2365 ) ;
#10887 = ORIENTED_EDGE ( 'NONE', *, *, #5193, .T. ) ;
#10888 = VECTOR ( 'NONE', #7063, 1000.000000000000000 ) ;
#10889 = AXIS2_PLACEMENT_3D ( 'NONE', #6802, #7908, #4217 ) ;
#10890 = DIRECTION ( 'NONE',  ( 1.000000000000000000, 0.000000000000000000, 0.000000000000000000 ) ) ;
#10891 = EDGE_CURVE ( 'NONE', #6486, #8122, #10635, .T. ) ;
#10892 = CARTESIAN_POINT ( 'NONE',  ( -14.99999999999880629, -114.9999999999998721, 0.000000000000000000 ) ) ;
#10893 = EDGE_LOOP ( 'NONE', ( #5719, #2531 ) ) ;
#10894 = LINE ( 'NONE', #1546, #11604 ) ;
#10895 = CARTESIAN_POINT ( 'NONE',  ( -33.99999999999986500, -2.220446049250313081E-13, 0.000000000000000000 ) ) ;
#10896 = VERTEX_POINT ( 'NONE', #1383 ) ;
#10897 = DIRECTION ( 'NONE',  ( 1.000000000000000000, 0.000000000000000000, 0.000000000000000000 ) ) ;
#10898 = DIRECTION ( 'NONE',  ( 1.000000000000000000, 0.000000000000000000, 0.000000000000000000 ) ) ;
#10899 = AXIS2_PLACEMENT_3D ( 'NONE', #8361, #10464, #10208 ) ;
#10900 = EDGE_CURVE ( 'NONE', #10180, #4931, #5133, .T. ) ;
#10901 = AXIS2_PLACEMENT_3D ( 'NONE', #11588, #10722, #8630 ) ;
#10902 = EDGE_CURVE ( 'NONE', #8212, #2784, #9747, .T. ) ;
#10903 = EDGE_CURVE ( 'NONE', #6740, #7297, #523, .T. ) ;
#10904 = ORIENTED_EDGE ( 'NONE', *, *, #5251, .T. ) ;
#10905 = VECTOR ( 'NONE', #10451, 1000.000000000000000 ) ;
#10906 = CARTESIAN_POINT ( 'NONE',  ( -86.99999999999943157, -68.00000000000106581, 5.000000000000000000 ) ) ;
#10907 = DIRECTION ( 'NONE',  ( 1.000000000000000000, 0.000000000000000000, 0.000000000000000000 ) ) ;
#10908 = CYLINDRICAL_SURFACE ( 'NONE', #4982, 2.000000000000001776 ) ;
#10909 = CARTESIAN_POINT ( 'NONE',  ( 31.99999999999957012, 85.00000000000085265, 0.000000000000000000 ) ) ;
#10910 = FACE_BOUND ( 'NONE', #11842, .T. ) ;
#10911 = DIRECTION ( 'NONE',  ( -1.000000000000000000, -3.283314521725916898E-15, 0.000000000000000000 ) ) ;
#10912 = FACE_OUTER_BOUND ( 'NONE', #5716, .T. ) ;
#10913 = ORIENTED_EDGE ( 'NONE', *, *, #8564, .F. ) ;
#10914 = ORIENTED_EDGE ( 'NONE', *, *, #664, .F. ) ;
#10915 = DIRECTION ( 'NONE',  ( 0.000000000000000000, 0.000000000000000000, 1.000000000000000000 ) ) ;
#10916 = VECTOR ( 'NONE', #10765, 1000.000000000000000 ) ;
#10917 = ORIENTED_EDGE ( 'NONE', *, *, #533, .F. ) ;
#10918 = ORIENTED_EDGE ( 'NONE', *, *, #3082, .F. ) ;
#10919 = EDGE_CURVE ( 'NONE', #6499, #199, #1261, .T. ) ;
#10920 = ORIENTED_EDGE ( 'NONE', *, *, #7889, .T. ) ;
#10921 = FACE_BOUND ( 'NONE', #7752, .T. ) ;
#10922 = FACE_OUTER_BOUND ( 'NONE', #8958, .T. ) ;
#10923 = CARTESIAN_POINT ( 'NONE',  ( -114.9999999999999432, 30.00000000000001421, 5.000000000000000000 ) ) ;
#10924 = CARTESIAN_POINT ( 'NONE',  ( -84.99999999999937472, -85.00000000000117950, 0.000000000000000000 ) ) ;
#10925 = DIRECTION ( 'NONE',  ( -1.000000000000000000, 0.000000000000000000, 0.000000000000000000 ) ) ;
#10926 = ORIENTED_EDGE ( 'NONE', *, *, #1346, .F. ) ;
#10927 = CIRCLE ( 'NONE', #6406, 2.000000000000001776 ) ;
#10928 = CARTESIAN_POINT ( 'NONE',  ( 84.99999999999984368, -50.99999999999975131, 0.000000000000000000 ) ) ;
#10929 = ORIENTED_EDGE ( 'NONE', *, *, #1819, .F. ) ;
#10930 = ORIENTED_EDGE ( 'NONE', *, *, #4341, .F. ) ;
#10931 = VECTOR ( 'NONE', #5057, 1000.000000000000000 ) ;
#10932 = EDGE_CURVE ( 'NONE', #4888, #8008, #3347, .T. ) ;
#10933 = DIRECTION ( 'NONE',  ( 1.000000000000000000, 0.000000000000000000, 0.000000000000000000 ) ) ;
#10934 = CARTESIAN_POINT ( 'NONE',  ( 84.99999999999954525, 34.00000000000083844, 5.000000000000000000 ) ) ;
#10935 = CARTESIAN_POINT ( 'NONE',  ( 18.99999999999964118, 85.00000000000073896, 0.000000000000000000 ) ) ;
#10936 = DIRECTION ( 'NONE',  ( 1.000000000000000000, 0.000000000000000000, 0.000000000000000000 ) ) ;
#10937 = ORIENTED_EDGE ( 'NONE', *, *, #7345, .T. ) ;
#10938 = PLANE ( 'NONE',  #261 ) ;
#10939 = CARTESIAN_POINT ( 'NONE',  ( -75.97499999999996589, -75.97499999999998010, 5.000000000000000000 ) ) ;
#10940 = DIRECTION ( 'NONE',  ( -0.000000000000000000, -0.000000000000000000, 1.000000000000000000 ) ) ;
#10941 = AXIS2_PLACEMENT_3D ( 'NONE', #8476, #58, #4477 ) ;
#10942 = ORIENTED_EDGE ( 'NONE', *, *, #10231, .T. ) ;
#10943 = ORIENTED_EDGE ( 'NONE', *, *, #10827, .T. ) ;
#10944 = CARTESIAN_POINT ( 'NONE',  ( -31.99999999999957012, -85.00000000000082423, 0.000000000000000000 ) ) ;
#10945 = CARTESIAN_POINT ( 'NONE',  ( 84.99999999999971578, -16.99999999999951683, 0.000000000000000000 ) ) ;
#10946 = ORIENTED_EDGE ( 'NONE', *, *, #1036, .F. ) ;
#10947 = DIRECTION ( 'NONE',  ( 0.000000000000000000, 1.000000000000000000, -0.000000000000000000 ) ) ;
#10948 = CARTESIAN_POINT ( 'NONE',  ( -4.640641421447204258E-13, 135.0000000000000000, 0.000000000000000000 ) ) ;
#10949 = ORIENTED_EDGE ( 'NONE', *, *, #1486, .F. ) ;
#10950 = CARTESIAN_POINT ( 'NONE',  ( 67.99999999999948841, 68.00000000000098055, 0.000000000000000000 ) ) ;
#10951 = DIRECTION ( 'NONE',  ( 1.000000000000000000, 0.000000000000000000, 0.000000000000000000 ) ) ;
#10952 = ADVANCED_FACE ( 'NONE', ( #7962 ), #7899, .F. ) ;
#10953 = ADVANCED_FACE ( 'NONE', ( #11721 ), #6914, .F. ) ;
#10954 = ORIENTED_EDGE ( 'NONE', *, *, #9229, .T. ) ;
#10955 = LINE ( 'NONE', #10196, #3315 ) ;
#10956 = CARTESIAN_POINT ( 'NONE',  ( -86.99999999999943157, -68.00000000000106581, 0.000000000000000000 ) ) ;
#10957 = EDGE_CURVE ( 'NONE', #9549, #6299, #8076, .T. ) ;
#10958 = DIRECTION ( 'NONE',  ( -0.000000000000000000, -0.000000000000000000, 1.000000000000000000 ) ) ;
#10959 = DIRECTION ( 'NONE',  ( 1.000000000000000000, -3.053113317719180486E-14, 0.000000000000000000 ) ) ;
#10960 = FACE_BOUND ( 'NONE', #2439, .T. ) ;
#10961 = EDGE_CURVE ( 'NONE', #6915, #3600, #11777, .T. ) ;
#10962 = DIRECTION ( 'NONE',  ( -0.000000000000000000, -0.000000000000000000, 1.000000000000000000 ) ) ;
#10963 = CARTESIAN_POINT ( 'NONE',  ( -50.99999999999992184, 33.99999999999989342, 0.000000000000000000 ) ) ;
#10964 = VERTEX_POINT ( 'NONE', #2489 ) ;
#10965 = ORIENTED_EDGE ( 'NONE', *, *, #11428, .T. ) ;
#10966 = DIRECTION ( 'NONE',  ( -0.000000000000000000, -0.000000000000000000, 1.000000000000000000 ) ) ;
#10967 = ORIENTED_EDGE ( 'NONE', *, *, #65, .T. ) ;
#10968 = ORIENTED_EDGE ( 'NONE', *, *, #4048, .T. ) ;
#10969 = AXIS2_PLACEMENT_3D ( 'NONE', #12161, #9979, #628 ) ;
#10970 = ORIENTED_EDGE ( 'NONE', *, *, #9156, .T. ) ;
#10971 = FACE_BOUND ( 'NONE', #6610, .T. ) ;
#10972 = CARTESIAN_POINT ( 'NONE',  ( 31.99999999999974420, 34.00000000000047606, 0.000000000000000000 ) ) ;
#10973 = CARTESIAN_POINT ( 'NONE',  ( 16.99999999999998579, -16.99999999999998579, 5.000000000000000000 ) ) ;
#10974 = EDGE_CURVE ( 'NONE', #6403, #6511, #9452, .T. ) ;
#10975 = DIRECTION ( 'NONE',  ( -0.000000000000000000, -0.000000000000000000, 1.000000000000000000 ) ) ;
#10976 = DIRECTION ( 'NONE',  ( -1.047444401652940638E-14, 1.000000000000000000, 0.000000000000000000 ) ) ;
#10977 = ORIENTED_EDGE ( 'NONE', *, *, #2585, .T. ) ;
#10978 = DIRECTION ( 'NONE',  ( -0.000000000000000000, 0.000000000000000000, -1.000000000000000000 ) ) ;
#10979 = AXIS2_PLACEMENT_3D ( 'NONE', #10010, #903, #9191 ) ;
#10980 = AXIS2_PLACEMENT_3D ( 'NONE', #5240, #8213, #7420 ) ;
#10981 = EDGE_CURVE ( 'NONE', #8206, #8496, #4745, .T. ) ;
#10982 = ORIENTED_EDGE ( 'NONE', *, *, #7816, .F. ) ;
#10983 = VERTEX_POINT ( 'NONE', #8248 ) ;
#10984 = ORIENTED_EDGE ( 'NONE', *, *, #7663, .T. ) ;
#10985 = AXIS2_PLACEMENT_3D ( 'NONE', #9559, #6548, #10303 ) ;
#10986 = DIRECTION ( 'NONE',  ( -0.000000000000000000, -0.000000000000000000, 1.000000000000000000 ) ) ;
#10988 = AXIS2_PLACEMENT_3D ( 'NONE', #6661, #2853, #7647 ) ;
#10987 = CARTESIAN_POINT ( 'NONE',  ( 75.97499999999996589, 0.000000000000000000, 0.000000000000000000 ) ) ;
#10989 = FACE_BOUND ( 'NONE', #6504, .T. ) ;
#10990 = DIRECTION ( 'NONE',  ( 1.000000000000000000, 0.000000000000000000, 0.000000000000000000 ) ) ;
#10991 = ORIENTED_EDGE ( 'NONE', *, *, #5884, .F. ) ;
#10992 = CARTESIAN_POINT ( 'NONE',  ( -75.97499999999996589, -94.02500000000000568, 5.000000000000000000 ) ) ;
#10993 = CYLINDRICAL_SURFACE ( 'NONE', #3399, 2.000000000000001776 ) ;
#10994 = ADVANCED_FACE ( 'NONE', ( #2714 ), #810, .F. ) ;
#10995 = AXIS2_PLACEMENT_3D ( 'NONE', #3159, #2179, #9615 ) ;
#10996 = ORIENTED_EDGE ( 'NONE', *, *, #11952, .F. ) ;
#10997 = AXIS2_PLACEMENT_3D ( 'NONE', #4963, #8030, #4157 ) ;
#10998 = ORIENTED_EDGE ( 'NONE', *, *, #8624, .T. ) ;
#10999 = DIRECTION ( 'NONE',  ( -0.000000000000000000, 0.000000000000000000, 1.000000000000000000 ) ) ;
#11000 = LINE ( 'NONE', #8227, #6787 ) ;
#11001 = AXIS2_PLACEMENT_3D ( 'NONE', #4125, #260, #7698 ) ;
#11002 = ORIENTED_EDGE ( 'NONE', *, *, #9439, .T. ) ;
#11003 = DIRECTION ( 'NONE',  ( 0.000000000000000000, 0.000000000000000000, 1.000000000000000000 ) ) ;
#11004 = DIRECTION ( 'NONE',  ( 1.000000000000000000, 0.000000000000000000, 0.000000000000000000 ) ) ;
#11005 = ORIENTED_EDGE ( 'NONE', *, *, #2850, .T. ) ;
#11006 = FACE_OUTER_BOUND ( 'NONE', #7878, .T. ) ;
#11007 = CARTESIAN_POINT ( 'NONE',  ( -36.00000000000009948, 68.00000000000025580, 0.000000000000000000 ) ) ;
#11008 = VECTOR ( 'NONE', #9465, 1000.000000000000000 ) ;
#11009 = EDGE_LOOP ( 'NONE', ( #6530, #2678, #11740, #1262 ) ) ;
#11010 = CARTESIAN_POINT ( 'NONE',  ( 90.97499999999986642, 75.97499999999998010, 5.000000000000000000 ) ) ;
#11011 = DIRECTION ( 'NONE',  ( 1.000000000000000000, 0.000000000000000000, 0.000000000000000000 ) ) ;
#11012 = DIRECTION ( 'NONE',  ( 0.000000000000000000, 1.000000000000000000, 0.000000000000000000 ) ) ;
#11013 = CYLINDRICAL_SURFACE ( 'NONE', #4704, 2.000000000000001776 ) ;
#11014 = EDGE_CURVE ( 'NONE', #2104, #1068, #6323, .T. ) ;
#11015 = FACE_BOUND ( 'NONE', #9715, .T. ) ;
#11016 = CARTESIAN_POINT ( 'NONE',  ( -94.02499999999986358, 75.97499999999998010, 5.000000000000000000 ) ) ;
#11017 = DIRECTION ( 'NONE',  ( 1.000000000000000000, 0.000000000000000000, 0.000000000000000000 ) ) ;
#11018 = CIRCLE ( 'NONE', #2769, 2.000000000000001776 ) ;
#11019 = VERTEX_POINT ( 'NONE', #9050 ) ;
#11020 = EDGE_LOOP ( 'NONE', ( #8996, #4295 ) ) ;
#11021 = ORIENTED_EDGE ( 'NONE', *, *, #11747, .T. ) ;
#11022 = EDGE_CURVE ( 'NONE', #9425, #8749, #2599, .T. ) ;
#11023 = COLOUR_RGB ( '',0.7921568627450980005, 0.8196078431372548767, 0.9333333333333333481 ) ;
#11024 = ORIENTED_EDGE ( 'NONE', *, *, #8246, .T. ) ;
#11025 = AXIS2_PLACEMENT_3D ( 'NONE', #2506, #7052, #7182 ) ;
#11027 = ORIENTED_EDGE ( 'NONE', *, *, #3434, .F. ) ;
#11026 = AXIS2_PLACEMENT_3D ( 'NONE', #6266, #10013, #726 ) ;
#11028 = FACE_BOUND ( 'NONE', #11871, .T. ) ;
#11029 = DIRECTION ( 'NONE',  ( -0.000000000000000000, -0.000000000000000000, 1.000000000000000000 ) ) ;
#11030 = DIRECTION ( 'NONE',  ( 1.000000000000000000, 0.000000000000000000, 0.000000000000000000 ) ) ;
#11031 = EDGE_CURVE ( 'NONE', #6050, #6487, #11822, .T. ) ;
#11032 = DIRECTION ( 'NONE',  ( 1.000000000000000000, 0.000000000000000000, 0.000000000000000000 ) ) ;
#11033 = DIRECTION ( 'NONE',  ( 1.000000000000000000, 0.000000000000000000, 0.000000000000000000 ) ) ;
#11034 = VERTEX_POINT ( 'NONE', #1682 ) ;
#11035 = ORIENTED_EDGE ( 'NONE', *, *, #8774, .F. ) ;
#11036 = LINE ( 'NONE', #6312, #6507 ) ;
#11037 = CIRCLE ( 'NONE', #2416, 2.000000000000001776 ) ;
#11038 = VECTOR ( 'NONE', #8584, 1000.000000000000000 ) ;
#11039 = EDGE_CURVE ( 'NONE', #7827, #99, #7219, .T. ) ;
#11040 = ORIENTED_EDGE ( 'NONE', *, *, #6873, .T. ) ;
#11041 = ADVANCED_FACE ( 'NONE', ( #10162 ), #4554, .T. ) ;
#11042 = EDGE_CURVE ( 'NONE', #10828, #5526, #9170, .T. ) ;
#11043 = ORIENTED_EDGE ( 'NONE', *, *, #9680, .T. ) ;
#11044 = VECTOR ( 'NONE', #9385, 1000.000000000000000 ) ;
#11045 = ORIENTED_EDGE ( 'NONE', *, *, #10663, .T. ) ;
#11046 = DIRECTION ( 'NONE',  ( 1.000000000000000000, 0.000000000000000000, 0.000000000000000000 ) ) ;
#11047 = AXIS2_PLACEMENT_3D ( 'NONE', #8940, #10962, #11833 ) ;
#11048 = DIRECTION ( 'NONE',  ( 1.000000000000000000, 0.000000000000000000, 0.000000000000000000 ) ) ;
#11049 = DIRECTION ( 'NONE',  ( 0.000000000000000000, 0.000000000000000000, 1.000000000000000000 ) ) ;
#11050 = CIRCLE ( 'NONE', #12032, 2.000000000000001776 ) ;
#11051 = EDGE_CURVE ( 'NONE', #4399, #5110, #4160, .T. ) ;
#11052 = CARTESIAN_POINT ( 'NONE',  ( -2.000000000000450306, 130.0000000000000000, 0.000000000000000000 ) ) ;
#11053 = DIRECTION ( 'NONE',  ( -0.000000000000000000, -0.000000000000000000, 1.000000000000000000 ) ) ;
#11054 = ORIENTED_EDGE ( 'NONE', *, *, #5993, .F. ) ;
#11055 = DIRECTION ( 'NONE',  ( 1.000000000000000000, 0.000000000000000000, 0.000000000000000000 ) ) ;
#11056 = CARTESIAN_POINT ( 'NONE',  ( 0.000000000000000000, 0.000000000000000000, 0.000000000000000000 ) ) ;
#11057 = AXIS2_PLACEMENT_3D ( 'NONE', #292, #10621, #5082 ) ;
#11058 = VECTOR ( 'NONE', #45, 1000.000000000000000 ) ;
#11059 = AXIS2_PLACEMENT_3D ( 'NONE', #3560, #10832, #2414 ) ;
#11060 = ORIENTED_EDGE ( 'NONE', *, *, #11601, .T. ) ;
#11061 = ORIENTED_EDGE ( 'NONE', *, *, #1501, .T. ) ;
#11062 = CARTESIAN_POINT ( 'NONE',  ( -135.0000000000000000, 0.000000000000000000, 0.000000000000000000 ) ) ;
#11063 = VECTOR ( 'NONE', #5497, 1000.000000000000000 ) ;
#11064 = EDGE_CURVE ( 'NONE', #6751, #7234, #3381, .T. ) ;
#11065 = CARTESIAN_POINT ( 'NONE',  ( -52.99999999999992184, 33.99999999999989342, 0.000000000000000000 ) ) ;
#11066 = EDGE_LOOP ( 'NONE', ( #10381, #9199 ) ) ;
#11067 = VECTOR ( 'NONE', #181, 1000.000000000000000 ) ;
#11068 = LINE ( 'NONE', #8981, #2375 ) ;
#11069 = DIRECTION ( 'NONE',  ( 0.000000000000000000, 0.000000000000000000, 1.000000000000000000 ) ) ;
#11070 = ORIENTED_EDGE ( 'NONE', *, *, #12084, .F. ) ;
#11071 = CARTESIAN_POINT ( 'NONE',  ( -19.00000000000011369, 51.00000000000024158, 0.000000000000000000 ) ) ;
#11072 = DIRECTION ( 'NONE',  ( -0.000000000000000000, -0.000000000000000000, 1.000000000000000000 ) ) ;
#11073 = VECTOR ( 'NONE', #8990, 1000.000000000000000 ) ;
#11074 = MANIFOLD_SOLID_BREP ( '圆角2', #4016 ) ;
#11075 = AXIS2_PLACEMENT_3D ( 'NONE', #4033, #222, #473 ) ;
#11076 = ORIENTED_EDGE ( 'NONE', *, *, #8183, .T. ) ;
#11077 = DIRECTION ( 'NONE',  ( -3.439439634563829142E-15, 1.000000000000000000, 0.000000000000000000 ) ) ;
#11078 = ADVANCED_FACE ( 'NONE', ( #10912 ), #5547, .F. ) ;
#11079 = DIRECTION ( 'NONE',  ( 1.000000000000000000, -4.550094363217858838E-15, 0.000000000000000000 ) ) ;
#11080 = LINE ( 'NONE', #2775, #6953 ) ;
#11081 = CARTESIAN_POINT ( 'NONE',  ( 1.999999999999959366, 17.00000000000009948, 0.000000000000000000 ) ) ;
#11082 = AXIS2_PLACEMENT_3D ( 'NONE', #185, #10641, #5976 ) ;
#11083 = DIRECTION ( 'NONE',  ( 1.000000000000000000, 4.550094363217858838E-15, 0.000000000000000000 ) ) ;
#11084 = DIRECTION ( 'NONE',  ( 1.000000000000000000, 0.000000000000000000, 0.000000000000000000 ) ) ;
#11085 =( NAMED_UNIT ( * ) SI_UNIT ( $, .STERADIAN. ) SOLID_ANGLE_UNIT ( ) );
#11086 = EDGE_LOOP ( 'NONE', ( #6379, #11764, #9669, #4580 ) ) ;
#11087 = ORIENTED_EDGE ( 'NONE', *, *, #12116, .F. ) ;
#11088 = VERTEX_POINT ( 'NONE', #1128 ) ;
#11089 = EDGE_CURVE ( 'NONE', #6278, #11955, #6781, .T. ) ;
#11090 = ORIENTED_EDGE ( 'NONE', *, *, #6108, .F. ) ;
#11091 = VECTOR ( 'NONE', #8867, 1000.000000000000000 ) ;
#11092 = ORIENTED_EDGE ( 'NONE', *, *, #4421, .T. ) ;
#11093 = FACE_BOUND ( 'NONE', #5359, .T. ) ;
#11094 = CARTESIAN_POINT ( 'NONE',  ( -18.99999999999982236, -34.00000000000034817, 5.000000000000000000 ) ) ;
#11095 = DIRECTION ( 'NONE',  ( 0.000000000000000000, -0.000000000000000000, 1.000000000000000000 ) ) ;
#11096 = DIRECTION ( 'NONE',  ( 0.000000000000000000, 0.000000000000000000, 1.000000000000000000 ) ) ;
#11097 = PLANE ( 'NONE',  #6126 ) ;
#11098 = ORIENTED_EDGE ( 'NONE', *, *, #7850, .F. ) ;
#11099 = ORIENTED_EDGE ( 'NONE', *, *, #5457, .T. ) ;
#11100 = DIRECTION ( 'NONE',  ( -0.000000000000000000, -0.000000000000000000, 1.000000000000000000 ) ) ;
#11101 = CIRCLE ( 'NONE', #8349, 2.000000000000000000 ) ;
#11102 = VERTEX_POINT ( 'NONE', #1988 ) ;
#11103 = EDGE_CURVE ( 'NONE', #4362, #7457, #4814, .T. ) ;
#11104 = EDGE_LOOP ( 'NONE', ( #2491, #11667 ) ) ;
#11105 = ORIENTED_EDGE ( 'NONE', *, *, #4789, .T. ) ;
#11106 = LINE ( 'NONE', #433, #962 ) ;
#11107 = CIRCLE ( 'NONE', #9751, 2.000000000000001776 ) ;
#11108 = DIRECTION ( 'NONE',  ( 0.000000000000000000, 0.000000000000000000, 1.000000000000000000 ) ) ;
#11109 = FACE_OUTER_BOUND ( 'NONE', #2497, .T. ) ;
#11110 = LINE ( 'NONE', #9077, #11912 ) ;
#11112 = EDGE_CURVE ( 'NONE', #8749, #4590, #11457, .T. ) ;
#11111 = DIRECTION ( 'NONE',  ( 1.000000000000000000, 0.000000000000000000, 0.000000000000000000 ) ) ;
#11113 = ORIENTED_EDGE ( 'NONE', *, *, #10531, .T. ) ;
#11114 = DIRECTION ( 'NONE',  ( 1.000000000000000000, 0.000000000000000000, 0.000000000000000000 ) ) ;
#11115 = EDGE_CURVE ( 'NONE', #4444, #199, #10353, .T. ) ;
#11116 = DIRECTION ( 'NONE',  ( -0.000000000000000000, -0.000000000000000000, 1.000000000000000000 ) ) ;
#11117 = CIRCLE ( 'NONE', #528, 2.000000000000001776 ) ;
#11118 = ORIENTED_EDGE ( 'NONE', *, *, #12154, .T. ) ;
#11119 = EDGE_CURVE ( 'NONE', #5824, #887, #12125, .T. ) ;
#11120 = ORIENTED_EDGE ( 'NONE', *, *, #10305, .T. ) ;
#11121 = LINE ( 'NONE', #6398, #1869 ) ;
#11122 = DIRECTION ( 'NONE',  ( 1.000000000000000000, 0.000000000000000000, 0.000000000000000000 ) ) ;
#11123 = AXIS2_PLACEMENT_3D ( 'NONE', #11882, #4426, #9852 ) ;
#11124 = EDGE_LOOP ( 'NONE', ( #3181, #7212 ) ) ;
#11125 = CARTESIAN_POINT ( 'NONE',  ( -0.000000000000000000, 100.0000000000000142, 0.000000000000000000 ) ) ;
#11126 = DIRECTION ( 'NONE',  ( 1.000000000000000000, 0.000000000000000000, 0.000000000000000000 ) ) ;
#11127 = ORIENTED_EDGE ( 'NONE', *, *, #5625, .T. ) ;
#11128 = DIRECTION ( 'NONE',  ( -0.000000000000000000, -0.000000000000000000, 1.000000000000000000 ) ) ;
#11129 = EDGE_CURVE ( 'NONE', #11915, #2250, #12010, .T. ) ;
#11130 = CARTESIAN_POINT ( 'NONE',  ( 94.02499999999986358, 79.02499999999996305, 0.000000000000000000 ) ) ;
#11131 = DIRECTION ( 'NONE',  ( -0.000000000000000000, -0.000000000000000000, 1.000000000000000000 ) ) ;
#11132 = ADVANCED_FACE ( 'NONE', ( #6653 ), #3758, .F. ) ;
#11133 = ORIENTED_EDGE ( 'NONE', *, *, #10097, .T. ) ;
#11134 = DIRECTION ( 'NONE',  ( 0.000000000000000000, -1.000000000000000000, 0.000000000000000000 ) ) ;
#11135 = DIRECTION ( 'NONE',  ( 0.000000000000000000, 1.000000000000000000, -0.000000000000000000 ) ) ;
#11136 = CARTESIAN_POINT ( 'NONE',  ( -86.99999999999978684, 33.99999999999964473, 5.000000000000000000 ) ) ;
#11137 = DIRECTION ( 'NONE',  ( 1.000000000000000000, 0.000000000000000000, 0.000000000000000000 ) ) ;
#11138 = DIRECTION ( 'NONE',  ( 1.000000000000000000, 0.000000000000000000, 0.000000000000000000 ) ) ;
#11139 = EDGE_LOOP ( 'NONE', ( #10554, #1012, #8762, #5001 ) ) ;
#11140 = CARTESIAN_POINT ( 'NONE',  ( -67.99999999999948841, -68.00000000000095213, 5.000000000000000000 ) ) ;
#11141 = DIRECTION ( 'NONE',  ( 0.000000000000000000, 0.000000000000000000, 1.000000000000000000 ) ) ;
#11142 = VERTEX_POINT ( 'NONE', #198 ) ;
#11143 = ORIENTED_EDGE ( 'NONE', *, *, #12038, .F. ) ;
#11144 = EDGE_CURVE ( 'NONE', #7429, #8699, #3759, .T. ) ;
#11145 = EDGE_CURVE ( 'NONE', #2008, #8039, #8278, .T. ) ;
#11146 = EDGE_LOOP ( 'NONE', ( #3967, #10175, #3822, #6706 ) ) ;
#11147 = ORIENTED_EDGE ( 'NONE', *, *, #2398, .T. ) ;
#11148 = CARTESIAN_POINT ( 'NONE',  ( 79.02499999999996305, -90.97500000000000853, 5.000000000000000000 ) ) ;
#11149 = EDGE_LOOP ( 'NONE', ( #9149, #8790 ) ) ;
#11150 = FACE_BOUND ( 'NONE', #2570, .T. ) ;
#11151 = DIRECTION ( 'NONE',  ( -0.000000000000000000, -0.000000000000000000, 1.000000000000000000 ) ) ;
#11152 = FACE_OUTER_BOUND ( 'NONE', #8153, .T. ) ;
#11153 = DIRECTION ( 'NONE',  ( 1.000000000000000000, 0.000000000000000000, 0.000000000000000000 ) ) ;
#11154 = CARTESIAN_POINT ( 'NONE',  ( 1.361677722148822135E-12, -130.0000000000000000, 0.000000000000000000 ) ) ;
#11155 = ORIENTED_EDGE ( 'NONE', *, *, #3909, .F. ) ;
#11156 = EDGE_LOOP ( 'NONE', ( #1519, #4530, #1040, #6228 ) ) ;
#11157 = PLANE ( 'NONE',  #11823 ) ;
#11158 = CIRCLE ( 'NONE', #9592, 2.000000000000001776 ) ;
#11159 = ORIENTED_EDGE ( 'NONE', *, *, #10139, .T. ) ;
#11160 = VERTEX_POINT ( 'NONE', #3696 ) ;
#11161 = ORIENTED_EDGE ( 'NONE', *, *, #7921, .F. ) ;
#11162 = DIRECTION ( 'NONE',  ( -0.000000000000000000, 0.000000000000000000, 1.000000000000000000 ) ) ;
#11163 = CARTESIAN_POINT ( 'NONE',  ( 52.99999999999968026, 34.00000000000059686, 0.000000000000000000 ) ) ;
#11164 = DIRECTION ( 'NONE',  ( 1.000000000000000000, 0.000000000000000000, 0.000000000000000000 ) ) ;
#11165 = CYLINDRICAL_SURFACE ( 'NONE', #4047, 2.000000000000001776 ) ;
#11166 = CYLINDRICAL_SURFACE ( 'NONE', #11026, 2.000000000000001776 ) ;
#11167 = CIRCLE ( 'NONE', #758, 2.000000000000001776 ) ;
#11168 = VERTEX_POINT ( 'NONE', #7455 ) ;
#11169 = AXIS2_PLACEMENT_3D ( 'NONE', #9349, #4445, #1565 ) ;
#11170 = DIRECTION ( 'NONE',  ( 0.000000000000000000, 0.000000000000000000, 1.000000000000000000 ) ) ;
#11171 = EDGE_CURVE ( 'NONE', #6101, #1822, #2201, .T. ) ;
#11172 = CARTESIAN_POINT ( 'NONE',  ( -84.99999999999941735, -68.00000000000106581, 0.000000000000000000 ) ) ;
#11173 = EDGE_LOOP ( 'NONE', ( #5507, #10589 ) ) ;
#11174 = ADVANCED_FACE ( 'NONE', ( #8498 ), #8434, .F. ) ;
#11175 = AXIS2_PLACEMENT_3D ( 'NONE', #4156, #1523, #9700 ) ;
#11176 = ORIENTED_EDGE ( 'NONE', *, *, #10591, .T. ) ;
#11177 = CIRCLE ( 'NONE', #2157, 2.000000000000001776 ) ;
#11178 = EDGE_CURVE ( 'NONE', #9121, #11142, #9420, .T. ) ;
#11179 = CARTESIAN_POINT ( 'NONE',  ( -18.99999999999992895, -9.689958529487172699E-14, 0.000000000000000000 ) ) ;
#11180 = CARTESIAN_POINT ( 'NONE',  ( -94.02499999999986358, 75.97499999999998010, 5.000000000000000000 ) ) ;
#11181 = CARTESIAN_POINT ( 'NONE',  ( -15.00000000000000533, -1.563360346837514757E-13, 5.000000000000000000 ) ) ;
#11182 = ORIENTED_EDGE ( 'NONE', *, *, #9487, .F. ) ;
#11183 = DIRECTION ( 'NONE',  ( 1.000000000000000000, 0.000000000000000000, 0.000000000000000000 ) ) ;
#11184 = EDGE_CURVE ( 'NONE', #3236, #11902, #5341, .T. ) ;
#11185 = CARTESIAN_POINT ( 'NONE',  ( -16.99999999999987566, -17.00000000000022382, 5.000000000000000000 ) ) ;
#11186 = ORIENTED_EDGE ( 'NONE', *, *, #5558, .T. ) ;
#11187 = DIRECTION ( 'NONE',  ( 0.000000000000000000, 0.000000000000000000, 1.000000000000000000 ) ) ;
#11188 = DIRECTION ( 'NONE',  ( -0.000000000000000000, -0.000000000000000000, 1.000000000000000000 ) ) ;
#11189 = AXIS2_PLACEMENT_3D ( 'NONE', #2124, #11716, #3287 ) ;
#11190 = CYLINDRICAL_SURFACE ( 'NONE', #6721, 2.000000000000001776 ) ;
#11191 = LINE ( 'NONE', #2767, #3615 ) ;
#11192 = EDGE_CURVE ( 'NONE', #8587, #4501, #10411, .T. ) ;
#11193 = EDGE_CURVE ( 'NONE', #8617, #4575, #1066, .T. ) ;
#11194 = VERTEX_POINT ( 'NONE', #8619 ) ;
#11195 = VECTOR ( 'NONE', #7514, 1000.000000000000000 ) ;
#11196 = CARTESIAN_POINT ( 'NONE',  ( 48.99999999999991473, -33.99999999999987210, 5.000000000000000000 ) ) ;
#11197 = AXIS2_PLACEMENT_3D ( 'NONE', #8956, #352, #1693 ) ;
#11198 = LINE ( 'NONE', #8488, #3827 ) ;
#11199 = DIRECTION ( 'NONE',  ( -0.000000000000000000, -0.000000000000000000, 1.000000000000000000 ) ) ;
#11200 = LINE ( 'NONE', #10218, #11790 ) ;
#11201 = LINE ( 'NONE', #1860, #703 ) ;
#11202 = EDGE_CURVE ( 'NONE', #5110, #756, #2965, .T. ) ;
#11203 = EDGE_LOOP ( 'NONE', ( #11670, #4619, #3639, #4623 ) ) ;
#11204 = CARTESIAN_POINT ( 'NONE',  ( -14.99999999999975131, -51.00000000000046896, 0.000000000000000000 ) ) ;
#11205 = DIRECTION ( 'NONE',  ( 1.000000000000000000, 0.000000000000000000, 0.000000000000000000 ) ) ;
#11206 = ORIENTED_EDGE ( 'NONE', *, *, #530, .F. ) ;
#11207 = ORIENTED_EDGE ( 'NONE', *, *, #10165, .T. ) ;
#11208 = CIRCLE ( 'NONE', #4527, 2.000000000000000888 ) ;
#11209 = EDGE_LOOP ( 'NONE', ( #3259, #2854, #561, #2520 ) ) ;
#11210 = DIRECTION ( 'NONE',  ( 1.000000000000000000, 0.000000000000000000, 0.000000000000000000 ) ) ;
#11211 = VERTEX_POINT ( 'NONE', #2053 ) ;
#11212 = FACE_BOUND ( 'NONE', #3151, .T. ) ;
#11213 = VECTOR ( 'NONE', #7536, 1000.000000000000000 ) ;
#11214 = CARTESIAN_POINT ( 'NONE',  ( 33.99999999999957367, 85.00000000000085265, 5.000000000000000000 ) ) ;
#11215 = FACE_OUTER_BOUND ( 'NONE', #3089, .T. ) ;
#11216 = VERTEX_POINT ( 'NONE', #10540 ) ;
#11217 = ADVANCED_FACE ( 'NONE', ( #2113 ), #9292, .F. ) ;
#11218 = DIRECTION ( 'NONE',  ( 1.000000000000000000, -5.204170427930419434E-17, 0.000000000000000000 ) ) ;
#11219 = DIRECTION ( 'NONE',  ( 0.000000000000000000, 0.000000000000000000, 1.000000000000000000 ) ) ;
#11220 = VERTEX_POINT ( 'NONE', #4130 ) ;
#11221 = EDGE_LOOP ( 'NONE', ( #2453, #9894, #8722, #3749 ) ) ;
#11222 = CARTESIAN_POINT ( 'NONE',  ( -30.00000000000039790, 115.0000000000000142, 0.000000000000000000 ) ) ;
#11223 = AXIS2_PLACEMENT_3D ( 'NONE', #8311, #7399, #8136 ) ;
#11224 = AXIS2_PLACEMENT_3D ( 'NONE', #6203, #5086, #6259 ) ;
#11225 = ORIENTED_EDGE ( 'NONE', *, *, #6758, .F. ) ;
#11226 = ORIENTED_EDGE ( 'NONE', *, *, #11853, .T. ) ;
#11227 = ORIENTED_EDGE ( 'NONE', *, *, #8400, .T. ) ;
#11228 = CYLINDRICAL_SURFACE ( 'NONE', #5078, 2.000000000000001776 ) ;
#11229 = CARTESIAN_POINT ( 'NONE',  ( 48.99999999999996447, -50.99999999999999289, 0.000000000000000000 ) ) ;
#11230 = CYLINDRICAL_SURFACE ( 'NONE', #3510, 2.000000000000001776 ) ;
#11231 = EDGE_CURVE ( 'NONE', #4337, #5708, #7703, .T. ) ;
#11232 = LINE ( 'NONE', #10321, #2871 ) ;
#11233 = PLANE ( 'NONE',  #6158 ) ;
#11234 = AXIS2_PLACEMENT_3D ( 'NONE', #4192, #4009, #7768 ) ;
#11235 = ORIENTED_EDGE ( 'NONE', *, *, #3699, .F. ) ;
#11236 = VECTOR ( 'NONE', #9872, 1000.000000000000000 ) ;
#11237 = LINE ( 'NONE', #10992, #11245 ) ;
#11238 = CARTESIAN_POINT ( 'NONE',  ( 31.99999999999968736, 51.00000000000059686, 0.000000000000000000 ) ) ;
#11239 = ORIENTED_EDGE ( 'NONE', *, *, #208, .F. ) ;
#11240 = VECTOR ( 'NONE', #5698, 1000.000000000000000 ) ;
#11241 = AXIS2_PLACEMENT_3D ( 'NONE', #11754, #609, #10819 ) ;
#11242 = VERTEX_POINT ( 'NONE', #8007 ) ;
#11243 = AXIS2_PLACEMENT_3D ( 'NONE', #751, #3574, #11084 ) ;
#11244 = ADVANCED_FACE ( 'NONE', ( #10652 ), #10833, .F. ) ;
#11245 = VECTOR ( 'NONE', #4467, 1000.000000000000000 ) ;
#11246 = DIRECTION ( 'NONE',  ( 0.000000000000000000, 0.000000000000000000, 1.000000000000000000 ) ) ;
#11247 = FACE_OUTER_BOUND ( 'NONE', #9241, .T. ) ;
#11248 = DIRECTION ( 'NONE',  ( -1.042240231225009585E-14, 1.000000000000000000, 0.000000000000000000 ) ) ;
#11249 = ORIENTED_EDGE ( 'NONE', *, *, #9463, .F. ) ;
#11250 = DIRECTION ( 'NONE',  ( 1.000000000000000000, 0.000000000000000000, 0.000000000000000000 ) ) ;
#11251 = DIRECTION ( 'NONE',  ( 1.000000000000000000, 0.000000000000000000, 0.000000000000000000 ) ) ;
#11252 = CIRCLE ( 'NONE', #8300, 2.000000000000001776 ) ;
#11253 = VERTEX_POINT ( 'NONE', #4072 ) ;
#11254 = CARTESIAN_POINT ( 'NONE',  ( -86.99999999999958789, -17.00000000000071054, 5.000000000000000000 ) ) ;
#11255 = CARTESIAN_POINT ( 'NONE',  ( 94.02499999999986358, 75.97499999999998010, 5.000000000000000000 ) ) ;
#11256 = CYLINDRICAL_SURFACE ( 'NONE', #2722, 2.000000000000000000 ) ;
#11257 = CIRCLE ( 'NONE', #5570, 2.000000000000001776 ) ;
#11258 = DIRECTION ( 'NONE',  ( 0.000000000000000000, -1.000000000000000000, 0.000000000000000000 ) ) ;
#11259 = EDGE_CURVE ( 'NONE', #7952, #12052, #9255, .T. ) ;
#11260 = VECTOR ( 'NONE', #3343, 1000.000000000000000 ) ;
#11261 = ORIENTED_EDGE ( 'NONE', *, *, #7992, .T. ) ;
#11262 = VECTOR ( 'NONE', #10525, 1000.000000000000000 ) ;
#11263 = CARTESIAN_POINT ( 'NONE',  ( 2.000000000000125677, -34.00000000000022737, 0.000000000000000000 ) ) ;
#11264 = CARTESIAN_POINT ( 'NONE',  ( 3.595712070532895536E-13, 79.02499999999960778, 5.000000000000000000 ) ) ;
#11265 = CARTESIAN_POINT ( 'NONE',  ( 67.99999999999948841, 68.00000000000098055, 5.000000000000000000 ) ) ;
#11266 = LINE ( 'NONE', #6592, #9231 ) ;
#11267 = FACE_OUTER_BOUND ( 'NONE', #8416, .T. ) ;
#11268 = ORIENTED_EDGE ( 'NONE', *, *, #6758, .T. ) ;
#11269 = DIRECTION ( 'NONE',  ( 0.000000000000000000, 0.000000000000000000, 1.000000000000000000 ) ) ;
#11270 = EDGE_CURVE ( 'NONE', #9121, #11752, #6907, .T. ) ;
#11271 = CARTESIAN_POINT ( 'NONE',  ( 33.99999999999974420, 34.00000000000047606, 5.000000000000000000 ) ) ;
#11272 = ORIENTED_EDGE ( 'NONE', *, *, #8690, .F. ) ;
#11273 = EDGE_LOOP ( 'NONE', ( #3523, #2229, #11227, #11348 ) ) ;
#11274 = ADVANCED_FACE ( 'NONE', ( #9665 ), #6106, .F. ) ;
#11275 = EDGE_CURVE ( 'NONE', #10258, #7246, #7116, .T. ) ;
#11276 = VECTOR ( 'NONE', #6349, 1000.000000000000000 ) ;
#11277 = EDGE_CURVE ( 'NONE', #2577, #994, #9793, .T. ) ;
#11278 = ORIENTED_EDGE ( 'NONE', *, *, #5106, .F. ) ;
#11279 = AXIS2_PLACEMENT_3D ( 'NONE', #6035, #8789, #3198 ) ;
#11280 = CARTESIAN_POINT ( 'NONE',  ( -82.99999999999967315, -5.828670879282071837E-13, 0.000000000000000000 ) ) ;
#11281 = ORIENTED_EDGE ( 'NONE', *, *, #10185, .T. ) ;
#11282 = FACE_BOUND ( 'NONE', #4716, .T. ) ;
#11283 = AXIS2_PLACEMENT_3D ( 'NONE', #11732, #9630, #6741 ) ;
#11284 = CARTESIAN_POINT ( 'NONE',  ( -31.99999999999957012, -85.00000000000082423, 0.000000000000000000 ) ) ;
#11285 = CARTESIAN_POINT ( 'NONE',  ( -2.220446049250313081E-13, 68.00000000000042633, 0.000000000000000000 ) ) ;
#11286 = ORIENTED_EDGE ( 'NONE', *, *, #6860, .T. ) ;
#11287 = DIRECTION ( 'NONE',  ( -5.204170427930419434E-17, -1.000000000000000000, 0.000000000000000000 ) ) ;
#11288 = CYLINDRICAL_SURFACE ( 'NONE', #8861, 2.000000000000001776 ) ;
#11289 = ORIENTED_EDGE ( 'NONE', *, *, #8846, .T. ) ;
#11290 = ORIENTED_EDGE ( 'NONE', *, *, #6785, .F. ) ;
#11291 = CARTESIAN_POINT ( 'NONE',  ( 135.0000000000000000, 14.99999999999999289, 0.000000000000000000 ) ) ;
#11292 = CIRCLE ( 'NONE', #5401, 15.00000000000000000 ) ;
#11293 = VECTOR ( 'NONE', #4198, 1000.000000000000000 ) ;
#11294 = ORIENTED_EDGE ( 'NONE', *, *, #11493, .T. ) ;
#11295 = EDGE_CURVE ( 'NONE', #5276, #6011, #6518, .T. ) ;
#11296 = ORIENTED_EDGE ( 'NONE', *, *, #9001, .F. ) ;
#11297 = VERTEX_POINT ( 'NONE', #6898 ) ;
#11298 = LINE ( 'NONE', #10436, #574 ) ;
#11299 = CARTESIAN_POINT ( 'NONE',  ( -33.99999999999968026, -51.00000000000058975, 0.000000000000000000 ) ) ;
#11300 = CARTESIAN_POINT ( 'NONE',  ( 84.99999999999990052, -67.99999999999987210, 0.000000000000000000 ) ) ;
#11301 = AXIS2_PLACEMENT_3D ( 'NONE', #6632, #912, #8410 ) ;
#11302 = FACE_BOUND ( 'NONE', #1552, .T. ) ;
#11303 = CARTESIAN_POINT ( 'NONE',  ( -33.99999999999992184, 16.99999999999988987, 0.000000000000000000 ) ) ;
#11304 = VERTEX_POINT ( 'NONE', #386 ) ;
#11305 = CARTESIAN_POINT ( 'NONE',  ( 19.00000000000004619, -34.00000000000010658, 0.000000000000000000 ) ) ;
#11306 = FACE_OUTER_BOUND ( 'NONE', #8455, .T. ) ;
#11307 = EDGE_LOOP ( 'NONE', ( #11113, #81, #10026, #5265 ) ) ;
#11308 = EDGE_CURVE ( 'NONE', #2905, #9622, #3395, .T. ) ;
#11309 = EDGE_LOOP ( 'NONE', ( #11226, #4045 ) ) ;
#11310 = AXIS2_PLACEMENT_3D ( 'NONE', #10133, #8216, #4521 ) ;
#11311 = CARTESIAN_POINT ( 'NONE',  ( 130.0000000000000000, 0.000000000000000000, 5.000000000000000000 ) ) ;
#11312 = CARTESIAN_POINT ( 'NONE',  ( 128.0000000000000000, 0.000000000000000000, 0.000000000000000000 ) ) ;
#11313 = AXIS2_PLACEMENT_3D ( 'NONE', #8579, #10423, #3226 ) ;
#11314 = DIRECTION ( 'NONE',  ( -0.000000000000000000, -0.000000000000000000, 1.000000000000000000 ) ) ;
#11315 = ORIENTED_EDGE ( 'NONE', *, *, #1055, .F. ) ;
#11316 = CARTESIAN_POINT ( 'NONE',  ( 50.99999999999973710, 17.00000000000048672, 5.000000000000000000 ) ) ;
#11317 = DIRECTION ( 'NONE',  ( 1.000000000000000000, 0.000000000000000000, 0.000000000000000000 ) ) ;
#11318 = VERTEX_POINT ( 'NONE', #3091 ) ;
#11319 = LINE ( 'NONE', #7567, #10089 ) ;
#11320 = DIRECTION ( 'NONE',  ( 1.000000000000000000, 0.000000000000000000, 0.000000000000000000 ) ) ;
#11322 = CIRCLE ( 'NONE', #8174, 2.000000000000001776 ) ;
#11321 = CARTESIAN_POINT ( 'NONE',  ( 51.00000000000002842, -68.00000000000011369, 5.000000000000000000 ) ) ;
#11323 = CARTESIAN_POINT ( 'NONE',  ( 48.99999999999955946, 68.00000000000083844, 5.000000000000000000 ) ) ;
#11324 = ORIENTED_EDGE ( 'NONE', *, *, #7056, .T. ) ;
#11325 = CARTESIAN_POINT ( 'NONE',  ( 67.99999999999972999, 4.857225732735059864E-13, 5.000000000000000000 ) ) ;
#11326 = DIRECTION ( 'NONE',  ( 0.000000000000000000, 0.000000000000000000, 1.000000000000000000 ) ) ;
#11327 = CARTESIAN_POINT ( 'NONE',  ( -17.00000000000016698, 68.00000000000036948, 5.000000000000000000 ) ) ;
#11328 = CARTESIAN_POINT ( 'NONE',  ( 0.000000000000000000, -75.97499999999998010, 5.000000000000000000 ) ) ;
#11329 = FACE_BOUND ( 'NONE', #3105, .T. ) ;
#11330 = EDGE_LOOP ( 'NONE', ( #4424, #2693, #6838, #2609 ) ) ;
#11331 = DIRECTION ( 'NONE',  ( 1.000000000000000000, 0.000000000000000000, 0.000000000000000000 ) ) ;
#11332 = CARTESIAN_POINT ( 'NONE',  ( -94.02499999999982094, 0.000000000000000000, 0.000000000000000000 ) ) ;
#11333 = ORIENTED_EDGE ( 'NONE', *, *, #6176, .T. ) ;
#11334 = ORIENTED_EDGE ( 'NONE', *, *, #584, .F. ) ;
#11335 = ADVANCED_FACE ( 'NONE', ( #3213 ), #8858, .T. ) ;
#11336 = EDGE_CURVE ( 'NONE', #494, #1778, #5000, .T. ) ;
#11337 = EDGE_CURVE ( 'NONE', #3863, #9853, #11709, .T. ) ;
#11338 = ORIENTED_EDGE ( 'NONE', *, *, #5175, .T. ) ;
#11339 = CARTESIAN_POINT ( 'NONE',  ( 75.97499999999996589, 94.02500000000000568, 0.000000000000000000 ) ) ;
#11340 = ORIENTED_EDGE ( 'NONE', *, *, #3321, .F. ) ;
#11341 = EDGE_CURVE ( 'NONE', #833, #4267, #10716, .T. ) ;
#11342 = FACE_BOUND ( 'NONE', #389, .T. ) ;
#11343 = DIRECTION ( 'NONE',  ( 1.000000000000000000, 0.000000000000000000, 0.000000000000000000 ) ) ;
#11344 = CARTESIAN_POINT ( 'NONE',  ( 35.99999999999957367, 85.00000000000085265, 0.000000000000000000 ) ) ;
#11345 = ORIENTED_EDGE ( 'NONE', *, *, #1437, .T. ) ;
#11346 = CARTESIAN_POINT ( 'NONE',  ( 0.000000000000000000, -75.97499999999998010, 5.000000000000000000 ) ) ;
#11347 = DIRECTION ( 'NONE',  ( 1.000000000000000000, 0.000000000000000000, 0.000000000000000000 ) ) ;
#11348 = ORIENTED_EDGE ( 'NONE', *, *, #4054, .F. ) ;
#11349 = ORIENTED_EDGE ( 'NONE', *, *, #8253, .T. ) ;
#11350 = DIRECTION ( 'NONE',  ( -1.000000000000000000, 4.550094363217858838E-15, 0.000000000000000000 ) ) ;
#11351 = EDGE_CURVE ( 'NONE', #1822, #6101, #10062, .T. ) ;
#11352 = EDGE_CURVE ( 'NONE', #1778, #5044, #443, .T. ) ;
#11353 = ORIENTED_EDGE ( 'NONE', *, *, #3824, .F. ) ;
#11354 = ORIENTED_EDGE ( 'NONE', *, *, #6362, .T. ) ;
#11355 = EDGE_LOOP ( 'NONE', ( #582, #5491, #236, #6861 ) ) ;
#11356 = DIRECTION ( 'NONE',  ( 1.000000000000000000, 0.000000000000000000, 0.000000000000000000 ) ) ;
#11357 = EDGE_CURVE ( 'NONE', #2752, #3336, #9263, .T. ) ;
#11358 = DIRECTION ( 'NONE',  ( 0.000000000000000000, 0.000000000000000000, 1.000000000000000000 ) ) ;
#11359 = DIRECTION ( 'NONE',  ( 0.000000000000000000, 0.000000000000000000, 1.000000000000000000 ) ) ;
#11360 = FACE_BOUND ( 'NONE', #5209, .T. ) ;
#11361 = CARTESIAN_POINT ( 'NONE',  ( -15.00000000000011191, 51.00000000000024158, 5.000000000000000000 ) ) ;
#11362 = VERTEX_POINT ( 'NONE', #11524 ) ;
#11363 = LINE ( 'NONE', #8772, #2026 ) ;
#11364 = EDGE_CURVE ( 'NONE', #3900, #3400, #11037, .T. ) ;
#11365 = CARTESIAN_POINT ( 'NONE',  ( 1.942890293094023946E-13, -51.00000000000032685, 0.000000000000000000 ) ) ;
#11366 = CIRCLE ( 'NONE', #6847, 2.000000000000001776 ) ;
#11367 = ORIENTED_EDGE ( 'NONE', *, *, #2766, .F. ) ;
#11368 = EDGE_LOOP ( 'NONE', ( #3760, #4070 ) ) ;
#11369 = AXIS2_PLACEMENT_3D ( 'NONE', #3187, #5230, #1407 ) ;
#11370 = DIRECTION ( 'NONE',  ( -1.000000000000000000, 0.000000000000000000, 0.000000000000000000 ) ) ;
#11371 = FACE_OUTER_BOUND ( 'NONE', #7533, .T. ) ;
#11372 = CARTESIAN_POINT ( 'NONE',  ( 36.00000000000015632, -85.00000000000035527, 0.000000000000000000 ) ) ;
#11373 = ORIENTED_EDGE ( 'NONE', *, *, #5131, .T. ) ;
#11374 = DIRECTION ( 'NONE',  ( 0.000000000000000000, 0.000000000000000000, 1.000000000000000000 ) ) ;
#11375 = DIRECTION ( 'NONE',  ( 1.000000000000000000, 0.000000000000000000, 0.000000000000000000 ) ) ;
#11376 = ORIENTED_EDGE ( 'NONE', *, *, #11064, .T. ) ;
#11377 = ADVANCED_FACE ( 'NONE', ( #2415 ), #5302, .T. ) ;
#11378 = DIRECTION ( 'NONE',  ( -0.000000000000000000, -0.000000000000000000, 1.000000000000000000 ) ) ;
#11379 = CARTESIAN_POINT ( 'NONE',  ( -48.99999999999986500, 16.99999999999977973, 0.000000000000000000 ) ) ;
#11380 = AXIS2_PLACEMENT_3D ( 'NONE', #8140, #639, #4667 ) ;
#11381 = CARTESIAN_POINT ( 'NONE',  ( -32.00000000000004263, 51.00000000000012790, 5.000000000000000000 ) ) ;
#11382 = VERTEX_POINT ( 'NONE', #8985 ) ;
#11383 = VERTEX_POINT ( 'NONE', #9040 ) ;
#11384 = CARTESIAN_POINT ( 'NONE',  ( 50.99999999999950262, 85.00000000000096634, 0.000000000000000000 ) ) ;
#11385 = FACE_OUTER_BOUND ( 'NONE', #2205, .T. ) ;
#11386 = CIRCLE ( 'NONE', #5114, 2.000000000000001776 ) ;
#11387 = DIRECTION ( 'NONE',  ( 0.000000000000000000, 0.000000000000000000, 1.000000000000000000 ) ) ;
#11388 = AXIS2_PLACEMENT_3D ( 'NONE', #3766, #7527, #1804 ) ;
#11389 = DIRECTION ( 'NONE',  ( 0.000000000000000000, -0.000000000000000000, -1.000000000000000000 ) ) ;
#11390 = ORIENTED_EDGE ( 'NONE', *, *, #2850, .F. ) ;
#11391 = DIRECTION ( 'NONE',  ( 0.000000000000000000, 0.000000000000000000, 1.000000000000000000 ) ) ;
#11392 = DIRECTION ( 'NONE',  ( -0.000000000000000000, -0.000000000000000000, 1.000000000000000000 ) ) ;
#11393 = ORIENTED_EDGE ( 'NONE', *, *, #4471, .F. ) ;
#11394 = ORIENTED_EDGE ( 'NONE', *, *, #298, .F. ) ;
#11395 = AXIS2_PLACEMENT_3D ( 'NONE', #3954, #7713, #11469 ) ;
#11396 = EDGE_LOOP ( 'NONE', ( #9393, #1294 ) ) ;
#11397 = EDGE_CURVE ( 'NONE', #9706, #8081, #1221, .T. ) ;
#11398 = CARTESIAN_POINT ( 'NONE',  ( 14.99999999999969269, 68.00000000000061107, 0.000000000000000000 ) ) ;
#11399 = VERTEX_POINT ( 'NONE', #9920 ) ;
#11400 = FACE_BOUND ( 'NONE', #2294, .T. ) ;
#11401 = LINE ( 'NONE', #1744, #1044 ) ;
#11402 = PLANE ( 'NONE',  #10985 ) ;
#11403 = DIRECTION ( 'NONE',  ( 0.000000000000000000, 0.000000000000000000, -1.000000000000000000 ) ) ;
#11404 = LINE ( 'NONE', #280, #615 ) ;
#11405 = VECTOR ( 'NONE', #9972, 1000.000000000000000 ) ;
#11406 = ORIENTED_EDGE ( 'NONE', *, *, #235, .F. ) ;
#11407 = ORIENTED_EDGE ( 'NONE', *, *, #8641, .T. ) ;
#11408 = FACE_OUTER_BOUND ( 'NONE', #9264, .T. ) ;
#11409 = CIRCLE ( 'NONE', #10215, 2.000000000000001776 ) ;
#11410 = EDGE_CURVE ( 'NONE', #879, #7881, #11828, .T. ) ;
#11411 = VERTEX_POINT ( 'NONE', #11007 ) ;
#11412 = CIRCLE ( 'NONE', #7286, 2.000000000000000000 ) ;
#11413 = EDGE_LOOP ( 'NONE', ( #4102, #6678 ) ) ;
#11414 = EDGE_CURVE ( 'NONE', #7827, #5100, #829, .T. ) ;
#11415 = CARTESIAN_POINT ( 'NONE',  ( 3.122502256758255925E-15, 15.00000000000001954, 0.000000000000000000 ) ) ;
#11416 = ORIENTED_EDGE ( 'NONE', *, *, #4088, .T. ) ;
#11417 = CARTESIAN_POINT ( 'NONE',  ( 84.99999999999960210, 17.00000000000072120, 0.000000000000000000 ) ) ;
#11418 = DIRECTION ( 'NONE',  ( 1.000000000000000000, 0.000000000000000000, 0.000000000000000000 ) ) ;
#11419 = DIRECTION ( 'NONE',  ( 0.000000000000000000, -1.000000000000000000, 0.000000000000000000 ) ) ;
#11420 = DIRECTION ( 'NONE',  ( 1.000000000000000000, 0.000000000000000000, 0.000000000000000000 ) ) ;
#11421 = ORIENTED_EDGE ( 'NONE', *, *, #11679, .F. ) ;
#11422 = DIRECTION ( 'NONE',  ( 0.000000000000000000, 0.000000000000000000, 1.000000000000000000 ) ) ;
#11423 = DIRECTION ( 'NONE',  ( 0.000000000000000000, 0.000000000000000000, 1.000000000000000000 ) ) ;
#11424 = ADVANCED_FACE ( 'NONE', ( #7208 ), #7387, .F. ) ;
#11425 = AXIS2_PLACEMENT_3D ( 'NONE', #11154, #6484, #10976 ) ;
#11426 = AXIS2_PLACEMENT_3D ( 'NONE', #963, #10076, #1708 ) ;
#11427 = EDGE_CURVE ( 'NONE', #10638, #1784, #1606, .T. ) ;
#11428 = EDGE_CURVE ( 'NONE', #5657, #4824, #8481, .T. ) ;
#11429 = EDGE_LOOP ( 'NONE', ( #8859, #5774 ) ) ;
#11430 = EDGE_LOOP ( 'NONE', ( #3697, #9955, #8677, #5738 ) ) ;
#11431 = CARTESIAN_POINT ( 'NONE',  ( 150.0000000000000000, -7.285838599102581908E-15, 5.000000000000000000 ) ) ;
#11432 = DIRECTION ( 'NONE',  ( -0.000000000000000000, -0.000000000000000000, 1.000000000000000000 ) ) ;
#11433 = FACE_OUTER_BOUND ( 'NONE', #5319, .T. ) ;
#11434 = ORIENTED_EDGE ( 'NONE', *, *, #11527, .T. ) ;
#11435 = FACE_OUTER_BOUND ( 'NONE', #7556, .T. ) ;
#11436 = CARTESIAN_POINT ( 'NONE',  ( -2.000000000000222933, 68.00000000000042633, 0.000000000000000000 ) ) ;
#11437 = ORIENTED_EDGE ( 'NONE', *, *, #5413, .T. ) ;
#11438 = DIRECTION ( 'NONE',  ( 1.000000000000000000, 0.000000000000000000, -0.000000000000000000 ) ) ;
#11439 = CARTESIAN_POINT ( 'NONE',  ( 17.00000000000022382, -85.00000000000046896, 0.000000000000000000 ) ) ;
#11440 = AXIS2_PLACEMENT_3D ( 'NONE', #3150, #7825, #9735 ) ;
#11441 = AXIS2_PLACEMENT_3D ( 'NONE', #4762, #5879, #2188 ) ;
#11442 = DIRECTION ( 'NONE',  ( -4.550094363217858838E-15, 1.000000000000000000, 0.000000000000000000 ) ) ;
#11443 = ORIENTED_EDGE ( 'NONE', *, *, #8475, .F. ) ;
#11444 = EDGE_CURVE ( 'NONE', #7936, #2559, #686, .T. ) ;
#11445 = ORIENTED_EDGE ( 'NONE', *, *, #6602, .F. ) ;
#11446 = LINE ( 'NONE', #11263, #11680 ) ;
#11447 = AXIS2_PLACEMENT_3D ( 'NONE', #661, #1647, #6318 ) ;
#11448 = DIRECTION ( 'NONE',  ( -0.000000000000000000, -0.000000000000000000, 1.000000000000000000 ) ) ;
#11449 = AXIS2_PLACEMENT_3D ( 'NONE', #7309, #1656, #3441 ) ;
#11450 = AXIS2_PLACEMENT_3D ( 'NONE', #1734, #7166, #8247 ) ;
#11451 = LINE ( 'NONE', #7023, #7277 ) ;
#11453 = DIRECTION ( 'NONE',  ( 1.000000000000000000, 0.000000000000000000, 0.000000000000000000 ) ) ;
#11452 = CIRCLE ( 'NONE', #6345, 2.000000000000001776 ) ;
#11454 = ORIENTED_EDGE ( 'NONE', *, *, #4723, .T. ) ;
#11455 = AXIS2_PLACEMENT_3D ( 'NONE', #1153, #4777, #2875 ) ;
#11456 = DIRECTION ( 'NONE',  ( 1.000000000000000000, 0.000000000000000000, 0.000000000000000000 ) ) ;
#11457 = LINE ( 'NONE', #2904, #1607 ) ;
#11458 = ORIENTED_EDGE ( 'NONE', *, *, #5403, .T. ) ;
#11459 = ORIENTED_EDGE ( 'NONE', *, *, #4941, .T. ) ;
#11460 = VECTOR ( 'NONE', #6253, 1000.000000000000000 ) ;
#11461 = VECTOR ( 'NONE', #11116, 1000.000000000000000 ) ;
#11462 = VECTOR ( 'NONE', #4129, 1000.000000000000000 ) ;
#11463 = EDGE_CURVE ( 'NONE', #9641, #11362, #564, .T. ) ;
#11464 = ORIENTED_EDGE ( 'NONE', *, *, #3083, .T. ) ;
#11465 = DIRECTION ( 'NONE',  ( 1.026627719941218321E-14, -1.000000000000000000, 0.000000000000000000 ) ) ;
#11466 = ORIENTED_EDGE ( 'NONE', *, *, #5864, .T. ) ;
#11467 = FACE_BOUND ( 'NONE', #6340, .T. ) ;
#11468 = CARTESIAN_POINT ( 'NONE',  ( 67.99999999999955946, 51.00000000000085265, 0.000000000000000000 ) ) ;
#11469 = DIRECTION ( 'NONE',  ( 1.000000000000000000, 0.000000000000000000, 0.000000000000000000 ) ) ;
#11470 = AXIS2_PLACEMENT_3D ( 'NONE', #7531, #7409, #4630 ) ;
#11471 = DIRECTION ( 'NONE',  ( 0.000000000000000000, 0.000000000000000000, 1.000000000000000000 ) ) ;
#11472 = CARTESIAN_POINT ( 'NONE',  ( -50.99999999999955946, -68.00000000000082423, 0.000000000000000000 ) ) ;
#11473 = VERTEX_POINT ( 'NONE', #7154 ) ;
#11474 = VECTOR ( 'NONE', #10757, 1000.000000000000000 ) ;
#11475 = ORIENTED_EDGE ( 'NONE', *, *, #4269, .F. ) ;
#11476 = CARTESIAN_POINT ( 'NONE',  ( 16.99999999999998579, -16.99999999999998579, 0.000000000000000000 ) ) ;
#11477 = EDGE_CURVE ( 'NONE', #827, #5089, #10853, .T. ) ;
#11478 = ORIENTED_EDGE ( 'NONE', *, *, #7102, .F. ) ;
#11479 = AXIS2_PLACEMENT_3D ( 'NONE', #4053, #7806, #11558 ) ;
#11480 = VERTEX_POINT ( 'NONE', #11821 ) ;
#11481 = AXIS2_PLACEMENT_3D ( 'NONE', #1392, #4151, #2316 ) ;
#11482 = DIRECTION ( 'NONE',  ( 0.000000000000000000, 0.000000000000000000, 1.000000000000000000 ) ) ;
#11483 = EDGE_LOOP ( 'NONE', ( #1003, #8021, #10232, #8506 ) ) ;
#11484 = DIRECTION ( 'NONE',  ( 1.000000000000000000, 0.000000000000000000, 0.000000000000000000 ) ) ;
#11485 = LINE ( 'NONE', #4036, #5552 ) ;
#11486 = LINE ( 'NONE', #6745, #7054 ) ;
#11487 = CARTESIAN_POINT ( 'NONE',  ( 84.99999999999988631, -100.0000000000000284, 5.000000000000000000 ) ) ;
#11488 = ORIENTED_EDGE ( 'NONE', *, *, #183, .T. ) ;
#11489 = CARTESIAN_POINT ( 'NONE',  ( 69.99999999999948841, 68.00000000000098055, 0.000000000000000000 ) ) ;
#11490 = AXIS2_PLACEMENT_3D ( 'NONE', #9408, #12056, #6458 ) ;
#11491 =( LENGTH_UNIT ( ) NAMED_UNIT ( * ) SI_UNIT ( .MILLI., .METRE. ) );
#11492 = CIRCLE ( 'NONE', #8138, 2.000000000000000888 ) ;
#11493 = EDGE_CURVE ( 'NONE', #1800, #7982, #740, .T. ) ;
#11494 = EDGE_CURVE ( 'NONE', #1277, #5726, #4480, .T. ) ;
#11495 = ORIENTED_EDGE ( 'NONE', *, *, #1720, .T. ) ;
#11496 = ORIENTED_EDGE ( 'NONE', *, *, #4732, .F. ) ;
#11497 = CIRCLE ( 'NONE', #8742, 2.000000000000001776 ) ;
#11498 = ADVANCED_FACE ( 'NONE', ( #11935 ), #10033, .F. ) ;
#11499 = CIRCLE ( 'NONE', #11698, 2.000000000000001776 ) ;
#11500 = CARTESIAN_POINT ( 'NONE',  ( -3.595712070532895536E-13, 79.02499999999960778, 0.000000000000000000 ) ) ;
#11501 = CARTESIAN_POINT ( 'NONE',  ( 94.02499999999986358, 75.97499999999998010, 0.000000000000000000 ) ) ;
#11502 = FACE_OUTER_BOUND ( 'NONE', #4135, .T. ) ;
#11503 = EDGE_CURVE ( 'NONE', #9738, #1937, #4964, .T. ) ;
#11504 = EDGE_CURVE ( 'NONE', #3021, #2131, #6405, .T. ) ;
#11505 = VERTEX_POINT ( 'NONE', #6230 ) ;
#11506 = LINE ( 'NONE', #9529, #7098 ) ;
#11507 = CARTESIAN_POINT ( 'NONE',  ( 84.99999999999941735, 68.00000000000109424, 0.000000000000000000 ) ) ;
#11508 = ORIENTED_EDGE ( 'NONE', *, *, #302, .F. ) ;
#11509 = DIRECTION ( 'NONE',  ( -1.000000000000000000, 0.000000000000000000, 0.000000000000000000 ) ) ;
#11510 = DIRECTION ( 'NONE',  ( 0.000000000000000000, 0.000000000000000000, 1.000000000000000000 ) ) ;
#11511 = EDGE_CURVE ( 'NONE', #8485, #7119, #11839, .T. ) ;
#11512 = AXIS2_PLACEMENT_3D ( 'NONE', #5354, #2469, #8979 ) ;
#11513 = CYLINDRICAL_SURFACE ( 'NONE', #4214, 2.000000000000001776 ) ;
#11514 = ORIENTED_EDGE ( 'NONE', *, *, #7285, .F. ) ;
#11515 = ORIENTED_EDGE ( 'NONE', *, *, #2339, .T. ) ;
#11516 = CARTESIAN_POINT ( 'NONE',  ( -50.99999999999992184, 33.99999999999989342, 0.000000000000000000 ) ) ;
#11517 = DIRECTION ( 'NONE',  ( -0.000000000000000000, -0.000000000000000000, -1.000000000000000000 ) ) ;
#11518 = EDGE_CURVE ( 'NONE', #5688, #10573, #3454, .T. ) ;
#11519 = CIRCLE ( 'NONE', #8558, 2.000000000000001776 ) ;
#11520 = CARTESIAN_POINT ( 'NONE',  ( -50.99999999999972289, -17.00000000000045830, 0.000000000000000000 ) ) ;
#11521 = CYLINDRICAL_SURFACE ( 'NONE', #12102, 2.000000000000001776 ) ;
#11522 = ORIENTED_EDGE ( 'NONE', *, *, #1672, .T. ) ;
#11523 = CARTESIAN_POINT ( 'NONE',  ( 18.99999999999982236, 34.00000000000036238, 5.000000000000000000 ) ) ;
#11524 = CARTESIAN_POINT ( 'NONE',  ( -48.99999999999955946, -68.00000000000082423, 5.000000000000000000 ) ) ;
#11525 = ORIENTED_EDGE ( 'NONE', *, *, #139, .F. ) ;
#11526 = VERTEX_POINT ( 'NONE', #4666 ) ;
#11527 = EDGE_CURVE ( 'NONE', #11676, #6729, #8090, .T. ) ;
#11528 = AXIS2_PLACEMENT_3D ( 'NONE', #1180, #7699, #2962 ) ;
#11529 = ORIENTED_EDGE ( 'NONE', *, *, #4419, .T. ) ;
#11530 = DIRECTION ( 'NONE',  ( 1.000000000000000000, 0.000000000000000000, 0.000000000000000000 ) ) ;
#11531 = VERTEX_POINT ( 'NONE', #11255 ) ;
#11532 = FACE_BOUND ( 'NONE', #2421, .T. ) ;
#11533 = CARTESIAN_POINT ( 'NONE',  ( 67.99999999999978684, -16.99999999999964118, 5.000000000000000000 ) ) ;
#11534 = LINE ( 'NONE', #3099, #5899 ) ;
#11535 = DIRECTION ( 'NONE',  ( 0.000000000000000000, 0.000000000000000000, 1.000000000000000000 ) ) ;
#11536 = DIRECTION ( 'NONE',  ( -0.000000000000000000, -0.000000000000000000, -1.000000000000000000 ) ) ;
#11537 = ORIENTED_EDGE ( 'NONE', *, *, #9541, .T. ) ;
#11538 = ORIENTED_EDGE ( 'NONE', *, *, #2698, .F. ) ;
#11539 = CARTESIAN_POINT ( 'NONE',  ( 50.99999999999973710, 17.00000000000048672, 5.000000000000000000 ) ) ;
#11540 = EDGE_CURVE ( 'NONE', #7172, #11750, #5156, .T. ) ;
#11541 = EDGE_LOOP ( 'NONE', ( #1640, #428 ) ) ;
#11542 = ORIENTED_EDGE ( 'NONE', *, *, #11951, .T. ) ;
#11543 = DIRECTION ( 'NONE',  ( -0.000000000000000000, -0.000000000000000000, 1.000000000000000000 ) ) ;
#11544 = VERTEX_POINT ( 'NONE', #5600 ) ;
#11545 = CARTESIAN_POINT ( 'NONE',  ( 48.99999999999962341, 51.00000000000071054, 0.000000000000000000 ) ) ;
#11546 = LINE ( 'NONE', #8768, #8701 ) ;
#11547 = CYLINDRICAL_SURFACE ( 'NONE', #5103, 2.000000000000001776 ) ;
#11548 = DIRECTION ( 'NONE',  ( 1.000000000000000000, 0.000000000000000000, 0.000000000000000000 ) ) ;
#11549 = VERTEX_POINT ( 'NONE', #10205 ) ;
#11550 = CARTESIAN_POINT ( 'NONE',  ( -67.99999999999965894, -17.00000000000058265, 0.000000000000000000 ) ) ;
#11551 = CYLINDRICAL_SURFACE ( 'NONE', #5762, 2.000000000000001776 ) ;
#11552 = VERTEX_POINT ( 'NONE', #9348 ) ;
#11553 = VERTEX_POINT ( 'NONE', #921 ) ;
#11554 = CARTESIAN_POINT ( 'NONE',  ( -16.99999999999964118, -85.00000000000069633, 0.000000000000000000 ) ) ;
#11555 = CARTESIAN_POINT ( 'NONE',  ( 82.99999999999971578, -16.99999999999951683, 0.000000000000000000 ) ) ;
#11556 = EDGE_CURVE ( 'NONE', #5268, #3993, #8359, .T. ) ;
#11557 = CARTESIAN_POINT ( 'NONE',  ( 82.99999999999947420, 51.00000000000095923, 0.000000000000000000 ) ) ;
#11558 = DIRECTION ( 'NONE',  ( -1.000000000000000000, 0.000000000000000000, 0.000000000000000000 ) ) ;
#11559 = ORIENTED_EDGE ( 'NONE', *, *, #6906, .F. ) ;
#11560 = PLANE ( 'NONE',  #9153 ) ;
#11561 = EDGE_LOOP ( 'NONE', ( #11538, #5421, #10791, #1813 ) ) ;
#11562 = DIRECTION ( 'NONE',  ( 0.000000000000000000, 0.000000000000000000, 1.000000000000000000 ) ) ;
#11563 = CARTESIAN_POINT ( 'NONE',  ( -33.99999999999980815, -17.00000000000034817, 5.000000000000000000 ) ) ;
#11564 = FACE_OUTER_BOUND ( 'NONE', #4828, .T. ) ;
#11565 = ADVANCED_FACE ( 'NONE', ( #2039 ), #7628, .F. ) ;
#11566 = CIRCLE ( 'NONE', #8610, 2.000000000000001776 ) ;
#11567 = VERTEX_POINT ( 'NONE', #12114 ) ;
#11568 = EDGE_LOOP ( 'NONE', ( #7644, #10007 ) ) ;
#11569 = LINE ( 'NONE', #6957, #9118 ) ;
#11570 = EDGE_CURVE ( 'NONE', #760, #4390, #1780, .T. ) ;
#11571 = DIRECTION ( 'NONE',  ( -0.000000000000000000, -0.000000000000000000, 1.000000000000000000 ) ) ;
#11572 = VERTEX_POINT ( 'NONE', #5531 ) ;
#11573 = DIRECTION ( 'NONE',  ( -0.000000000000000000, -0.000000000000000000, 1.000000000000000000 ) ) ;
#11574 = CARTESIAN_POINT ( 'NONE',  ( -52.99999999999955946, -68.00000000000082423, 0.000000000000000000 ) ) ;
#11575 = ORIENTED_EDGE ( 'NONE', *, *, #3886, .T. ) ;
#11576 = DIRECTION ( 'NONE',  ( 1.000000000000000000, 0.000000000000000000, 0.000000000000000000 ) ) ;
#11577 = DIRECTION ( 'NONE',  ( 1.000000000000000000, 0.000000000000000000, 0.000000000000000000 ) ) ;
#11578 = AXIS2_PLACEMENT_3D ( 'NONE', #6927, #4221, #6133 ) ;
#11579 = ORIENTED_EDGE ( 'NONE', *, *, #9777, .T. ) ;
#11580 = CIRCLE ( 'NONE', #10980, 2.000000000000000888 ) ;
#11581 = ADVANCED_FACE ( 'NONE', ( #3931 ), #1047, .F. ) ;
#11582 = ORIENTED_EDGE ( 'NONE', *, *, #8528, .F. ) ;
#11583 = VECTOR ( 'NONE', #8085, 1000.000000000000000 ) ;
#11584 = CIRCLE ( 'NONE', #10988, 2.000000000000001776 ) ;
#11585 = CARTESIAN_POINT ( 'NONE',  ( -67.99999999999965894, -17.00000000000058265, 0.000000000000000000 ) ) ;
#11586 = ADVANCED_FACE ( 'NONE', ( #8608 ), #4608, .F. ) ;
#11587 = EDGE_LOOP ( 'NONE', ( #3365, #8439, #11888, #2311 ) ) ;
#11588 = CARTESIAN_POINT ( 'NONE',  ( 17.00000000000016698, -68.00000000000035527, 0.000000000000000000 ) ) ;
#11589 = DIRECTION ( 'NONE',  ( 0.000000000000000000, 0.000000000000000000, 1.000000000000000000 ) ) ;
#11590 = DIRECTION ( 'NONE',  ( 0.000000000000000000, 0.000000000000000000, 1.000000000000000000 ) ) ;
#11591 = FACE_BOUND ( 'NONE', #11066, .T. ) ;
#11592 = CARTESIAN_POINT ( 'NONE',  ( 84.99999999999995737, -84.99999999999998579, 0.000000000000000000 ) ) ;
#11593 = CARTESIAN_POINT ( 'NONE',  ( -50.99999999999972289, -17.00000000000045830, 0.000000000000000000 ) ) ;
#11594 = ORIENTED_EDGE ( 'NONE', *, *, #3338, .T. ) ;
#11595 = ORIENTED_EDGE ( 'NONE', *, *, #6873, .F. ) ;
#11596 = CARTESIAN_POINT ( 'NONE',  ( 75.97499999999996589, 75.97499999999998010, 5.000000000000000000 ) ) ;
#11597 = AXIS2_PLACEMENT_3D ( 'NONE', #2427, #6183, #695 ) ;
#11598 = ORIENTED_EDGE ( 'NONE', *, *, #11679, .T. ) ;
#11599 = EDGE_LOOP ( 'NONE', ( #2261, #9987, #9629, #8665 ) ) ;
#11600 = CARTESIAN_POINT ( 'NONE',  ( 75.97499999999996589, -79.02499999999996305, 5.000000000000000000 ) ) ;
#11601 = EDGE_CURVE ( 'NONE', #2438, #3518, #9469, .T. ) ;
#11602 = ORIENTED_EDGE ( 'NONE', *, *, #4713, .F. ) ;
#11603 = DIRECTION ( 'NONE',  ( -0.000000000000000000, -0.000000000000000000, 1.000000000000000000 ) ) ;
#11604 = VECTOR ( 'NONE', #6279, 1000.000000000000000 ) ;
#11605 = DIRECTION ( 'NONE',  ( 0.000000000000000000, 0.000000000000000000, 1.000000000000000000 ) ) ;
#11606 = FACE_OUTER_BOUND ( 'NONE', #8169, .T. ) ;
#11607 = AXIS2_PLACEMENT_3D ( 'NONE', #8086, #4506, #7179 ) ;
#11608 = DIRECTION ( 'NONE',  ( 1.000000000000000000, 0.000000000000000000, 0.000000000000000000 ) ) ;
#11609 = EDGE_LOOP ( 'NONE', ( #10530, #4447, #147, #2480 ) ) ;
#11610 = CARTESIAN_POINT ( 'NONE',  ( -86.99999999999938893, -85.00000000000117950, 0.000000000000000000 ) ) ;
#11611 = CIRCLE ( 'NONE', #999, 2.000000000000001776 ) ;
#11612 = EDGE_LOOP ( 'NONE', ( #9621, #11767 ) ) ;
#11613 = VERTEX_POINT ( 'NONE', #11130 ) ;
#11614 = EDGE_CURVE ( 'NONE', #2118, #11242, #860, .T. ) ;
#11615 = CARTESIAN_POINT ( 'NONE',  ( -15.00000000000039790, 115.0000000000000711, 5.000000000000000000 ) ) ;
#11616 = DIRECTION ( 'NONE',  ( 0.000000000000000000, 0.000000000000000000, 1.000000000000000000 ) ) ;
#11617 = DIRECTION ( 'NONE',  ( -0.000000000000000000, -0.000000000000000000, 1.000000000000000000 ) ) ;
#11618 = CYLINDRICAL_SURFACE ( 'NONE', #10500, 2.000000000000001776 ) ;
#11619 = CIRCLE ( 'NONE', #1794, 2.000000000000001776 ) ;
#11620 = ORIENTED_EDGE ( 'NONE', *, *, #2785, .T. ) ;
#11621 = DIRECTION ( 'NONE',  ( -1.000000000000000000, 2.081668171172167774E-16, 0.000000000000000000 ) ) ;
#11622 = ORIENTED_EDGE ( 'NONE', *, *, #584, .T. ) ;
#11623 = CARTESIAN_POINT ( 'NONE',  ( 79.02499999999996305, 0.000000000000000000, 5.000000000000000000 ) ) ;
#11624 = CARTESIAN_POINT ( 'NONE',  ( 15.00000000000022027, -85.00000000000046896, 0.000000000000000000 ) ) ;
#11625 = CARTESIAN_POINT ( 'NONE',  ( -48.99999999999961631, -51.00000000000070344, 0.000000000000000000 ) ) ;
#11626 = ADVANCED_FACE ( 'NONE', ( #6703 ), #62, .T. ) ;
#11627 = AXIS2_PLACEMENT_3D ( 'NONE', #4321, #9985, #5314 ) ;
#11628 = ORIENTED_EDGE ( 'NONE', *, *, #11270, .F. ) ;
#11629 = AXIS2_PLACEMENT_3D ( 'NONE', #10803, #1528, #414 ) ;
#11630 = VERTEX_POINT ( 'NONE', #9275 ) ;
#11631 = DIRECTION ( 'NONE',  ( 1.000000000000000000, 0.000000000000000000, 0.000000000000000000 ) ) ;
#11632 = DIRECTION ( 'NONE',  ( 1.000000000000000000, 0.000000000000000000, 0.000000000000000000 ) ) ;
#11633 = CARTESIAN_POINT ( 'NONE',  ( 33.99999999999980815, 17.00000000000036238, 0.000000000000000000 ) ) ;
#11634 = ORIENTED_EDGE ( 'NONE', *, *, #6521, .F. ) ;
#11635 = CARTESIAN_POINT ( 'NONE',  ( 18.99999999999982236, 34.00000000000036238, 0.000000000000000000 ) ) ;
#11636 = DIRECTION ( 'NONE',  ( 0.000000000000000000, 0.000000000000000000, -1.000000000000000000 ) ) ;
#11637 = EDGE_LOOP ( 'NONE', ( #4920, #4804, #5464, #4448 ) ) ;
#11638 = CARTESIAN_POINT ( 'NONE',  ( -67.99999999999995737, 68.00000000000002842, 0.000000000000000000 ) ) ;
#11639 = DIRECTION ( 'NONE',  ( 1.000000000000000000, 0.000000000000000000, 0.000000000000000000 ) ) ;
#11640 = AXIS2_PLACEMENT_3D ( 'NONE', #9100, #1497, #10951 ) ;
#11641 = VERTEX_POINT ( 'NONE', #5788 ) ;
#11642 = VECTOR ( 'NONE', #8451, 1000.000000000000000 ) ;
#11643 = EDGE_CURVE ( 'NONE', #2798, #2093, #4797, .T. ) ;
#11644 = AXIS2_PLACEMENT_3D ( 'NONE', #6024, #359, #9769 ) ;
#11645 = AXIS2_PLACEMENT_3D ( 'NONE', #11439, #11924, #9964 ) ;
#11646 = EDGE_LOOP ( 'NONE', ( #10949, #6281, #9368, #10943 ) ) ;
#11647 = CIRCLE ( 'NONE', #9888, 2.000000000000001776 ) ;
#11648 = VECTOR ( 'NONE', #4351, 1000.000000000000000 ) ;
#11649 = DIRECTION ( 'NONE',  ( 0.000000000000000000, 0.000000000000000000, 1.000000000000000000 ) ) ;
#11650 = DIRECTION ( 'NONE',  ( -0.000000000000000000, -0.000000000000000000, 1.000000000000000000 ) ) ;
#11651 = EDGE_CURVE ( 'NONE', #8791, #5221, #7442, .T. ) ;
#11652 = CARTESIAN_POINT ( 'NONE',  ( 48.99999999999991473, -33.99999999999987210, 0.000000000000000000 ) ) ;
#11653 = CARTESIAN_POINT ( 'NONE',  ( 1.999999999999723332, 85.00000000000055422, 0.000000000000000000 ) ) ;
#11654 = FACE_BOUND ( 'NONE', #11781, .T. ) ;
#11655 = EDGE_CURVE ( 'NONE', #2606, #7952, #2764, .T. ) ;
#11656 = EDGE_CURVE ( 'NONE', #3353, #11711, #6516, .T. ) ;
#11657 = CARTESIAN_POINT ( 'NONE',  ( -52.99999999999972999, -17.00000000000045830, 0.000000000000000000 ) ) ;
#11658 = DIRECTION ( 'NONE',  ( 1.000000000000000000, 0.000000000000000000, 0.000000000000000000 ) ) ;
#11659 = ORIENTED_EDGE ( 'NONE', *, *, #9295, .F. ) ;
#11660 = ORIENTED_EDGE ( 'NONE', *, *, #8775, .T. ) ;
#11661 = CARTESIAN_POINT ( 'NONE',  ( -14.99999999999969624, -68.00000000000058265, 0.000000000000000000 ) ) ;
#11662 = AXIS2_PLACEMENT_3D ( 'NONE', #8381, #10360, #11343 ) ;
#11663 = AXIS2_PLACEMENT_3D ( 'NONE', #9039, #11934, #4428 ) ;
#11664 = EDGE_CURVE ( 'NONE', #5020, #3039, #8889, .T. ) ;
#11665 = ORIENTED_EDGE ( 'NONE', *, *, #7786, .T. ) ;
#11666 = AXIS2_PLACEMENT_3D ( 'NONE', #5749, #11287, #11218 ) ;
#11667 = ORIENTED_EDGE ( 'NONE', *, *, #8851, .F. ) ;
#11668 = AXIS2_PLACEMENT_3D ( 'NONE', #7161, #10843, #4486 ) ;
#11669 = CARTESIAN_POINT ( 'NONE',  ( -17.00000000000022382, 85.00000000000049738, 5.000000000000000000 ) ) ;
#11670 = ORIENTED_EDGE ( 'NONE', *, *, #6195, .F. ) ;
#11671 = CARTESIAN_POINT ( 'NONE',  ( -0.000000000000000000, -94.02500000000000568, 0.000000000000000000 ) ) ;
#11672 = AXIS2_PLACEMENT_3D ( 'NONE', #4539, #11187, #9468 ) ;
#11673 = DIRECTION ( 'NONE',  ( -0.000000000000000000, -0.000000000000000000, 1.000000000000000000 ) ) ;
#11674 = DIRECTION ( 'NONE',  ( 1.000000000000000000, 0.000000000000000000, 0.000000000000000000 ) ) ;
#11675 = CARTESIAN_POINT ( 'NONE',  ( 90.97499999999986642, -75.97499999999998010, 0.000000000000000000 ) ) ;
#11676 = VERTEX_POINT ( 'NONE', #7867 ) ;
#11677 = DIRECTION ( 'NONE',  ( 1.000000000000000000, 0.000000000000000000, 0.000000000000000000 ) ) ;
#11678 = AXIS2_PLACEMENT_3D ( 'NONE', #11265, #8306, #2839 ) ;
#11679 = EDGE_CURVE ( 'NONE', #5042, #7672, #10578, .T. ) ;
#11680 = VECTOR ( 'NONE', #7575, 1000.000000000000000 ) ;
#11681 = VERTEX_POINT ( 'NONE', #314 ) ;
#11682 = VERTEX_POINT ( 'NONE', #2284 ) ;
#11683 = CARTESIAN_POINT ( 'NONE',  ( -17.00000000000004263, 34.00000000000012790, 0.000000000000000000 ) ) ;
#11684 = DIRECTION ( 'NONE',  ( 0.000000000000000000, 0.000000000000000000, 1.000000000000000000 ) ) ;
#11685 = CIRCLE ( 'NONE', #11490, 2.000000000000001776 ) ;
#11686 = CARTESIAN_POINT ( 'NONE',  ( -0.000000000000000000, 94.02500000000000568, 0.000000000000000000 ) ) ;
#11687 = CARTESIAN_POINT ( 'NONE',  ( 84.99999999999965894, 6.106226635438360972E-13, 0.000000000000000000 ) ) ;
#11688 = ORIENTED_EDGE ( 'NONE', *, *, #7786, .F. ) ;
#11689 = AXIS2_PLACEMENT_3D ( 'NONE', #10679, #9571, #11484 ) ;
#11690 = DIRECTION ( 'NONE',  ( 1.000000000000000000, 0.000000000000000000, 0.000000000000000000 ) ) ;
#11691 = EDGE_LOOP ( 'NONE', ( #2751, #8336, #8286, #621 ) ) ;
#11692 = DIRECTION ( 'NONE',  ( -0.000000000000000000, -0.000000000000000000, 1.000000000000000000 ) ) ;
#11693 = CARTESIAN_POINT ( 'NONE',  ( 65.99999999999972999, 4.859675026333355072E-13, 0.000000000000000000 ) ) ;
#11694 = EDGE_CURVE ( 'NONE', #4163, #4535, #2023, .T. ) ;
#11695 = CARTESIAN_POINT ( 'NONE',  ( -79.02499999999996305, 0.000000000000000000, 0.000000000000000000 ) ) ;
#11696 = CIRCLE ( 'NONE', #4408, 2.000000000000001776 ) ;
#11697 = ORIENTED_EDGE ( 'NONE', *, *, #1943, .F. ) ;
#11698 = AXIS2_PLACEMENT_3D ( 'NONE', #9164, #11326, #4672 ) ;
#11699 = ORIENTED_EDGE ( 'NONE', *, *, #7950, .F. ) ;
#11700 = DIRECTION ( 'NONE',  ( -0.000000000000000000, -0.000000000000000000, 1.000000000000000000 ) ) ;
#11701 = FACE_OUTER_BOUND ( 'NONE', #9741, .T. ) ;
#11702 = CARTESIAN_POINT ( 'NONE',  ( -75.97499999999996589, 0.000000000000000000, 5.000000000000000000 ) ) ;
#11703 = EDGE_LOOP ( 'NONE', ( #4349, #937 ) ) ;
#11704 = CARTESIAN_POINT ( 'NONE',  ( 48.99999999999979394, 3.749452001708198027E-13, 5.000000000000000000 ) ) ;
#11705 = AXIS2_PLACEMENT_3D ( 'NONE', #1406, #6144, #1343 ) ;
#11706 = DIRECTION ( 'NONE',  ( 0.000000000000000000, 0.000000000000000000, 1.000000000000000000 ) ) ;
#11707 = VERTEX_POINT ( 'NONE', #2155 ) ;
#11708 = DIRECTION ( 'NONE',  ( 1.000000000000000000, 4.550094363217858838E-15, 0.000000000000000000 ) ) ;
#11709 = LINE ( 'NONE', #5920, #6919 ) ;
#11710 = EDGE_LOOP ( 'NONE', ( #7281, #4845, #7626, #5072 ) ) ;
#11711 = VERTEX_POINT ( 'NONE', #9837 ) ;
#11712 = CIRCLE ( 'NONE', #7577, 2.000000000000000000 ) ;
#11713 = CARTESIAN_POINT ( 'NONE',  ( 79.02499999999996305, 0.000000000000000000, 5.000000000000000000 ) ) ;
#11714 = DIRECTION ( 'NONE',  ( 1.000000000000000000, 0.000000000000000000, 0.000000000000000000 ) ) ;
#11715 = DIRECTION ( 'NONE',  ( 1.000000000000000000, 0.000000000000000000, 0.000000000000000000 ) ) ;
#11716 = DIRECTION ( 'NONE',  ( -0.000000000000000000, -0.000000000000000000, 1.000000000000000000 ) ) ;
#11717 = EDGE_CURVE ( 'NONE', #8122, #6486, #7915, .T. ) ;
#11718 = EDGE_CURVE ( 'NONE', #6262, #1011, #3578, .T. ) ;
#11719 = FACE_BOUND ( 'NONE', #6968, .T. ) ;
#11720 = DIRECTION ( 'NONE',  ( 1.000000000000000000, 0.000000000000000000, 0.000000000000000000 ) ) ;
#11721 = FACE_OUTER_BOUND ( 'NONE', #6986, .T. ) ;
#11722 = ORIENTED_EDGE ( 'NONE', *, *, #4806, .F. ) ;
#11723 = VERTEX_POINT ( 'NONE', #10758 ) ;
#11724 = CARTESIAN_POINT ( 'NONE',  ( -50.99999999999980815, -3.330669073875469621E-13, 0.000000000000000000 ) ) ;
#11725 = CIRCLE ( 'NONE', #1115, 2.000000000000001776 ) ;
#11726 = EDGE_CURVE ( 'NONE', #8485, #4815, #9720, .T. ) ;
#11727 = ORIENTED_EDGE ( 'NONE', *, *, #9923, .F. ) ;
#11728 = ADVANCED_FACE ( 'NONE', ( #4174 ), #3017, .F. ) ;
#11729 = ORIENTED_EDGE ( 'NONE', *, *, #8666, .T. ) ;
#11730 = CARTESIAN_POINT ( 'NONE',  ( -31.99999999999986144, -2.220446049250313081E-13, 0.000000000000000000 ) ) ;
#11731 = EDGE_LOOP ( 'NONE', ( #6921, #4063 ) ) ;
#11732 = CARTESIAN_POINT ( 'NONE',  ( -16.99999999999993250, -9.714451465470119729E-14, 0.000000000000000000 ) ) ;
#11733 = AXIS2_PLACEMENT_3D ( 'NONE', #11185, #976, #918 ) ;
#11734 = DIRECTION ( 'NONE',  ( 1.000000000000000000, 0.000000000000000000, 0.000000000000000000 ) ) ;
#11735 = DIRECTION ( 'NONE',  ( 0.000000000000000000, 0.000000000000000000, 1.000000000000000000 ) ) ;
#11736 = EDGE_CURVE ( 'NONE', #12144, #3183, #1230, .T. ) ;
#11737 = ADVANCED_FACE ( 'NONE', ( #8788 ), #6824, .F. ) ;
#11738 = CARTESIAN_POINT ( 'NONE',  ( -82.99999999999994316, 85.00000000000001421, 0.000000000000000000 ) ) ;
#11739 = DIRECTION ( 'NONE',  ( -0.000000000000000000, -0.000000000000000000, 1.000000000000000000 ) ) ;
#11740 = ORIENTED_EDGE ( 'NONE', *, *, #11656, .T. ) ;
#11741 = CARTESIAN_POINT ( 'NONE',  ( 51.00000000000002842, -68.00000000000011369, 0.000000000000000000 ) ) ;
#11742 = EDGE_LOOP ( 'NONE', ( #7623, #4602, #399, #7185 ) ) ;
#11743 = EDGE_CURVE ( 'NONE', #6400, #4875, #4916, .T. ) ;
#11744 = ORIENTED_EDGE ( 'NONE', *, *, #8999, .T. ) ;
#11745 = CARTESIAN_POINT ( 'NONE',  ( 2.000000000001358025, -130.0000000000000000, 0.000000000000000000 ) ) ;
#11746 = CARTESIAN_POINT ( 'NONE',  ( 17.00000000000016698, -68.00000000000035527, 5.000000000000000000 ) ) ;
#11747 = EDGE_CURVE ( 'NONE', #7735, #8477, #4972, .T. ) ;
#11748 = CYLINDRICAL_SURFACE ( 'NONE', #7196, 2.000000000000000888 ) ;
#11749 = DIRECTION ( 'NONE',  ( 1.000000000000000000, 0.000000000000000000, 0.000000000000000000 ) ) ;
#11750 = VERTEX_POINT ( 'NONE', #1353 ) ;
#11751 = CARTESIAN_POINT ( 'NONE',  ( 114.9999999999999432, -30.00000000000001421, 5.000000000000000000 ) ) ;
#11752 = VERTEX_POINT ( 'NONE', #8668 ) ;
#11753 = LINE ( 'NONE', #7131, #4782 ) ;
#11754 = CARTESIAN_POINT ( 'NONE',  ( 16.99999999999982236, 34.00000000000036238, 0.000000000000000000 ) ) ;
#11755 = ORIENTED_EDGE ( 'NONE', *, *, #861, .F. ) ;
#11756 = ORIENTED_EDGE ( 'NONE', *, *, #2004, .T. ) ;
#11757 = DIRECTION ( 'NONE',  ( 0.000000000000000000, 0.000000000000000000, 1.000000000000000000 ) ) ;
#11758 = LINE ( 'NONE', #7019, #10297 ) ;
#11759 = EDGE_CURVE ( 'NONE', #6889, #7025, #2603, .T. ) ;
#11760 = PLANE ( 'NONE',  #514 ) ;
#11761 = ORIENTED_EDGE ( 'NONE', *, *, #5098, .F. ) ;
#11762 = DIRECTION ( 'NONE',  ( 1.000000000000000000, 0.000000000000000000, 0.000000000000000000 ) ) ;
#11763 = DIRECTION ( 'NONE',  ( 1.000000000000000000, 0.000000000000000000, 0.000000000000000000 ) ) ;
#11764 = ORIENTED_EDGE ( 'NONE', *, *, #1960, .F. ) ;
#11765 = DIRECTION ( 'NONE',  ( 1.000000000000000000, 0.000000000000000000, 0.000000000000000000 ) ) ;
#11766 = DIRECTION ( 'NONE',  ( 0.000000000000000000, 0.000000000000000000, 1.000000000000000000 ) ) ;
#11767 = ORIENTED_EDGE ( 'NONE', *, *, #8860, .F. ) ;
#11768 = ORIENTED_EDGE ( 'NONE', *, *, #9652, .F. ) ;
#11769 = DIRECTION ( 'NONE',  ( 1.000000000000000000, 0.000000000000000000, 0.000000000000000000 ) ) ;
#11770 = EDGE_CURVE ( 'NONE', #7483, #1795, #4765, .T. ) ;
#11771 = CARTESIAN_POINT ( 'NONE',  ( 6.938893903907228378E-14, -17.00000000000011369, 0.000000000000000000 ) ) ;
#11772 = CIRCLE ( 'NONE', #7646, 2.000000000000000888 ) ;
#11773 = CARTESIAN_POINT ( 'NONE',  ( -130.0000000000000000, 0.000000000000000000, 0.000000000000000000 ) ) ;
#11774 = DIRECTION ( 'NONE',  ( 0.000000000000000000, 0.000000000000000000, 1.000000000000000000 ) ) ;
#11775 = FACE_BOUND ( 'NONE', #8249, .T. ) ;
#11776 = LINE ( 'NONE', #6415, #3579 ) ;
#11777 = LINE ( 'NONE', #7097, #6900 ) ;
#11778 = ORIENTED_EDGE ( 'NONE', *, *, #6019, .F. ) ;
#11779 = EDGE_LOOP ( 'NONE', ( #10363, #9154, #10760, #2490 ) ) ;
#11780 = CARTESIAN_POINT ( 'NONE',  ( 67.99999999999978684, -16.99999999999964118, 0.000000000000000000 ) ) ;
#11781 = EDGE_LOOP ( 'NONE', ( #1706, #3843 ) ) ;
#11782 = ADVANCED_FACE ( 'NONE', ( #5102 ), #3133, .F. ) ;
#11783 = ORIENTED_EDGE ( 'NONE', *, *, #9773, .T. ) ;
#11784 = EDGE_LOOP ( 'NONE', ( #11294, #6803, #1450, #10584 ) ) ;
#11785 = FACE_BOUND ( 'NONE', #5674, .T. ) ;
#11786 = LINE ( 'NONE', #1691, #1634 ) ;
#11787 = CARTESIAN_POINT ( 'NONE',  ( 33.99999999999997868, -33.99999999999998579, 0.000000000000000000 ) ) ;
#11788 = DIRECTION ( 'NONE',  ( -0.000000000000000000, -0.000000000000000000, 1.000000000000000000 ) ) ;
#11789 = LINE ( 'NONE', #8604, #10627 ) ;
#11790 = VECTOR ( 'NONE', #1788, 1000.000000000000000 ) ;
#11791 = ORIENTED_EDGE ( 'NONE', *, *, #9851, .F. ) ;
#11792 = DIRECTION ( 'NONE',  ( 1.000000000000000000, 0.000000000000000000, 0.000000000000000000 ) ) ;
#11793 = CIRCLE ( 'NONE', #4707, 2.000000000000001776 ) ;
#11794 = ORIENTED_EDGE ( 'NONE', *, *, #1819, .T. ) ;
#11795 = EDGE_CURVE ( 'NONE', #9442, #9657, #9885, .T. ) ;
#11796 = VECTOR ( 'NONE', #2348, 1000.000000000000000 ) ;
#11797 = ORIENTED_EDGE ( 'NONE', *, *, #4806, .T. ) ;
#11798 = CARTESIAN_POINT ( 'NONE',  ( -16.99999999999964118, -85.00000000000069633, 5.000000000000000000 ) ) ;
#11799 = CARTESIAN_POINT ( 'NONE',  ( -99.99999999999994316, 0.000000000000000000, 0.000000000000000000 ) ) ;
#11800 = DIRECTION ( 'NONE',  ( -0.000000000000000000, -0.000000000000000000, 1.000000000000000000 ) ) ;
#11802 = EDGE_CURVE ( 'NONE', #5807, #5918, #3264, .T. ) ;
#11801 = LINE ( 'NONE', #6085, #1853 ) ;
#11803 = EDGE_LOOP ( 'NONE', ( #46, #939, #117, #8387 ) ) ;
#11804 = DIRECTION ( 'NONE',  ( 1.000000000000000000, 0.000000000000000000, 0.000000000000000000 ) ) ;
#11805 = EDGE_CURVE ( 'NONE', #56, #6286, #258, .T. ) ;
#11806 = CARTESIAN_POINT ( 'NONE',  ( 69.99999999999943157, 85.00000000000110845, 0.000000000000000000 ) ) ;
#11807 = EDGE_CURVE ( 'NONE', #10223, #5042, #5168, .T. ) ;
#11808 = CARTESIAN_POINT ( 'NONE',  ( -50.99999999999986500, 16.99999999999977973, 5.000000000000000000 ) ) ;
#11809 = VECTOR ( 'NONE', #6427, 1000.000000000000000 ) ;
#11810 = AXIS2_PLACEMENT_3D ( 'NONE', #2569, #5514, #5283 ) ;
#11811 = VERTEX_POINT ( 'NONE', #670 ) ;
#11812 = ORIENTED_EDGE ( 'NONE', *, *, #9534, .T. ) ;
#11813 = VECTOR ( 'NONE', #5937, 1000.000000000000000 ) ;
#11814 = CARTESIAN_POINT ( 'NONE',  ( 2.000000000000306422, -85.00000000000055422, 0.000000000000000000 ) ) ;
#11815 = DIRECTION ( 'NONE',  ( 1.000000000000000000, 0.000000000000000000, 0.000000000000000000 ) ) ;
#11816 = ORIENTED_EDGE ( 'NONE', *, *, #9456, .T. ) ;
#11817 = CYLINDRICAL_SURFACE ( 'NONE', #9838, 2.000000000000001776 ) ;
#11818 = DIRECTION ( 'NONE',  ( -0.000000000000000000, -0.000000000000000000, 1.000000000000000000 ) ) ;
#11819 = EDGE_LOOP ( 'NONE', ( #6954, #11315 ) ) ;
#11820 = CARTESIAN_POINT ( 'NONE',  ( 135.0000000000000000, -7.285838599102581908E-15, 5.000000000000000000 ) ) ;
#11821 = CARTESIAN_POINT ( 'NONE',  ( -65.99999999999990052, 50.99999999999990763, 5.000000000000000000 ) ) ;
#11822 = CIRCLE ( 'NONE', #624, 2.000000000000001776 ) ;
#11823 = AXIS2_PLACEMENT_3D ( 'NONE', #7355, #5632, #10978 ) ;
#11824 = ADVANCED_FACE ( 'NONE', ( #6327 ), #553, .F. ) ;
#11825 = ORIENTED_EDGE ( 'NONE', *, *, #11540, .F. ) ;
#11826 = DIRECTION ( 'NONE',  ( 1.000000000000000000, 4.550094363217858838E-15, 0.000000000000000000 ) ) ;
#11827 = DIRECTION ( 'NONE',  ( 0.000000000000000000, 0.000000000000000000, 1.000000000000000000 ) ) ;
#11828 = CIRCLE ( 'NONE', #1612, 2.000000000000001776 ) ;
#11830 = DIRECTION ( 'NONE',  ( 1.000000000000000000, 0.000000000000000000, 0.000000000000000000 ) ) ;
#11829 = CIRCLE ( 'NONE', #6519, 2.000000000000001776 ) ;
#11831 = CARTESIAN_POINT ( 'NONE',  ( 3.595712070532895536E-13, 79.02499999999960778, 0.000000000000000000 ) ) ;
#11832 = FACE_BOUND ( 'NONE', #1317, .T. ) ;
#11833 = DIRECTION ( 'NONE',  ( 1.000000000000000000, 0.000000000000000000, 0.000000000000000000 ) ) ;
#11834 = ORIENTED_EDGE ( 'NONE', *, *, #11184, .T. ) ;
#11835 = ORIENTED_EDGE ( 'NONE', *, *, #9638, .T. ) ;
#11836 = LINE ( 'NONE', #7171, #8482 ) ;
#11837 = AXIS2_PLACEMENT_3D ( 'NONE', #3853, #3789, #11418 ) ;
#11838 = ADVANCED_FACE ( 'NONE', ( #729 ), #3548, .F. ) ;
#11839 = CIRCLE ( 'NONE', #10462, 2.000000000000001776 ) ;
#11840 = VECTOR ( 'NONE', #9291, 1000.000000000000000 ) ;
#11841 = ORIENTED_EDGE ( 'NONE', *, *, #4044, .F. ) ;
#11842 = EDGE_LOOP ( 'NONE', ( #10141, #422 ) ) ;
#11843 = ORIENTED_EDGE ( 'NONE', *, *, #10957, .T. ) ;
#11844 = FACE_BOUND ( 'NONE', #11173, .T. ) ;
#11845 = DIRECTION ( 'NONE',  ( -0.000000000000000000, -0.000000000000000000, 1.000000000000000000 ) ) ;
#11846 = CARTESIAN_POINT ( 'NONE',  ( -2.775557561562891351E-13, 85.00000000000055422, 0.000000000000000000 ) ) ;
#11847 = CARTESIAN_POINT ( 'NONE',  ( 75.97499999999996589, 0.000000000000000000, 5.000000000000000000 ) ) ;
#11849 = LINE ( 'NONE', #5220, #5134 ) ;
#11848 = AXIS2_PLACEMENT_3D ( 'NONE', #10640, #2340, #3194 ) ;
#11850 = EDGE_LOOP ( 'NONE', ( #2812, #6445, #11898, #1740 ) ) ;
#11851 = AXIS2_PLACEMENT_3D ( 'NONE', #8745, #7824, #11576 ) ;
#11852 = CYLINDRICAL_SURFACE ( 'NONE', #625, 2.000000000000001776 ) ;
#11853 = EDGE_CURVE ( 'NONE', #4460, #10409, #3779, .T. ) ;
#11854 = AXIS2_PLACEMENT_3D ( 'NONE', #1899, #11979, #7307 ) ;
#11855 = ORIENTED_EDGE ( 'NONE', *, *, #5987, .F. ) ;
#11856 = CIRCLE ( 'NONE', #7524, 2.000000000000001776 ) ;
#11857 = ORIENTED_EDGE ( 'NONE', *, *, #9613, .T. ) ;
#11858 = AXIS2_PLACEMENT_3D ( 'NONE', #8358, #7441, #978 ) ;
#11859 = DIRECTION ( 'NONE',  ( 1.000000000000000000, 0.000000000000000000, 0.000000000000000000 ) ) ;
#11860 = DIRECTION ( 'NONE',  ( 0.000000000000000000, 0.000000000000000000, 1.000000000000000000 ) ) ;
#11861 = CARTESIAN_POINT ( 'NONE',  ( 50.99999999999979394, 3.747002708109903324E-13, 0.000000000000000000 ) ) ;
#11862 = DIRECTION ( 'NONE',  ( 0.000000000000000000, 0.000000000000000000, 1.000000000000000000 ) ) ;
#11863 = ORIENTED_EDGE ( 'NONE', *, *, #7020, .F. ) ;
#11864 = ADVANCED_FACE ( 'NONE', ( #4294 ), #10993, .F. ) ;
#11865 = LINE ( 'NONE', #10816, #7919 ) ;
#11866 = AXIS2_PLACEMENT_3D ( 'NONE', #3128, #9714, #7008 ) ;
#11867 = EDGE_CURVE ( 'NONE', #9961, #4243, #6343, .T. ) ;
#11868 = CARTESIAN_POINT ( 'NONE',  ( 69.99999999999955946, 51.00000000000085265, 5.000000000000000000 ) ) ;
#11869 = CARTESIAN_POINT ( 'NONE',  ( -69.99999999999980105, 16.99999999999965539, 0.000000000000000000 ) ) ;
#11870 = CIRCLE ( 'NONE', #1854, 2.000000000000000888 ) ;
#11871 = EDGE_LOOP ( 'NONE', ( #4691, #9570 ) ) ;
#11872 = EDGE_CURVE ( 'NONE', #6286, #56, #4559, .T. ) ;
#11873 = ORIENTED_EDGE ( 'NONE', *, *, #1051, .F. ) ;
#11874 = VECTOR ( 'NONE', #5112, 1000.000000000000000 ) ;
#11875 = EDGE_CURVE ( 'NONE', #10488, #11102, #7512, .T. ) ;
#11876 = ADVANCED_FACE ( 'NONE', ( #4416 ), #2635, .F. ) ;
#11877 = VECTOR ( 'NONE', #6113, 1000.000000000000000 ) ;
#11878 = CARTESIAN_POINT ( 'NONE',  ( 84.99999999999954525, 34.00000000000083844, 5.000000000000000000 ) ) ;
#11879 = CARTESIAN_POINT ( 'NONE',  ( -82.99999999999967315, -5.828670879282071837E-13, 5.000000000000000000 ) ) ;
#11880 = EDGE_LOOP ( 'NONE', ( #9736, #953 ) ) ;
#11881 = CARTESIAN_POINT ( 'NONE',  ( 50.99999999999962341, 51.00000000000071054, 0.000000000000000000 ) ) ;
#11882 = CARTESIAN_POINT ( 'NONE',  ( 33.99999999999997868, -33.99999999999998579, 0.000000000000000000 ) ) ;
#11883 = ORIENTED_EDGE ( 'NONE', *, *, #11178, .F. ) ;
#11884 = CARTESIAN_POINT ( 'NONE',  ( 33.99999999999974420, 34.00000000000047606, 0.000000000000000000 ) ) ;
#11885 = DIRECTION ( 'NONE',  ( 1.000000000000000000, 0.000000000000000000, 0.000000000000000000 ) ) ;
#11886 = AXIS2_PLACEMENT_3D ( 'NONE', #10535, #257, #4003 ) ;
#11887 = EDGE_CURVE ( 'NONE', #11102, #8178, #6270, .T. ) ;
#11888 = ORIENTED_EDGE ( 'NONE', *, *, #1569, .T. ) ;
#11889 = CIRCLE ( 'NONE', #6584, 2.000000000000001776 ) ;
#11890 = PLANE ( 'NONE',  #2941 ) ;
#11891 = LINE ( 'NONE', #9929, #5604 ) ;
#11892 = CIRCLE ( 'NONE', #11886, 2.000000000000001776 ) ;
#11893 = DIRECTION ( 'NONE',  ( 0.000000000000000000, 0.000000000000000000, 1.000000000000000000 ) ) ;
#11894 = CARTESIAN_POINT ( 'NONE',  ( -50.99999999999961631, -51.00000000000070344, 0.000000000000000000 ) ) ;
#11895 = FACE_BOUND ( 'NONE', #9860, .T. ) ;
#11896 = EDGE_CURVE ( 'NONE', #9853, #5927, #2420, .T. ) ;
#11897 = CYLINDRICAL_SURFACE ( 'NONE', #3197, 2.000000000000001776 ) ;
#11898 = ORIENTED_EDGE ( 'NONE', *, *, #5776, .F. ) ;
#11899 = EDGE_LOOP ( 'NONE', ( #2737, #7197 ) ) ;
#11900 = DIRECTION ( 'NONE',  ( 1.000000000000000000, 0.000000000000000000, 0.000000000000000000 ) ) ;
#11901 = CIRCLE ( 'NONE', #1677, 2.000000000000001776 ) ;
#11902 = VERTEX_POINT ( 'NONE', #10138 ) ;
#11903 = VERTEX_POINT ( 'NONE', #7994 ) ;
#11904 = ORIENTED_EDGE ( 'NONE', *, *, #1288, .T. ) ;
#11905 = FACE_BOUND ( 'NONE', #6261, .T. ) ;
#11906 = CARTESIAN_POINT ( 'NONE',  ( 50.99999999999985079, -16.99999999999975131, 5.000000000000000000 ) ) ;
#11907 = CARTESIAN_POINT ( 'NONE',  ( 0.000000000000000000, 94.02500000000000568, 5.000000000000000000 ) ) ;
#11908 = EDGE_CURVE ( 'NONE', #6272, #9269, #9276, .T. ) ;
#11909 = CARTESIAN_POINT ( 'NONE',  ( 79.02499999999996305, 0.000000000000000000, 5.000000000000000000 ) ) ;
#11910 = CARTESIAN_POINT ( 'NONE',  ( 69.99999999999997158, -67.99999999999998579, 0.000000000000000000 ) ) ;
#11911 = ORIENTED_EDGE ( 'NONE', *, *, #2072, .T. ) ;
#11912 = VECTOR ( 'NONE', #10186, 1000.000000000000000 ) ;
#11913 = DIRECTION ( 'NONE',  ( 0.000000000000000000, -0.000000000000000000, 1.000000000000000000 ) ) ;
#11914 = VERTEX_POINT ( 'NONE', #9145 ) ;
#11915 = VERTEX_POINT ( 'NONE', #11980 ) ;
#11916 = AXIS2_PLACEMENT_3D ( 'NONE', #2110, #4006, #11453 ) ;
#11917 = ORIENTED_EDGE ( 'NONE', *, *, #2040, .F. ) ;
#11918 = DIRECTION ( 'NONE',  ( -0.000000000000000000, 0.000000000000000000, 1.000000000000000000 ) ) ;
#11919 = DIRECTION ( 'NONE',  ( -0.000000000000000000, -0.000000000000000000, 1.000000000000000000 ) ) ;
#11920 = FACE_OUTER_BOUND ( 'NONE', #11953, .T. ) ;
#11921 = DIRECTION ( 'NONE',  ( -0.000000000000000000, -0.000000000000000000, 1.000000000000000000 ) ) ;
#11922 = EDGE_LOOP ( 'NONE', ( #10497, #6631 ) ) ;
#11923 = CARTESIAN_POINT ( 'NONE',  ( 16.99999999999969447, 68.00000000000061107, 0.000000000000000000 ) ) ;
#11924 = DIRECTION ( 'NONE',  ( 0.000000000000000000, 0.000000000000000000, 1.000000000000000000 ) ) ;
#11925 = ORIENTED_EDGE ( 'NONE', *, *, #11736, .T. ) ;
#11926 = ORIENTED_EDGE ( 'NONE', *, *, #9161, .F. ) ;
#11927 = EDGE_CURVE ( 'NONE', #1412, #4101, #4368, .T. ) ;
#11928 = FACE_OUTER_BOUND ( 'NONE', #3576, .T. ) ;
#11929 = CYLINDRICAL_SURFACE ( 'NONE', #8156, 1.999999999999996225 ) ;
#11930 = ORIENTED_EDGE ( 'NONE', *, *, #9606, .F. ) ;
#11931 = CARTESIAN_POINT ( 'NONE',  ( -67.99999999999974420, -4.579669976578770729E-13, 0.000000000000000000 ) ) ;
#11932 = FACE_OUTER_BOUND ( 'NONE', #2315, .T. ) ;
#11933 = ORIENTED_EDGE ( 'NONE', *, *, #9782, .T. ) ;
#11934 = DIRECTION ( 'NONE',  ( -0.000000000000000000, -0.000000000000000000, 1.000000000000000000 ) ) ;
#11935 = FACE_OUTER_BOUND ( 'NONE', #858, .T. ) ;
#11936 = EDGE_CURVE ( 'NONE', #5621, #9578, #8972, .T. ) ;
#11937 = EDGE_CURVE ( 'NONE', #3993, #4980, #3983, .T. ) ;
#11938 = ORIENTED_EDGE ( 'NONE', *, *, #8403, .T. ) ;
#11939 = CARTESIAN_POINT ( 'NONE',  ( -75.97499999999996589, -79.02499999999996305, 5.000000000000000000 ) ) ;
#11940 = CARTESIAN_POINT ( 'NONE',  ( 0.000000000000000000, -75.97499999999998010, 5.000000000000000000 ) ) ;
#11941 = CARTESIAN_POINT ( 'NONE',  ( -31.99999999999975131, -34.00000000000046896, 0.000000000000000000 ) ) ;
#11942 = CARTESIAN_POINT ( 'NONE',  ( -75.97499999999996589, 0.000000000000000000, 5.000000000000000000 ) ) ;
#11943 = FACE_BOUND ( 'NONE', #7916, .T. ) ;
#11944 = CARTESIAN_POINT ( 'NONE',  ( 0.000000000000000000, 75.97499999999998010, 5.000000000000000000 ) ) ;
#11945 = ADVANCED_FACE ( 'NONE', ( #10884 ), #8106, .F. ) ;
#11946 = PRESENTATION_STYLE_ASSIGNMENT (( #5374 ) ) ;
#11947 = CIRCLE ( 'NONE', #9213, 2.000000000000001776 ) ;
#11948 = ORIENTED_EDGE ( 'NONE', *, *, #3283, .F. ) ;
#11949 = ORIENTED_EDGE ( 'NONE', *, *, #8252, .F. ) ;
#11950 = DIRECTION ( 'NONE',  ( 1.000000000000000000, 0.000000000000000000, 0.000000000000000000 ) ) ;
#11951 = EDGE_CURVE ( 'NONE', #4695, #10241, #4355, .T. ) ;
#11952 = EDGE_CURVE ( 'NONE', #618, #10647, #7134, .T. ) ;
#11953 = EDGE_LOOP ( 'NONE', ( #10373, #6534, #2616, #9182 ) ) ;
#11954 = EDGE_CURVE ( 'NONE', #1374, #12129, #9477, .T. ) ;
#11955 = VERTEX_POINT ( 'NONE', #2937 ) ;
#11956 = ORIENTED_EDGE ( 'NONE', *, *, #8774, .T. ) ;
#11957 = DIRECTION ( 'NONE',  ( -0.000000000000000000, -0.000000000000000000, 1.000000000000000000 ) ) ;
#11958 = CARTESIAN_POINT ( 'NONE',  ( 14.99999999999992895, 1.390228074379740378E-13, 0.000000000000000000 ) ) ;
#11959 = CARTESIAN_POINT ( 'NONE',  ( 94.02499999999986358, 0.000000000000000000, 5.000000000000000000 ) ) ;
#11960 = CARTESIAN_POINT ( 'NONE',  ( -68.00000000000001421, 85.00000000000015632, 0.000000000000000000 ) ) ;
#11961 = DIRECTION ( 'NONE',  ( 0.000000000000000000, -0.000000000000000000, -1.000000000000000000 ) ) ;
#11962 = ORIENTED_EDGE ( 'NONE', *, *, #3307, .F. ) ;
#11963 = ORIENTED_EDGE ( 'NONE', *, *, #10900, .T. ) ;
#11964 = FACE_OUTER_BOUND ( 'NONE', #2541, .T. ) ;
#11965 = AXIS2_PLACEMENT_3D ( 'NONE', #2320, #7976, #10797 ) ;
#11966 = AXIS2_PLACEMENT_3D ( 'NONE', #9250, #6620, #7666 ) ;
#11967 = ORIENTED_EDGE ( 'NONE', *, *, #8803, .T. ) ;
#11968 = ADVANCED_FACE ( 'NONE', ( #11306 ), #4653, .F. ) ;
#11969 = ORIENTED_EDGE ( 'NONE', *, *, #10097, .F. ) ;
#11970 = EDGE_LOOP ( 'NONE', ( #10114, #8583 ) ) ;
#11971 = DIRECTION ( 'NONE',  ( -0.000000000000000000, -0.000000000000000000, 1.000000000000000000 ) ) ;
#11972 = VECTOR ( 'NONE', #2612, 1000.000000000000000 ) ;
#11973 = DIRECTION ( 'NONE',  ( 1.000000000000000000, 0.000000000000000000, 0.000000000000000000 ) ) ;
#11975 = CIRCLE ( 'NONE', #2358, 2.000000000000001776 ) ;
#11974 = LINE ( 'NONE', #6319, #1161 ) ;
#11976 = DIRECTION ( 'NONE',  ( -0.000000000000000000, -0.000000000000000000, 1.000000000000000000 ) ) ;
#11977 = DIRECTION ( 'NONE',  ( 1.000000000000000000, 0.000000000000000000, 0.000000000000000000 ) ) ;
#11978 = ORIENTED_EDGE ( 'NONE', *, *, #8999, .F. ) ;
#11979 = DIRECTION ( 'NONE',  ( -1.000000000000000000, 0.000000000000000000, 0.000000000000000000 ) ) ;
#11980 = CARTESIAN_POINT ( 'NONE',  ( -86.99999999999947420, -51.00000000000093792, 0.000000000000000000 ) ) ;
#11981 = VERTEX_POINT ( 'NONE', #5771 ) ;
#11982 = EDGE_CURVE ( 'NONE', #4073, #6626, #10484, .T. ) ;
#11983 = CIRCLE ( 'NONE', #594, 2.000000000000000000 ) ;
#11984 = ORIENTED_EDGE ( 'NONE', *, *, #595, .T. ) ;
#11985 = CARTESIAN_POINT ( 'NONE',  ( 33.99999999999980815, 17.00000000000036238, 0.000000000000000000 ) ) ;
#11986 = DIRECTION ( 'NONE',  ( -0.000000000000000000, -0.000000000000000000, 1.000000000000000000 ) ) ;
#11987 = AXIS2_PLACEMENT_3D ( 'NONE', #6833, #9597, #3087 ) ;
#11988 = ORIENTED_EDGE ( 'NONE', *, *, #6320, .F. ) ;
#11989 = DIRECTION ( 'NONE',  ( -0.000000000000000000, -0.000000000000000000, 1.000000000000000000 ) ) ;
#11990 = CARTESIAN_POINT ( 'NONE',  ( -65.99999999999943157, -85.00000000000106581, 5.000000000000000000 ) ) ;
#11991 = VERTEX_POINT ( 'NONE', #6501 ) ;
#11992 = CARTESIAN_POINT ( 'NONE',  ( -84.99999999999978684, 33.99999999999964473, 0.000000000000000000 ) ) ;
#11993 = DIRECTION ( 'NONE',  ( 1.000000000000000000, 0.000000000000000000, 0.000000000000000000 ) ) ;
#11994 = EDGE_CURVE ( 'NONE', #8802, #8853, #7375, .T. ) ;
#11995 = CIRCLE ( 'NONE', #8453, 2.000000000000001776 ) ;
#11996 = EDGE_LOOP ( 'NONE', ( #353, #10504, #7648, #4086 ) ) ;
#11997 = DIRECTION ( 'NONE',  ( 0.000000000000000000, 0.000000000000000000, 1.000000000000000000 ) ) ;
#11998 = DIRECTION ( 'NONE',  ( 1.000000000000000000, 0.000000000000000000, 0.000000000000000000 ) ) ;
#11999 = CARTESIAN_POINT ( 'NONE',  ( 79.02499999999996305, 94.02500000000000568, 5.000000000000000000 ) ) ;
#12000 = DIRECTION ( 'NONE',  ( 1.000000000000000000, 0.000000000000000000, 0.000000000000000000 ) ) ;
#12001 = FACE_BOUND ( 'NONE', #6170, .T. ) ;
#12002 = DIRECTION ( 'NONE',  ( -0.000000000000000000, -0.000000000000000000, -1.000000000000000000 ) ) ;
#12003 = CARTESIAN_POINT ( 'NONE',  ( -51.00000000000002842, 68.00000000000014211, 5.000000000000000000 ) ) ;
#12004 = VECTOR ( 'NONE', #4634, 1000.000000000000000 ) ;
#12005 = VERTEX_POINT ( 'NONE', #9259 ) ;
#12006 = EDGE_LOOP ( 'NONE', ( #1689, #1609, #969, #10128 ) ) ;
#12007 = EDGE_CURVE ( 'NONE', #3805, #9028, #12153, .T. ) ;
#12008 = ORIENTED_EDGE ( 'NONE', *, *, #3262, .F. ) ;
#12009 = EDGE_CURVE ( 'NONE', #1184, #997, #8118, .T. ) ;
#12010 = CIRCLE ( 'NONE', #3179, 2.000000000000001776 ) ;
#12011 = ORIENTED_EDGE ( 'NONE', *, *, #5770, .F. ) ;
#12012 = CIRCLE ( 'NONE', #9656, 2.000000000000001776 ) ;
#12013 = ORIENTED_EDGE ( 'NONE', *, *, #11014, .T. ) ;
#12014 = EDGE_CURVE ( 'NONE', #2849, #5822, #2018, .T. ) ;
#12015 = FACE_BOUND ( 'NONE', #11703, .T. ) ;
#12016 = DIRECTION ( 'NONE',  ( 0.000000000000000000, 0.000000000000000000, 1.000000000000000000 ) ) ;
#12017 = CYLINDRICAL_SURFACE ( 'NONE', #10008, 15.00000000000000000 ) ;
#12018 = LINE ( 'NONE', #1576, #9438 ) ;
#12019 = LINE ( 'NONE', #4507, #11809 ) ;
#12020 = ORIENTED_EDGE ( 'NONE', *, *, #7199, .F. ) ;
#12021 = ORIENTED_EDGE ( 'NONE', *, *, #9168, .T. ) ;
#12022 = LINE ( 'NONE', #8329, #5522 ) ;
#12023 = AXIS2_PLACEMENT_3D ( 'NONE', #128, #3872, #11320 ) ;
#12024 = EDGE_LOOP ( 'NONE', ( #690, #6784, #3640, #2786 ) ) ;
#12025 = VERTEX_POINT ( 'NONE', #6687 ) ;
#12026 = ORIENTED_EDGE ( 'NONE', *, *, #1284, .F. ) ;
#12027 = DIRECTION ( 'NONE',  ( 1.000000000000000000, 0.000000000000000000, 0.000000000000000000 ) ) ;
#12028 = AXIS2_PLACEMENT_3D ( 'NONE', #2573, #10940, #1710 ) ;
#12029 = CIRCLE ( 'NONE', #8689, 2.000000000000001776 ) ;
#12030 = DIRECTION ( 'NONE',  ( 0.000000000000000000, 0.000000000000000000, 1.000000000000000000 ) ) ;
#12031 = CARTESIAN_POINT ( 'NONE',  ( -17.00000000000016698, 68.00000000000036948, 0.000000000000000000 ) ) ;
#12032 = AXIS2_PLACEMENT_3D ( 'NONE', #2394, #2335, #6150 ) ;
#12033 = LINE ( 'NONE', #5581, #9951 ) ;
#12034 = UNCERTAINTY_MEASURE_WITH_UNIT (LENGTH_MEASURE( 1.000000000000000082E-05 ), #6295, 'distance_accuracy_value', 'NONE');
#12035 = CARTESIAN_POINT ( 'NONE',  ( -19.00000000000004619, 34.00000000000012790, 0.000000000000000000 ) ) ;
#12036 = ORIENTED_EDGE ( 'NONE', *, *, #3001, .T. ) ;
#12037 = LINE ( 'NONE', #4525, #1243 ) ;
#12038 = EDGE_CURVE ( 'NONE', #1797, #10244, #785, .T. ) ;
#12039 = DIRECTION ( 'NONE',  ( 0.000000000000000000, 0.000000000000000000, 1.000000000000000000 ) ) ;
#12040 = AXIS2_PLACEMENT_3D ( 'NONE', #4896, #6013, #7731 ) ;
#12041 = AXIS2_PLACEMENT_3D ( 'NONE', #965, #6442, #10326 ) ;
#12042 = CIRCLE ( 'NONE', #11851, 2.000000000000001776 ) ;
#12043 = ORIENTED_EDGE ( 'NONE', *, *, #9382, .T. ) ;
#12044 = EDGE_LOOP ( 'NONE', ( #8265, #1327 ) ) ;
#12045 = AXIS2_PLACEMENT_3D ( 'NONE', #2067, #8513, #6611 ) ;
#12046 = DIRECTION ( 'NONE',  ( 1.000000000000000000, 0.000000000000000000, 0.000000000000000000 ) ) ;
#12047 = VECTOR ( 'NONE', #9370, 1000.000000000000000 ) ;
#12048 = LINE ( 'NONE', #8472, #6397 ) ;
#12049 = ORIENTED_EDGE ( 'NONE', *, *, #8041, .F. ) ;
#12050 = DIRECTION ( 'NONE',  ( 0.000000000000000000, 0.000000000000000000, 1.000000000000000000 ) ) ;
#12051 = DIRECTION ( 'NONE',  ( -1.047444401652940638E-14, 1.000000000000000000, 0.000000000000000000 ) ) ;
#12052 = VERTEX_POINT ( 'NONE', #845 ) ;
#12053 = EDGE_CURVE ( 'NONE', #11411, #3950, #3611, .T. ) ;
#12054 = DIRECTION ( 'NONE',  ( 1.000000000000000000, 0.000000000000000000, 0.000000000000000000 ) ) ;
#12055 = DIRECTION ( 'NONE',  ( 0.000000000000000000, -1.000000000000000000, 0.000000000000000000 ) ) ;
#12056 = DIRECTION ( 'NONE',  ( 0.000000000000000000, 0.000000000000000000, 1.000000000000000000 ) ) ;
#12057 = CIRCLE ( 'NONE', #11678, 2.000000000000001776 ) ;
#12058 = VERTEX_POINT ( 'NONE', #11238 ) ;
#12059 = DIRECTION ( 'NONE',  ( 1.000000000000000000, 0.000000000000000000, 0.000000000000000000 ) ) ;
#12060 = CARTESIAN_POINT ( 'NONE',  ( -94.02499999999986358, 0.000000000000000000, 0.000000000000000000 ) ) ;
#12061 = CARTESIAN_POINT ( 'NONE',  ( 90.97499999999986642, -75.97499999999998010, 5.000000000000000000 ) ) ;
#12062 = CARTESIAN_POINT ( 'NONE',  ( 51.00000000000002842, -68.00000000000011369, 5.000000000000000000 ) ) ;
#12063 = AXIS2_PLACEMENT_3D ( 'NONE', #7015, #9721, #3933 ) ;
#12064 = FACE_OUTER_BOUND ( 'NONE', #3874, .T. ) ;
#12065 = DIRECTION ( 'NONE',  ( -0.000000000000000000, -0.000000000000000000, 1.000000000000000000 ) ) ;
#12066 = CARTESIAN_POINT ( 'NONE',  ( 84.99999999999990052, -67.99999999999987210, 0.000000000000000000 ) ) ;
#12067 = ORIENTED_EDGE ( 'NONE', *, *, #30, .T. ) ;
#12068 = AXIS2_PLACEMENT_3D ( 'NONE', #10795, #1690, #4393 ) ;
#12069 = ORIENTED_EDGE ( 'NONE', *, *, #8211, .T. ) ;
#12070 = ORIENTED_EDGE ( 'NONE', *, *, #9767, .F. ) ;
#12071 = ORIENTED_EDGE ( 'NONE', *, *, #7966, .F. ) ;
#12072 = AXIS2_PLACEMENT_3D ( 'NONE', #6832, #5054, #2163 ) ;
#12073 = EDGE_CURVE ( 'NONE', #1673, #4931, #2814, .T. ) ;
#12074 = FACE_OUTER_BOUND ( 'NONE', #1484, .T. ) ;
#12075 = ORIENTED_EDGE ( 'NONE', *, *, #11718, .T. ) ;
#12076 = FACE_BOUND ( 'NONE', #11880, .T. ) ;
#12077 = DIRECTION ( 'NONE',  ( -0.000000000000000000, -0.000000000000000000, 1.000000000000000000 ) ) ;
#12078 = DIRECTION ( 'NONE',  ( 1.000000000000000000, 0.000000000000000000, 0.000000000000000000 ) ) ;
#12079 = DIRECTION ( 'NONE',  ( 1.000000000000000000, 0.000000000000000000, 0.000000000000000000 ) ) ;
#12080 = DIRECTION ( 'NONE',  ( 1.000000000000000000, -4.550094363217858838E-15, 0.000000000000000000 ) ) ;
#12081 = ORIENTED_EDGE ( 'NONE', *, *, #8253, .F. ) ;
#12082 = ORIENTED_EDGE ( 'NONE', *, *, #1105, .T. ) ;
#12083 = DIRECTION ( 'NONE',  ( -0.000000000000000000, -0.000000000000000000, -1.000000000000000000 ) ) ;
#12084 = EDGE_CURVE ( 'NONE', #7537, #10614, #3206, .T. ) ;
#12085 = VECTOR ( 'NONE', #10087, 1000.000000000000000 ) ;
#12086 = ADVANCED_FACE ( 'NONE', ( #6568 ), #4780, .F. ) ;
#12087 = EDGE_LOOP ( 'NONE', ( #384, #7707, #5472, #3430 ) ) ;
#12088 = EDGE_LOOP ( 'NONE', ( #5563, #132, #10930, #3010 ) ) ;
#12089 = ADVANCED_FACE ( 'NONE', ( #1766 ), #5517, .F. ) ;
#12090 = ORIENTED_EDGE ( 'NONE', *, *, #9764, .T. ) ;
#12091 = DIRECTION ( 'NONE',  ( 1.000000000000000000, 0.000000000000000000, 0.000000000000000000 ) ) ;
#12092 = AXIS2_PLACEMENT_3D ( 'NONE', #8398, #11976, #2568 ) ;
#12093 = CYLINDRICAL_SURFACE ( 'NONE', #7510, 2.000000000000001776 ) ;
#12094 = LINE ( 'NONE', #3663, #6273 ) ;
#12095 = CARTESIAN_POINT ( 'NONE',  ( -84.99999999999972999, 16.99999999999953104, 5.000000000000000000 ) ) ;
#12096 = CARTESIAN_POINT ( 'NONE',  ( 50.99999999999991473, -33.99999999999987210, 0.000000000000000000 ) ) ;
#12097 = EDGE_LOOP ( 'NONE', ( #1472, #6417 ) ) ;
#12098 = DIRECTION ( 'NONE',  ( 1.000000000000000000, 4.550094363217858838E-15, 0.000000000000000000 ) ) ;
#12099 = ADVANCED_FACE ( 'NONE', ( #7616 ), #3796, .F. ) ;
#12100 = DIRECTION ( 'NONE',  ( 1.000000000000000000, 0.000000000000000000, 0.000000000000000000 ) ) ;
#12101 = EDGE_CURVE ( 'NONE', #5409, #2470, #8301, .T. ) ;
#12102 = AXIS2_PLACEMENT_3D ( 'NONE', #8616, #6834, #1244 ) ;
#12103 = ORIENTED_EDGE ( 'NONE', *, *, #11192, .T. ) ;
#12104 = ORIENTED_EDGE ( 'NONE', *, *, #4228, .T. ) ;
#12105 = EDGE_CURVE ( 'NONE', #10223, #7818, #2086, .T. ) ;
#12106 = DIRECTION ( 'NONE',  ( 1.000000000000000000, 0.000000000000000000, 0.000000000000000000 ) ) ;
#12107 = CARTESIAN_POINT ( 'NONE',  ( -4.640641421447204258E-13, 135.0000000000000000, 5.000000000000000000 ) ) ;
#12108 = CARTESIAN_POINT ( 'NONE',  ( -17.00000000000016698, 68.00000000000036948, 0.000000000000000000 ) ) ;
#12109 = ORIENTED_EDGE ( 'NONE', *, *, #8748, .T. ) ;
#12110 = DIRECTION ( 'NONE',  ( 1.000000000000000000, 0.000000000000000000, 0.000000000000000000 ) ) ;
#12111 = CARTESIAN_POINT ( 'NONE',  ( 29.99999999999960920, 100.0000000000000142, 5.000000000000000000 ) ) ;
#12112 = EDGE_LOOP ( 'NONE', ( #931, #4305 ) ) ;
#12113 = CARTESIAN_POINT ( 'NONE',  ( -15.00000000000004263, 34.00000000000012790, 0.000000000000000000 ) ) ;
#12114 = CARTESIAN_POINT ( 'NONE',  ( 52.99999999999997158, -50.99999999999999289, 5.000000000000000000 ) ) ;
#12115 = PLANE ( 'NONE',  #3037 ) ;
#12116 = EDGE_CURVE ( 'NONE', #4835, #95, #231, .T. ) ;
#12117 = ORIENTED_EDGE ( 'NONE', *, *, #6707, .F. ) ;
#12118 = CARTESIAN_POINT ( 'NONE',  ( -48.99999999999961631, -51.00000000000070344, 5.000000000000000000 ) ) ;
#12119 = DIRECTION ( 'NONE',  ( 1.000000000000000000, 0.000000000000000000, 0.000000000000000000 ) ) ;
#12120 = FACE_OUTER_BOUND ( 'NONE', #6472, .T. ) ;
#12121 = DIRECTION ( 'NONE',  ( 0.000000000000000000, 0.000000000000000000, 1.000000000000000000 ) ) ;
#12122 = FACE_OUTER_BOUND ( 'NONE', #5391, .T. ) ;
#12123 = EDGE_LOOP ( 'NONE', ( #2169, #10747, #10343, #2843 ) ) ;
#12124 = FACE_OUTER_BOUND ( 'NONE', #4854, .T. ) ;
#12125 = LINE ( 'NONE', #11332, #5152 ) ;
#12126 = VERTEX_POINT ( 'NONE', #7674 ) ;
#12127 = VERTEX_POINT ( 'NONE', #9577 ) ;
#12128 = ADVANCED_FACE ( 'NONE', ( #7738 ), #3118, .F. ) ;
#12129 = VERTEX_POINT ( 'NONE', #5958 ) ;
#12130 = CARTESIAN_POINT ( 'NONE',  ( 35.99999999999974420, 34.00000000000047606, 5.000000000000000000 ) ) ;
#12131 = ORIENTED_EDGE ( 'NONE', *, *, #9308, .T. ) ;
#12132 = FACE_BOUND ( 'NONE', #11731, .T. ) ;
#12133 = LINE ( 'NONE', #1807, #6359 ) ;
#12134 = FACE_OUTER_BOUND ( 'NONE', #11273, .T. ) ;
#12135 = ORIENTED_EDGE ( 'NONE', *, *, #11655, .T. ) ;
#12136 = DIRECTION ( 'NONE',  ( 0.000000000000000000, 0.000000000000000000, 1.000000000000000000 ) ) ;
#12137 = LINE ( 'NONE', #10239, #12004 ) ;
#12138 = ORIENTED_EDGE ( 'NONE', *, *, #1770, .F. ) ;
#12139 = ORIENTED_EDGE ( 'NONE', *, *, #3460, .F. ) ;
#12140 = FACE_OUTER_BOUND ( 'NONE', #3536, .T. ) ;
#12141 = ADVANCED_FACE ( 'NONE', ( #7799 ), #11551, .F. ) ;
#12142 = ORIENTED_EDGE ( 'NONE', *, *, #7088, .F. ) ;
#12143 = ORIENTED_EDGE ( 'NONE', *, *, #11171, .F. ) ;
#12144 = VERTEX_POINT ( 'NONE', #1217 ) ;
#12145 = FACE_OUTER_BOUND ( 'NONE', #2103, .T. ) ;
#12146 = DIRECTION ( 'NONE',  ( 1.000000000000000000, 0.000000000000000000, 0.000000000000000000 ) ) ;
#12147 = LINE ( 'NONE', #1152, #8421 ) ;
#12148 = FACE_OUTER_BOUND ( 'NONE', #12024, .T. ) ;
#12149 = DIRECTION ( 'NONE',  ( -1.000000000000000000, 0.000000000000000000, 0.000000000000000000 ) ) ;
#12150 = CIRCLE ( 'NONE', #10398, 2.000000000000001776 ) ;
#12151 = VERTEX_POINT ( 'NONE', #4099 ) ;
#12152 = CYLINDRICAL_SURFACE ( 'NONE', #8493, 2.000000000000001776 ) ;
#12153 = LINE ( 'NONE', #10190, #10080 ) ;
#12154 = EDGE_CURVE ( 'NONE', #4947, #7316, #9697, .T. ) ;
#12155 = EDGE_LOOP ( 'NONE', ( #4180, #3875 ) ) ;
#12156 = AXIS2_PLACEMENT_3D ( 'NONE', #11787, #3358, #2196 ) ;
#12157 = VERTEX_POINT ( 'NONE', #4902 ) ;
#12158 = CIRCLE ( 'NONE', #9416, 2.000000000000001776 ) ;
#12159 = ADVANCED_FACE ( 'NONE', ( #1337 ), #9637, .F. ) ;
#12160 = CYLINDRICAL_SURFACE ( 'NONE', #1675, 2.000000000000000888 ) ;
#12161 = CARTESIAN_POINT ( 'NONE',  ( 6.938893903907228378E-14, -17.00000000000011369, 0.000000000000000000 ) ) ;
#12162 = DIRECTION ( 'NONE',  ( 0.000000000000000000, 0.000000000000000000, 1.000000000000000000 ) ) ;
#12163 = EDGE_CURVE ( 'NONE', #1742, #5460, #4372, .T. ) ;
#12164 = EDGE_CURVE ( 'NONE', #6400, #1420, #11856, .T. ) ;
#12165 = ORIENTED_EDGE ( 'NONE', *, *, #8117, .F. ) ;
#12166 = DIRECTION ( 'NONE',  ( 1.000000000000000000, 0.000000000000000000, 0.000000000000000000 ) ) ;
#12167 = CARTESIAN_POINT ( 'NONE',  ( 65.99999999999972999, 4.859675026333355072E-13, 0.000000000000000000 ) ) ;
#12168 = ORIENTED_EDGE ( 'NONE', *, *, #9691, .T. ) ;
#12169 = FACE_OUTER_BOUND ( 'NONE', #9071, .T. ) ;
#12170 = DIRECTION ( 'NONE',  ( -0.000000000000000000, -0.000000000000000000, 1.000000000000000000 ) ) ;
#12171 = AXIS2_PLACEMENT_3D ( 'NONE', #10844, #6291, #6353 ) ;
#12172 = CARTESIAN_POINT ( 'NONE',  ( -2.000000000000222933, 68.00000000000042633, 0.000000000000000000 ) ) ;
ENDSEC;
END-ISO-10303-21;
