ISO-10303-21;
HEADER;
FILE_DESCRIPTION (( 'STEP AP203' ),
    '1' );
FILE_NAME ('mars_lander_control_box_base_v1p1.step',
    '2026-07-26T09:21:58',
    ( '' ),
    ( '' ),
    'SwSTEP 2.0',
    'SolidWorks 2022',
    '' );
FILE_SCHEMA (( 'CONFIG_CONTROL_DESIGN' ));
ENDSEC;

DATA;
#1 = DIRECTION ( 'NONE',  ( -1.000000000000000000, -0.000000000000000000, -0.000000000000000000 ) ) ;
#2 = CIRCLE ( 'NONE', #1796, 1.350000000000004086 ) ;
#3 = DIRECTION ( 'NONE',  ( 1.000000000000000000, -0.000000000000000000, 0.000000000000000000 ) ) ;
#4 = ORIENTED_EDGE ( 'NONE', *, *, #1944, .F. ) ;
#5 = EDGE_CURVE ( 'NONE', #730, #2126, #1617, .T. ) ;
#6 = CARTESIAN_POINT ( 'NONE',  ( 100.0000000000000000, -2.999999999999999112, -57.00000000000000000 ) ) ;
#7 = DIRECTION ( 'NONE',  ( -1.000000000000000000, 0.000000000000000000, -0.000000000000000000 ) ) ;
#8 = ORIENTED_EDGE ( 'NONE', *, *, #915, .T. ) ;
#9 = CARTESIAN_POINT ( 'NONE',  ( 100.0000000000000000, 0.000000000000000000, -57.00000000000000000 ) ) ;
#10 = CARTESIAN_POINT ( 'NONE',  ( -80.00000000000000000, 0.000000000000000000, -7.700000000000000178 ) ) ;
#11 = CARTESIAN_POINT ( 'NONE',  ( 100.0000000000000000, -30.00000000000000000, 62.00000000000000711 ) ) ;
#12 = EDGE_LOOP ( 'NONE', ( #1692, #412, #1806, #1408 ) ) ;
#13 = DIRECTION ( 'NONE',  ( 0.000000000000000000, 1.000000000000000000, 0.000000000000000000 ) ) ;
#14 = FACE_OUTER_BOUND ( 'NONE', #3122, .T. ) ;
#15 = CIRCLE ( 'NONE', #1704, 5.000000000000004441 ) ;
#16 = CARTESIAN_POINT ( 'NONE',  ( -41.99999999999999289, -37.00000000000000000, 64.50000000000000000 ) ) ;
#17 = AXIS2_PLACEMENT_3D ( 'NONE', #1411, #1716, #1667 ) ;
#18 =( LENGTH_UNIT ( ) NAMED_UNIT ( * ) SI_UNIT ( .MILLI., .METRE. ) );
#19 = EDGE_CURVE ( 'NONE', #1601, #2041, #2564, .T. ) ;
#20 = AXIS2_PLACEMENT_3D ( 'NONE', #3099, #1407, #1919 ) ;
#21 = AXIS2_PLACEMENT_3D ( 'NONE', #9, #2921, #2954 ) ;
#22 = ORIENTED_EDGE ( 'NONE', *, *, #1591, .T. ) ;
#23 = CYLINDRICAL_SURFACE ( 'NONE', #886, 1.350000000000004086 ) ;
#24 = DIRECTION ( 'NONE',  ( -1.000000000000000000, 0.000000000000000000, -0.000000000000000000 ) ) ;
#25 = EDGE_CURVE ( 'NONE', #2249, #1109, #1250, .T. ) ;
#26 = ORIENTED_EDGE ( 'NONE', *, *, #1896, .T. ) ;
#27 = LINE ( 'NONE', #999, #1454 ) ;
#28 = FACE_OUTER_BOUND ( 'NONE', #2104, .T. ) ;
#29 = DIRECTION ( 'NONE',  ( 0.000000000000000000, 0.000000000000000000, 1.000000000000000000 ) ) ;
#30 = EDGE_LOOP ( 'NONE', ( #2709, #2549, #1198, #536 ) ) ;
#31 = DIRECTION ( 'NONE',  ( -1.000000000000000000, -0.000000000000000000, -0.000000000000000000 ) ) ;
#32 = DIRECTION ( 'NONE',  ( 0.000000000000000000, 0.000000000000000000, 1.000000000000000000 ) ) ;
#33 = DIRECTION ( 'NONE',  ( 0.000000000000000000, 0.000000000000000000, 1.000000000000000000 ) ) ;
#34 = ORIENTED_EDGE ( 'NONE', *, *, #466, .F. ) ;
#35 = CARTESIAN_POINT ( 'NONE',  ( -110.0000000000000000, -37.00000000000000000, 67.50000000000000000 ) ) ;
#36 = ADVANCED_FACE ( 'NONE', ( #156 ), #1130, .F. ) ;
#37 = DIRECTION ( 'NONE',  ( 0.000000000000000000, 0.000000000000000000, 1.000000000000000000 ) ) ;
#38 = EDGE_LOOP ( 'NONE', ( #3097, #1823 ) ) ;
#39 = DIRECTION ( 'NONE',  ( -0.000000000000000000, 1.000000000000000000, -0.000000000000000000 ) ) ;
#40 = CARTESIAN_POINT ( 'NONE',  ( 81.00000000000000000, -4.000000000000000000, 46.70000000000000284 ) ) ;
#41 = DIRECTION ( 'NONE',  ( 1.000000000000000000, 0.000000000000000000, 0.000000000000000000 ) ) ;
#42 = EDGE_CURVE ( 'NONE', #3059, #1595, #2831, .T. ) ;
#43 = VERTEX_POINT ( 'NONE', #2392 ) ;
#44 = CARTESIAN_POINT ( 'NONE',  ( 107.0000000000000000, -37.00000000000000000, 67.50000000000000000 ) ) ;
#45 = PLANE ( 'NONE',  #2161 ) ;
#46 = CARTESIAN_POINT ( 'NONE',  ( -0.000000000000000000, -3.000000000000000000, 64.50000000000000000 ) ) ;
#47 = PERSON_AND_ORGANIZATION ( #393, #404 ) ;
#48 = AXIS2_PLACEMENT_3D ( 'NONE', #2987, #1098, #1081 ) ;
#49 = AXIS2_PLACEMENT_3D ( 'NONE', #2997, #1287, #817 ) ;
#50 = DIRECTION ( 'NONE',  ( 0.000000000000000000, 0.000000000000000000, -1.000000000000000000 ) ) ;
#51 = CARTESIAN_POINT ( 'NONE',  ( -48.00000000000000000, -7.000000000000000000, -63.00000000000000000 ) ) ;
#52 = ADVANCED_FACE ( 'NONE', ( #2124 ), #1645, .F. ) ;
#53 = ORIENTED_EDGE ( 'NONE', *, *, #337, .F. ) ;
#54 = ORIENTED_EDGE ( 'NONE', *, *, #1682, .T. ) ;
#55 = DIRECTION ( 'NONE',  ( -0.000000000000000000, 1.000000000000000000, -0.000000000000000000 ) ) ;
#56 = FACE_OUTER_BOUND ( 'NONE', #1715, .T. ) ;
#57 = DIRECTION ( 'NONE',  ( 0.000000000000000000, 0.000000000000000000, 1.000000000000000000 ) ) ;
#58 = EDGE_LOOP ( 'NONE', ( #726, #246, #2557, #84 ) ) ;
#59 = CARTESIAN_POINT ( 'NONE',  ( -48.00000000000000000, -3.000000000000000000, -19.59999999999999432 ) ) ;
#60 = CARTESIAN_POINT ( 'NONE',  ( 28.00000000000000000, -4.000000000000000000, -34.00000000000000000 ) ) ;
#61 = EDGE_CURVE ( 'NONE', #1665, #403, #2175, .T. ) ;
#62 = FACE_OUTER_BOUND ( 'NONE', #1393, .T. ) ;
#63 = VECTOR ( 'NONE', #338, 1000.000000000000000 ) ;
#64 = AXIS2_PLACEMENT_3D ( 'NONE', #1694, #473, #168 ) ;
#65 = CARTESIAN_POINT ( 'NONE',  ( -100.0000000000000000, -30.00000000000000000, 62.00000000000000711 ) ) ;
#66 = FACE_OUTER_BOUND ( 'NONE', #203, .T. ) ;
#67 = VECTOR ( 'NONE', #585, 1000.000000000000000 ) ;
#68 = VECTOR ( 'NONE', #2472, 1000.000000000000000 ) ;
#69 = ORIENTED_EDGE ( 'NONE', *, *, #1510, .T. ) ;
#70 = ORIENTED_EDGE ( 'NONE', *, *, #1236, .F. ) ;
#71 = DIRECTION ( 'NONE',  ( 1.000000000000000000, 0.000000000000000000, 0.000000000000000000 ) ) ;
#72 = DIRECTION ( 'NONE',  ( -1.000000000000000000, 0.000000000000000000, 0.000000000000000000 ) ) ;
#73 = LINE ( 'NONE', #747, #1709 ) ;
#74 = EDGE_LOOP ( 'NONE', ( #228, #2438, #54, #1660 ) ) ;
#75 = CARTESIAN_POINT ( 'NONE',  ( -110.0000000000000000, -6.999999999999999112, -64.50000000000000000 ) ) ;
#76 = EDGE_CURVE ( 'NONE', #2119, #2139, #2155, .T. ) ;
#77 = CARTESIAN_POINT ( 'NONE',  ( 100.0000000000000000, -30.00000000000000000, -57.00000000000000000 ) ) ;
#78 = CARTESIAN_POINT ( 'NONE',  ( -100.0000000000000000, -30.00000000000000000, 57.00000000000000000 ) ) ;
#79 = CC_DESIGN_PERSON_AND_ORGANIZATION_ASSIGNMENT ( #94, #1088, ( #2799 ) ) ;
#80 = COORDINATED_UNIVERSAL_TIME_OFFSET ( 8, 0, .AHEAD. ) ;
#81 = CARTESIAN_POINT ( 'NONE',  ( -11.00000000000000000, -3.000000000000000000, -0.000000000000000000 ) ) ;
#82 = ADVANCED_FACE ( 'NONE', ( #3144 ), #2410, .F. ) ;
#83 = DIRECTION ( 'NONE',  ( 0.000000000000000000, 1.000000000000000000, 0.000000000000000000 ) ) ;
#84 = ORIENTED_EDGE ( 'NONE', *, *, #1574, .F. ) ;
#85 = ORIENTED_EDGE ( 'NONE', *, *, #1353, .T. ) ;
#86 = FACE_OUTER_BOUND ( 'NONE', #1315, .T. ) ;
#87 = CARTESIAN_POINT ( 'NONE',  ( 81.00000000000000000, 0.000000000000000000, -26.30000000000000071 ) ) ;
#88 = ORIENTED_EDGE ( 'NONE', *, *, #2621, .F. ) ;
#89 = FACE_OUTER_BOUND ( 'NONE', #1876, .T. ) ;
#90 = ORIENTED_EDGE ( 'NONE', *, *, #2037, .T. ) ;
#91 = EDGE_CURVE ( 'NONE', #2735, #865, #933, .T. ) ;
#92 = EDGE_LOOP ( 'NONE', ( #3065, #1839, #2875 ) ) ;
#93 = DIRECTION ( 'NONE',  ( -0.000000000000000000, 1.000000000000000000, -0.000000000000000000 ) ) ;
#94 = PERSON_AND_ORGANIZATION ( #393, #404 ) ;
#95 = AXIS2_PLACEMENT_3D ( 'NONE', #2644, #449, #1428 ) ;
#96 = DIRECTION ( 'NONE',  ( 0.000000000000000000, -0.000000000000000000, -1.000000000000000000 ) ) ;
#97 = APPROVAL_PERSON_ORGANIZATION ( #351, #2452, #2245 ) ;
#98 = LINE ( 'NONE', #1060, #1690 ) ;
#99 = EDGE_CURVE ( 'NONE', #108, #1561, #276, .T. ) ;
#100 = EDGE_LOOP ( 'NONE', ( #2810, #2663, #1943, #1515 ) ) ;
#101 = AXIS2_PLACEMENT_3D ( 'NONE', #2114, #2336, #3071 ) ;
#102 = ORIENTED_EDGE ( 'NONE', *, *, #893, .F. ) ;
#103 = CARTESIAN_POINT ( 'NONE',  ( 28.00000000000000000, -3.000000000000000000, -52.00000000000000000 ) ) ;
#104 = FACE_BOUND ( 'NONE', #2426, .T. ) ;
#105 = VERTEX_POINT ( 'NONE', #474 ) ;
#106 = CARTESIAN_POINT ( 'NONE',  ( 107.0000000000000000, -37.00000000000000000, 64.50000000000000000 ) ) ;
#107 = EDGE_LOOP ( 'NONE', ( #3039, #1579, #2744, #1802 ) ) ;
#108 = VERTEX_POINT ( 'NONE', #903 ) ;
#109 = CARTESIAN_POINT ( 'NONE',  ( 69.00000000000000000, -4.000000000000000000, 46.70000000000000284 ) ) ;
#110 = DIRECTION ( 'NONE',  ( 0.000000000000000000, 0.000000000000000000, 1.000000000000000000 ) ) ;
#111 = COORDINATED_UNIVERSAL_TIME_OFFSET ( 8, 0, .AHEAD. ) ;
#112 = LINE ( 'NONE', #563, #2362 ) ;
#113 = FACE_OUTER_BOUND ( 'NONE', #2191, .T. ) ;
#114 = EDGE_CURVE ( 'NONE', #968, #2375, #1677, .T. ) ;
#115 = ORIENTED_EDGE ( 'NONE', *, *, #2272, .F. ) ;
#116 = VECTOR ( 'NONE', #2004, 1000.000000000000000 ) ;
#117 = ORIENTED_EDGE ( 'NONE', *, *, #682, .F. ) ;
#118 = LINE ( 'NONE', #3001, #257 ) ;
#119 = DIRECTION ( 'NONE',  ( 0.000000000000000000, 1.000000000000000000, 0.000000000000000000 ) ) ;
#120 = EDGE_CURVE ( 'NONE', #181, #2413, #411, .T. ) ;
#121 = VECTOR ( 'NONE', #1066, 1000.000000000000000 ) ;
#122 = EDGE_LOOP ( 'NONE', ( #1456, #184, #2749, #757 ) ) ;
#123 = CIRCLE ( 'NONE', #1609, 1.600000000000000755 ) ;
#124 = AXIS2_PLACEMENT_3D ( 'NONE', #2436, #1234, #2659 ) ;
#125 = CARTESIAN_POINT ( 'NONE',  ( 100.0000000000000000, -2.999999999999999112, 57.00000000000000000 ) ) ;
#126 = ORIENTED_EDGE ( 'NONE', *, *, #1279, .F. ) ;
#127 = VERTEX_POINT ( 'NONE', #966 ) ;
#128 = FACE_OUTER_BOUND ( 'NONE', #325, .T. ) ;
#129 = DIRECTION ( 'NONE',  ( 0.000000000000000000, 1.000000000000000000, 0.000000000000000000 ) ) ;
#130 = FACE_BOUND ( 'NONE', #2056, .T. ) ;
#131 = FACE_OUTER_BOUND ( 'NONE', #935, .T. ) ;
#132 = ORIENTED_EDGE ( 'NONE', *, *, #1288, .F. ) ;
#133 = ADVANCED_FACE ( 'NONE', ( #2859 ), #236, .F. ) ;
#134 = ORIENTED_EDGE ( 'NONE', *, *, #1490, .T. ) ;
#135 = DIRECTION ( 'NONE',  ( 0.000000000000000000, 0.000000000000000000, 1.000000000000000000 ) ) ;
#136 = CARTESIAN_POINT ( 'NONE',  ( -80.00000000000000000, 0.000000000000000000, -4.299999999999999822 ) ) ;
#137 = VERTEX_POINT ( 'NONE', #1934 ) ;
#138 = CARTESIAN_POINT ( 'NONE',  ( 1.000000000000000000, 0.000000000000000000, 43.29999999999999716 ) ) ;
#139 = VERTEX_POINT ( 'NONE', #1420 ) ;
#140 = VERTEX_POINT ( 'NONE', #1210 ) ;
#141 = EDGE_CURVE ( 'NONE', #715, #3095, #651, .T. ) ;
#142 = CARTESIAN_POINT ( 'NONE',  ( -93.00000000000000000, -7.000000000000000000, -61.39999999999999858 ) ) ;
#143 = DIRECTION ( 'NONE',  ( 0.000000000000000000, 1.000000000000000000, 0.000000000000000000 ) ) ;
#144 = DIRECTION ( 'NONE',  ( 1.000000000000000000, 0.000000000000000000, 0.000000000000000000 ) ) ;
#145 = VECTOR ( 'NONE', #1175, 1000.000000000000000 ) ;
#146 = VERTEX_POINT ( 'NONE', #2670 ) ;
#147 = ORIENTED_EDGE ( 'NONE', *, *, #1807, .F. ) ;
#148 = AXIS2_PLACEMENT_3D ( 'NONE', #2215, #1684, #2930 ) ;
#149 = CARTESIAN_POINT ( 'NONE',  ( 18.00000000000000355, -37.00000000000000000, 64.50000000000000000 ) ) ;
#150 = DIRECTION ( 'NONE',  ( 0.000000000000000000, 0.000000000000000000, -1.000000000000000000 ) ) ;
#151 = EDGE_CURVE ( 'NONE', #2634, #1421, #2190, .T. ) ;
#152 = AXIS2_PLACEMENT_3D ( 'NONE', #1906, #2878, #1469 ) ;
#153 = ORIENTED_EDGE ( 'NONE', *, *, #899, .F. ) ;
#154 = CARTESIAN_POINT ( 'NONE',  ( 100.0000000000000000, -30.00000000000000000, 62.00000000000000711 ) ) ;
#155 = VECTOR ( 'NONE', #2074, 1000.000000000000000 ) ;
#156 = FACE_OUTER_BOUND ( 'NONE', #92, .T. ) ;
#157 = EDGE_CURVE ( 'NONE', #1746, #1686, #2606, .T. ) ;
#158 = EDGE_LOOP ( 'NONE', ( #748, #3012, #1364, #668 ) ) ;
#159 = DIRECTION ( 'NONE',  ( -0.000000000000000000, -0.000000000000000000, 1.000000000000000000 ) ) ;
#160 = CARTESIAN_POINT ( 'NONE',  ( 0.000000000000000000, -7.000000000000000000, 31.59999999999999787 ) ) ;
#161 = EDGE_CURVE ( 'NONE', #2999, #3003, #171, .T. ) ;
#162 = CARTESIAN_POINT ( 'NONE',  ( -78.00000000000000000, -37.00000000000000000, 67.50000000000000000 ) ) ;
#163 = ORIENTED_EDGE ( 'NONE', *, *, #415, .T. ) ;
#164 = ORIENTED_EDGE ( 'NONE', *, *, #241, .T. ) ;
#165 = DIRECTION ( 'NONE',  ( 0.000000000000000000, 1.000000000000000000, 0.000000000000000000 ) ) ;
#166 = VECTOR ( 'NONE', #779, 1000.000000000000000 ) ;
#167 = EDGE_LOOP ( 'NONE', ( #854, #1377, #566, #631 ) ) ;
#168 = DIRECTION ( 'NONE',  ( 0.000000000000000000, 0.000000000000000000, -1.000000000000000000 ) ) ;
#169 = VECTOR ( 'NONE', #3004, 1000.000000000000000 ) ;
#170 = DIRECTION ( 'NONE',  ( -0.000000000000000000, 1.000000000000000000, -0.000000000000000000 ) ) ;
#171 = CIRCLE ( 'NONE', #1563, 1.600000000000004086 ) ;
#172 = VECTOR ( 'NONE', #1975, 1000.000000000000000 ) ;
#173 = VERTEX_POINT ( 'NONE', #186 ) ;
#174 = ORIENTED_EDGE ( 'NONE', *, *, #659, .F. ) ;
#175 = EDGE_CURVE ( 'NONE', #2999, #2650, #1161, .T. ) ;
#176 = DIRECTION ( 'NONE',  ( 0.000000000000000000, 0.000000000000000000, -1.000000000000000000 ) ) ;
#177 = CARTESIAN_POINT ( 'NONE',  ( 92.00000000000001421, -3.000000000000000000, 0.000000000000000000 ) ) ;
#178 = DIRECTION ( 'NONE',  ( 1.000000000000000000, 0.000000000000000000, 0.000000000000000000 ) ) ;
#179 = VECTOR ( 'NONE', #1886, 1000.000000000000000 ) ;
#180 = VERTEX_POINT ( 'NONE', #2873 ) ;
#181 = VERTEX_POINT ( 'NONE', #441 ) ;
#182 = EDGE_CURVE ( 'NONE', #1080, #452, #681, .T. ) ;
#183 = LINE ( 'NONE', #149, #2855 ) ;
#184 = ORIENTED_EDGE ( 'NONE', *, *, #353, .T. ) ;
#185 = PLANE ( 'NONE',  #3082 ) ;
#186 = CARTESIAN_POINT ( 'NONE',  ( 18.00000000000000355, -3.000000000000002665, 64.50000000000000000 ) ) ;
#187 = ORIENTED_EDGE ( 'NONE', *, *, #19, .F. ) ;
#188 = ORIENTED_EDGE ( 'NONE', *, *, #233, .T. ) ;
#189 = VECTOR ( 'NONE', #1265, 1000.000000000000000 ) ;
#190 = CARTESIAN_POINT ( 'NONE',  ( 100.0000000000000000, -30.00000000000000000, -62.00000000000000711 ) ) ;
#191 = CARTESIAN_POINT ( 'NONE',  ( -78.00000000000000000, -3.000000000000000000, 67.50000000000000000 ) ) ;
#192 = CARTESIAN_POINT ( 'NONE',  ( 100.0000000000000000, -2.999999999999999112, -57.00000000000000000 ) ) ;
#193 = EDGE_CURVE ( 'NONE', #2540, #2745, #1485, .T. ) ;
#194 = DIRECTION ( 'NONE',  ( 0.000000000000000000, 0.000000000000000000, -1.000000000000000000 ) ) ;
#195 = CARTESIAN_POINT ( 'NONE',  ( -100.0000000000000000, -30.00000000000000000, 57.00000000000000000 ) ) ;
#196 = ORIENTED_EDGE ( 'NONE', *, *, #273, .T. ) ;
#197 = EDGE_LOOP ( 'NONE', ( #1192, #2805, #1836, #3052 ) ) ;
#198 = DIRECTION ( 'NONE',  ( 0.000000000000000000, 0.000000000000000000, 1.000000000000000000 ) ) ;
#199 = EDGE_CURVE ( 'NONE', #1254, #3014, #2797, .T. ) ;
#200 = ORIENTED_EDGE ( 'NONE', *, *, #1449, .F. ) ;
#201 = CARTESIAN_POINT ( 'NONE',  ( 81.00000000000000000, -3.000000000000000000, 0.000000000000000000 ) ) ;
#202 = CARTESIAN_POINT ( 'NONE',  ( 100.0000000000000000, -34.00000000000000000, -57.00000000000000000 ) ) ;
#203 = EDGE_LOOP ( 'NONE', ( #1679, #429, #153, #2013 ) ) ;
#204 = ORIENTED_EDGE ( 'NONE', *, *, #407, .F. ) ;
#205 = VECTOR ( 'NONE', #1380, 1000.000000000000000 ) ;
#206 = CARTESIAN_POINT ( 'NONE',  ( 28.00000000000000000, -4.000000000000000000, -52.00000000000000000 ) ) ;
#207 = CARTESIAN_POINT ( 'NONE',  ( 95.00000000000000000, -3.000000000000000000, -52.00000000000000000 ) ) ;
#208 = LINE ( 'NONE', #1701, #683 ) ;
#209 = DIRECTION ( 'NONE',  ( 0.000000000000000000, 1.000000000000000000, 0.000000000000000000 ) ) ;
#210 = ORIENTED_EDGE ( 'NONE', *, *, #874, .T. ) ;
#211 = ORIENTED_EDGE ( 'NONE', *, *, #249, .F. ) ;
#212 = ADVANCED_FACE ( 'NONE', ( #1261 ), #2462, .T. ) ;
#213 = FACE_BOUND ( 'NONE', #1033, .T. ) ;
#214 = ORIENTED_EDGE ( 'NONE', *, *, #157, .T. ) ;
#215 = EDGE_CURVE ( 'NONE', #1624, #936, #73, .T. ) ;
#216 = DIRECTION ( 'NONE',  ( -0.000000000000000000, 0.000000000000000000, 1.000000000000000000 ) ) ;
#217 = CARTESIAN_POINT ( 'NONE',  ( 0.000000000000000000, -7.000000000000000000, 30.00000000000000000 ) ) ;
#218 = CIRCLE ( 'NONE', #984, 1.600000000000000755 ) ;
#219 = ORIENTED_EDGE ( 'NONE', *, *, #1373, .T. ) ;
#220 = ORIENTED_EDGE ( 'NONE', *, *, #2172, .T. ) ;
#221 = AXIS2_PLACEMENT_3D ( 'NONE', #396, #2796, #2346 ) ;
#222 = EDGE_CURVE ( 'NONE', #2432, #140, #2781, .T. ) ;
#223 = LINE ( 'NONE', #2625, #319 ) ;
#224 = DIRECTION ( 'NONE',  ( -1.000000000000000000, -0.000000000000000000, -0.000000000000000000 ) ) ;
#225 = VECTOR ( 'NONE', #995, 1000.000000000000000 ) ;
#226 = DIRECTION ( 'NONE',  ( 0.000000000000000000, 1.000000000000000000, 0.000000000000000000 ) ) ;
#227 = CARTESIAN_POINT ( 'NONE',  ( 95.00000000000000000, -4.000000000000000000, -49.00000000000000000 ) ) ;
#228 = ORIENTED_EDGE ( 'NONE', *, *, #604, .T. ) ;
#229 = ORIENTED_EDGE ( 'NONE', *, *, #3049, .T. ) ;
#230 = DIRECTION ( 'NONE',  ( 0.000000000000000000, 0.000000000000000000, -1.000000000000000000 ) ) ;
#231 = VECTOR ( 'NONE', #3063, 1000.000000000000000 ) ;
#232 = CARTESIAN_POINT ( 'NONE',  ( 69.00000000000000000, -4.000000000000000000, 43.29999999999999716 ) ) ;
#233 = EDGE_CURVE ( 'NONE', #1326, #1549, #539, .T. ) ;
#234 = VERTEX_POINT ( 'NONE', #2480 ) ;
#235 = LINE ( 'NONE', #1885, #2418 ) ;
#236 = PLANE ( 'NONE',  #481 ) ;
#237 = ORIENTED_EDGE ( 'NONE', *, *, #1964, .T. ) ;
#238 = ORIENTED_EDGE ( 'NONE', *, *, #415, .F. ) ;
#239 = PLANE ( 'NONE',  #1090 ) ;
#240 = CARTESIAN_POINT ( 'NONE',  ( 28.00000000000000000, -3.000000000000000000, 0.000000000000000000 ) ) ;
#241 = EDGE_CURVE ( 'NONE', #2638, #1578, #1518, .T. ) ;
#242 = FACE_OUTER_BOUND ( 'NONE', #2839, .T. ) ;
#243 = VERTEX_POINT ( 'NONE', #1996 ) ;
#244 = DIRECTION ( 'NONE',  ( 0.000000000000000000, 0.000000000000000000, 1.000000000000000000 ) ) ;
#245 = CARTESIAN_POINT ( 'NONE',  ( -11.00000000000000000, -4.000000000000000000, 46.70000000000000284 ) ) ;
#246 = ORIENTED_EDGE ( 'NONE', *, *, #2645, .T. ) ;
#247 = DIRECTION ( 'NONE',  ( 0.000000000000000000, 0.000000000000000000, -1.000000000000000000 ) ) ;
#248 = CARTESIAN_POINT ( 'NONE',  ( 1.000000000000000000, -3.000000000000000000, 0.000000000000000000 ) ) ;
#249 = EDGE_CURVE ( 'NONE', #705, #468, #1244, .T. ) ;
#250 = DIRECTION ( 'NONE',  ( 0.000000000000000000, 0.000000000000000000, -1.000000000000000000 ) ) ;
#251 = VECTOR ( 'NONE', #2389, 1000.000000000000000 ) ;
#252 = ORIENTED_EDGE ( 'NONE', *, *, #1807, .T. ) ;
#253 = LOCAL_TIME ( 17, 21, 58.00000000000000000, #1334 ) ;
#254 = CARTESIAN_POINT ( 'NONE',  ( 69.00000000000000000, -3.000000000000000000, -26.30000000000000071 ) ) ;
#255 = EDGE_CURVE ( 'NONE', #2216, #2105, #493, .T. ) ;
#256 = CARTESIAN_POINT ( 'NONE',  ( -100.0000000000000000, -34.00000000000000000, -55.64999999999999858 ) ) ;
#257 = VECTOR ( 'NONE', #805, 1000.000000000000000 ) ;
#258 = CARTESIAN_POINT ( 'NONE',  ( -22.00000000000000000, -4.000000000000000000, -4.299999999999999822 ) ) ;
#259 = EDGE_CURVE ( 'NONE', #3021, #334, #1293, .T. ) ;
#260 = AXIS2_PLACEMENT_3D ( 'NONE', #2772, #1543, #597 ) ;
#261 = PLANE ( 'NONE',  #2395 ) ;
#262 = ORIENTED_EDGE ( 'NONE', *, *, #2683, .F. ) ;
#263 = LINE ( 'NONE', #1448, #68 ) ;
#264 = DIRECTION ( 'NONE',  ( 0.000000000000000000, 0.000000000000000000, -1.000000000000000000 ) ) ;
#265 = VERTEX_POINT ( 'NONE', #2970 ) ;
#266 = FACE_OUTER_BOUND ( 'NONE', #3128, .T. ) ;
#267 = CARTESIAN_POINT ( 'NONE',  ( -100.0000000000000000, -30.00000000000000000, 57.00000000000000000 ) ) ;
#268 = DIRECTION ( 'NONE',  ( 0.000000000000000000, 1.000000000000000000, 0.000000000000000000 ) ) ;
#269 = VERTEX_POINT ( 'NONE', #2255 ) ;
#270 = CARTESIAN_POINT ( 'NONE',  ( 96.00000000000000000, -7.000000000000000000, -13.60000000000000497 ) ) ;
#271 = DIRECTION ( 'NONE',  ( 0.000000000000000000, -1.000000000000000000, 0.000000000000000000 ) ) ;
#272 = AXIS2_PLACEMENT_3D ( 'NONE', #3149, #1442, #1907 ) ;
#273 = EDGE_CURVE ( 'NONE', #108, #2040, #773, .T. ) ;
#274 = CARTESIAN_POINT ( 'NONE',  ( 0.000000000000000000, -3.000000000000000000, -7.700000000000000178 ) ) ;
#275 = CIRCLE ( 'NONE', #2474, 1.600000000000004086 ) ;
#276 = CIRCLE ( 'NONE', #20, 1.599999999999997202 ) ;
#277 = VECTOR ( 'NONE', #2203, 1000.000000000000000 ) ;
#278 = VERTEX_POINT ( 'NONE', #2209 ) ;
#279 = DIRECTION ( 'NONE',  ( 0.000000000000000000, 1.000000000000000000, 0.000000000000000000 ) ) ;
#280 = LINE ( 'NONE', #1465, #2812 ) ;
#281 = ORIENTED_EDGE ( 'NONE', *, *, #1745, .F. ) ;
#282 = CARTESIAN_POINT ( 'NONE',  ( 100.0000000000000000, -30.00000000000000000, 52.00000000000000000 ) ) ;
#283 = CARTESIAN_POINT ( 'NONE',  ( -22.00000000000000000, -4.000000000000000000, -4.299999999999999822 ) ) ;
#284 = CARTESIAN_POINT ( 'NONE',  ( -93.00000000000000000, -7.000000000000000000, -63.00000000000000000 ) ) ;
#285 = VERTEX_POINT ( 'NONE', #1759 ) ;
#286 = DIRECTION ( 'NONE',  ( 0.000000000000000000, 0.000000000000000000, 1.000000000000000000 ) ) ;
#287 = LINE ( 'NONE', #1264, #1961 ) ;
#288 = LINE ( 'NONE', #1797, #1525 ) ;
#289 = EDGE_CURVE ( 'NONE', #1850, #1078, #427, .T. ) ;
#290 = DIRECTION ( 'NONE',  ( 0.000000000000000000, 0.000000000000000000, -1.000000000000000000 ) ) ;
#291 = DIRECTION ( 'NONE',  ( 0.000000000000000000, 1.000000000000000000, 0.000000000000000000 ) ) ;
#292 = ORIENTED_EDGE ( 'NONE', *, *, #3026, .T. ) ;
#293 = ORIENTED_EDGE ( 'NONE', *, *, #2403, .T. ) ;
#294 = DIRECTION ( 'NONE',  ( 0.000000000000000000, -1.000000000000000000, 0.000000000000000000 ) ) ;
#295 = DIRECTION ( 'NONE',  ( 1.000000000000000000, 0.000000000000000000, 0.000000000000000000 ) ) ;
#296 = CARTESIAN_POINT ( 'NONE',  ( -68.00000000000000000, -4.000000000000000000, -7.700000000000000178 ) ) ;
#297 = ADVANCED_FACE ( 'NONE', ( #2011 ), #1777, .T. ) ;
#298 = ORIENTED_EDGE ( 'NONE', *, *, #1682, .F. ) ;
#299 = LINE ( 'NONE', #2959, #1762 ) ;
#300 = LINE ( 'NONE', #510, #626 ) ;
#301 = PRODUCT_DEFINITION_FORMATION_WITH_SPECIFIED_SOURCE ( '任何', '', #2799, .NOT_KNOWN. ) ;
#302 = CARTESIAN_POINT ( 'NONE',  ( 30.00000000000000000, -3.000000000000000000, 43.29999999999999716 ) ) ;
#303 = AXIS2_PLACEMENT_3D ( 'NONE', #2541, #2312, #552 ) ;
#304 = VECTOR ( 'NONE', #83, 1000.000000000000000 ) ;
#305 = DIRECTION ( 'NONE',  ( 0.000000000000000000, 0.000000000000000000, -1.000000000000000000 ) ) ;
#306 = LINE ( 'NONE', #1817, #304 ) ;
#307 = VERTEX_POINT ( 'NONE', #1970 ) ;
#308 = EDGE_CURVE ( 'NONE', #332, #698, #2508, .T. ) ;
#309 = ORIENTED_EDGE ( 'NONE', *, *, #255, .F. ) ;
#310 = LINE ( 'NONE', #1029, #836 ) ;
#311 = CYLINDRICAL_SURFACE ( 'NONE', #48, 1.600000000000004086 ) ;
#312 = DIRECTION ( 'NONE',  ( -0.000000000000000000, 0.000000000000000000, 1.000000000000000000 ) ) ;
#313 = EDGE_LOOP ( 'NONE', ( #494, #905 ) ) ;
#314 = DIRECTION ( 'NONE',  ( 0.000000000000000000, 1.000000000000000000, 0.000000000000000000 ) ) ;
#315 = DIRECTION ( 'NONE',  ( 0.000000000000000000, 0.000000000000000000, 1.000000000000000000 ) ) ;
#316 = CC_DESIGN_PERSON_AND_ORGANIZATION_ASSIGNMENT ( #1798, #2552, ( #1170 ) ) ;
#317 = CARTESIAN_POINT ( 'NONE',  ( 110.0000000000000000, 0.000000000000000000, -67.50000000000000000 ) ) ;
#318 = APPLICATION_PROTOCOL_DEFINITION ( 'international standard', 'config_control_design', 1994, #470 ) ;
#319 = VECTOR ( 'NONE', #2142, 1000.000000000000000 ) ;
#320 = VECTOR ( 'NONE', #2619, 1000.000000000000000 ) ;
#321 = PLANE ( 'NONE',  #1036 ) ;
#322 = DIRECTION ( 'NONE',  ( 0.000000000000000000, -0.000000000000000000, 1.000000000000000000 ) ) ;
#323 = VECTOR ( 'NONE', #1532, 1000.000000000000000 ) ;
#324 = VECTOR ( 'NONE', #3110, 1000.000000000000000 ) ;
#325 = EDGE_LOOP ( 'NONE', ( #2490, #2920, #1212, #2067 ) ) ;
#326 = EDGE_LOOP ( 'NONE', ( #1065, #574, #340, #2446 ) ) ;
#327 = CARTESIAN_POINT ( 'NONE',  ( -107.0000000000000000, -37.00000000000000000, 64.50000000000000000 ) ) ;
#328 = FACE_BOUND ( 'NONE', #2647, .T. ) ;
#329 = ADVANCED_FACE ( 'NONE', ( #728 ), #1712, .F. ) ;
#330 = ORIENTED_EDGE ( 'NONE', *, *, #2722, .F. ) ;
#331 = CARTESIAN_POINT ( 'NONE',  ( 81.00000000000000000, -3.000000000000000000, -29.69999999999999929 ) ) ;
#332 = VERTEX_POINT ( 'NONE', #2956 ) ;
#333 = VECTOR ( 'NONE', #1015, 1000.000000000000000 ) ;
#334 = VERTEX_POINT ( 'NONE', #2941 ) ;
#335 = CARTESIAN_POINT ( 'NONE',  ( -68.00000000000000000, 0.000000000000000000, -7.700000000000000178 ) ) ;
#336 = CALENDAR_DATE ( 2026, 26, 7 ) ;
#337 = EDGE_CURVE ( 'NONE', #1328, #2561, #2716, .T. ) ;
#338 = DIRECTION ( 'NONE',  ( 0.000000000000000000, 1.000000000000000000, 0.000000000000000000 ) ) ;
#339 = CARTESIAN_POINT ( 'NONE',  ( 81.00000000000000000, -4.000000000000000000, -29.69999999999999929 ) ) ;
#340 = ORIENTED_EDGE ( 'NONE', *, *, #308, .F. ) ;
#341 = ORIENTED_EDGE ( 'NONE', *, *, #1410, .F. ) ;
#342 = DIRECTION ( 'NONE',  ( 0.000000000000000000, 1.000000000000000000, 0.000000000000000000 ) ) ;
#343 = FACE_BOUND ( 'NONE', #1322, .T. ) ;
#344 = EDGE_LOOP ( 'NONE', ( #200, #2813, #8, #2475 ) ) ;
#345 = CARTESIAN_POINT ( 'NONE',  ( 107.0000000000000000, -37.00000000000000000, 67.50000000000000000 ) ) ;
#346 = ORIENTED_EDGE ( 'NONE', *, *, #1268, .F. ) ;
#347 = ORIENTED_EDGE ( 'NONE', *, *, #2645, .F. ) ;
#348 = EDGE_CURVE ( 'NONE', #635, #2717, #1743, .T. ) ;
#349 = FACE_OUTER_BOUND ( 'NONE', #1069, .T. ) ;
#350 = LINE ( 'NONE', #655, #379 ) ;
#351 = PERSON_AND_ORGANIZATION ( #393, #404 ) ;
#352 = AXIS2_PLACEMENT_3D ( 'NONE', #627, #2836, #178 ) ;
#353 = EDGE_CURVE ( 'NONE', #2097, #2388, #1565, .T. ) ;
#354 = CARTESIAN_POINT ( 'NONE',  ( 77.00000000000000000, -37.00000000000000000, 67.50000000000000000 ) ) ;
#355 = CARTESIAN_POINT ( 'NONE',  ( -110.0000000000000000, -6.999999999999999112, -64.50000000000000000 ) ) ;
#356 = ORIENTED_EDGE ( 'NONE', *, *, #1199, .F. ) ;
#357 = VECTOR ( 'NONE', #1014, 1000.000000000000000 ) ;
#358 = ORIENTED_EDGE ( 'NONE', *, *, #2001, .F. ) ;
#359 = CARTESIAN_POINT ( 'NONE',  ( -34.00000000000000000, -4.000000000000000000, -7.700000000000000178 ) ) ;
#360 = DIRECTION ( 'NONE',  ( 1.000000000000000000, -0.000000000000000000, 0.000000000000000000 ) ) ;
#361 = ORIENTED_EDGE ( 'NONE', *, *, #3105, .T. ) ;
#362 = DIRECTION ( 'NONE',  ( 0.000000000000000000, -1.000000000000000000, 0.000000000000000000 ) ) ;
#363 = CARTESIAN_POINT ( 'NONE',  ( 77.00000000000000000, -37.00000000000000000, 64.50000000000000000 ) ) ;
#364 = ORIENTED_EDGE ( 'NONE', *, *, #99, .F. ) ;
#365 = DIRECTION ( 'NONE',  ( 0.000000000000000000, -1.000000000000000000, 0.000000000000000000 ) ) ;
#366 = CARTESIAN_POINT ( 'NONE',  ( 100.0000000000000000, -30.00000000000000000, 57.00000000000000000 ) ) ;
#367 = ADVANCED_FACE ( 'NONE', ( #617 ), #2793, .T. ) ;
#368 = DIRECTION ( 'NONE',  ( 0.000000000000000000, 0.000000000000000000, -1.000000000000000000 ) ) ;
#369 = AXIS2_PLACEMENT_3D ( 'NONE', #2895, #1474, #907 ) ;
#370 = CARTESIAN_POINT ( 'NONE',  ( -107.0000000000000000, -37.00000000000000000, -64.50000000000000000 ) ) ;
#371 = ORIENTED_EDGE ( 'NONE', *, *, #2554, .F. ) ;
#372 = CIRCLE ( 'NONE', #1912, 5.000000000000004441 ) ;
#373 = ORIENTED_EDGE ( 'NONE', *, *, #120, .T. ) ;
#374 = LINE ( 'NONE', #1358, #2050 ) ;
#375 = LINE ( 'NONE', #569, #1149 ) ;
#376 = CIRCLE ( 'NONE', #1191, 1.600000000000004086 ) ;
#377 = EDGE_CURVE ( 'NONE', #146, #873, #1597, .T. ) ;
#378 = ORIENTED_EDGE ( 'NONE', *, *, #2016, .T. ) ;
#379 = VECTOR ( 'NONE', #1333, 1000.000000000000000 ) ;
#380 = CIRCLE ( 'NONE', #2678, 5.000000000000004441 ) ;
#381 = LINE ( 'NONE', #1313, #121 ) ;
#382 = VERTEX_POINT ( 'NONE', #392 ) ;
#383 = EDGE_LOOP ( 'NONE', ( #2860, #1971, #615, #2372 ) ) ;
#384 = DIRECTION ( 'NONE',  ( 0.000000000000000000, -0.000000000000000000, 1.000000000000000000 ) ) ;
#385 = CARTESIAN_POINT ( 'NONE',  ( 42.00000000000000000, -3.000000000000000000, 46.70000000000000284 ) ) ;
#386 = EDGE_CURVE ( 'NONE', #1368, #1724, #375, .T. ) ;
#387 = DIRECTION ( 'NONE',  ( 0.000000000000000000, 0.000000000000000000, -1.000000000000000000 ) ) ;
#388 = ORIENTED_EDGE ( 'NONE', *, *, #1092, .F. ) ;
#389 = VERTEX_POINT ( 'NONE', #869 ) ;
#390 = ADVANCED_FACE ( 'NONE', ( #2091 ), #2079, .T. ) ;
#391 = FACE_OUTER_BOUND ( 'NONE', #2601, .T. ) ;
#392 = CARTESIAN_POINT ( 'NONE',  ( 1.000000000000000000, 0.000000000000000000, 46.70000000000000284 ) ) ;
#393 = PERSON ( '未指定', '未指定', '未指定', ('未指定'), ('未指定'), ('未指定') ) ;
#394 = ORIENTED_EDGE ( 'NONE', *, *, #2129, .T. ) ;
#395 = EDGE_CURVE ( 'NONE', #3147, #382, #1372, .T. ) ;
#396 = CARTESIAN_POINT ( 'NONE',  ( 100.0000000000000000, -30.00000000000000000, -57.00000000000000000 ) ) ;
#397 = ORIENTED_EDGE ( 'NONE', *, *, #1745, .T. ) ;
#398 = DIRECTION ( 'NONE',  ( 0.000000000000000000, 0.000000000000000000, -1.000000000000000000 ) ) ;
#399 = PLANE ( 'NONE',  #1196 ) ;
#400 = DIRECTION ( 'NONE',  ( 0.000000000000000000, 0.000000000000000000, -1.000000000000000000 ) ) ;
#401 = CIRCLE ( 'NONE', #1948, 1.600000000000000755 ) ;
#402 = ORIENTED_EDGE ( 'NONE', *, *, #1920, .F. ) ;
#403 = VERTEX_POINT ( 'NONE', #1111 ) ;
#404 = ORGANIZATION ( '未指定', '未指定', '' ) ;
#405 = CARTESIAN_POINT ( 'NONE',  ( 0.000000000000000000, -4.000000000000000000, 0.000000000000000000 ) ) ;
#406 = VECTOR ( 'NONE', #2833, 1000.000000000000000 ) ;
#407 = EDGE_CURVE ( 'NONE', #1495, #598, #822, .T. ) ;
#408 = ORIENTED_EDGE ( 'NONE', *, *, #2198, .F. ) ;
#409 = CARTESIAN_POINT ( 'NONE',  ( 81.00000000000000000, -3.000000000000000000, 46.70000000000000284 ) ) ;
#410 = CIRCLE ( 'NONE', #1738, 1.600000000000004086 ) ;
#411 = LINE ( 'NONE', #1195, #1556 ) ;
#412 = ORIENTED_EDGE ( 'NONE', *, *, #939, .T. ) ;
#413 = LINE ( 'NONE', #2611, #2911 ) ;
#414 = CARTESIAN_POINT ( 'NONE',  ( 0.000000000000000000, -37.00000000000000000, 0.000000000000000000 ) ) ;
#415 = EDGE_CURVE ( 'NONE', #606, #2870, #3092, .T. ) ;
#416 = DIRECTION ( 'NONE',  ( 0.000000000000000000, 0.000000000000000000, 1.000000000000000000 ) ) ;
#417 = ORIENTED_EDGE ( 'NONE', *, *, #3037, .T. ) ;
#418 = VECTOR ( 'NONE', #1070, 1000.000000000000000 ) ;
#419 = VERTEX_POINT ( 'NONE', #852 ) ;
#420 = FACE_OUTER_BOUND ( 'NONE', #1623, .T. ) ;
#421 = VECTOR ( 'NONE', #2926, 1000.000000000000000 ) ;
#422 = ORIENTED_EDGE ( 'NONE', *, *, #648, .T. ) ;
#423 = LINE ( 'NONE', #3143, #1138 ) ;
#424 = AXIS2_PLACEMENT_3D ( 'NONE', #763, #1053, #1248 ) ;
#425 = EDGE_CURVE ( 'NONE', #139, #2795, #2374, .T. ) ;
#426 = CARTESIAN_POINT ( 'NONE',  ( -11.00000000000000000, -4.000000000000000000, 46.70000000000000284 ) ) ;
#427 = CIRCLE ( 'NONE', #2837, 5.000000000000004441 ) ;
#428 = VECTOR ( 'NONE', #1160, 1000.000000000000000 ) ;
#429 = ORIENTED_EDGE ( 'NONE', *, *, #652, .F. ) ;
#430 = ORIENTED_EDGE ( 'NONE', *, *, #882, .T. ) ;
#431 = DIRECTION ( 'NONE',  ( 0.000000000000000000, 0.000000000000000000, -1.000000000000000000 ) ) ;
#432 = DIRECTION ( 'NONE',  ( -0.000000000000000000, -0.000000000000000000, 1.000000000000000000 ) ) ;
#433 = FACE_OUTER_BOUND ( 'NONE', #1678, .T. ) ;
#434 = EDGE_CURVE ( 'NONE', #1159, #1666, #2331, .T. ) ;
#435 = CARTESIAN_POINT ( 'NONE',  ( 0.000000000000000000, -3.000000000000000000, 46.70000000000000284 ) ) ;
#436 = ORIENTED_EDGE ( 'NONE', *, *, #1276, .T. ) ;
#437 = VERTEX_POINT ( 'NONE', #1064 ) ;
#438 = DIRECTION ( 'NONE',  ( 0.000000000000000000, 0.000000000000000000, -1.000000000000000000 ) ) ;
#439 = VERTEX_POINT ( 'NONE', #87 ) ;
#440 = CARTESIAN_POINT ( 'NONE',  ( -34.00000000000000000, -3.000000000000000000, -7.700000000000000178 ) ) ;
#441 = CARTESIAN_POINT ( 'NONE',  ( -78.00000000000000000, -37.00000000000000000, 64.50000000000000000 ) ) ;
#442 = ORIENTED_EDGE ( 'NONE', *, *, #1800, .F. ) ;
#443 = VERTEX_POINT ( 'NONE', #3002 ) ;
#444 = CARTESIAN_POINT ( 'NONE',  ( 28.00000000000000000, -4.000000000000000000, -49.00000000000000000 ) ) ;
#445 = DIRECTION ( 'NONE',  ( -1.000000000000000000, -0.000000000000000000, -0.000000000000000000 ) ) ;
#446 = LINE ( 'NONE', #1425, #421 ) ;
#447 = EDGE_CURVE ( 'NONE', #2637, #3076, #123, .T. ) ;
#448 = LINE ( 'NONE', #1957, #1557 ) ;
#449 = DIRECTION ( 'NONE',  ( 0.000000000000000000, 0.000000000000000000, 1.000000000000000000 ) ) ;
#450 = ADVANCED_FACE ( 'NONE', ( #806, #343, #104, #1548, #2524, #328, #1805, #1835, #2825, #633, #3016, #1613, #2778, #1082, #2059, #3032, #841, #1821, #2841 ), #884, .T. ) ;
#451 = ORIENTED_EDGE ( 'NONE', *, *, #3018, .F. ) ;
#452 = VERTEX_POINT ( 'NONE', #3078 ) ;
#453 = CARTESIAN_POINT ( 'NONE',  ( -110.0000000000000000, -37.00000000000000000, -67.50000000000000000 ) ) ;
#454 = AXIS2_PLACEMENT_3D ( 'NONE', #3058, #2451, #1007 ) ;
#455 = VERTEX_POINT ( 'NONE', #2069 ) ;
#456 = DIRECTION ( 'NONE',  ( 0.000000000000000000, 0.000000000000000000, -1.000000000000000000 ) ) ;
#457 = DIRECTION ( 'NONE',  ( 0.000000000000000000, 1.000000000000000000, 0.000000000000000000 ) ) ;
#458 = VECTOR ( 'NONE', #1226, 1000.000000000000000 ) ;
#459 = VERTEX_POINT ( 'NONE', #385 ) ;
#460 = EDGE_LOOP ( 'NONE', ( #1117, #1339, #188, #1832 ) ) ;
#461 = VECTOR ( 'NONE', #800, 1000.000000000000000 ) ;
#462 = FACE_OUTER_BOUND ( 'NONE', #674, .T. ) ;
#463 = LINE ( 'NONE', #1669, #526 ) ;
#464 = DIRECTION ( 'NONE',  ( 1.000000000000000000, 0.000000000000000000, 0.000000000000000000 ) ) ;
#465 = LINE ( 'NONE', #1988, #1534 ) ;
#466 = EDGE_CURVE ( 'NONE', #1949, #873, #1766, .T. ) ;
#467 = ORIENTED_EDGE ( 'NONE', *, *, #1134, .T. ) ;
#468 = VERTEX_POINT ( 'NONE', #2848 ) ;
#469 = CARTESIAN_POINT ( 'NONE',  ( -107.0000000000000000, -37.00000000000000000, 64.50000000000000000 ) ) ;
#470 = APPLICATION_CONTEXT ( 'configuration controlled 3d designs of mechanical parts and assemblies' ) ;
#471 = DIRECTION ( 'NONE',  ( 0.000000000000000000, 0.000000000000000000, -1.000000000000000000 ) ) ;
#472 = ORIENTED_EDGE ( 'NONE', *, *, #2422, .F. ) ;
#473 = DIRECTION ( 'NONE',  ( 0.000000000000000000, -1.000000000000000000, 0.000000000000000000 ) ) ;
#474 = CARTESIAN_POINT ( 'NONE',  ( 69.00000000000000000, -3.000000000000000000, 46.70000000000000284 ) ) ;
#475 = ADVANCED_FACE ( 'NONE', ( #594 ), #829, .T. ) ;
#476 = VECTOR ( 'NONE', #2246, 1000.000000000000000 ) ;
#477 = VERTEX_POINT ( 'NONE', #3056 ) ;
#478 = ORIENTED_EDGE ( 'NONE', *, *, #1959, .T. ) ;
#479 = FACE_BOUND ( 'NONE', #1331, .T. ) ;
#480 = LINE ( 'NONE', #701, #577 ) ;
#481 = AXIS2_PLACEMENT_3D ( 'NONE', #2636, #949, #917 ) ;
#482 = VECTOR ( 'NONE', #2700, 1000.000000000000000 ) ;
#483 = CARTESIAN_POINT ( 'NONE',  ( 28.00000000000000000, -3.000000000000000000, -49.00000000000000000 ) ) ;
#484 = FACE_OUTER_BOUND ( 'NONE', #1882, .T. ) ;
#485 = ADVANCED_FACE ( 'NONE', ( #2551 ), #1348, .T. ) ;
#486 = VERTEX_POINT ( 'NONE', #876 ) ;
#487 = DIRECTION ( 'NONE',  ( 1.000000000000000000, 0.000000000000000000, 0.000000000000000000 ) ) ;
#488 = AXIS2_PLACEMENT_3D ( 'NONE', #2988, #2922, #2748 ) ;
#489 = LINE ( 'NONE', #2697, #562 ) ;
#490 = EDGE_LOOP ( 'NONE', ( #2371, #794 ) ) ;
#491 = EDGE_CURVE ( 'NONE', #2177, #139, #350, .T. ) ;
#492 = DIRECTION ( 'NONE',  ( 0.000000000000000000, -0.000000000000000000, 1.000000000000000000 ) ) ;
#493 = LINE ( 'NONE', #296, #2536 ) ;
#494 = ORIENTED_EDGE ( 'NONE', *, *, #1533, .F. ) ;
#495 = EDGE_CURVE ( 'NONE', #43, #865, #2170, .T. ) ;
#496 = CYLINDRICAL_SURFACE ( 'NONE', #578, 5.000000000000004441 ) ;
#497 = CARTESIAN_POINT ( 'NONE',  ( 69.00000000000000000, -3.000000000000000000, 0.000000000000000000 ) ) ;
#498 = CARTESIAN_POINT ( 'NONE',  ( -48.00000000000000000, -7.000000000000000000, -18.00000000000000000 ) ) ;
#499 = ORIENTED_EDGE ( 'NONE', *, *, #1992, .F. ) ;
#500 = LINE ( 'NONE', #977, #2071 ) ;
#501 = PLANE ( 'NONE',  #3017 ) ;
#502 = EDGE_LOOP ( 'NONE', ( #685, #2311, #2522, #70 ) ) ;
#503 = DIRECTION ( 'NONE',  ( 0.000000000000000000, -1.000000000000000000, 0.000000000000000000 ) ) ;
#504 = CYLINDRICAL_SURFACE ( 'NONE', #152, 5.000000000000004441 ) ;
#505 = CARTESIAN_POINT ( 'NONE',  ( -11.00000000000000000, 0.000000000000000000, 43.29999999999999716 ) ) ;
#506 = ADVANCED_FACE ( 'NONE', ( #2337 ), #860, .T. ) ;
#507 = ORIENTED_EDGE ( 'NONE', *, *, #586, .F. ) ;
#508 = EDGE_CURVE ( 'NONE', #1495, #2653, #1604, .T. ) ;
#509 = CARTESIAN_POINT ( 'NONE',  ( -92.44322356371698390, -7.000000000000000000, -64.50000000000000000 ) ) ;
#510 = CARTESIAN_POINT ( 'NONE',  ( -0.000000000000000000, -3.000000000000000000, -64.50000000000000000 ) ) ;
#511 = CIRCLE ( 'NONE', #303, 1.599999999999997202 ) ;
#512 = PLANE ( 'NONE',  #2171 ) ;
#513 = DIRECTION ( 'NONE',  ( 0.000000000000000000, 0.000000000000000000, 1.000000000000000000 ) ) ;
#514 = ADVANCED_FACE ( 'NONE', ( #608 ), #1119, .T. ) ;
#515 = VERTEX_POINT ( 'NONE', #1620 ) ;
#516 = DIRECTION ( 'NONE',  ( -1.000000000000000000, 0.000000000000000000, 0.000000000000000000 ) ) ;
#517 = CARTESIAN_POINT ( 'NONE',  ( 30.00000000000000000, -4.000000000000000000, 43.29999999999999716 ) ) ;
#518 = EDGE_LOOP ( 'NONE', ( #214, #478, #2273, #2591 ) ) ;
#519 = LINE ( 'NONE', #1499, #1916 ) ;
#520 = CARTESIAN_POINT ( 'NONE',  ( -0.000000000000000000, -3.000000000000000000, 64.50000000000000000 ) ) ;
#521 = DIRECTION ( 'NONE',  ( 0.000000000000000000, 1.000000000000000000, 0.000000000000000000 ) ) ;
#522 = EDGE_LOOP ( 'NONE', ( #3120, #69, #2049, #2030 ) ) ;
#523 = EDGE_CURVE ( 'NONE', #2766, #2156, #2730, .T. ) ;
#524 = LINE ( 'NONE', #1504, #3033 ) ;
#525 = CARTESIAN_POINT ( 'NONE',  ( 100.0000000000000000, -2.999999999999999112, 57.00000000000000000 ) ) ;
#526 = VECTOR ( 'NONE', #224, 1000.000000000000000 ) ;
#527 = DIRECTION ( 'NONE',  ( -0.000000000000000000, 1.000000000000000000, -0.000000000000000000 ) ) ;
#528 = VECTOR ( 'NONE', #1854, 1000.000000000000000 ) ;
#529 = DATE_AND_TIME ( #2020, #2607 ) ;
#530 = VECTOR ( 'NONE', #2787, 1000.000000000000000 ) ;
#531 = CIRCLE ( 'NONE', #2324, 1.600000000000000755 ) ;
#532 = ADVANCED_FACE ( 'NONE', ( #2597 ), #399, .T. ) ;
#533 = CARTESIAN_POINT ( 'NONE',  ( -12.00000000000000000, -37.00000000000000000, 67.50000000000000000 ) ) ;
#534 = CARTESIAN_POINT ( 'NONE',  ( -11.00000000000000000, -4.000000000000000000, 43.29999999999999716 ) ) ;
#535 = EDGE_LOOP ( 'NONE', ( #722, #3019, #2814, #467 ) ) ;
#536 = ORIENTED_EDGE ( 'NONE', *, *, #1002, .F. ) ;
#537 = CARTESIAN_POINT ( 'NONE',  ( -100.0000000000000000, 0.000000000000000000, -58.35000000000000853 ) ) ;
#538 = CARTESIAN_POINT ( 'NONE',  ( 1.959434878635765477E-16, -7.000000000000000000, 28.39999999999999858 ) ) ;
#539 = LINE ( 'NONE', #11, #2070 ) ;
#540 = ORIENTED_EDGE ( 'NONE', *, *, #813, .T. ) ;
#541 = CARTESIAN_POINT ( 'NONE',  ( -107.0000000000000000, -3.000000000000000000, 64.50000000000000000 ) ) ;
#542 = DIRECTION ( 'NONE',  ( -1.000000000000000000, -0.000000000000000000, -0.000000000000000000 ) ) ;
#543 = CARTESIAN_POINT ( 'NONE',  ( 0.000000000000000000, -3.000000000000000000, -7.700000000000000178 ) ) ;
#544 = APPROVAL_DATE_TIME ( #1573, #2452 ) ;
#545 = ADVANCED_FACE ( 'NONE', ( #1071 ), #1813, .F. ) ;
#546 = DIRECTION ( 'NONE',  ( -1.000000000000000000, 0.000000000000000000, -0.000000000000000000 ) ) ;
#547 = CYLINDRICAL_SURFACE ( 'NONE', #49, 1.600000000000004086 ) ;
#548 = EDGE_CURVE ( 'NONE', #1595, #180, #1829, .T. ) ;
#549 = ORIENTED_EDGE ( 'NONE', *, *, #3049, .F. ) ;
#550 = EDGE_LOOP ( 'NONE', ( #1966, #2546, #774, #1610 ) ) ;
#551 = DIRECTION ( 'NONE',  ( 1.000000000000000000, 0.000000000000000000, 0.000000000000000000 ) ) ;
#552 = DIRECTION ( 'NONE',  ( 0.000000000000000000, 0.000000000000000000, 1.000000000000000000 ) ) ;
#553 = DIRECTION ( 'NONE',  ( 0.000000000000000000, 1.000000000000000000, 0.000000000000000000 ) ) ;
#554 = ORIENTED_EDGE ( 'NONE', *, *, #3164, .T. ) ;
#555 = CARTESIAN_POINT ( 'NONE',  ( -110.0000000000000000, 0.000000000000000000, -67.50000000000000000 ) ) ;
#556 = DIRECTION ( 'NONE',  ( 0.000000000000000000, 1.000000000000000000, 0.000000000000000000 ) ) ;
#557 = VECTOR ( 'NONE', #2090, 1000.000000000000000 ) ;
#558 = VECTOR ( 'NONE', #1942, 1000.000000000000000 ) ;
#559 = DIRECTION ( 'NONE',  ( 1.000000000000000000, 0.000000000000000000, 0.000000000000000000 ) ) ;
#560 = PERSON_AND_ORGANIZATION_ROLE ( 'creator' ) ;
#561 = VECTOR ( 'NONE', #445, 1000.000000000000000 ) ;
#562 = VECTOR ( 'NONE', #1689, 1000.000000000000000 ) ;
#563 = CARTESIAN_POINT ( 'NONE',  ( -12.00000000000000000, -3.000000000000000000, 0.000000000000000000 ) ) ;
#564 = ADVANCED_FACE ( 'NONE', ( #2612 ), #2052, .T. ) ;
#565 = LINE ( 'NONE', #2282, #1385 ) ;
#566 = ORIENTED_EDGE ( 'NONE', *, *, #1651, .T. ) ;
#567 = VERTEX_POINT ( 'NONE', #1105 ) ;
#568 = DIRECTION ( 'NONE',  ( -0.000000000000000000, 1.000000000000000000, -0.000000000000000000 ) ) ;
#569 = CARTESIAN_POINT ( 'NONE',  ( -12.00000000000000000, -37.00000000000000000, 67.50000000000000000 ) ) ;
#570 = ORIENTED_EDGE ( 'NONE', *, *, #2039, .F. ) ;
#571 = ADVANCED_FACE ( 'NONE', ( #1634 ), #2085, .T. ) ;
#572 = DIRECTION ( 'NONE',  ( -0.000000000000000000, 1.000000000000000000, -0.000000000000000000 ) ) ;
#573 = PLANE ( 'NONE',  #3131 ) ;
#574 = ORIENTED_EDGE ( 'NONE', *, *, #1956, .T. ) ;
#575 = DIRECTION ( 'NONE',  ( 0.000000000000000000, 0.000000000000000000, 1.000000000000000000 ) ) ;
#576 = DATE_AND_TIME ( #2292, #3010 ) ;
#577 = VECTOR ( 'NONE', #1955, 1000.000000000000000 ) ;
#578 = AXIS2_PLACEMENT_3D ( 'NONE', #1999, #776, #286 ) ;
#579 = DIRECTION ( 'NONE',  ( 0.000000000000000000, 1.000000000000000000, 0.000000000000000000 ) ) ;
#580 = PLANE ( 'NONE',  #1845 ) ;
#581 = CIRCLE ( 'NONE', #1607, 1.599999999999997202 ) ;
#582 = VERTEX_POINT ( 'NONE', #2674 ) ;
#583 = ORIENTED_EDGE ( 'NONE', *, *, #1426, .F. ) ;
#584 = FACE_OUTER_BOUND ( 'NONE', #58, .T. ) ;
#585 = DIRECTION ( 'NONE',  ( 1.000000000000000000, 0.000000000000000000, 0.000000000000000000 ) ) ;
#586 = EDGE_CURVE ( 'NONE', #2340, #2347, #1215, .T. ) ;
#587 = ORIENTED_EDGE ( 'NONE', *, *, #2853, .T. ) ;
#588 = CARTESIAN_POINT ( 'NONE',  ( 100.0000000000000000, -30.00000000000000000, 57.00000000000000000 ) ) ;
#589 = ORIENTED_EDGE ( 'NONE', *, *, #2519, .F. ) ;
#590 = AXIS2_PLACEMENT_3D ( 'NONE', #601, #3048, #1342 ) ;
#591 = EDGE_CURVE ( 'NONE', #2745, #2375, #1551, .T. ) ;
#592 = ORIENTED_EDGE ( 'NONE', *, *, #1959, .F. ) ;
#593 = CARTESIAN_POINT ( 'NONE',  ( -48.00000000000000000, -7.000000000000000000, -63.00000000000000000 ) ) ;
#594 = FACE_OUTER_BOUND ( 'NONE', #2008, .T. ) ;
#595 = PERSON_AND_ORGANIZATION ( #393, #404 ) ;
#596 = FACE_OUTER_BOUND ( 'NONE', #383, .T. ) ;
#597 = DIRECTION ( 'NONE',  ( 0.000000000000000000, 0.000000000000000000, 1.000000000000000000 ) ) ;
#598 = VERTEX_POINT ( 'NONE', #2879 ) ;
#599 = ORIENTED_EDGE ( 'NONE', *, *, #3068, .T. ) ;
#600 = DIRECTION ( 'NONE',  ( -0.000000000000000000, -0.000000000000000000, 1.000000000000000000 ) ) ;
#601 = CARTESIAN_POINT ( 'NONE',  ( -93.00000000000000000, -3.000000000000000000, -18.00000000000000000 ) ) ;
#602 = EDGE_LOOP ( 'NONE', ( #2623, #1827 ) ) ;
#603 = DIRECTION ( 'NONE',  ( 0.000000000000000000, 0.000000000000000000, -1.000000000000000000 ) ) ;
#604 = EDGE_CURVE ( 'NONE', #105, #1080, #688, .T. ) ;
#605 = CARTESIAN_POINT ( 'NONE',  ( 28.00000000000000000, -4.000000000000000000, -34.00000000000000000 ) ) ;
#606 = VERTEX_POINT ( 'NONE', #3103 ) ;
#607 = LINE ( 'NONE', #1603, #3064 ) ;
#608 = FACE_OUTER_BOUND ( 'NONE', #2806, .T. ) ;
#609 = APPROVAL_PERSON_ORGANIZATION ( #595, #2823, #2963 ) ;
#610 = DIRECTION ( 'NONE',  ( 0.000000000000000000, 0.000000000000000000, -1.000000000000000000 ) ) ;
#611 = EDGE_CURVE ( 'NONE', #1570, #1326, #2064, .T. ) ;
#612 = DIRECTION ( 'NONE',  ( 0.000000000000000000, 0.000000000000000000, -1.000000000000000000 ) ) ;
#613 = EDGE_LOOP ( 'NONE', ( #2491, #839 ) ) ;
#614 = AXIS2_PLACEMENT_3D ( 'NONE', #1588, #365, #398 ) ;
#615 = ORIENTED_EDGE ( 'NONE', *, *, #670, .F. ) ;
#616 = DIRECTION ( 'NONE',  ( 0.000000000000000000, 0.000000000000000000, 1.000000000000000000 ) ) ;
#617 = FACE_OUTER_BOUND ( 'NONE', #2616, .T. ) ;
#618 = VERTEX_POINT ( 'NONE', #1939 ) ;
#619 = CYLINDRICAL_SURFACE ( 'NONE', #680, 5.000000000000004441 ) ;
#620 = VERTEX_POINT ( 'NONE', #3117 ) ;
#621 = ADVANCED_FACE ( 'NONE', ( #718 ), #938, .F. ) ;
#622 = ORIENTED_EDGE ( 'NONE', *, *, #2194, .F. ) ;
#623 = DIRECTION ( 'NONE',  ( 0.000000000000000000, 1.000000000000000000, 0.000000000000000000 ) ) ;
#624 = DIRECTION ( 'NONE',  ( 0.000000000000000000, -1.000000000000000000, 0.000000000000000000 ) ) ;
#625 = FACE_OUTER_BOUND ( 'NONE', #2335, .T. ) ;
#626 = VECTOR ( 'NONE', #1538, 1000.000000000000000 ) ;
#627 = CARTESIAN_POINT ( 'NONE',  ( 30.00000000000000000, -4.000000000000000000, 46.70000000000000284 ) ) ;
#628 = ADVANCED_FACE ( 'NONE', ( #433 ), #2195, .F. ) ;
#629 = ORIENTED_EDGE ( 'NONE', *, *, #76, .T. ) ;
#630 = VECTOR ( 'NONE', #362, 1000.000000000000000 ) ;
#631 = ORIENTED_EDGE ( 'NONE', *, *, #2912, .F. ) ;
#632 = CARTESIAN_POINT ( 'NONE',  ( 1.959434878635764984E-16, -3.000000000000000000, -13.60000000000000142 ) ) ;
#633 = FACE_BOUND ( 'NONE', #1980, .T. ) ;
#634 = VECTOR ( 'NONE', #1225, 1000.000000000000000 ) ;
#635 = VERTEX_POINT ( 'NONE', #2864 ) ;
#636 = AXIS2_PLACEMENT_3D ( 'NONE', #2115, #143, #1572 ) ;
#637 = DIRECTION ( 'NONE',  ( 0.000000000000000000, 1.000000000000000000, 0.000000000000000000 ) ) ;
#638 = ORIENTED_EDGE ( 'NONE', *, *, #241, .F. ) ;
#639 = ORIENTED_EDGE ( 'NONE', *, *, #586, .T. ) ;
#640 = VECTOR ( 'NONE', #1455, 1000.000000000000000 ) ;
#641 = LINE ( 'NONE', #142, #863 ) ;
#642 = DIRECTION ( 'NONE',  ( 0.000000000000000000, 0.000000000000000000, 1.000000000000000000 ) ) ;
#643 = DIRECTION ( 'NONE',  ( 0.000000000000000000, 1.000000000000000000, 0.000000000000000000 ) ) ;
#644 = ADVANCED_FACE ( 'NONE', ( #922 ), #1413, .F. ) ;
#645 = ORIENTED_EDGE ( 'NONE', *, *, #407, .T. ) ;
#646 = EDGE_LOOP ( 'NONE', ( #2361, #2556 ) ) ;
#647 = CARTESIAN_POINT ( 'NONE',  ( 95.00000000000000000, -4.000000000000000000, -31.00000000000000000 ) ) ;
#648 = EDGE_CURVE ( 'NONE', #1546, #620, #2656, .T. ) ;
#649 = VERTEX_POINT ( 'NONE', #2397 ) ;
#650 = DIRECTION ( 'NONE',  ( -0.000000000000000000, 1.000000000000000000, -0.000000000000000000 ) ) ;
#651 = LINE ( 'NONE', #2905, #989 ) ;
#652 = EDGE_CURVE ( 'NONE', #1601, #715, #463, .T. ) ;
#653 = EDGE_LOOP ( 'NONE', ( #2257, #2412 ) ) ;
#654 = DIRECTION ( 'NONE',  ( 0.000000000000000000, 0.000000000000000000, -1.000000000000000000 ) ) ;
#655 = CARTESIAN_POINT ( 'NONE',  ( 100.0000000000000000, -34.00000000000000000, 55.64999999999999858 ) ) ;
#656 = CARTESIAN_POINT ( 'NONE',  ( 81.00000000000000000, -3.000000000000000000, -26.30000000000000071 ) ) ;
#657 = VECTOR ( 'NONE', #1222, 1000.000000000000000 ) ;
#658 = ORIENTED_EDGE ( 'NONE', *, *, #2411, .T. ) ;
#659 = EDGE_CURVE ( 'NONE', #2561, #477, #480, .T. ) ;
#660 = EDGE_LOOP ( 'NONE', ( #901, #252, #837, #1386 ) ) ;
#661 = CC_DESIGN_SECURITY_CLASSIFICATION ( #1170, ( #301 ) ) ;
#662 = CARTESIAN_POINT ( 'NONE',  ( -11.00000000000000000, 0.000000000000000000, 43.29999999999999716 ) ) ;
#663 = VECTOR ( 'NONE', #2514, 1000.000000000000000 ) ;
#664 = ORIENTED_EDGE ( 'NONE', *, *, #1591, .F. ) ;
#665 = DIRECTION ( 'NONE',  ( 0.000000000000000000, 1.000000000000000000, 0.000000000000000000 ) ) ;
#666 = AXIS2_PLACEMENT_3D ( 'NONE', #1010, #2682, #2005 ) ;
#667 = DIRECTION ( 'NONE',  ( -0.000000000000000000, -0.000000000000000000, 1.000000000000000000 ) ) ;
#668 = ORIENTED_EDGE ( 'NONE', *, *, #1508, .F. ) ;
#669 = EDGE_LOOP ( 'NONE', ( #2267, #134, #1643, #2062 ) ) ;
#670 = EDGE_CURVE ( 'NONE', #1724, #1519, #1460, .T. ) ;
#671 = FACE_OUTER_BOUND ( 'NONE', #969, .T. ) ;
#672 = CARTESIAN_POINT ( 'NONE',  ( 28.00000000000000000, -4.000000000000000000, -49.00000000000000000 ) ) ;
#673 = CARTESIAN_POINT ( 'NONE',  ( 96.00000000000000000, -7.000000000000000000, 28.39999999999999503 ) ) ;
#674 = EDGE_LOOP ( 'NONE', ( #397, #2221, #1113, #2784 ) ) ;
#675 = ORIENTED_EDGE ( 'NONE', *, *, #1826, .F. ) ;
#676 = CARTESIAN_POINT ( 'NONE',  ( 95.00000000000000000, -3.000000000000000000, -0.000000000000000000 ) ) ;
#677 = AXIS2_PLACEMENT_3D ( 'NONE', #1700, #3167, #1166 ) ;
#678 = ORIENTED_EDGE ( 'NONE', *, *, #99, .T. ) ;
#679 = DIRECTION ( 'NONE',  ( 1.000000000000000000, 0.000000000000000000, 0.000000000000000000 ) ) ;
#680 = AXIS2_PLACEMENT_3D ( 'NONE', #856, #2316, #2530 ) ;
#681 = LINE ( 'NONE', #1663, #333 ) ;
#682 = EDGE_CURVE ( 'NONE', #3050, #173, #446, .T. ) ;
#683 = VECTOR ( 'NONE', #464, 1000.000000000000000 ) ;
#684 = ORIENTED_EDGE ( 'NONE', *, *, #3164, .F. ) ;
#685 = ORIENTED_EDGE ( 'NONE', *, *, #948, .T. ) ;
#686 = PLANE ( 'NONE',  #2365 ) ;
#687 = DIRECTION ( 'NONE',  ( -0.000000000000000000, 0.000000000000000000, 1.000000000000000000 ) ) ;
#688 = LINE ( 'NONE', #497, #1652 ) ;
#689 = EDGE_CURVE ( 'NONE', #3076, #2637, #218, .T. ) ;
#690 = CARTESIAN_POINT ( 'NONE',  ( 0.000000000000000000, -3.000000000000000000, -52.00000000000000000 ) ) ;
#691 = EDGE_LOOP ( 'NONE', ( #347, #2201, #1356, #2405 ) ) ;
#692 = ORIENTED_EDGE ( 'NONE', *, *, #1154, .F. ) ;
#693 = DIRECTION ( 'NONE',  ( -1.000000000000000000, 0.000000000000000000, -0.000000000000000000 ) ) ;
#694 = ORIENTED_EDGE ( 'NONE', *, *, #151, .F. ) ;
#695 = LINE ( 'NONE', #947, #1404 ) ;
#696 = CARTESIAN_POINT ( 'NONE',  ( 100.0000000000000000, -34.00000000000000000, -58.35000000000000853 ) ) ;
#697 = ORIENTED_EDGE ( 'NONE', *, *, #2815, .F. ) ;
#698 = VERTEX_POINT ( 'NONE', #207 ) ;
#699 = EDGE_CURVE ( 'NONE', #1875, #2423, #1201, .T. ) ;
#700 = DIRECTION ( 'NONE',  ( -0.000000000000000000, 1.000000000000000000, -0.000000000000000000 ) ) ;
#701 = CARTESIAN_POINT ( 'NONE',  ( -11.00000000000000000, 0.000000000000000000, 46.70000000000000284 ) ) ;
#702 = CARTESIAN_POINT ( 'NONE',  ( -110.0000000000000000, -3.000000000000000000, 67.50000000000000000 ) ) ;
#703 = CARTESIAN_POINT ( 'NONE',  ( -48.00000000000000000, -7.000000000000000000, -18.00000000000000000 ) ) ;
#704 = EDGE_CURVE ( 'NONE', #468, #3054, #734, .T. ) ;
#705 = VERTEX_POINT ( 'NONE', #672 ) ;
#706 = ORIENTED_EDGE ( 'NONE', *, *, #2326, .F. ) ;
#707 = EDGE_CURVE ( 'NONE', #744, #2378, #2876, .T. ) ;
#708 = CARTESIAN_POINT ( 'NONE',  ( -12.00000000000000000, -37.00000000000000000, 64.50000000000000000 ) ) ;
#709 = DIRECTION ( 'NONE',  ( 0.000000000000000000, 0.000000000000000000, -1.000000000000000000 ) ) ;
#710 = ORIENTED_EDGE ( 'NONE', *, *, #1587, .F. ) ;
#711 = DIRECTION ( 'NONE',  ( -0.000000000000000000, 0.000000000000000000, 1.000000000000000000 ) ) ;
#712 = DIRECTION ( 'NONE',  ( -0.000000000000000000, -0.000000000000000000, 1.000000000000000000 ) ) ;
#713 = AXIS2_PLACEMENT_3D ( 'NONE', #828, #1006, #575 ) ;
#714 = ORIENTED_EDGE ( 'NONE', *, *, #2853, .F. ) ;
#715 = VERTEX_POINT ( 'NONE', #1019 ) ;
#716 = VECTOR ( 'NONE', #834, 1000.000000000000000 ) ;
#717 = CARTESIAN_POINT ( 'NONE',  ( 28.00000000000000000, -4.000000000000000000, -52.00000000000000000 ) ) ;
#718 = FACE_OUTER_BOUND ( 'NONE', #502, .T. ) ;
#719 = ADVANCED_FACE ( 'NONE', ( #1765, #3005 ), #573, .F. ) ;
#720 = DIRECTION ( 'NONE',  ( 0.000000000000000000, 0.000000000000000000, -1.000000000000000000 ) ) ;
#721 = EDGE_CURVE ( 'NONE', #2088, #2638, #2705, .T. ) ;
#722 = ORIENTED_EDGE ( 'NONE', *, *, #1369, .F. ) ;
#723 = CARTESIAN_POINT ( 'NONE',  ( -41.99999999999999289, -3.000000000000000000, -0.000000000000000000 ) ) ;
#724 = DIRECTION ( 'NONE',  ( 1.000000000000000000, -0.000000000000000000, 0.000000000000000000 ) ) ;
#725 = EDGE_CURVE ( 'NONE', #3021, #730, #796, .T. ) ;
#726 = ORIENTED_EDGE ( 'NONE', *, *, #2586, .T. ) ;
#727 = DIRECTION ( 'NONE',  ( -0.000000000000000000, 1.000000000000000000, -0.000000000000000000 ) ) ;
#728 = FACE_OUTER_BOUND ( 'NONE', #167, .T. ) ;
#729 = AXIS2_PLACEMENT_3D ( 'NONE', #1182, #1200, #3115 ) ;
#730 = VERTEX_POINT ( 'NONE', #2768 ) ;
#731 = VERTEX_POINT ( 'NONE', #1037 ) ;
#732 = VECTOR ( 'NONE', #456, 1000.000000000000000 ) ;
#733 = LINE ( 'NONE', #206, #2220 ) ;
#734 = LINE ( 'NONE', #1717, #2471 ) ;
#735 = VECTOR ( 'NONE', #760, 1000.000000000000000 ) ;
#736 = AXIS2_PLACEMENT_3D ( 'NONE', #2009, #2685, #492 ) ;
#737 = CARTESIAN_POINT ( 'NONE',  ( -80.00000000000000000, -3.000000000000000000, -4.299999999999999822 ) ) ;
#738 = CYLINDRICAL_SURFACE ( 'NONE', #2961, 1.350000000000004086 ) ;
#739 = ORIENTED_EDGE ( 'NONE', *, *, #5, .F. ) ;
#740 = CARTESIAN_POINT ( 'NONE',  ( 100.0000000000000000, -30.00000000000000000, -52.00000000000000000 ) ) ;
#741 = EDGE_CURVE ( 'NONE', #2375, #2745, #15, .T. ) ;
#742 = AXIS2_PLACEMENT_3D ( 'NONE', #426, #1438, #3126 ) ;
#743 = LINE ( 'NONE', #2935, #2914 ) ;
#744 = VERTEX_POINT ( 'NONE', #2017 ) ;
#745 = DIRECTION ( 'NONE',  ( 0.000000000000000000, 1.000000000000000000, 0.000000000000000000 ) ) ;
#746 = LINE ( 'NONE', #1982, #2250 ) ;
#747 = CARTESIAN_POINT ( 'NONE',  ( -100.0000000000000000, -34.00000000000000000, 55.64999999999999858 ) ) ;
#748 = ORIENTED_EDGE ( 'NONE', *, *, #1685, .F. ) ;
#749 = CARTESIAN_POINT ( 'NONE',  ( -110.0000000000000000, -3.000000000000000000, -67.50000000000000000 ) ) ;
#750 = CARTESIAN_POINT ( 'NONE',  ( 92.00000000000001421, -37.00000000000000000, 67.50000000000000000 ) ) ;
#751 = CARTESIAN_POINT ( 'NONE',  ( -34.00000000000000000, 0.000000000000000000, -4.299999999999999822 ) ) ;
#752 = FACE_OUTER_BOUND ( 'NONE', #1594, .T. ) ;
#753 = ORIENTED_EDGE ( 'NONE', *, *, #1800, .T. ) ;
#754 = CARTESIAN_POINT ( 'NONE',  ( -110.0000000000000000, -37.00000000000000000, -67.50000000000000000 ) ) ;
#755 = FACE_OUTER_BOUND ( 'NONE', #2886, .T. ) ;
#756 = EDGE_CURVE ( 'NONE', #1368, #2404, #2466, .T. ) ;
#757 = ORIENTED_EDGE ( 'NONE', *, *, #1338, .F. ) ;
#758 = DIRECTION ( 'NONE',  ( 0.000000000000000000, 0.000000000000000000, 1.000000000000000000 ) ) ;
#759 = PLANE ( 'NONE',  #967 ) ;
#760 = DIRECTION ( 'NONE',  ( -1.000000000000000000, -0.000000000000000000, -0.000000000000000000 ) ) ;
#761 = CIRCLE ( 'NONE', #1329, 1.600000000000004086 ) ;
#762 = EDGE_LOOP ( 'NONE', ( #678, #951, #3034, #1445 ) ) ;
#763 = CARTESIAN_POINT ( 'NONE',  ( 0.000000000000000000, 0.000000000000000000, 0.000000000000000000 ) ) ;
#764 = DIRECTION ( 'NONE',  ( 0.000000000000000000, 0.000000000000000000, -1.000000000000000000 ) ) ;
#765 = ADVANCED_FACE ( 'NONE', ( #14 ), #1505, .T. ) ;
#766 = DIRECTION ( 'NONE',  ( -1.000000000000000000, 0.000000000000000000, -0.000000000000000000 ) ) ;
#767 = PERSON_AND_ORGANIZATION ( #393, #404 ) ;
#768 = LINE ( 'NONE', #3156, #277 ) ;
#769 = CARTESIAN_POINT ( 'NONE',  ( 110.0000000000000000, -3.000000000000000000, 67.50000000000000000 ) ) ;
#770 = ORIENTED_EDGE ( 'NONE', *, *, #2180, .F. ) ;
#771 = DIRECTION ( 'NONE',  ( 0.000000000000000000, 0.000000000000000000, -1.000000000000000000 ) ) ;
#772 = DIRECTION ( 'NONE',  ( 0.000000000000000000, 0.000000000000000000, 1.000000000000000000 ) ) ;
#773 = LINE ( 'NONE', #1031, #1974 ) ;
#774 = ORIENTED_EDGE ( 'NONE', *, *, #853, .T. ) ;
#775 = CIRCLE ( 'NONE', #1855, 1.350000000000004086 ) ;
#776 = DIRECTION ( 'NONE',  ( 0.000000000000000000, 1.000000000000000000, 0.000000000000000000 ) ) ;
#777 = VECTOR ( 'NONE', #50, 1000.000000000000000 ) ;
#778 = ADVANCED_FACE ( 'NONE', ( #1733 ), #809, .T. ) ;
#779 = DIRECTION ( 'NONE',  ( -1.000000000000000000, -0.000000000000000000, -0.000000000000000000 ) ) ;
#780 = VECTOR ( 'NONE', #314, 1000.000000000000000 ) ;
#781 = LINE ( 'NONE', #543, #1664 ) ;
#782 = EDGE_CURVE ( 'NONE', #1873, #1793, #2513, .T. ) ;
#783 = AXIS2_PLACEMENT_3D ( 'NONE', #2695, #279, #244 ) ;
#784 = DATE_AND_TIME ( #1751, #253 ) ;
#785 = AXIS2_PLACEMENT_3D ( 'NONE', #1087, #2100, #3042 ) ;
#786 = VECTOR ( 'NONE', #551, 1000.000000000000000 ) ;
#787 = LINE ( 'NONE', #1286, #2576 ) ;
#788 = LINE ( 'NONE', #3044, #716 ) ;
#789 = ORIENTED_EDGE ( 'NONE', *, *, #1614, .F. ) ;
#790 = ORIENTED_EDGE ( 'NONE', *, *, #2835, .T. ) ;
#791 = DIRECTION ( 'NONE',  ( 0.000000000000000000, 1.000000000000000000, 0.000000000000000000 ) ) ;
#792 = DIRECTION ( 'NONE',  ( 0.000000000000000000, 0.000000000000000000, 1.000000000000000000 ) ) ;
#793 = DIRECTION ( 'NONE',  ( 0.000000000000000000, 1.000000000000000000, 0.000000000000000000 ) ) ;
#794 = ORIENTED_EDGE ( 'NONE', *, *, #1320, .F. ) ;
#795 = CARTESIAN_POINT ( 'NONE',  ( 1.959434878635764984E-16, -3.000000000000000000, 28.39999999999999858 ) ) ;
#796 = LINE ( 'NONE', #60, #2317 ) ;
#797 = EDGE_CURVE ( 'NONE', #1549, #1115, #1349, .T. ) ;
#798 = CARTESIAN_POINT ( 'NONE',  ( 28.00000000000000000, -4.000000000000000000, -49.00000000000000000 ) ) ;
#799 = PLANE ( 'NONE',  #2774 ) ;
#800 = DIRECTION ( 'NONE',  ( 0.000000000000000000, 1.000000000000000000, 0.000000000000000000 ) ) ;
#801 = ADVANCED_FACE ( 'NONE', ( #2497 ), #1233, .T. ) ;
#802 = ORIENTED_EDGE ( 'NONE', *, *, #2978, .F. ) ;
#803 = ORIENTED_EDGE ( 'NONE', *, *, #1211, .T. ) ;
#804 = CARTESIAN_POINT ( 'NONE',  ( -110.0000000000000000, -37.00000000000000000, 67.50000000000000000 ) ) ;
#805 = DIRECTION ( 'NONE',  ( 0.000000000000000000, 0.000000000000000000, -1.000000000000000000 ) ) ;
#806 = FACE_BOUND ( 'NONE', #1008, .T. ) ;
#807 = ORIENTED_EDGE ( 'NONE', *, *, #2722, .T. ) ;
#808 = FACE_BOUND ( 'NONE', #1137, .T. ) ;
#809 = PLANE ( 'NONE',  #1089 ) ;
#810 = AXIS2_PLACEMENT_3D ( 'NONE', #2024, #291, #1269 ) ;
#811 = CIRCLE ( 'NONE', #1382, 1.600000000000004086 ) ;
#812 = FACE_OUTER_BOUND ( 'NONE', #2080, .T. ) ;
#813 = EDGE_CURVE ( 'NONE', #1147, #2821, #300, .T. ) ;
#814 = VECTOR ( 'NONE', #2800, 1000.000000000000000 ) ;
#815 = AXIS2_PLACEMENT_3D ( 'NONE', #2373, #165, #2633 ) ;
#816 = DIRECTION ( 'NONE',  ( -0.000000000000000000, 1.000000000000000000, -0.000000000000000000 ) ) ;
#817 = DIRECTION ( 'NONE',  ( 0.000000000000000000, 0.000000000000000000, 1.000000000000000000 ) ) ;
#818 = EDGE_CURVE ( 'NONE', #265, #1895, #1298, .T. ) ;
#819 = ORIENTED_EDGE ( 'NONE', *, *, #3093, .F. ) ;
#820 = ORIENTED_EDGE ( 'NONE', *, *, #308, .T. ) ;
#821 = CARTESIAN_POINT ( 'NONE',  ( 100.0000000000000000, -30.00000000000000000, -57.00000000000000000 ) ) ;
#822 = LINE ( 'NONE', #2029, #2943 ) ;
#823 = EDGE_CURVE ( 'NONE', #2387, #2735, #2927, .T. ) ;
#824 = ORIENTED_EDGE ( 'NONE', *, *, #1199, .T. ) ;
#825 = CARTESIAN_POINT ( 'NONE',  ( -93.55677643628301610, -7.000000000000000000, -64.50000000000000000 ) ) ;
#826 = ORIENTED_EDGE ( 'NONE', *, *, #2815, .T. ) ;
#827 = ORIENTED_EDGE ( 'NONE', *, *, #25, .F. ) ;
#828 = CARTESIAN_POINT ( 'NONE',  ( 96.00000000000000000, -7.000000000000000000, -12.00000000000000000 ) ) ;
#829 = CYLINDRICAL_SURFACE ( 'NONE', #636, 1.600000000000004086 ) ;
#830 = CALENDAR_DATE ( 2026, 26, 7 ) ;
#831 = AXIS2_PLACEMENT_3D ( 'NONE', #192, #2160, #3133 ) ;
#832 = AXIS2_PLACEMENT_3D ( 'NONE', #749, #2691, #2031 ) ;
#833 = PLANE ( 'NONE',  #2217 ) ;
#834 = DIRECTION ( 'NONE',  ( 1.000000000000000000, 0.000000000000000000, 0.000000000000000000 ) ) ;
#835 = VECTOR ( 'NONE', #1359, 1000.000000000000000 ) ;
#836 = VECTOR ( 'NONE', #745, 1000.000000000000000 ) ;
#837 = ORIENTED_EDGE ( 'NONE', *, *, #2571, .F. ) ;
#838 = ADVANCED_FACE ( 'NONE', ( #2260 ), #45, .F. ) ;
#839 = ORIENTED_EDGE ( 'NONE', *, *, #425, .F. ) ;
#840 = FACE_OUTER_BOUND ( 'NONE', #2390, .T. ) ;
#841 = FACE_BOUND ( 'NONE', #490, .T. ) ;
#842 = ORIENTED_EDGE ( 'NONE', *, *, #114, .T. ) ;
#843 = DIRECTION ( 'NONE',  ( 1.000000000000000000, 0.000000000000000000, 0.000000000000000000 ) ) ;
#844 = ORIENTED_EDGE ( 'NONE', *, *, #699, .F. ) ;
#845 = DIRECTION ( 'NONE',  ( -1.000000000000000000, 0.000000000000000000, -0.000000000000000000 ) ) ;
#846 = DIRECTION ( 'NONE',  ( -0.000000000000000000, 0.000000000000000000, 1.000000000000000000 ) ) ;
#847 = CARTESIAN_POINT ( 'NONE',  ( -100.0000000000000000, 0.000000000000000000, -57.00000000000000000 ) ) ;
#848 = CARTESIAN_POINT ( 'NONE',  ( 0.000000000000000000, -37.00000000000000000, 0.000000000000000000 ) ) ;
#849 = ORIENTED_EDGE ( 'NONE', *, *, #1253, .T. ) ;
#850 = ORIENTED_EDGE ( 'NONE', *, *, #973, .T. ) ;
#851 = DIRECTION ( 'NONE',  ( 0.000000000000000000, 1.000000000000000000, 0.000000000000000000 ) ) ;
#852 = CARTESIAN_POINT ( 'NONE',  ( 95.00000000000000000, -3.000000000000000000, -31.00000000000000000 ) ) ;
#853 = EDGE_CURVE ( 'NONE', #269, #2139, #2483, .T. ) ;
#854 = ORIENTED_EDGE ( 'NONE', *, *, #199, .T. ) ;
#855 = APPLICATION_CONTEXT ( 'configuration controlled 3d designs of mechanical parts and assemblies' ) ;
#856 = CARTESIAN_POINT ( 'NONE',  ( -100.0000000000000000, -30.00000000000000000, 57.00000000000000000 ) ) ;
#857 = EDGE_LOOP ( 'NONE', ( #361, #1778, #998, #309 ) ) ;
#858 = ORIENTED_EDGE ( 'NONE', *, *, #721, .T. ) ;
#859 = DIRECTION ( 'NONE',  ( 0.000000000000000000, 1.000000000000000000, 0.000000000000000000 ) ) ;
#860 = CYLINDRICAL_SURFACE ( 'NONE', #1915, 1.600000000000000755 ) ;
#861 = EDGE_CURVE ( 'NONE', #2139, #137, #287, .T. ) ;
#862 = LINE ( 'NONE', #3166, #1400 ) ;
#863 = VECTOR ( 'NONE', #1619, 1000.000000000000000 ) ;
#864 = CARTESIAN_POINT ( 'NONE',  ( 95.00000000000000000, -4.000000000000000000, -34.00000000000000000 ) ) ;
#865 = VERTEX_POINT ( 'NONE', #1282 ) ;
#866 = AXIS2_PLACEMENT_3D ( 'NONE', #405, #1157, #1674 ) ;
#867 = ORIENTED_EDGE ( 'NONE', *, *, #157, .F. ) ;
#868 = LINE ( 'NONE', #2840, #2509 ) ;
#869 = CARTESIAN_POINT ( 'NONE',  ( 107.0000000000000000, -37.00000000000000000, -64.50000000000000000 ) ) ;
#870 = ORIENTED_EDGE ( 'NONE', *, *, #215, .F. ) ;
#871 = DIRECTION ( 'NONE',  ( -0.000000000000000000, 1.000000000000000000, -0.000000000000000000 ) ) ;
#872 = ORIENTED_EDGE ( 'NONE', *, *, #2794, .F. ) ;
#873 = VERTEX_POINT ( 'NONE', #2073 ) ;
#874 = EDGE_CURVE ( 'NONE', #635, #1368, #1076, .T. ) ;
#875 = CARTESIAN_POINT ( 'NONE',  ( 100.0000000000000000, -30.00000000000000000, 55.64999999999999858 ) ) ;
#876 = CARTESIAN_POINT ( 'NONE',  ( 77.00000000000000000, -3.000000000000000000, 67.50000000000000000 ) ) ;
#877 = VECTOR ( 'NONE', #816, 1000.000000000000000 ) ;
#878 = DIRECTION ( 'NONE',  ( 0.000000000000000000, -1.000000000000000000, 0.000000000000000000 ) ) ;
#879 = ORIENTED_EDGE ( 'NONE', *, *, #1052, .F. ) ;
#880 = VECTOR ( 'NONE', #572, 1000.000000000000000 ) ;
#881 = ORIENTED_EDGE ( 'NONE', *, *, #1651, .F. ) ;
#882 = EDGE_CURVE ( 'NONE', #2874, #2082, #1043, .T. ) ;
#883 = FACE_OUTER_BOUND ( 'NONE', #2631, .T. ) ;
#884 = PLANE ( 'NONE',  #1354 ) ;
#885 = VECTOR ( 'NONE', #1901, 1000.000000000000000 ) ;
#886 = AXIS2_PLACEMENT_3D ( 'NONE', #1479, #2711, #1989 ) ;
#887 = ORIENTED_EDGE ( 'NONE', *, *, #2857, .T. ) ;
#888 = CARTESIAN_POINT ( 'NONE',  ( 1.959434878635765477E-16, -7.000000000000000000, -13.60000000000000142 ) ) ;
#889 = DIRECTION ( 'NONE',  ( 0.000000000000000000, -0.000000000000000000, 1.000000000000000000 ) ) ;
#890 = VECTOR ( 'NONE', #983, 1000.000000000000000 ) ;
#891 = DIRECTION ( 'NONE',  ( 0.000000000000000000, 0.000000000000000000, 1.000000000000000000 ) ) ;
#892 = CARTESIAN_POINT ( 'NONE',  ( 69.00000000000000000, -4.000000000000000000, 46.70000000000000284 ) ) ;
#893 = EDGE_CURVE ( 'NONE', #1519, #2404, #112, .T. ) ;
#894 = CARTESIAN_POINT ( 'NONE',  ( 18.00000000000000355, -37.00000000000000000, 67.50000000000000000 ) ) ;
#895 = ORIENTED_EDGE ( 'NONE', *, *, #874, .F. ) ;
#896 = ORIENTED_EDGE ( 'NONE', *, *, #611, .F. ) ;
#897 = ADVANCED_FACE ( 'NONE', ( #1024 ), #833, .T. ) ;
#898 = LINE ( 'NONE', #1125, #2042 ) ;
#899 = EDGE_CURVE ( 'NONE', #443, #1601, #2022, .T. ) ;
#900 = VECTOR ( 'NONE', #2162, 1000.000000000000000 ) ;
#901 = ORIENTED_EDGE ( 'NONE', *, *, #348, .T. ) ;
#902 = CARTESIAN_POINT ( 'NONE',  ( -0.000000000000000000, -3.000000000000000000, 43.29999999999999716 ) ) ;
#903 = CARTESIAN_POINT ( 'NONE',  ( -48.00000000000000000, -7.000000000000000000, -16.40000000000000213 ) ) ;
#904 = EDGE_LOOP ( 'NONE', ( #2856, #2838, #2133, #3124 ) ) ;
#905 = ORIENTED_EDGE ( 'NONE', *, *, #2971, .F. ) ;
#906 = CARTESIAN_POINT ( 'NONE',  ( 0.000000000000000000, -3.000000000000000000, 46.70000000000000284 ) ) ;
#907 = DIRECTION ( 'NONE',  ( -0.000000000000000000, 0.000000000000000000, 1.000000000000000000 ) ) ;
#908 = LINE ( 'NONE', #1593, #1840 ) ;
#909 = VERTEX_POINT ( 'NONE', #1816 ) ;
#910 = ORIENTED_EDGE ( 'NONE', *, *, #1171, .F. ) ;
#911 = ADVANCED_FACE ( 'NONE', ( #1799 ), #799, .T. ) ;
#912 = CARTESIAN_POINT ( 'NONE',  ( -34.00000000000000000, 0.000000000000000000, -4.299999999999999822 ) ) ;
#913 = CIRCLE ( 'NONE', #2455, 1.599999999999997202 ) ;
#914 = ORIENTED_EDGE ( 'NONE', *, *, #721, .F. ) ;
#915 = EDGE_CURVE ( 'NONE', #140, #3076, #2553, .T. ) ;
#916 = CARTESIAN_POINT ( 'NONE',  ( -80.00000000000000000, -4.000000000000000000, -4.299999999999999822 ) ) ;
#917 = DIRECTION ( 'NONE',  ( -0.000000000000000000, 0.000000000000000000, 1.000000000000000000 ) ) ;
#918 = ORIENTED_EDGE ( 'NONE', *, *, #2251, .F. ) ;
#919 = ORIENTED_EDGE ( 'NONE', *, *, #689, .F. ) ;
#920 = DIRECTION ( 'NONE',  ( 1.000000000000000000, 0.000000000000000000, 0.000000000000000000 ) ) ;
#921 = DIRECTION ( 'NONE',  ( 1.000000000000000000, 0.000000000000000000, 0.000000000000000000 ) ) ;
#922 = FACE_OUTER_BOUND ( 'NONE', #1736, .T. ) ;
#923 = DIRECTION ( 'NONE',  ( 0.000000000000000000, 1.000000000000000000, 0.000000000000000000 ) ) ;
#924 = DIRECTION ( 'NONE',  ( -0.000000000000000000, -0.000000000000000000, 1.000000000000000000 ) ) ;
#925 = ORIENTED_EDGE ( 'NONE', *, *, #1867, .T. ) ;
#926 = EDGE_LOOP ( 'NONE', ( #1278, #2845, #803, #293 ) ) ;
#927 = CARTESIAN_POINT ( 'NONE',  ( 69.00000000000000000, -4.000000000000000000, 43.29999999999999716 ) ) ;
#928 = VECTOR ( 'NONE', #305, 1000.000000000000000 ) ;
#929 = EDGE_CURVE ( 'NONE', #2821, #1180, #1091, .T. ) ;
#930 = ORIENTED_EDGE ( 'NONE', *, *, #2738, .F. ) ;
#931 = LINE ( 'NONE', #1644, #732 ) ;
#932 = VECTOR ( 'NONE', #2736, 1000.000000000000000 ) ;
#933 = LINE ( 'NONE', #696, #1047 ) ;
#934 = VECTOR ( 'NONE', #2676, 1000.000000000000000 ) ;
#935 = EDGE_LOOP ( 'NONE', ( #1952, #1422, #930, #2832, #692, #2790, #1554, #540, #3060, #378, #2332, #436 ) ) ;
#936 = VERTEX_POINT ( 'NONE', #2499 ) ;
#937 = PLANE ( 'NONE',  #1297 ) ;
#938 = PLANE ( 'NONE',  #369 ) ;
#939 = EDGE_CURVE ( 'NONE', #2413, #3075, #787, .T. ) ;
#940 = CARTESIAN_POINT ( 'NONE',  ( 96.00000000000000000, -3.000000000000000000, -13.60000000000000497 ) ) ;
#941 = LINE ( 'NONE', #1217, #2200 ) ;
#942 = ORIENTED_EDGE ( 'NONE', *, *, #2213, .F. ) ;
#943 = ORIENTED_EDGE ( 'NONE', *, *, #182, .F. ) ;
#944 = CARTESIAN_POINT ( 'NONE',  ( 42.00000000000000000, -4.000000000000000000, 46.70000000000000284 ) ) ;
#945 = PLANE ( 'NONE',  #1068 ) ;
#946 = ORIENTED_EDGE ( 'NONE', *, *, #1857, .T. ) ;
#947 = CARTESIAN_POINT ( 'NONE',  ( 100.0000000000000000, -30.00000000000000000, 52.00000000000000000 ) ) ;
#948 = EDGE_CURVE ( 'NONE', #1672, #1374, #3043, .T. ) ;
#949 = DIRECTION ( 'NONE',  ( -1.000000000000000000, 0.000000000000000000, -0.000000000000000000 ) ) ;
#950 = ORIENTED_EDGE ( 'NONE', *, *, #3037, .F. ) ;
#951 = ORIENTED_EDGE ( 'NONE', *, *, #2554, .T. ) ;
#952 = FACE_OUTER_BOUND ( 'NONE', #2152, .T. ) ;
#953 = EDGE_CURVE ( 'NONE', #1703, #2378, #2803, .T. ) ;
#954 = DIRECTION ( 'NONE',  ( 0.000000000000000000, 0.000000000000000000, -1.000000000000000000 ) ) ;
#955 = LINE ( 'NONE', #2417, #2547 ) ;
#956 = EDGE_CURVE ( 'NONE', #1600, #1793, #2724, .T. ) ;
#957 = FACE_OUTER_BOUND ( 'NONE', #1143, .T. ) ;
#958 = EDGE_LOOP ( 'NONE', ( #2618, #1197 ) ) ;
#959 = ORIENTED_EDGE ( 'NONE', *, *, #2290, .T. ) ;
#960 = CARTESIAN_POINT ( 'NONE',  ( 100.0000000000000000, -34.00000000000000000, -55.64999999999999858 ) ) ;
#961 = VECTOR ( 'NONE', #2951, 1000.000000000000000 ) ;
#962 = DIRECTION ( 'NONE',  ( -0.000000000000000000, 1.000000000000000000, -0.000000000000000000 ) ) ;
#963 = AXIS2_PLACEMENT_3D ( 'NONE', #162, #2820, #387 ) ;
#964 = ORIENTED_EDGE ( 'NONE', *, *, #495, .F. ) ;
#965 = PLANE ( 'NONE',  #736 ) ;
#966 = CARTESIAN_POINT ( 'NONE',  ( 107.0000000000000000, -37.00000000000000000, 64.50000000000000000 ) ) ;
#967 = AXIS2_PLACEMENT_3D ( 'NONE', #283, #1668, #2641 ) ;
#968 = VERTEX_POINT ( 'NONE', #65 ) ;
#969 = EDGE_LOOP ( 'NONE', ( #1687, #2469, #554, #879 ) ) ;
#970 = VECTOR ( 'NONE', #1321, 1000.000000000000000 ) ;
#971 = DIRECTION ( 'NONE',  ( 0.000000000000000000, 0.000000000000000000, -1.000000000000000000 ) ) ;
#972 = DIRECTION ( 'NONE',  ( 0.000000000000000000, 0.000000000000000000, -1.000000000000000000 ) ) ;
#973 = EDGE_CURVE ( 'NONE', #1841, #477, #1336, .T. ) ;
#974 = LINE ( 'NONE', #2693, #2581 ) ;
#975 = CARTESIAN_POINT ( 'NONE',  ( -100.0000000000000000, -34.00000000000000000, 57.00000000000000000 ) ) ;
#976 = ORIENTED_EDGE ( 'NONE', *, *, #25, .T. ) ;
#977 = CARTESIAN_POINT ( 'NONE',  ( 77.00000000000000000, -37.00000000000000000, 67.50000000000000000 ) ) ;
#978 = LINE ( 'NONE', #2425, #657 ) ;
#979 = ADVANCED_FACE ( 'NONE', ( #2788 ), #321, .T. ) ;
#980 = ORIENTED_EDGE ( 'NONE', *, *, #508, .T. ) ;
#981 = CARTESIAN_POINT ( 'NONE',  ( -100.0000000000000000, -30.00000000000000000, 55.64999999999999858 ) ) ;
#982 = LINE ( 'NONE', #1649, #561 ) ;
#983 = DIRECTION ( 'NONE',  ( 0.000000000000000000, 1.000000000000000000, 0.000000000000000000 ) ) ;
#984 = AXIS2_PLACEMENT_3D ( 'NONE', #2128, #2692, #2435 ) ;
#985 = ORIENTED_EDGE ( 'NONE', *, *, #259, .T. ) ;
#986 = VECTOR ( 'NONE', #1972, 1000.000000000000000 ) ;
#987 = DIRECTION ( 'NONE',  ( 0.000000000000000000, 0.000000000000000000, 1.000000000000000000 ) ) ;
#988 = DIRECTION ( 'NONE',  ( 0.000000000000000000, 1.000000000000000000, 0.000000000000000000 ) ) ;
#989 = VECTOR ( 'NONE', #712, 1000.000000000000000 ) ;
#990 = VECTOR ( 'NONE', #2950, 1000.000000000000000 ) ;
#991 = PLANE ( 'NONE',  #1711 ) ;
#992 = DIRECTION ( 'NONE',  ( 0.000000000000000000, -1.000000000000000000, 0.000000000000000000 ) ) ;
#993 = ADVANCED_FACE ( 'NONE', ( #596 ), #2308, .T. ) ;
#994 = ORIENTED_EDGE ( 'NONE', *, *, #215, .T. ) ;
#995 = DIRECTION ( 'NONE',  ( -0.000000000000000000, -0.000000000000000000, 1.000000000000000000 ) ) ;
#996 = PLANE ( 'NONE',  #1788 ) ;
#997 = EDGE_CURVE ( 'NONE', #1841, #567, #1592, .T. ) ;
#998 = ORIENTED_EDGE ( 'NONE', *, *, #2500, .T. ) ;
#999 = CARTESIAN_POINT ( 'NONE',  ( 1.000000000000000000, -4.000000000000000000, 43.29999999999999716 ) ) ;
#1000 = DIRECTION ( 'NONE',  ( 0.000000000000000000, 1.000000000000000000, 0.000000000000000000 ) ) ;
#1001 = CARTESIAN_POINT ( 'NONE',  ( -100.0000000000000000, -30.00000000000000000, -57.00000000000000000 ) ) ;
#1002 = EDGE_CURVE ( 'NONE', #1399, #1665, #1059, .T. ) ;
#1003 = ORIENTED_EDGE ( 'NONE', *, *, #2092, .T. ) ;
#1004 = CARTESIAN_POINT ( 'NONE',  ( -100.0000000000000000, -2.999999999999999112, -52.00000000000000000 ) ) ;
#1005 = DIRECTION ( 'NONE',  ( 0.000000000000000000, 0.000000000000000000, 1.000000000000000000 ) ) ;
#1006 = DIRECTION ( 'NONE',  ( 0.000000000000000000, 1.000000000000000000, 0.000000000000000000 ) ) ;
#1007 = DIRECTION ( 'NONE',  ( 1.000000000000000000, 0.000000000000000000, -0.000000000000000000 ) ) ;
#1008 = EDGE_LOOP ( 'NONE', ( #844, #2852, #2689, #3040 ) ) ;
#1009 = DIRECTION ( 'NONE',  ( 0.000000000000000000, 1.000000000000000000, 0.000000000000000000 ) ) ;
#1010 = CARTESIAN_POINT ( 'NONE',  ( -100.0000000000000000, -30.00000000000000000, -57.00000000000000000 ) ) ;
#1011 = EDGE_LOOP ( 'NONE', ( #2463, #2543, #1148, #330 ) ) ;
#1012 = EDGE_CURVE ( 'NONE', #477, #382, #2771, .T. ) ;
#1013 = LINE ( 'NONE', #1981, #2529 ) ;
#1014 = DIRECTION ( 'NONE',  ( 0.000000000000000000, 1.000000000000000000, 0.000000000000000000 ) ) ;
#1015 = DIRECTION ( 'NONE',  ( 1.000000000000000000, 0.000000000000000000, 0.000000000000000000 ) ) ;
#1016 = ORIENTED_EDGE ( 'NONE', *, *, #386, .F. ) ;
#1017 = ADVANCED_FACE ( 'NONE', ( #625 ), #937, .F. ) ;
#1018 = LINE ( 'NONE', #1764, #780 ) ;
#1019 = CARTESIAN_POINT ( 'NONE',  ( 18.00000000000000355, -37.00000000000000000, 64.50000000000000000 ) ) ;
#1020 = CIRCLE ( 'NONE', #101, 1.600000000000004086 ) ;
#1021 = EDGE_CURVE ( 'NONE', #2303, #2119, #223, .T. ) ;
#1022 = DIRECTION ( 'NONE',  ( 0.000000000000000000, 1.000000000000000000, 0.000000000000000000 ) ) ;
#1023 = DATE_AND_TIME ( #830, #1889 ) ;
#1024 = FACE_OUTER_BOUND ( 'NONE', #1562, .T. ) ;
#1025 = DIRECTION ( 'NONE',  ( 0.000000000000000000, 1.000000000000000000, 0.000000000000000000 ) ) ;
#1026 = ORIENTED_EDGE ( 'NONE', *, *, #1791, .T. ) ;
#1027 = EDGE_LOOP ( 'NONE', ( #1809, #2539, #2572, #2533 ) ) ;
#1028 = EDGE_CURVE ( 'NONE', #2540, #968, #2112, .T. ) ;
#1029 = CARTESIAN_POINT ( 'NONE',  ( -100.0000000000000000, -30.00000000000000000, -52.00000000000000000 ) ) ;
#1030 = DIRECTION ( 'NONE',  ( 0.000000000000000000, 0.000000000000000000, -1.000000000000000000 ) ) ;
#1031 = CARTESIAN_POINT ( 'NONE',  ( -48.00000000000000000, -7.000000000000000000, -16.40000000000000213 ) ) ;
#1032 = ADVANCED_FACE ( 'NONE', ( #1680 ), #2819, .F. ) ;
#1033 = EDGE_LOOP ( 'NONE', ( #826, #1307 ) ) ;
#1034 = EDGE_CURVE ( 'NONE', #332, #1308, #733, .T. ) ;
#1035 = LINE ( 'NONE', #44, #169 ) ;
#1036 = AXIS2_PLACEMENT_3D ( 'NONE', #1305, #1830, #96 ) ;
#1037 = CARTESIAN_POINT ( 'NONE',  ( -93.55677643628301610, -7.000000000000000000, -64.50000000000000000 ) ) ;
#1038 = VECTOR ( 'NONE', #2909, 1000.000000000000000 ) ;
#1039 = CARTESIAN_POINT ( 'NONE',  ( 28.00000000000000000, -3.000000000000000000, -34.00000000000000000 ) ) ;
#1040 = AXIS2_PLACEMENT_3D ( 'NONE', #2299, #2575, #2313 ) ;
#1041 = VECTOR ( 'NONE', #55, 1000.000000000000000 ) ;
#1042 = EDGE_CURVE ( 'NONE', #1109, #2249, #1553, .T. ) ;
#1043 = LINE ( 'NONE', #2537, #1502 ) ;
#1044 = FACE_OUTER_BOUND ( 'NONE', #2136, .T. ) ;
#1045 = ORIENTED_EDGE ( 'NONE', *, *, #2096, .T. ) ;
#1046 = ORIENTED_EDGE ( 'NONE', *, *, #1276, .F. ) ;
#1047 = VECTOR ( 'NONE', #2429, 1000.000000000000000 ) ;
#1048 = CARTESIAN_POINT ( 'NONE',  ( -34.00000000000000000, -3.000000000000000000, -4.299999999999999822 ) ) ;
#1049 = PLANE ( 'NONE',  #1842 ) ;
#1050 = DIRECTION ( 'NONE',  ( -0.000000000000000000, 1.000000000000000000, -0.000000000000000000 ) ) ;
#1051 = VERTEX_POINT ( 'NONE', #2159 ) ;
#1052 = EDGE_CURVE ( 'NONE', #2165, #234, #862, .T. ) ;
#1053 = DIRECTION ( 'NONE',  ( 0.000000000000000000, -1.000000000000000000, 0.000000000000000000 ) ) ;
#1054 = CARTESIAN_POINT ( 'NONE',  ( -12.00000000000000000, -37.00000000000000000, 67.50000000000000000 ) ) ;
#1055 = ADVANCED_FACE ( 'NONE', ( #462 ), #1106, .T. ) ;
#1056 = DIRECTION ( 'NONE',  ( 1.000000000000000000, 0.000000000000000000, 0.000000000000000000 ) ) ;
#1057 = MECHANICAL_CONTEXT ( 'NONE', #855, 'mechanical' ) ;
#1058 = EDGE_CURVE ( 'NONE', #437, #744, #2414, .T. ) ;
#1059 = LINE ( 'NONE', #2036, #877 ) ;
#1060 = CARTESIAN_POINT ( 'NONE',  ( -78.00000000000000000, -37.00000000000000000, 64.50000000000000000 ) ) ;
#1061 = ORIENTED_EDGE ( 'NONE', *, *, #652, .T. ) ;
#1062 = VERTEX_POINT ( 'NONE', #3057 ) ;
#1063 = CARTESIAN_POINT ( 'NONE',  ( -93.00000000000000000, -7.000000000000000000, -18.00000000000000000 ) ) ;
#1064 = CARTESIAN_POINT ( 'NONE',  ( 100.0000000000000000, -30.00000000000000000, -62.00000000000000711 ) ) ;
#1065 = ORIENTED_EDGE ( 'NONE', *, *, #2272, .T. ) ;
#1066 = DIRECTION ( 'NONE',  ( -1.000000000000000000, 0.000000000000000000, 0.000000000000000000 ) ) ;
#1067 = ORIENTED_EDGE ( 'NONE', *, *, #2290, .F. ) ;
#1068 = AXIS2_PLACEMENT_3D ( 'NONE', #1706, #709, #24 ) ;
#1069 = EDGE_LOOP ( 'NONE', ( #2888, #714 ) ) ;
#1070 = DIRECTION ( 'NONE',  ( -0.000000000000000000, -0.000000000000000000, 1.000000000000000000 ) ) ;
#1071 = FACE_OUTER_BOUND ( 'NONE', #74, .T. ) ;
#1072 = SHAPE_DEFINITION_REPRESENTATION ( #2061, #1696 ) ;
#1073 = AXIS2_PLACEMENT_3D ( 'NONE', #2792, #568, #792 ) ;
#1074 = ADVANCED_FACE ( 'NONE', ( #3132 ), #239, .T. ) ;
#1075 = CIRCLE ( 'NONE', #1435, 1.600000000000004086 ) ;
#1076 = LINE ( 'NONE', #1542, #1756 ) ;
#1077 = CARTESIAN_POINT ( 'NONE',  ( 110.0000000000000000, -37.00000000000000000, -67.50000000000000000 ) ) ;
#1078 = VERTEX_POINT ( 'NONE', #1699 ) ;
#1079 = EDGE_CURVE ( 'NONE', #1544, #1546, #3148, .T. ) ;
#1080 = VERTEX_POINT ( 'NONE', #1905 ) ;
#1081 = DIRECTION ( 'NONE',  ( 0.000000000000000000, 0.000000000000000000, 1.000000000000000000 ) ) ;
#1082 = FACE_BOUND ( 'NONE', #313, .T. ) ;
#1083 = ORIENTED_EDGE ( 'NONE', *, *, #395, .F. ) ;
#1084 = DIRECTION ( 'NONE',  ( 0.000000000000000000, 0.000000000000000000, 1.000000000000000000 ) ) ;
#1085 = EDGE_LOOP ( 'NONE', ( #2866, #850, #1899, #1083 ) ) ;
#1086 = CARTESIAN_POINT ( 'NONE',  ( -80.00000000000000000, 0.000000000000000000, -4.299999999999999822 ) ) ;
#1087 = CARTESIAN_POINT ( 'NONE',  ( -48.00000000000000000, -7.000000000000000000, -63.00000000000000000 ) ) ;
#1088 = PERSON_AND_ORGANIZATION_ROLE ( 'design_owner' ) ;
#1089 = AXIS2_PLACEMENT_3D ( 'NONE', #2448, #2751, #2720 ) ;
#1090 = AXIS2_PLACEMENT_3D ( 'NONE', #717, #971, #1351 ) ;
#1091 = LINE ( 'NONE', #3025, #2624 ) ;
#1092 = EDGE_CURVE ( 'NONE', #567, #2561, #2877, .T. ) ;
#1093 = LINE ( 'NONE', #339, #970 ) ;
#1094 = AXIS2_PLACEMENT_3D ( 'NONE', #892, #2350, #846 ) ;
#1095 = AXIS2_PLACEMENT_3D ( 'NONE', #2928, #3136, #720 ) ;
#1096 = EDGE_LOOP ( 'NONE', ( #85, #1627 ) ) ;
#1097 = ORIENTED_EDGE ( 'NONE', *, *, #1782, .T. ) ;
#1098 = DIRECTION ( 'NONE',  ( 0.000000000000000000, 1.000000000000000000, 0.000000000000000000 ) ) ;
#1099 = CARTESIAN_POINT ( 'NONE',  ( 77.00000000000000000, -37.00000000000000000, 67.50000000000000000 ) ) ;
#1100 = ORIENTED_EDGE ( 'NONE', *, *, #1314, .F. ) ;
#1101 = ADVANCED_FACE ( 'NONE', ( #952 ), #686, .T. ) ;
#1102 = CARTESIAN_POINT ( 'NONE',  ( -80.00000000000000000, -4.000000000000000000, -4.299999999999999822 ) ) ;
#1103 = ORIENTED_EDGE ( 'NONE', *, *, #1566, .F. ) ;
#1104 = CARTESIAN_POINT ( 'NONE',  ( 0.000000000000000000, -7.000000000000000000, 30.00000000000000000 ) ) ;
#1105 = CARTESIAN_POINT ( 'NONE',  ( -11.00000000000000000, -3.000000000000000000, 43.29999999999999716 ) ) ;
#1106 = PLANE ( 'NONE',  #2163 ) ;
#1107 = PLANE ( 'NONE',  #454 ) ;
#1108 = VERTEX_POINT ( 'NONE', #2396 ) ;
#1109 = VERTEX_POINT ( 'NONE', #2673 ) ;
#1110 = LINE ( 'NONE', #1914, #557 ) ;
#1111 = CARTESIAN_POINT ( 'NONE',  ( 69.00000000000000000, 0.000000000000000000, -26.30000000000000071 ) ) ;
#1112 = ADVANCED_FACE ( 'NONE', ( #479, #1954, #2925, #1459, #2325, #130, #2086, #1263, #1985, #808, #2945 ), #2496, .F. ) ;
#1113 = ORIENTED_EDGE ( 'NONE', *, *, #1369, .T. ) ;
#1114 = CARTESIAN_POINT ( 'NONE',  ( 42.00000000000000000, -4.000000000000000000, 43.29999999999999716 ) ) ;
#1115 = VERTEX_POINT ( 'NONE', #1232 ) ;
#1116 = ADVANCED_FACE ( 'NONE', ( #1473 ), #2991, .T. ) ;
#1117 = ORIENTED_EDGE ( 'NONE', *, *, #1510, .F. ) ;
#1118 = CARTESIAN_POINT ( 'NONE',  ( 30.00000000000000000, -3.000000000000000000, 46.70000000000000284 ) ) ;
#1119 = CYLINDRICAL_SURFACE ( 'NONE', #785, 1.599999999999997202 ) ;
#1120 = AXIS2_PLACEMENT_3D ( 'NONE', #3074, #2614, #416 ) ;
#1121 = AXIS2_PLACEMENT_3D ( 'NONE', #1104, #2583, #1877 ) ;
#1122 = DIRECTION ( 'NONE',  ( 0.000000000000000000, 1.000000000000000000, 0.000000000000000000 ) ) ;
#1123 = EDGE_LOOP ( 'NONE', ( #570, #1357, #356, #211 ) ) ;
#1124 = ORIENTED_EDGE ( 'NONE', *, *, #1642, .T. ) ;
#1125 = CARTESIAN_POINT ( 'NONE',  ( -110.0000000000000000, -3.000000000000000000, 67.50000000000000000 ) ) ;
#1126 = DIRECTION ( 'NONE',  ( 0.000000000000000000, -1.000000000000000000, 0.000000000000000000 ) ) ;
#1127 = EDGE_LOOP ( 'NONE', ( #1467, #2296, #2937, #2944, #1316, #1440, #1917, #3154, #2861, #2206, #2622, #867 ) ) ;
#1128 = CARTESIAN_POINT ( 'NONE',  ( -12.00000000000000000, -37.00000000000000000, 67.50000000000000000 ) ) ;
#1129 = EDGE_CURVE ( 'NONE', #3003, #1932, #1018, .T. ) ;
#1130 = PLANE ( 'NONE',  #1864 ) ;
#1131 = EDGE_LOOP ( 'NONE', ( #645, #292, #739, #2520 ) ) ;
#1132 = CARTESIAN_POINT ( 'NONE',  ( 77.00000000000000000, -3.000000000000000000, -0.000000000000000000 ) ) ;
#1133 = DIRECTION ( 'NONE',  ( 0.000000000000000000, 0.000000000000000000, 1.000000000000000000 ) ) ;
#1134 = EDGE_CURVE ( 'NONE', #389, #127, #1035, .T. ) ;
#1135 = VECTOR ( 'NONE', #1151, 1000.000000000000000 ) ;
#1136 = DIRECTION ( 'NONE',  ( 0.000000000000000000, 0.000000000000000000, 1.000000000000000000 ) ) ;
#1137 = EDGE_LOOP ( 'NONE', ( #499, #2759 ) ) ;
#1138 = VECTOR ( 'NONE', #2844, 1000.000000000000000 ) ;
#1139 = ORIENTED_EDGE ( 'NONE', *, *, #1508, .T. ) ;
#1140 = DIRECTION ( 'NONE',  ( 1.000000000000000000, 0.000000000000000000, 0.000000000000000000 ) ) ;
#1141 = AXIS2_PLACEMENT_3D ( 'NONE', #2318, #2593, #1376 ) ;
#1142 = VECTOR ( 'NONE', #71, 1000.000000000000000 ) ;
#1143 = EDGE_LOOP ( 'NONE', ( #870, #1998, #2761, #2615 ) ) ;
#1144 = LINE ( 'NONE', #1933, #428 ) ;
#1145 = DIRECTION ( 'NONE',  ( 0.000000000000000000, 0.000000000000000000, 1.000000000000000000 ) ) ;
#1146 = VECTOR ( 'NONE', #1584, 1000.000000000000000 ) ;
#1147 = VERTEX_POINT ( 'NONE', #2015 ) ;
#1148 = ORIENTED_EDGE ( 'NONE', *, *, #61, .T. ) ;
#1149 = VECTOR ( 'NONE', #150, 1000.000000000000000 ) ;
#1150 = CARTESIAN_POINT ( 'NONE',  ( -68.00000000000000000, -3.000000000000000000, -7.700000000000000178 ) ) ;
#1151 = DIRECTION ( 'NONE',  ( 0.000000000000000000, 1.000000000000000000, 0.000000000000000000 ) ) ;
#1152 = ADVANCED_FACE ( 'NONE', ( #1732 ), #496, .T. ) ;
#1153 = CYLINDRICAL_SURFACE ( 'NONE', #1429, 1.600000000000000755 ) ;
#1154 = EDGE_CURVE ( 'NONE', #1697, #2766, #2974, .T. ) ;
#1155 = ORIENTED_EDGE ( 'NONE', *, *, #2489, .F. ) ;
#1156 = ORIENTED_EDGE ( 'NONE', *, *, #42, .F. ) ;
#1157 = DIRECTION ( 'NONE',  ( 0.000000000000000000, -1.000000000000000000, 0.000000000000000000 ) ) ;
#1158 = CIRCLE ( 'NONE', #1575, 1.350000000000004086 ) ;
#1159 = VERTEX_POINT ( 'NONE', #2228 ) ;
#1160 = DIRECTION ( 'NONE',  ( -0.000000000000000000, 1.000000000000000000, -0.000000000000000000 ) ) ;
#1161 = LINE ( 'NONE', #2138, #885 ) ;
#1162 = VERTEX_POINT ( 'NONE', #59 ) ;
#1163 = ORIENTED_EDGE ( 'NONE', *, *, #2683, .T. ) ;
#1164 = CARTESIAN_POINT ( 'NONE',  ( -11.00000000000000000, -4.000000000000000000, 43.29999999999999716 ) ) ;
#1165 = FACE_OUTER_BOUND ( 'NONE', #762, .T. ) ;
#1166 = DIRECTION ( 'NONE',  ( 0.000000000000000000, -0.000000000000000000, 1.000000000000000000 ) ) ;
#1167 = CARTESIAN_POINT ( 'NONE',  ( -34.00000000000000000, -4.000000000000000000, -4.299999999999999822 ) ) ;
#1168 = CARTESIAN_POINT ( 'NONE',  ( -48.55677643628300189, -7.000000000000000000, -64.50000000000000000 ) ) ;
#1169 = EDGE_CURVE ( 'NONE', #2329, #1949, #1296, .T. ) ;
#1170 = SECURITY_CLASSIFICATION ( '', '', #2753 ) ;
#1171 = EDGE_CURVE ( 'NONE', #334, #419, #299, .T. ) ;
#1172 = ORIENTED_EDGE ( 'NONE', *, *, #823, .F. ) ;
#1173 = EDGE_CURVE ( 'NONE', #278, #3028, #2242, .T. ) ;
#1174 = ORIENTED_EDGE ( 'NONE', *, *, #2639, .F. ) ;
#1175 = DIRECTION ( 'NONE',  ( 0.000000000000000000, 1.000000000000000000, 0.000000000000000000 ) ) ;
#1176 = VERTEX_POINT ( 'NONE', #1489 ) ;
#1177 = PLANE ( 'NONE',  #1507 ) ;
#1178 = DIRECTION ( 'NONE',  ( -1.000000000000000000, -0.000000000000000000, -0.000000000000000000 ) ) ;
#1179 = CC_DESIGN_DATE_AND_TIME_ASSIGNMENT ( #576, #1541, ( #1785 ) ) ;
#1180 = VERTEX_POINT ( 'NONE', #541 ) ;
#1181 = ORIENTED_EDGE ( 'NONE', *, *, #704, .F. ) ;
#1182 = CARTESIAN_POINT ( 'NONE',  ( -100.0000000000000000, -30.00000000000000000, 57.00000000000000000 ) ) ;
#1183 = DIRECTION ( 'NONE',  ( 0.000000000000000000, 1.000000000000000000, 0.000000000000000000 ) ) ;
#1184 = DIRECTION ( 'NONE',  ( -1.000000000000000000, 0.000000000000000000, -0.000000000000000000 ) ) ;
#1185 = ORIENTED_EDGE ( 'NONE', *, *, #1964, .F. ) ;
#1186 = CIRCLE ( 'NONE', #2516, 1.350000000000004086 ) ;
#1187 = EDGE_CURVE ( 'NONE', #243, #2766, #1747, .T. ) ;
#1188 = ORIENTED_EDGE ( 'NONE', *, *, #1838, .T. ) ;
#1189 = VECTOR ( 'NONE', #2032, 1000.000000000000000 ) ;
#1190 = DIRECTION ( 'NONE',  ( 0.000000000000000000, 1.000000000000000000, 0.000000000000000000 ) ) ;
#1191 = AXIS2_PLACEMENT_3D ( 'NONE', #2094, #2063, #1327 ) ;
#1192 = ORIENTED_EDGE ( 'NONE', *, *, #3150, .F. ) ;
#1193 = DIRECTION ( 'NONE',  ( 1.000000000000000000, 0.000000000000000000, -0.000000000000000000 ) ) ;
#1194 = CIRCLE ( 'NONE', #124, 1.600000000000004086 ) ;
#1195 = CARTESIAN_POINT ( 'NONE',  ( -110.0000000000000000, -37.00000000000000000, 64.50000000000000000 ) ) ;
#1196 = AXIS2_PLACEMENT_3D ( 'NONE', #2801, #1381, #2817 ) ;
#1197 = ORIENTED_EDGE ( 'NONE', *, *, #707, .F. ) ;
#1198 = ORIENTED_EDGE ( 'NONE', *, *, #2369, .T. ) ;
#1199 = EDGE_CURVE ( 'NONE', #468, #332, #2750, .T. ) ;
#1200 = DIRECTION ( 'NONE',  ( 0.000000000000000000, 1.000000000000000000, 0.000000000000000000 ) ) ;
#1201 = LINE ( 'NONE', #240, #2007 ) ;
#1202 = FACE_OUTER_BOUND ( 'NONE', #518, .T. ) ;
#1203 = PLANE ( 'NONE',  #2558 ) ;
#1204 = EDGE_LOOP ( 'NONE', ( #472, #2983, #2899, #358 ) ) ;
#1205 = VERTEX_POINT ( 'NONE', #795 ) ;
#1206 = LINE ( 'NONE', #1220, #1659 ) ;
#1207 = CARTESIAN_POINT ( 'NONE',  ( -93.00000000000000000, -7.000000000000000000, -16.39999999999999503 ) ) ;
#1208 = VERTEX_POINT ( 'NONE', #1779 ) ;
#1209 = DIRECTION ( 'NONE',  ( -1.000000000000000000, 0.000000000000000000, 0.000000000000000000 ) ) ;
#1210 = CARTESIAN_POINT ( 'NONE',  ( 0.000000000000000000, -7.000000000000000000, -10.40000000000000036 ) ) ;
#1211 = EDGE_CURVE ( 'NONE', #2082, #2599, #2512, .T. ) ;
#1212 = ORIENTED_EDGE ( 'NONE', *, *, #259, .F. ) ;
#1213 = EDGE_LOOP ( 'NONE', ( #2608, #3086, #2671, #2580 ) ) ;
#1214 = CARTESIAN_POINT ( 'NONE',  ( 92.00000000000001421, -37.00000000000000000, 64.50000000000000000 ) ) ;
#1215 = LINE ( 'NONE', #2627, #2826 ) ;
#1216 = DIRECTION ( 'NONE',  ( 1.000000000000000000, 0.000000000000000000, 0.000000000000000000 ) ) ;
#1217 = CARTESIAN_POINT ( 'NONE',  ( 0.000000000000000000, -3.000000000000000000, -29.69999999999999929 ) ) ;
#1218 = EDGE_CURVE ( 'NONE', #1062, #1600, #1536, .T. ) ;
#1219 = VERTEX_POINT ( 'NONE', #1004 ) ;
#1220 = CARTESIAN_POINT ( 'NONE',  ( -48.00000000000000000, -7.000000000000000000, -61.40000000000000568 ) ) ;
#1221 = CIRCLE ( 'NONE', #2256, 1.599999999999997202 ) ;
#1222 = DIRECTION ( 'NONE',  ( -0.000000000000000000, -1.000000000000000000, -0.000000000000000000 ) ) ;
#1223 = CC_DESIGN_APPROVAL ( #2823, ( #1785 ) ) ;
#1224 = VERTEX_POINT ( 'NONE', #254 ) ;
#1225 = DIRECTION ( 'NONE',  ( -1.000000000000000000, 0.000000000000000000, 0.000000000000000000 ) ) ;
#1226 = DIRECTION ( 'NONE',  ( -0.000000000000000000, 0.000000000000000000, 1.000000000000000000 ) ) ;
#1227 = CARTESIAN_POINT ( 'NONE',  ( 28.00000000000000000, -4.000000000000000000, -49.00000000000000000 ) ) ;
#1228 = AXIS2_PLACEMENT_3D ( 'NONE', #3041, #1890, #845 ) ;
#1229 = ORIENTED_EDGE ( 'NONE', *, *, #1863, .F. ) ;
#1230 = AXIS2_PLACEMENT_3D ( 'NONE', #534, #471, #7 ) ;
#1231 = EDGE_CURVE ( 'NONE', #2454, #1624, #2779, .T. ) ;
#1232 = CARTESIAN_POINT ( 'NONE',  ( 100.0000000000000000, -2.999999999999999112, 52.00000000000000000 ) ) ;
#1233 = CYLINDRICAL_SURFACE ( 'NONE', #1909, 1.600000000000004086 ) ;
#1234 = DIRECTION ( 'NONE',  ( 0.000000000000000000, 1.000000000000000000, 0.000000000000000000 ) ) ;
#1235 = DIRECTION ( 'NONE',  ( -0.000000000000000000, 1.000000000000000000, -0.000000000000000000 ) ) ;
#1236 = EDGE_CURVE ( 'NONE', #1672, #2634, #524, .T. ) ;
#1237 = ORIENTED_EDGE ( 'NONE', *, *, #1154, .T. ) ;
#1238 = EDGE_CURVE ( 'NONE', #1544, #307, #3081, .T. ) ;
#1239 = PLANE ( 'NONE',  #2932 ) ;
#1240 = DIRECTION ( 'NONE',  ( -1.000000000000000000, 0.000000000000000000, -0.000000000000000000 ) ) ;
#1241 = VERTEX_POINT ( 'NONE', #1375 ) ;
#1242 = CARTESIAN_POINT ( 'NONE',  ( 100.0000000000000000, -30.00000000000000000, 57.00000000000000000 ) ) ;
#1243 = DIRECTION ( 'NONE',  ( 0.000000000000000000, -0.000000000000000000, 1.000000000000000000 ) ) ;
#1244 = LINE ( 'NONE', #1227, #1403 ) ;
#1245 = AXIS2_PLACEMENT_3D ( 'NONE', #525, #2277, #1780 ) ;
#1246 = ORIENTED_EDGE ( 'NONE', *, *, #1458, .F. ) ;
#1247 = VECTOR ( 'NONE', #2447, 1000.000000000000000 ) ;
#1248 = DIRECTION ( 'NONE',  ( 0.000000000000000000, -0.000000000000000000, -1.000000000000000000 ) ) ;
#1249 = DIRECTION ( 'NONE',  ( 0.000000000000000000, 1.000000000000000000, 0.000000000000000000 ) ) ;
#1250 = CIRCLE ( 'NONE', #1141, 1.600000000000004086 ) ;
#1251 = VECTOR ( 'NONE', #711, 1000.000000000000000 ) ;
#1252 = LINE ( 'NONE', #2786, #1471 ) ;
#1253 = EDGE_CURVE ( 'NONE', #307, #2874, #2288, .T. ) ;
#1254 = VERTEX_POINT ( 'NONE', #331 ) ;
#1255 = DIRECTION ( 'NONE',  ( 0.000000000000000000, 0.000000000000000000, 1.000000000000000000 ) ) ;
#1256 = DIRECTION ( 'NONE',  ( -1.000000000000000000, -0.000000000000000000, -0.000000000000000000 ) ) ;
#1257 = EDGE_CURVE ( 'NONE', #2650, #1932, #376, .T. ) ;
#1258 = EDGE_LOOP ( 'NONE', ( #802, #34 ) ) ;
#1259 = LINE ( 'NONE', #2492, #634 ) ;
#1260 = CARTESIAN_POINT ( 'NONE',  ( 100.0000000000000000, -2.999999999999999112, -52.00000000000000000 ) ) ;
#1261 = FACE_OUTER_BOUND ( 'NONE', #2713, .T. ) ;
#1262 = ORIENTED_EDGE ( 'NONE', *, *, #2978, .T. ) ;
#1263 = FACE_BOUND ( 'NONE', #646, .T. ) ;
#1264 = CARTESIAN_POINT ( 'NONE',  ( 30.00000000000000000, 0.000000000000000000, 46.70000000000000284 ) ) ;
#1265 = DIRECTION ( 'NONE',  ( 1.000000000000000000, 0.000000000000000000, 0.000000000000000000 ) ) ;
#1266 = APPROVAL_STATUS ( 'not_yet_approved' ) ;
#1267 = DIRECTION ( 'NONE',  ( 0.000000000000000000, 0.000000000000000000, -1.000000000000000000 ) ) ;
#1268 = EDGE_CURVE ( 'NONE', #265, #1666, #3066, .T. ) ;
#1269 = DIRECTION ( 'NONE',  ( 0.000000000000000000, 0.000000000000000000, 1.000000000000000000 ) ) ;
#1270 = ADVANCED_FACE ( 'NONE', ( #89 ), #619, .T. ) ;
#1271 = ORIENTED_EDGE ( 'NONE', *, *, #348, .F. ) ;
#1272 = ORIENTED_EDGE ( 'NONE', *, *, #2033, .F. ) ;
#1273 = CARTESIAN_POINT ( 'NONE',  ( 77.00000000000000000, -37.00000000000000000, 64.50000000000000000 ) ) ;
#1274 = LINE ( 'NONE', #248, #458 ) ;
#1275 = CARTESIAN_POINT ( 'NONE',  ( 95.00000000000000000, -4.000000000000000000, -34.00000000000000000 ) ) ;
#1276 = EDGE_CURVE ( 'NONE', #2394, #3163, #381, .T. ) ;
#1277 = CIRCLE ( 'NONE', #1120, 5.000000000000004441 ) ;
#1278 = ORIENTED_EDGE ( 'NONE', *, *, #1314, .T. ) ;
#1279 = EDGE_CURVE ( 'NONE', #2156, #1147, #275, .T. ) ;
#1280 = DIRECTION ( 'NONE',  ( 0.000000000000000000, 0.000000000000000000, 1.000000000000000000 ) ) ;
#1281 = VECTOR ( 'NONE', #921, 1000.000000000000000 ) ;
#1282 = CARTESIAN_POINT ( 'NONE',  ( 100.0000000000000000, 0.000000000000000000, -58.35000000000000853 ) ) ;
#1283 = VECTOR ( 'NONE', #3108, 1000.000000000000000 ) ;
#1284 = CARTESIAN_POINT ( 'NONE',  ( 1.000000000000000000, -3.000000000000000000, 43.29999999999999716 ) ) ;
#1285 = APPROVAL_STATUS ( 'not_yet_approved' ) ;
#1286 = CARTESIAN_POINT ( 'NONE',  ( -107.0000000000000000, -37.00000000000000000, 67.50000000000000000 ) ) ;
#1287 = DIRECTION ( 'NONE',  ( 0.000000000000000000, 1.000000000000000000, 0.000000000000000000 ) ) ;
#1288 = EDGE_CURVE ( 'NONE', #1115, #1549, #372, .T. ) ;
#1289 = ORIENTED_EDGE ( 'NONE', *, *, #997, .T. ) ;
#1290 = ORIENTED_EDGE ( 'NONE', *, *, #756, .T. ) ;
#1291 = CARTESIAN_POINT ( 'NONE',  ( 100.0000000000000000, -2.999999999999999112, 62.00000000000000711 ) ) ;
#1292 = DIRECTION ( 'NONE',  ( 0.000000000000000000, 0.000000000000000000, 1.000000000000000000 ) ) ;
#1293 = LINE ( 'NONE', #1275, #890 ) ;
#1294 = ADVANCED_FACE ( 'NONE', ( #1599 ), #2811, .F. ) ;
#1295 = EDGE_LOOP ( 'NONE', ( #3107, #1528, #2957, #1698 ) ) ;
#1296 = LINE ( 'NONE', #270, #986 ) ;
#1297 = AXIS2_PLACEMENT_3D ( 'NONE', #2655, #368, #1648 ) ;
#1298 = LINE ( 'NONE', #1973, #1447 ) ;
#1299 = EDGE_CURVE ( 'NONE', #1147, #731, #1583, .T. ) ;
#1300 = VECTOR ( 'NONE', #2137, 1000.000000000000000 ) ;
#1301 = CARTESIAN_POINT ( 'NONE',  ( -100.0000000000000000, 0.000000000000000000, 57.00000000000000000 ) ) ;
#1302 = AXIS2_PLACEMENT_3D ( 'NONE', #284, #793, #29 ) ;
#1303 = CIRCLE ( 'NONE', #1095, 1.600000000000004086 ) ;
#1304 = PERSON_AND_ORGANIZATION ( #393, #404 ) ;
#1305 = CARTESIAN_POINT ( 'NONE',  ( 0.000000000000000000, -4.000000000000000000, 0.000000000000000000 ) ) ;
#1306 = FACE_OUTER_BOUND ( 'NONE', #2354, .T. ) ;
#1307 = ORIENTED_EDGE ( 'NONE', *, *, #3150, .T. ) ;
#1308 = VERTEX_POINT ( 'NONE', #1794 ) ;
#1309 = AXIS2_PLACEMENT_3D ( 'NONE', #2590, #119, #2342 ) ;
#1310 = CYLINDRICAL_SURFACE ( 'NONE', #2710, 1.600000000000004086 ) ;
#1311 = DIRECTION ( 'NONE',  ( 0.000000000000000000, 1.000000000000000000, 0.000000000000000000 ) ) ;
#1312 = ORIENTED_EDGE ( 'NONE', *, *, #2818, .T. ) ;
#1313 = CARTESIAN_POINT ( 'NONE',  ( -0.000000000000000000, -3.000000000000000000, -64.50000000000000000 ) ) ;
#1314 = EDGE_CURVE ( 'NONE', #1051, #2233, #1568, .T. ) ;
#1315 = EDGE_LOOP ( 'NONE', ( #2582, #587, #1774, #3139 ) ) ;
#1316 = ORIENTED_EDGE ( 'NONE', *, *, #2706, .F. ) ;
#1317 = CARTESIAN_POINT ( 'NONE',  ( -100.0000000000000000, -34.00000000000000000, 57.00000000000000000 ) ) ;
#1318 = APPROVAL_DATE_TIME ( #529, #2823 ) ;
#1319 = DIRECTION ( 'NONE',  ( 0.000000000000000000, 0.000000000000000000, 1.000000000000000000 ) ) ;
#1320 = EDGE_CURVE ( 'NONE', #1176, #1219, #1350, .T. ) ;
#1321 = DIRECTION ( 'NONE',  ( -0.000000000000000000, 1.000000000000000000, -0.000000000000000000 ) ) ;
#1322 = EDGE_LOOP ( 'NONE', ( #2328, #2531, #910, #2227 ) ) ;
#1323 = ORIENTED_EDGE ( 'NONE', *, *, #2258, .F. ) ;
#1324 = FACE_OUTER_BOUND ( 'NONE', #100, .T. ) ;
#1325 = DIRECTION ( 'NONE',  ( 0.000000000000000000, 1.000000000000000000, 0.000000000000000000 ) ) ;
#1326 = VERTEX_POINT ( 'NONE', #154 ) ;
#1327 = DIRECTION ( 'NONE',  ( 0.000000000000000000, 0.000000000000000000, -1.000000000000000000 ) ) ;
#1328 = VERTEX_POINT ( 'NONE', #138 ) ;
#1329 = AXIS2_PLACEMENT_3D ( 'NONE', #2182, #992, #2898 ) ;
#1330 = EDGE_CURVE ( 'NONE', #285, #269, #2767, .T. ) ;
#1331 = EDGE_LOOP ( 'NONE', ( #770, #2972, #3030, #881 ) ) ;
#1332 = LINE ( 'NONE', #2847, #814 ) ;
#1333 = DIRECTION ( 'NONE',  ( -0.000000000000000000, 1.000000000000000000, -0.000000000000000000 ) ) ;
#1334 = COORDINATED_UNIVERSAL_TIME_OFFSET ( 8, 0, .AHEAD. ) ;
#1335 = VECTOR ( 'NONE', #600, 1000.000000000000000 ) ;
#1336 = LINE ( 'NONE', #2755, #1602 ) ;
#1337 = PLANE ( 'NONE',  #2196 ) ;
#1338 = EDGE_CURVE ( 'NONE', #1895, #1159, #2783, .T. ) ;
#1339 = ORIENTED_EDGE ( 'NONE', *, *, #611, .T. ) ;
#1340 = ORIENTED_EDGE ( 'NONE', *, *, #2251, .T. ) ;
#1341 = CARTESIAN_POINT ( 'NONE',  ( 96.00000000000000000, -7.000000000000000000, 30.00000000000000000 ) ) ;
#1342 = DIRECTION ( 'NONE',  ( 0.000000000000000000, 0.000000000000000000, -1.000000000000000000 ) ) ;
#1343 = ORIENTED_EDGE ( 'NONE', *, *, #1058, .F. ) ;
#1344 = LINE ( 'NONE', #3125, #1605 ) ;
#1345 = DIRECTION ( 'NONE',  ( 0.000000000000000000, 1.000000000000000000, 0.000000000000000000 ) ) ;
#1346 = VECTOR ( 'NONE', #1249, 1000.000000000000000 ) ;
#1347 = CARTESIAN_POINT ( 'NONE',  ( -22.00000000000000000, -3.000000000000000000, -7.700000000000000178 ) ) ;
#1348 = CYLINDRICAL_SURFACE ( 'NONE', #1506, 5.000000000000004441 ) ;
#1349 = CIRCLE ( 'NONE', #1245, 5.000000000000004441 ) ;
#1350 = CIRCLE ( 'NONE', #2116, 5.000000000000004441 ) ;
#1351 = DIRECTION ( 'NONE',  ( -1.000000000000000000, 0.000000000000000000, -0.000000000000000000 ) ) ;
#1352 = CARTESIAN_POINT ( 'NONE',  ( 0.000000000000000000, -3.000000000000000000, -10.40000000000000036 ) ) ;
#1353 = EDGE_CURVE ( 'NONE', #455, #2177, #2579, .T. ) ;
#1354 = AXIS2_PLACEMENT_3D ( 'NONE', #1871, #1126, #2107 ) ;
#1355 = CIRCLE ( 'NONE', #21, 1.350000000000004086 ) ;
#1356 = ORIENTED_EDGE ( 'NONE', *, *, #1574, .T. ) ;
#1357 = ORIENTED_EDGE ( 'NONE', *, *, #1034, .F. ) ;
#1358 = CARTESIAN_POINT ( 'NONE',  ( 30.00000000000000000, -4.000000000000000000, 46.70000000000000284 ) ) ;
#1359 = DIRECTION ( 'NONE',  ( 0.000000000000000000, 1.000000000000000000, 0.000000000000000000 ) ) ;
#1360 = ADVANCED_FACE ( 'NONE', ( #2544 ), #2592, .T. ) ;
#1361 = ORIENTED_EDGE ( 'NONE', *, *, #1392, .T. ) ;
#1362 = DIRECTION ( 'NONE',  ( 0.000000000000000000, -1.000000000000000000, 0.000000000000000000 ) ) ;
#1363 = ORIENTED_EDGE ( 'NONE', *, *, #953, .T. ) ;
#1364 = ORIENTED_EDGE ( 'NONE', *, *, #425, .T. ) ;
#1365 = LINE ( 'NONE', #109, #205 ) ;
#1366 = CARTESIAN_POINT ( 'NONE',  ( 100.0000000000000000, 0.000000000000000000, -57.00000000000000000 ) ) ;
#1367 = CARTESIAN_POINT ( 'NONE',  ( 96.00000000000000000, -7.000000000000000000, 31.60000000000000142 ) ) ;
#1368 = VERTEX_POINT ( 'NONE', #1128 ) ;
#1369 = EDGE_CURVE ( 'NONE', #1241, #127, #2301, .T. ) ;
#1370 = EDGE_LOOP ( 'NONE', ( #2089, #3162, #858, #402 ) ) ;
#1371 = LINE ( 'NONE', #1883, #2613 ) ;
#1372 = LINE ( 'NONE', #2808, #2688 ) ;
#1373 = EDGE_CURVE ( 'NONE', #649, #1672, #1344, .T. ) ;
#1374 = VERTEX_POINT ( 'NONE', #440 ) ;
#1375 = CARTESIAN_POINT ( 'NONE',  ( 107.0000000000000000, -3.000000000000000000, 64.50000000000000000 ) ) ;
#1376 = DIRECTION ( 'NONE',  ( 0.000000000000000000, 0.000000000000000000, 1.000000000000000000 ) ) ;
#1377 = ORIENTED_EDGE ( 'NONE', *, *, #1587, .T. ) ;
#1378 = EDGE_CURVE ( 'NONE', #452, #1578, #235, .T. ) ;
#1379 = AXIS2_PLACEMENT_3D ( 'NONE', #2617, #2854, #198 ) ;
#1380 = DIRECTION ( 'NONE',  ( -0.000000000000000000, 1.000000000000000000, -0.000000000000000000 ) ) ;
#1381 = DIRECTION ( 'NONE',  ( 1.000000000000000000, -0.000000000000000000, 0.000000000000000000 ) ) ;
#1382 = AXIS2_PLACEMENT_3D ( 'NONE', #2865, #1653, #2570 ) ;
#1383 = CARTESIAN_POINT ( 'NONE',  ( 95.00000000000000000, -3.000000000000000000, -49.00000000000000000 ) ) ;
#1384 = ORIENTED_EDGE ( 'NONE', *, *, #2500, .F. ) ;
#1385 = VECTOR ( 'NONE', #612, 1000.000000000000000 ) ;
#1386 = ORIENTED_EDGE ( 'NONE', *, *, #2639, .T. ) ;
#1387 = FACE_OUTER_BOUND ( 'NONE', #1673, .T. ) ;
#1388 = EDGE_CURVE ( 'NONE', #3054, #1875, #1661, .T. ) ;
#1389 = ORIENTED_EDGE ( 'NONE', *, *, #1671, .T. ) ;
#1390 = LINE ( 'NONE', #1918, #324 ) ;
#1391 = CARTESIAN_POINT ( 'NONE',  ( 69.00000000000000000, 0.000000000000000000, -26.30000000000000071 ) ) ;
#1392 = EDGE_CURVE ( 'NONE', #2347, #2717, #1676, .T. ) ;
#1393 = EDGE_LOOP ( 'NONE', ( #1272, #994, #90, #2379 ) ) ;
#1394 = LINE ( 'NONE', #1132, #1486 ) ;
#1395 = DIRECTION ( 'NONE',  ( 0.000000000000000000, 0.000000000000000000, -1.000000000000000000 ) ) ;
#1396 = ADVANCED_FACE ( 'NONE', ( #2188 ), #185, .T. ) ;
#1397 = AXIS2_PLACEMENT_3D ( 'NONE', #750, #2212, #315 ) ;
#1398 = DIRECTION ( 'NONE',  ( 0.000000000000000000, 0.000000000000000000, -1.000000000000000000 ) ) ;
#1399 = VERTEX_POINT ( 'NONE', #2391 ) ;
#1400 = VECTOR ( 'NONE', #1846, 1000.000000000000000 ) ;
#1401 = ORIENTED_EDGE ( 'NONE', *, *, #3018, .T. ) ;
#1402 = CARTESIAN_POINT ( 'NONE',  ( -48.00000000000000000, -3.000000000000000000, -61.40000000000000568 ) ) ;
#1403 = VECTOR ( 'NONE', #41, 1000.000000000000000 ) ;
#1404 = VECTOR ( 'NONE', #2123, 1000.000000000000000 ) ;
#1405 = ORIENTED_EDGE ( 'NONE', *, *, #1937, .F. ) ;
#1406 = LINE ( 'NONE', #2376, #1251 ) ;
#1407 = DIRECTION ( 'NONE',  ( 0.000000000000000000, 1.000000000000000000, 0.000000000000000000 ) ) ;
#1408 = ORIENTED_EDGE ( 'NONE', *, *, #929, .T. ) ;
#1409 = ORIENTED_EDGE ( 'NONE', *, *, #1079, .T. ) ;
#1410 = EDGE_CURVE ( 'NONE', #1224, #1399, #931, .T. ) ;
#1411 = CARTESIAN_POINT ( 'NONE',  ( -93.00000000000000000, -7.000000000000000000, -18.00000000000000000 ) ) ;
#1412 = DIRECTION ( 'NONE',  ( 0.000000000000000000, 1.000000000000000000, 0.000000000000000000 ) ) ;
#1413 = PLANE ( 'NONE',  #2416 ) ;
#1414 = DIRECTION ( 'NONE',  ( 0.000000000000000000, -1.000000000000000000, 0.000000000000000000 ) ) ;
#1415 = ORIENTED_EDGE ( 'NONE', *, *, #3130, .T. ) ;
#1416 = ORIENTED_EDGE ( 'NONE', *, *, #741, .T. ) ;
#1417 = CARTESIAN_POINT ( 'NONE',  ( 69.00000000000000000, -4.000000000000000000, 46.70000000000000284 ) ) ;
#1418 = EDGE_LOOP ( 'NONE', ( #1853, #1436 ) ) ;
#1419 = DIRECTION ( 'NONE',  ( 0.000000000000000000, 0.000000000000000000, 1.000000000000000000 ) ) ;
#1420 = CARTESIAN_POINT ( 'NONE',  ( 100.0000000000000000, 0.000000000000000000, 55.64999999999999858 ) ) ;
#1421 = VERTEX_POINT ( 'NONE', #1437 ) ;
#1422 = ORIENTED_EDGE ( 'NONE', *, *, #1173, .T. ) ;
#1423 = DIRECTION ( 'NONE',  ( 1.000000000000000000, 0.000000000000000000, -0.000000000000000000 ) ) ;
#1424 = MANIFOLD_SOLID_BREP ( 'Adjustable_Sensor_Rail_2', #2534 ) ;
#1425 = CARTESIAN_POINT ( 'NONE',  ( 18.00000000000000355, -3.000000000000000000, 0.000000000000000000 ) ) ;
#1426 = EDGE_CURVE ( 'NONE', #2577, #243, #1451, .T. ) ;
#1427 = DIRECTION ( 'NONE',  ( 0.000000000000000000, 0.000000000000000000, 1.000000000000000000 ) ) ;
#1428 = DIRECTION ( 'NONE',  ( 1.000000000000000000, 0.000000000000000000, 0.000000000000000000 ) ) ;
#1429 = AXIS2_PLACEMENT_3D ( 'NONE', #2598, #1122, #1136 ) ;
#1430 = ORIENTED_EDGE ( 'NONE', *, *, #2775, .F. ) ;
#1431 = EDGE_LOOP ( 'NONE', ( #820, #2356, #1181, #824 ) ) ;
#1432 = AXIS2_PLACEMENT_3D ( 'NONE', #3116, #687, #2493 ) ;
#1433 = CARTESIAN_POINT ( 'NONE',  ( -110.0000000000000000, 0.000000000000000000, -67.50000000000000000 ) ) ;
#1434 = EDGE_CURVE ( 'NONE', #486, #1546, #2858, .T. ) ;
#1435 = AXIS2_PLACEMENT_3D ( 'NONE', #2981, #3027, #2038 ) ;
#1436 = ORIENTED_EDGE ( 'NONE', *, *, #2842, .F. ) ;
#1437 = CARTESIAN_POINT ( 'NONE',  ( -22.00000000000000000, 0.000000000000000000, -4.299999999999999822 ) ) ;
#1438 = DIRECTION ( 'NONE',  ( -0.000000000000000000, 0.000000000000000000, 1.000000000000000000 ) ) ;
#1439 = ORIENTED_EDGE ( 'NONE', *, *, #682, .T. ) ;
#1440 = ORIENTED_EDGE ( 'NONE', *, *, #1134, .F. ) ;
#1441 = DIRECTION ( 'NONE',  ( -1.000000000000000000, 0.000000000000000000, -0.000000000000000000 ) ) ;
#1442 = DIRECTION ( 'NONE',  ( 0.000000000000000000, -1.000000000000000000, 0.000000000000000000 ) ) ;
#1443 = DIRECTION ( 'NONE',  ( 0.000000000000000000, 1.000000000000000000, 0.000000000000000000 ) ) ;
#1444 = DIRECTION ( 'NONE',  ( 0.000000000000000000, 0.000000000000000000, -1.000000000000000000 ) ) ;
#1445 = ORIENTED_EDGE ( 'NONE', *, *, #273, .F. ) ;
#1446 = ORIENTED_EDGE ( 'NONE', *, *, #2232, .F. ) ;
#1447 = VECTOR ( 'NONE', #1491, 1000.000000000000000 ) ;
#1448 = CARTESIAN_POINT ( 'NONE',  ( 92.00000000000001421, -37.00000000000000000, 64.50000000000000000 ) ) ;
#1449 = EDGE_CURVE ( 'NONE', #2432, #2637, #2154, .T. ) ;
#1450 = DIRECTION ( 'NONE',  ( -0.000000000000000000, 0.000000000000000000, 1.000000000000000000 ) ) ;
#1451 = CIRCLE ( 'NONE', #64, 1.600000000000004086 ) ;
#1452 = ORIENTED_EDGE ( 'NONE', *, *, #1863, .T. ) ;
#1453 = LINE ( 'NONE', #2904, #2478 ) ;
#1454 = VECTOR ( 'NONE', #39, 1000.000000000000000 ) ;
#1455 = DIRECTION ( 'NONE',  ( -0.000000000000000000, 1.000000000000000000, -0.000000000000000000 ) ) ;
#1456 = ORIENTED_EDGE ( 'NONE', *, *, #2422, .T. ) ;
#1457 = VERTEX_POINT ( 'NONE', #409 ) ;
#1458 = EDGE_CURVE ( 'NONE', #2653, #419, #423, .T. ) ;
#1459 = FACE_BOUND ( 'NONE', #3106, .T. ) ;
#1460 = LINE ( 'NONE', #1681, #1135 ) ;
#1461 = VECTOR ( 'NONE', #1311, 1000.000000000000000 ) ;
#1462 = CARTESIAN_POINT ( 'NONE',  ( -11.00000000000000000, -3.000000000000000000, 46.70000000000000284 ) ) ;
#1463 = ORIENTED_EDGE ( 'NONE', *, *, #2857, .F. ) ;
#1464 = CARTESIAN_POINT ( 'NONE',  ( 100.0000000000000000, -30.00000000000000000, 57.00000000000000000 ) ) ;
#1465 = CARTESIAN_POINT ( 'NONE',  ( -34.00000000000000000, 0.000000000000000000, -7.700000000000000178 ) ) ;
#1466 = EDGE_CURVE ( 'NONE', #452, #1457, #2409, .T. ) ;
#1467 = ORIENTED_EDGE ( 'NONE', *, *, #2657, .F. ) ;
#1468 = CARTESIAN_POINT ( 'NONE',  ( 95.00000000000000000, -4.000000000000000000, -31.00000000000000000 ) ) ;
#1469 = DIRECTION ( 'NONE',  ( 0.000000000000000000, 0.000000000000000000, 1.000000000000000000 ) ) ;
#1470 = CARTESIAN_POINT ( 'NONE',  ( 81.00000000000000000, -4.000000000000000000, -26.30000000000000071 ) ) ;
#1471 = VECTOR ( 'NONE', #559, 1000.000000000000000 ) ;
#1472 = ORIENTED_EDGE ( 'NONE', *, *, #2936, .F. ) ;
#1473 = FACE_OUTER_BOUND ( 'NONE', #3046, .T. ) ;
#1474 = DIRECTION ( 'NONE',  ( -1.000000000000000000, 0.000000000000000000, -0.000000000000000000 ) ) ;
#1475 = EDGE_CURVE ( 'NONE', #285, #459, #1406, .T. ) ;
#1476 = CARTESIAN_POINT ( 'NONE',  ( 81.00000000000000000, -4.000000000000000000, 46.70000000000000284 ) ) ;
#1477 = DIRECTION ( 'NONE',  ( -1.000000000000000000, 0.000000000000000000, -0.000000000000000000 ) ) ;
#1478 = ORIENTED_EDGE ( 'NONE', *, *, #704, .T. ) ;
#1479 = CARTESIAN_POINT ( 'NONE',  ( -100.0000000000000000, -34.00000000000000000, -57.00000000000000000 ) ) ;
#1480 = AXIS2_PLACEMENT_3D ( 'NONE', #3141, #2457, #264 ) ;
#1481 = PLANE ( 'NONE',  #3067 ) ;
#1482 = ORIENTED_EDGE ( 'NONE', *, *, #161, .T. ) ;
#1483 = CARTESIAN_POINT ( 'NONE',  ( 100.0000000000000000, -34.00000000000000000, 57.00000000000000000 ) ) ;
#1484 = PLANE ( 'NONE',  #1432 ) ;
#1485 = LINE ( 'NONE', #2270, #2367 ) ;
#1486 = VECTOR ( 'NONE', #2305, 1000.000000000000000 ) ;
#1487 = ORIENTED_EDGE ( 'NONE', *, *, #19, .T. ) ;
#1488 = AXIS2_PLACEMENT_3D ( 'NONE', #3096, #1626, #2602 ) ;
#1489 = CARTESIAN_POINT ( 'NONE',  ( -100.0000000000000000, -2.999999999999999112, -62.00000000000000711 ) ) ;
#1490 = EDGE_CURVE ( 'NONE', #459, #909, #1390, .T. ) ;
#1491 = DIRECTION ( 'NONE',  ( -1.000000000000000000, 0.000000000000000000, 0.000000000000000000 ) ) ;
#1492 = CARTESIAN_POINT ( 'NONE',  ( -48.00000000000000000, -3.000000000000000000, -16.40000000000000213 ) ) ;
#1493 = ADVANCED_FACE ( 'NONE', ( #2357 ), #1177, .F. ) ;
#1494 = DIRECTION ( 'NONE',  ( 0.000000000000000000, 0.000000000000000000, 1.000000000000000000 ) ) ;
#1495 = VERTEX_POINT ( 'NONE', #2889 ) ;
#1496 = DIRECTION ( 'NONE',  ( 0.000000000000000000, 1.000000000000000000, 0.000000000000000000 ) ) ;
#1497 = LINE ( 'NONE', #232, #1639 ) ;
#1498 = ORIENTED_EDGE ( 'NONE', *, *, #289, .F. ) ;
#1499 = CARTESIAN_POINT ( 'NONE',  ( 0.000000000000000000, -3.000000000000000000, -34.00000000000000000 ) ) ;
#1500 = CYLINDRICAL_SURFACE ( 'NONE', #2610, 1.599999999999997202 ) ;
#1501 = DIRECTION ( 'NONE',  ( 0.000000000000000000, 1.000000000000000000, 0.000000000000000000 ) ) ;
#1502 = VECTOR ( 'NONE', #579, 1000.000000000000000 ) ;
#1503 = ORIENTED_EDGE ( 'NONE', *, *, #2258, .T. ) ;
#1504 = CARTESIAN_POINT ( 'NONE',  ( -34.00000000000000000, -4.000000000000000000, -4.299999999999999822 ) ) ;
#1505 = PLANE ( 'NONE',  #1397 ) ;
#1506 = AXIS2_PLACEMENT_3D ( 'NONE', #2834, #1878, #2364 ) ;
#1507 = AXIS2_PLACEMENT_3D ( 'NONE', #916, #216, #2174 ) ;
#1508 = EDGE_CURVE ( 'NONE', #455, #2795, #1144, .T. ) ;
#1509 = DIRECTION ( 'NONE',  ( 0.000000000000000000, 0.000000000000000000, 1.000000000000000000 ) ) ;
#1510 = EDGE_CURVE ( 'NONE', #1570, #1115, #695, .T. ) ;
#1511 = DIRECTION ( 'NONE',  ( 0.000000000000000000, 0.000000000000000000, -1.000000000000000000 ) ) ;
#1512 = FACE_OUTER_BOUND ( 'NONE', #3045, .T. ) ;
#1513 = EDGE_CURVE ( 'NONE', #2454, #1108, #1453, .T. ) ;
#1514 = ORIENTED_EDGE ( 'NONE', *, *, #2433, .T. ) ;
#1515 = ORIENTED_EDGE ( 'NONE', *, *, #377, .F. ) ;
#1516 = CARTESIAN_POINT ( 'NONE',  ( 0.000000000000000000, -37.00000000000000000, 0.000000000000000000 ) ) ;
#1517 = LINE ( 'NONE', #2626, #2146 ) ;
#1518 = LINE ( 'NONE', #2239, #323 ) ;
#1519 = VERTEX_POINT ( 'NONE', #2871 ) ;
#1520 = CARTESIAN_POINT ( 'NONE',  ( -0.000000000000000000, -3.000000000000000000, -64.50000000000000000 ) ) ;
#1521 = DIRECTION ( 'NONE',  ( -0.000000000000000000, 1.000000000000000000, -0.000000000000000000 ) ) ;
#1522 = CYLINDRICAL_SURFACE ( 'NONE', #1997, 1.350000000000004086 ) ;
#1523 = EDGE_CURVE ( 'NONE', #567, #2125, #3098, .T. ) ;
#1524 = CARTESIAN_POINT ( 'NONE',  ( 107.0000000000000000, -37.00000000000000000, 67.50000000000000000 ) ) ;
#1525 = VECTOR ( 'NONE', #2769, 1000.000000000000000 ) ;
#1526 = CARTESIAN_POINT ( 'NONE',  ( -107.0000000000000000, -3.000000000000000000, -64.50000000000000000 ) ) ;
#1527 = ADVANCED_FACE ( 'NONE', ( #2428 ), #1741, .T. ) ;
#1528 = ORIENTED_EDGE ( 'NONE', *, *, #42, .T. ) ;
#1529 = ORIENTED_EDGE ( 'NONE', *, *, #1838, .F. ) ;
#1530 = CYLINDRICAL_SURFACE ( 'NONE', #1815, 1.350000000000004086 ) ;
#1531 = DIRECTION ( 'NONE',  ( 0.000000000000000000, 0.000000000000000000, 1.000000000000000000 ) ) ;
#1532 = DIRECTION ( 'NONE',  ( 0.000000000000000000, 0.000000000000000000, -1.000000000000000000 ) ) ;
#1533 = EDGE_CURVE ( 'NONE', #2040, #1162, #2421, .T. ) ;
#1534 = VECTOR ( 'NONE', #2948, 1000.000000000000000 ) ;
#1535 = ORIENTED_EDGE ( 'NONE', *, *, #1896, .F. ) ;
#1536 = LINE ( 'NONE', #2276, #1247 ) ;
#1537 = AXIS2_PLACEMENT_3D ( 'NONE', #2816, #623, #384 ) ;
#1538 = DIRECTION ( 'NONE',  ( -1.000000000000000000, 0.000000000000000000, 0.000000000000000000 ) ) ;
#1539 = CIRCLE ( 'NONE', #2205, 5.000000000000004441 ) ;
#1540 = CARTESIAN_POINT ( 'NONE',  ( 28.00000000000000000, -4.000000000000000000, -49.00000000000000000 ) ) ;
#1541 = DATE_TIME_ROLE ( 'creation_date' ) ;
#1542 = CARTESIAN_POINT ( 'NONE',  ( -41.99999999999999289, -37.00000000000000000, 67.50000000000000000 ) ) ;
#1543 = DIRECTION ( 'NONE',  ( -0.000000000000000000, 1.000000000000000000, -0.000000000000000000 ) ) ;
#1544 = VERTEX_POINT ( 'NONE', #2731 ) ;
#1545 = EDGE_CURVE ( 'NONE', #2126, #334, #519, .T. ) ;
#1546 = VERTEX_POINT ( 'NONE', #2460 ) ;
#1547 = LINE ( 'NONE', #359, #2048 ) ;
#1548 = FACE_BOUND ( 'NONE', #1984, .T. ) ;
#1549 = VERTEX_POINT ( 'NONE', #1291 ) ;
#1550 = DIRECTION ( 'NONE',  ( -0.000000000000000000, 1.000000000000000000, -0.000000000000000000 ) ) ;
#1551 = CIRCLE ( 'NONE', #272, 5.000000000000004441 ) ;
#1552 = ORIENTED_EDGE ( 'NONE', *, *, #2849, .F. ) ;
#1553 = CIRCLE ( 'NONE', #17, 1.600000000000004086 ) ;
#1554 = ORIENTED_EDGE ( 'NONE', *, *, #1299, .F. ) ;
#1555 = CARTESIAN_POINT ( 'NONE',  ( 0.000000000000000000, -7.000000000000000000, -12.00000000000000000 ) ) ;
#1556 = VECTOR ( 'NONE', #1178, 1000.000000000000000 ) ;
#1557 = VECTOR ( 'NONE', #1, 1000.000000000000000 ) ;
#1558 = DIRECTION ( 'NONE',  ( -1.000000000000000000, 0.000000000000000000, 0.000000000000000000 ) ) ;
#1559 = DIRECTION ( 'NONE',  ( 0.000000000000000000, 0.000000000000000000, -1.000000000000000000 ) ) ;
#1560 = VECTOR ( 'NONE', #1345, 1000.000000000000000 ) ;
#1561 = VERTEX_POINT ( 'NONE', #1757 ) ;
#1562 = EDGE_LOOP ( 'NONE', ( #3022, #1188, #187, #1061 ) ) ;
#1563 = AXIS2_PLACEMENT_3D ( 'NONE', #3111, #2620, #1145 ) ;
#1564 = CYLINDRICAL_SURFACE ( 'NONE', #2449, 5.000000000000004441 ) ;
#1565 = LINE ( 'NONE', #2560, #231 ) ;
#1566 = EDGE_CURVE ( 'NONE', #1326, #1570, #2782, .T. ) ;
#1567 = EDGE_LOOP ( 'NONE', ( #2148, #132 ) ) ;
#1568 = LINE ( 'NONE', #1808, #528 ) ;
#1569 = ORIENTED_EDGE ( 'NONE', *, *, #741, .F. ) ;
#1570 = VERTEX_POINT ( 'NONE', #282 ) ;
#1571 = CARTESIAN_POINT ( 'NONE',  ( 28.00000000000000000, -4.000000000000000000, -52.00000000000000000 ) ) ;
#1572 = DIRECTION ( 'NONE',  ( 0.000000000000000000, 0.000000000000000000, 1.000000000000000000 ) ) ;
#1573 = DATE_AND_TIME ( #336, #1635 ) ;
#1574 = EDGE_CURVE ( 'NONE', #1078, #1219, #310, .T. ) ;
#1575 = AXIS2_PLACEMENT_3D ( 'NONE', #1301, #2278, #3023 ) ;
#1576 = DIRECTION ( 'NONE',  ( 0.000000000000000000, 0.000000000000000000, 1.000000000000000000 ) ) ;
#1577 = CARTESIAN_POINT ( 'NONE',  ( -0.000000000000000000, -3.000000000000000000, -31.00000000000000000 ) ) ;
#1578 = VERTEX_POINT ( 'NONE', #1775 ) ;
#1579 = ORIENTED_EDGE ( 'NONE', *, *, #395, .T. ) ;
#1580 = FACE_OUTER_BOUND ( 'NONE', #1913, .T. ) ;
#1581 = CARTESIAN_POINT ( 'NONE',  ( 0.000000000000000000, -3.000000000000000000, -12.00000000000000000 ) ) ;
#1582 = ORIENTED_EDGE ( 'NONE', *, *, #1338, .T. ) ;
#1583 = LINE ( 'NONE', #825, #2319 ) ;
#1584 = DIRECTION ( 'NONE',  ( 0.000000000000000000, 1.000000000000000000, 0.000000000000000000 ) ) ;
#1585 = AXIS2_PLACEMENT_3D ( 'NONE', #703, #209, #3137 ) ;
#1586 = ORIENTED_EDGE ( 'NONE', *, *, #2383, .F. ) ;
#1587 = EDGE_CURVE ( 'NONE', #3014, #439, #1726, .T. ) ;
#1588 = CARTESIAN_POINT ( 'NONE',  ( -100.0000000000000000, -2.999999999999999112, -57.00000000000000000 ) ) ;
#1589 = CARTESIAN_POINT ( 'NONE',  ( -93.00000000000000000, -3.000000000000000000, -63.00000000000000000 ) ) ;
#1590 = AXIS2_PLACEMENT_3D ( 'NONE', #1341, #3015, #2078 ) ;
#1591 = EDGE_CURVE ( 'NONE', #3014, #1224, #1259, .T. ) ;
#1592 = LINE ( 'NONE', #81, #476 ) ;
#1593 = CARTESIAN_POINT ( 'NONE',  ( 92.00000000000001421, -37.00000000000000000, 67.50000000000000000 ) ) ;
#1594 = EDGE_LOOP ( 'NONE', ( #364, #1535 ) ) ;
#1595 = VERTEX_POINT ( 'NONE', #1710 ) ;
#1596 = CARTESIAN_POINT ( 'NONE',  ( 18.00000000000000355, -37.00000000000000000, 67.50000000000000000 ) ) ;
#1597 = LINE ( 'NONE', #1790, #1461 ) ;
#1598 = ORIENTED_EDGE ( 'NONE', *, *, #1392, .F. ) ;
#1599 = FACE_OUTER_BOUND ( 'NONE', #122, .T. ) ;
#1600 = VERTEX_POINT ( 'NONE', #537 ) ;
#1601 = VERTEX_POINT ( 'NONE', #1273 ) ;
#1602 = VECTOR ( 'NONE', #2294, 1000.000000000000000 ) ;
#1603 = CARTESIAN_POINT ( 'NONE',  ( 110.0000000000000000, 0.000000000000000000, 67.50000000000000000 ) ) ;
#1604 = LINE ( 'NONE', #2584, #530 ) ;
#1605 = VECTOR ( 'NONE', #1209, 1000.000000000000000 ) ;
#1606 = ADVANCED_FACE ( 'NONE', ( #266 ), #965, .F. ) ;
#1607 = AXIS2_PLACEMENT_3D ( 'NONE', #498, #2707, #1427 ) ;
#1608 = FACE_OUTER_BOUND ( 'NONE', #1928, .T. ) ;
#1609 = AXIS2_PLACEMENT_3D ( 'NONE', #1581, #2542, #2044 ) ;
#1610 = ORIENTED_EDGE ( 'NONE', *, *, #76, .F. ) ;
#1611 = ORIENTED_EDGE ( 'NONE', *, *, #249, .T. ) ;
#1612 = CARTESIAN_POINT ( 'NONE',  ( -41.99999999999999289, -37.00000000000000000, 64.50000000000000000 ) ) ;
#1613 = FACE_BOUND ( 'NONE', #1418, .T. ) ;
#1614 = EDGE_CURVE ( 'NONE', #2119, #285, #1950, .T. ) ;
#1615 = ORIENTED_EDGE ( 'NONE', *, *, #2189, .F. ) ;
#1616 = DIRECTION ( 'NONE',  ( 0.000000000000000000, -1.000000000000000000, 0.000000000000000000 ) ) ;
#1617 = LINE ( 'NONE', #605, #1146 ) ;
#1618 = EDGE_LOOP ( 'NONE', ( #1343, #658, #1363, #1026 ) ) ;
#1619 = DIRECTION ( 'NONE',  ( 0.000000000000000000, 1.000000000000000000, 0.000000000000000000 ) ) ;
#1620 = CARTESIAN_POINT ( 'NONE',  ( 81.00000000000000000, 0.000000000000000000, -29.69999999999999929 ) ) ;
#1621 = EDGE_CURVE ( 'NONE', #865, #43, #1355, .T. ) ;
#1622 = CARTESIAN_POINT ( 'NONE',  ( 30.00000000000000000, 0.000000000000000000, 46.70000000000000284 ) ) ;
#1623 = EDGE_LOOP ( 'NONE', ( #1482, #1953, #220, #1858 ) ) ;
#1624 = VERTEX_POINT ( 'NONE', #981 ) ;
#1625 = EDGE_CURVE ( 'NONE', #3075, #2821, #2237, .T. ) ;
#1626 = DIRECTION ( 'NONE',  ( -1.000000000000000000, 0.000000000000000000, 0.000000000000000000 ) ) ;
#1627 = ORIENTED_EDGE ( 'NONE', *, *, #1685, .T. ) ;
#1628 = ADVANCED_FACE ( 'NONE', ( #2223 ), #1530, .F. ) ;
#1629 = CARTESIAN_POINT ( 'NONE',  ( -0.000000000000000000, -3.000000000000000000, -49.00000000000000000 ) ) ;
#1630 = CARTESIAN_POINT ( 'NONE',  ( -34.00000000000000000, 0.000000000000000000, -4.299999999999999822 ) ) ;
#1631 = ORIENTED_EDGE ( 'NONE', *, *, #2055, .F. ) ;
#1632 = CIRCLE ( 'NONE', #1480, 1.600000000000000755 ) ;
#1633 = LINE ( 'NONE', #906, #406 ) ;
#1634 = FACE_OUTER_BOUND ( 'NONE', #2304, .T. ) ;
#1635 = LOCAL_TIME ( 17, 21, 58.00000000000000000, #2003 ) ;
#1636 = CIRCLE ( 'NONE', #713, 1.600000000000004086 ) ;
#1637 = DIRECTION ( 'NONE',  ( 0.000000000000000000, 0.000000000000000000, 1.000000000000000000 ) ) ;
#1638 = ORIENTED_EDGE ( 'NONE', *, *, #861, .T. ) ;
#1639 = VECTOR ( 'NONE', #962, 1000.000000000000000 ) ;
#1640 = ORIENTED_EDGE ( 'NONE', *, *, #447, .T. ) ;
#1641 = DIRECTION ( 'NONE',  ( 1.000000000000000000, 0.000000000000000000, 0.000000000000000000 ) ) ;
#1642 = EDGE_CURVE ( 'NONE', #2125, #1328, #27, .T. ) ;
#1643 = ORIENTED_EDGE ( 'NONE', *, *, #1826, .T. ) ;
#1644 = CARTESIAN_POINT ( 'NONE',  ( 69.00000000000000000, -3.000000000000000000, 0.000000000000000000 ) ) ;
#1645 = PLANE ( 'NONE',  #742 ) ;
#1646 = ORIENTED_EDGE ( 'NONE', *, *, #1920, .T. ) ;
#1647 = ORIENTED_EDGE ( 'NONE', *, *, #1490, .F. ) ;
#1648 = DIRECTION ( 'NONE',  ( -1.000000000000000000, 0.000000000000000000, -0.000000000000000000 ) ) ;
#1649 = CARTESIAN_POINT ( 'NONE',  ( 69.00000000000000000, 0.000000000000000000, -29.69999999999999929 ) ) ;
#1650 = CARTESIAN_POINT ( 'NONE',  ( 100.0000000000000000, -30.00000000000000000, 57.00000000000000000 ) ) ;
#1651 = EDGE_CURVE ( 'NONE', #439, #515, #1013, .T. ) ;
#1652 = VECTOR ( 'NONE', #954, 1000.000000000000000 ) ;
#1653 = DIRECTION ( 'NONE',  ( 0.000000000000000000, 1.000000000000000000, 0.000000000000000000 ) ) ;
#1654 = ORIENTED_EDGE ( 'NONE', *, *, #1388, .T. ) ;
#1655 = VECTOR ( 'NONE', #1550, 1000.000000000000000 ) ;
#1656 = ORIENTED_EDGE ( 'NONE', *, *, #1752, .F. ) ;
#1657 = CYLINDRICAL_SURFACE ( 'NONE', #815, 1.600000000000004086 ) ;
#1658 = AXIS2_PLACEMENT_3D ( 'NONE', #1728, #2702, #2734 ) ;
#1659 = VECTOR ( 'NONE', #1009, 1000.000000000000000 ) ;
#1660 = ORIENTED_EDGE ( 'NONE', *, *, #2135, .F. ) ;
#1661 = LINE ( 'NONE', #1629, #320 ) ;
#1662 = ADVANCED_FACE ( 'NONE', ( #1994 ), #2968, .T. ) ;
#1663 = CARTESIAN_POINT ( 'NONE',  ( -0.000000000000000000, -3.000000000000000000, 43.29999999999999716 ) ) ;
#1664 = VECTOR ( 'NONE', #2994, 1000.000000000000000 ) ;
#1665 = VERTEX_POINT ( 'NONE', #2986 ) ;
#1666 = VERTEX_POINT ( 'NONE', #2506 ) ;
#1667 = DIRECTION ( 'NONE',  ( 0.000000000000000000, 0.000000000000000000, 1.000000000000000000 ) ) ;
#1668 = DIRECTION ( 'NONE',  ( 1.000000000000000000, 0.000000000000000000, 0.000000000000000000 ) ) ;
#1669 = CARTESIAN_POINT ( 'NONE',  ( 18.00000000000000355, -37.00000000000000000, 64.50000000000000000 ) ) ;
#1670 = LINE ( 'NONE', #3151, #2882 ) ;
#1671 = EDGE_CURVE ( 'NONE', #1686, #1811, #2268, .T. ) ;
#1672 = VERTEX_POINT ( 'NONE', #1048 ) ;
#1673 = EDGE_LOOP ( 'NONE', ( #430, #622, #1463, #849 ) ) ;
#1674 = DIRECTION ( 'NONE',  ( 0.000000000000000000, -0.000000000000000000, -1.000000000000000000 ) ) ;
#1675 = EDGE_LOOP ( 'NONE', ( #914, #298, #2026, #638 ) ) ;
#1676 = LINE ( 'NONE', #2635, #2829 ) ;
#1677 = LINE ( 'NONE', #1695, #179 ) ;
#1678 = EDGE_LOOP ( 'NONE', ( #1323, #1156 ) ) ;
#1679 = ORIENTED_EDGE ( 'NONE', *, *, #141, .F. ) ;
#1680 = FACE_OUTER_BOUND ( 'NONE', #857, .T. ) ;
#1681 = CARTESIAN_POINT ( 'NONE',  ( -12.00000000000000000, -37.00000000000000000, 64.50000000000000000 ) ) ;
#1682 = EDGE_CURVE ( 'NONE', #1208, #2088, #2027, .T. ) ;
#1683 = FACE_OUTER_BOUND ( 'NONE', #2236, .T. ) ;
#1684 = DIRECTION ( 'NONE',  ( 0.000000000000000000, 1.000000000000000000, 0.000000000000000000 ) ) ;
#1685 = EDGE_CURVE ( 'NONE', #2177, #455, #2732, .T. ) ;
#1686 = VERTEX_POINT ( 'NONE', #35 ) ;
#1687 = ORIENTED_EDGE ( 'NONE', *, *, #2698, .T. ) ;
#1688 = PLANE ( 'NONE',  #1968 ) ;
#1689 = DIRECTION ( 'NONE',  ( -1.000000000000000000, -0.000000000000000000, -0.000000000000000000 ) ) ;
#1690 = VECTOR ( 'NONE', #1801, 1000.000000000000000 ) ;
#1691 = PRODUCT_RELATED_PRODUCT_CATEGORY ( 'detail', '', ( #2799 ) ) ;
#1692 = ORIENTED_EDGE ( 'NONE', *, *, #1731, .F. ) ;
#1693 = ADVANCED_FACE ( 'NONE', ( #2168 ), #1930, .T. ) ;
#1694 = CARTESIAN_POINT ( 'NONE',  ( -48.00000000000000000, -3.000000000000000000, -63.00000000000000000 ) ) ;
#1695 = CARTESIAN_POINT ( 'NONE',  ( -100.0000000000000000, -30.00000000000000000, 62.00000000000000711 ) ) ;
#1696 = ADVANCED_BREP_SHAPE_REPRESENTATION ( 'mars_lander_control_box_base_v1p1', ( #1424, #95 ), #1792 ) ;
#1697 = VERTEX_POINT ( 'NONE', #2424 ) ;
#1698 = ORIENTED_EDGE ( 'NONE', *, *, #2758, .T. ) ;
#1699 = CARTESIAN_POINT ( 'NONE',  ( -100.0000000000000000, -30.00000000000000000, -52.00000000000000000 ) ) ;
#1700 = CARTESIAN_POINT ( 'NONE',  ( 0.000000000000000000, -7.000000000000000000, 30.00000000000000000 ) ) ;
#1701 = CARTESIAN_POINT ( 'NONE',  ( -0.000000000000000000, -3.000000000000000000, 64.50000000000000000 ) ) ;
#1702 = ADVANCED_FACE ( 'NONE', ( #2901 ), #1239, .F. ) ;
#1703 = VERTEX_POINT ( 'NONE', #740 ) ;
#1704 = AXIS2_PLACEMENT_3D ( 'NONE', #2992, #271, #2229 ) ;
#1705 = CARTESIAN_POINT ( 'NONE',  ( -78.00000000000000000, -37.00000000000000000, 67.50000000000000000 ) ) ;
#1706 = CARTESIAN_POINT ( 'NONE',  ( 69.00000000000000000, -4.000000000000000000, -29.69999999999999929 ) ) ;
#1707 = AXIS2_PLACEMENT_3D ( 'NONE', #2894, #920, #431 ) ;
#1708 = ORIENTED_EDGE ( 'NONE', *, *, #2280, .F. ) ;
#1709 = VECTOR ( 'NONE', #2687, 1000.000000000000000 ) ;
#1710 = CARTESIAN_POINT ( 'NONE',  ( 0.000000000000000000, -7.000000000000000000, 31.59999999999999787 ) ) ;
#1711 = AXIS2_PLACEMENT_3D ( 'NONE', #1167, #2913, #1216 ) ;
#1712 = PLANE ( 'NONE',  #2222 ) ;
#1713 = ADVANCED_FACE ( 'NONE', ( #1722 ), #1688, .T. ) ;
#1714 = EDGE_LOOP ( 'NONE', ( #1503, #1888, #2420, #2173 ) ) ;
#1715 = EDGE_LOOP ( 'NONE', ( #451, #1819 ) ) ;
#1716 = DIRECTION ( 'NONE',  ( 0.000000000000000000, 1.000000000000000000, 0.000000000000000000 ) ) ;
#1717 = CARTESIAN_POINT ( 'NONE',  ( 95.00000000000000000, -4.000000000000000000, -49.00000000000000000 ) ) ;
#1718 = VECTOR ( 'NONE', #1951, 1000.000000000000000 ) ;
#1719 = LINE ( 'NONE', #751, #934 ) ;
#1720 = LINE ( 'NONE', #2164, #558 ) ;
#1721 = VERTEX_POINT ( 'NONE', #2439 ) ;
#1722 = FACE_OUTER_BOUND ( 'NONE', #904, .T. ) ;
#1723 = CARTESIAN_POINT ( 'NONE',  ( -100.0000000000000000, -2.999999999999999112, 52.00000000000000000 ) ) ;
#1724 = VERTEX_POINT ( 'NONE', #708 ) ;
#1725 = EDGE_CURVE ( 'NONE', #731, #3080, #2166, .T. ) ;
#1726 = LINE ( 'NONE', #2746, #1041 ) ;
#1727 = CARTESIAN_POINT ( 'NONE',  ( 107.0000000000000000, -3.000000000000000000, -64.50000000000000000 ) ) ;
#1728 = CARTESIAN_POINT ( 'NONE',  ( 0.000000000000000000, -7.000000000000000000, -12.00000000000000000 ) ) ;
#1729 = VECTOR ( 'NONE', #3118, 1000.000000000000000 ) ;
#1730 = ORIENTED_EDGE ( 'NONE', *, *, #1238, .T. ) ;
#1731 = EDGE_CURVE ( 'NONE', #2413, #1180, #2665, .T. ) ;
#1732 = FACE_OUTER_BOUND ( 'NONE', #1618, .T. ) ;
#1733 = FACE_OUTER_BOUND ( 'NONE', #2632, .T. ) ;
#1734 = DIRECTION ( 'NONE',  ( -1.000000000000000000, -0.000000000000000000, -0.000000000000000000 ) ) ;
#1735 = FACE_OUTER_BOUND ( 'NONE', #1431, .T. ) ;
#1736 = EDGE_LOOP ( 'NONE', ( #2140, #827 ) ) ;
#1737 = DIRECTION ( 'NONE',  ( 0.000000000000000000, 0.000000000000000000, -1.000000000000000000 ) ) ;
#1738 = AXIS2_PLACEMENT_3D ( 'NONE', #1848, #878, #2370 ) ;
#1739 = CARTESIAN_POINT ( 'NONE',  ( -100.0000000000000000, -30.00000000000000000, -57.00000000000000000 ) ) ;
#1740 = ORIENTED_EDGE ( 'NONE', *, *, #853, .F. ) ;
#1741 = PLANE ( 'NONE',  #3135 ) ;
#1742 = FACE_BOUND ( 'NONE', #2672, .T. ) ;
#1743 = LINE ( 'NONE', #1852, #835 ) ;
#1744 = AXIS2_PLACEMENT_3D ( 'NONE', #40, #295, #1030 ) ;
#1745 = EDGE_CURVE ( 'NONE', #618, #620, #263, .T. ) ;
#1746 = VERTEX_POINT ( 'NONE', #754 ) ;
#1747 = LINE ( 'NONE', #1520, #1965 ) ;
#1748 = DIRECTION ( 'NONE',  ( 0.000000000000000000, -0.000000000000000000, 1.000000000000000000 ) ) ;
#1749 = EDGE_CURVE ( 'NONE', #2653, #3021, #2234, .T. ) ;
#1750 = DIRECTION ( 'NONE',  ( 0.000000000000000000, 1.000000000000000000, 0.000000000000000000 ) ) ;
#1751 = CALENDAR_DATE ( 2026, 26, 7 ) ;
#1752 = EDGE_CURVE ( 'NONE', #1721, #2577, #1206, .T. ) ;
#1753 = CARTESIAN_POINT ( 'NONE',  ( -100.0000000000000000, 0.000000000000000000, -55.64999999999999858 ) ) ;
#1754 = LINE ( 'NONE', #1207, #3161 ) ;
#1755 = EDGE_LOOP ( 'NONE', ( #549, #2431, #1740, #675 ) ) ;
#1756 = VECTOR ( 'NONE', #2053, 1000.000000000000000 ) ;
#1757 = CARTESIAN_POINT ( 'NONE',  ( -48.00000000000000000, -7.000000000000000000, -19.59999999999999432 ) ) ;
#1758 = CARTESIAN_POINT ( 'NONE',  ( 96.00000000000000000, -7.000000000000000000, -13.60000000000000497 ) ) ;
#1759 = CARTESIAN_POINT ( 'NONE',  ( 42.00000000000000000, -3.000000000000000000, 43.29999999999999716 ) ) ;
#1760 = VECTOR ( 'NONE', #2704, 1000.000000000000000 ) ;
#1761 = ORIENTED_EDGE ( 'NONE', *, *, #1857, .F. ) ;
#1762 = VECTOR ( 'NONE', #1280, 1000.000000000000000 ) ;
#1763 = ADVANCED_FACE ( 'NONE', ( #2185 ), #23, .F. ) ;
#1764 = CARTESIAN_POINT ( 'NONE',  ( 96.00000000000000000, -7.000000000000000000, 28.39999999999999503 ) ) ;
#1765 = FACE_BOUND ( 'NONE', #653, .T. ) ;
#1766 = CIRCLE ( 'NONE', #2323, 1.600000000000004086 ) ;
#1767 = AXIS2_PLACEMENT_3D ( 'NONE', #1516, #294, #2253 ) ;
#1768 = CARTESIAN_POINT ( 'NONE',  ( -100.0000000000000000, 0.000000000000000000, 57.00000000000000000 ) ) ;
#1769 = APPROVAL_DATE_TIME ( #784, #2690 ) ;
#1770 = EDGE_CURVE ( 'NONE', #2387, #43, #2965, .T. ) ;
#1771 = DIRECTION ( 'NONE',  ( -1.000000000000000000, 0.000000000000000000, -0.000000000000000000 ) ) ;
#1772 = DIRECTION ( 'NONE',  ( 0.000000000000000000, -1.000000000000000000, 0.000000000000000000 ) ) ;
#1773 = ORIENTED_EDGE ( 'NONE', *, *, #2849, .T. ) ;
#1774 = ORIENTED_EDGE ( 'NONE', *, *, #175, .T. ) ;
#1775 = CARTESIAN_POINT ( 'NONE',  ( 81.00000000000000000, 0.000000000000000000, 43.29999999999999716 ) ) ;
#1776 = LINE ( 'NONE', #2269, #2098 ) ;
#1777 = CYLINDRICAL_SURFACE ( 'NONE', #488, 1.599999999999997202 ) ;
#1778 = ORIENTED_EDGE ( 'NONE', *, *, #1268, .T. ) ;
#1779 = CARTESIAN_POINT ( 'NONE',  ( 69.00000000000000000, 0.000000000000000000, 43.29999999999999716 ) ) ;
#1780 = DIRECTION ( 'NONE',  ( 0.000000000000000000, 0.000000000000000000, -1.000000000000000000 ) ) ;
#1781 = CARTESIAN_POINT ( 'NONE',  ( 69.00000000000000000, 0.000000000000000000, 46.70000000000000284 ) ) ;
#1782 = EDGE_CURVE ( 'NONE', #1811, #2347, #768, .T. ) ;
#1783 = DIRECTION ( 'NONE',  ( 0.000000000000000000, 0.000000000000000000, 1.000000000000000000 ) ) ;
#1784 = FACE_OUTER_BOUND ( 'NONE', #1868, .T. ) ;
#1785 = PRODUCT_DEFINITION ( '未知', '', #301, #2072 ) ;
#1786 = ORIENTED_EDGE ( 'NONE', *, *, #1782, .F. ) ;
#1787 = EDGE_LOOP ( 'NONE', ( #2867, #1124, #2773, #388 ) ) ;
#1788 = AXIS2_PLACEMENT_3D ( 'NONE', #1739, #1190, #1991 ) ;
#1789 = LINE ( 'NONE', #2777, #1335 ) ;
#1790 = CARTESIAN_POINT ( 'NONE',  ( 96.00000000000000000, -7.000000000000000000, -10.39999999999999680 ) ) ;
#1791 = EDGE_CURVE ( 'NONE', #2378, #744, #380, .T. ) ;
#1792 =( GEOMETRIC_REPRESENTATION_CONTEXT ( 3 ) GLOBAL_UNCERTAINTY_ASSIGNED_CONTEXT ( ( #3090 ) ) GLOBAL_UNIT_ASSIGNED_CONTEXT ( ( #18, #2468, #2437 ) ) REPRESENTATION_CONTEXT ( 'NONE', 'WORKASPACE' ) );
#1793 = VERTEX_POINT ( 'NONE', #1753 ) ;
#1794 = CARTESIAN_POINT ( 'NONE',  ( 28.00000000000000000, -4.000000000000000000, -52.00000000000000000 ) ) ;
#1795 = CARTESIAN_POINT ( 'NONE',  ( 30.00000000000000000, 0.000000000000000000, 43.29999999999999716 ) ) ;
#1796 = AXIS2_PLACEMENT_3D ( 'NONE', #2884, #2118, #2850 ) ;
#1797 = CARTESIAN_POINT ( 'NONE',  ( 107.0000000000000000, -37.00000000000000000, -64.50000000000000000 ) ) ;
#1798 = PERSON_AND_ORGANIZATION ( #393, #404 ) ;
#1799 = FACE_OUTER_BOUND ( 'NONE', #535, .T. ) ;
#1800 = EDGE_CURVE ( 'NONE', #443, #486, #500, .T. ) ;
#1801 = DIRECTION ( 'NONE',  ( 0.000000000000000000, 1.000000000000000000, 0.000000000000000000 ) ) ;
#1802 = ORIENTED_EDGE ( 'NONE', *, *, #1642, .F. ) ;
#1803 = EDGE_LOOP ( 'NONE', ( #22, #807, #2339, #710 ) ) ;
#1804 = FACE_BOUND ( 'NONE', #1096, .T. ) ;
#1805 = FACE_BOUND ( 'NONE', #1213, .T. ) ;
#1806 = ORIENTED_EDGE ( 'NONE', *, *, #1625, .T. ) ;
#1807 = EDGE_CURVE ( 'NONE', #2717, #582, #2487, .T. ) ;
#1808 = CARTESIAN_POINT ( 'NONE',  ( -110.0000000000000000, 0.000000000000000000, 67.50000000000000000 ) ) ;
#1809 = ORIENTED_EDGE ( 'NONE', *, *, #2445, .F. ) ;
#1810 = VECTOR ( 'NONE', #2718, 1000.000000000000000 ) ;
#1811 = VERTEX_POINT ( 'NONE', #1705 ) ;
#1812 = DIRECTION ( 'NONE',  ( 0.000000000000000000, 0.000000000000000000, 1.000000000000000000 ) ) ;
#1813 = PLANE ( 'NONE',  #1094 ) ;
#1814 = VECTOR ( 'NONE', #3160, 1000.000000000000000 ) ;
#1815 = AXIS2_PLACEMENT_3D ( 'NONE', #1483, #727, #758 ) ;
#1816 = CARTESIAN_POINT ( 'NONE',  ( 42.00000000000000000, 0.000000000000000000, 46.70000000000000284 ) ) ;
#1817 = CARTESIAN_POINT ( 'NONE',  ( 110.0000000000000000, -3.000000000000000000, 67.50000000000000000 ) ) ;
#1818 = ORIENTED_EDGE ( 'NONE', *, *, #915, .F. ) ;
#1819 = ORIENTED_EDGE ( 'NONE', *, *, #1028, .F. ) ;
#1820 = DIRECTION ( 'NONE',  ( 0.000000000000000000, 1.000000000000000000, 0.000000000000000000 ) ) ;
#1821 = FACE_BOUND ( 'NONE', #1567, .T. ) ;
#1822 = EDGE_CURVE ( 'NONE', #1578, #1208, #1962, .T. ) ;
#1823 = ORIENTED_EDGE ( 'NONE', *, *, #222, .F. ) ;
#1824 = DIRECTION ( 'NONE',  ( -0.000000000000000000, -1.000000000000000000, -0.000000000000000000 ) ) ;
#1825 = ORIENTED_EDGE ( 'NONE', *, *, #2001, .T. ) ;
#1826 = EDGE_CURVE ( 'NONE', #909, #269, #1670, .T. ) ;
#1827 = ORIENTED_EDGE ( 'NONE', *, *, #2411, .F. ) ;
#1828 = CARTESIAN_POINT ( 'NONE',  ( -93.00000000000000000, -7.000000000000000000, -19.60000000000000142 ) ) ;
#1829 = LINE ( 'NONE', #160, #2985 ) ;
#1830 = DIRECTION ( 'NONE',  ( 0.000000000000000000, -1.000000000000000000, 0.000000000000000000 ) ) ;
#1831 = DIRECTION ( 'NONE',  ( 0.000000000000000000, -1.000000000000000000, 0.000000000000000000 ) ) ;
#1832 = ORIENTED_EDGE ( 'NONE', *, *, #797, .T. ) ;
#1833 = ORIENTED_EDGE ( 'NONE', *, *, #1466, .T. ) ;
#1834 = CARTESIAN_POINT ( 'NONE',  ( -100.0000000000000000, -30.00000000000000000, 58.35000000000000853 ) ) ;
#1835 = FACE_BOUND ( 'NONE', #1204, .T. ) ;
#1836 = ORIENTED_EDGE ( 'NONE', *, *, #956, .T. ) ;
#1837 = DIRECTION ( 'NONE',  ( 0.000000000000000000, -1.000000000000000000, 0.000000000000000000 ) ) ;
#1838 = EDGE_CURVE ( 'NONE', #173, #2041, #208, .T. ) ;
#1839 = ORIENTED_EDGE ( 'NONE', *, *, #3073, .F. ) ;
#1840 = VECTOR ( 'NONE', #924, 1000.000000000000000 ) ;
#1841 = VERTEX_POINT ( 'NONE', #1462 ) ;
#1842 = AXIS2_PLACEMENT_3D ( 'NONE', #2028, #2559, #2762 ) ;
#1843 = CARTESIAN_POINT ( 'NONE',  ( -41.99999999999999289, -37.00000000000000000, 64.50000000000000000 ) ) ;
#1844 = CARTESIAN_POINT ( 'NONE',  ( 96.00000000000000000, -3.000000000000000000, -12.00000000000000000 ) ) ;
#1845 = AXIS2_PLACEMENT_3D ( 'NONE', #2538, #2502, #2555 ) ;
#1846 = DIRECTION ( 'NONE',  ( -0.000000000000000000, 1.000000000000000000, -0.000000000000000000 ) ) ;
#1847 = ADVANCED_FACE ( 'NONE', ( #1683 ), #512, .F. ) ;
#1848 = CARTESIAN_POINT ( 'NONE',  ( 96.00000000000000000, -3.000000000000000000, -12.00000000000000000 ) ) ;
#1849 = VERTEX_POINT ( 'NONE', #16 ) ;
#1850 = VERTEX_POINT ( 'NONE', #2450 ) ;
#1851 = CARTESIAN_POINT ( 'NONE',  ( -100.0000000000000000, -30.00000000000000000, -62.00000000000000711 ) ) ;
#1852 = CARTESIAN_POINT ( 'NONE',  ( -41.99999999999999289, -37.00000000000000000, 67.50000000000000000 ) ) ;
#1853 = ORIENTED_EDGE ( 'NONE', *, *, #2758, .F. ) ;
#1854 = DIRECTION ( 'NONE',  ( 1.000000000000000000, 0.000000000000000000, 0.000000000000000000 ) ) ;
#1855 = AXIS2_PLACEMENT_3D ( 'NONE', #78, #1750, #1509 ) ;
#1856 = ORIENTED_EDGE ( 'NONE', *, *, #182, .T. ) ;
#1857 = EDGE_CURVE ( 'NONE', #2870, #606, #1303, .T. ) ;
#1858 = ORIENTED_EDGE ( 'NONE', *, *, #175, .F. ) ;
#1859 = AXIS2_PLACEMENT_3D ( 'NONE', #2281, #610, #1771 ) ;
#1860 = DIRECTION ( 'NONE',  ( 1.000000000000000000, 0.000000000000000000, 0.000000000000000000 ) ) ;
#1861 = DIRECTION ( 'NONE',  ( 0.000000000000000000, -1.000000000000000000, 0.000000000000000000 ) ) ;
#1862 = VECTOR ( 'NONE', #2047, 1000.000000000000000 ) ;
#1863 = EDGE_CURVE ( 'NONE', #2105, #2388, #448, .T. ) ;
#1864 = AXIS2_PLACEMENT_3D ( 'NONE', #2110, #3083, #889 ) ;
#1865 = VECTOR ( 'NONE', #679, 1000.000000000000000 ) ;
#1866 = DIRECTION ( 'NONE',  ( 0.000000000000000000, 1.000000000000000000, 0.000000000000000000 ) ) ;
#1867 = EDGE_CURVE ( 'NONE', #3095, #443, #974, .T. ) ;
#1868 = EDGE_LOOP ( 'NONE', ( #394, #2822, #115, #2851 ) ) ;
#1869 = ORIENTED_EDGE ( 'NONE', *, *, #1058, .T. ) ;
#1870 = LINE ( 'NONE', #676, #1283 ) ;
#1871 = CARTESIAN_POINT ( 'NONE',  ( 0.000000000000000000, -3.000000000000000000, 0.000000000000000000 ) ) ;
#1872 = VECTOR ( 'NONE', #553, 1000.000000000000000 ) ;
#1873 = VERTEX_POINT ( 'NONE', #2145 ) ;
#1874 = DIRECTION ( 'NONE',  ( -0.000000000000000000, 0.000000000000000000, 1.000000000000000000 ) ) ;
#1875 = VERTEX_POINT ( 'NONE', #483 ) ;
#1876 = EDGE_LOOP ( 'NONE', ( #2668, #1993, #842, #1416 ) ) ;
#1877 = DIRECTION ( 'NONE',  ( 0.000000000000000000, 0.000000000000000000, 1.000000000000000000 ) ) ;
#1878 = DIRECTION ( 'NONE',  ( 0.000000000000000000, 1.000000000000000000, 0.000000000000000000 ) ) ;
#1879 = FACE_OUTER_BOUND ( 'NONE', #2587, .T. ) ;
#1880 = EDGE_CURVE ( 'NONE', #146, #2329, #1194, .T. ) ;
#1881 = ORIENTED_EDGE ( 'NONE', *, *, #604, .F. ) ;
#1882 = EDGE_LOOP ( 'NONE', ( #2184, #790, #1552, #373 ) ) ;
#1883 = CARTESIAN_POINT ( 'NONE',  ( -48.00000000000000000, -7.000000000000000000, -19.59999999999999432 ) ) ;
#1884 = ORIENTED_EDGE ( 'NONE', *, *, #1434, .T. ) ;
#1885 = CARTESIAN_POINT ( 'NONE',  ( 81.00000000000000000, -4.000000000000000000, 43.29999999999999716 ) ) ;
#1886 = DIRECTION ( 'NONE',  ( 0.000000000000000000, 1.000000000000000000, 0.000000000000000000 ) ) ;
#1887 = ORIENTED_EDGE ( 'NONE', *, *, #508, .F. ) ;
#1888 = ORIENTED_EDGE ( 'NONE', *, *, #2386, .T. ) ;
#1889 = LOCAL_TIME ( 17, 21, 58.00000000000000000, #2723 ) ;
#1890 = DIRECTION ( 'NONE',  ( 0.000000000000000000, 0.000000000000000000, -1.000000000000000000 ) ) ;
#1891 = DIRECTION ( 'NONE',  ( 0.000000000000000000, 0.000000000000000000, 1.000000000000000000 ) ) ;
#1892 = VECTOR ( 'NONE', #144, 1000.000000000000000 ) ;
#1893 = VECTOR ( 'NONE', #2550, 1000.000000000000000 ) ;
#1894 = LINE ( 'NONE', #2338, #2756 ) ;
#1895 = VERTEX_POINT ( 'NONE', #737 ) ;
#1896 = EDGE_CURVE ( 'NONE', #1561, #108, #581, .T. ) ;
#1897 = ORIENTED_EDGE ( 'NONE', *, *, #1523, .F. ) ;
#1898 = CARTESIAN_POINT ( 'NONE',  ( 81.00000000000000000, 0.000000000000000000, 46.70000000000000284 ) ) ;
#1899 = ORIENTED_EDGE ( 'NONE', *, *, #1012, .T. ) ;
#1900 = DIRECTION ( 'NONE',  ( -0.000000000000000000, 1.000000000000000000, -0.000000000000000000 ) ) ;
#1901 = DIRECTION ( 'NONE',  ( 0.000000000000000000, 1.000000000000000000, 0.000000000000000000 ) ) ;
#1902 = ORIENTED_EDGE ( 'NONE', *, *, #1257, .F. ) ;
#1903 = ORIENTED_EDGE ( 'NONE', *, *, #1092, .T. ) ;
#1904 = ADVANCED_FACE ( 'NONE', ( #242 ), #991, .F. ) ;
#1905 = CARTESIAN_POINT ( 'NONE',  ( 69.00000000000000000, -3.000000000000000000, 43.29999999999999716 ) ) ;
#1906 = CARTESIAN_POINT ( 'NONE',  ( 100.0000000000000000, -30.00000000000000000, 57.00000000000000000 ) ) ;
#1907 = DIRECTION ( 'NONE',  ( 0.000000000000000000, 0.000000000000000000, -1.000000000000000000 ) ) ;
#1908 = CARTESIAN_POINT ( 'NONE',  ( 0.000000000000000000, -7.000000000000000000, -12.00000000000000000 ) ) ;
#1909 = AXIS2_PLACEMENT_3D ( 'NONE', #2960, #988, #32 ) ;
#1910 = FACE_OUTER_BOUND ( 'NONE', #2408, .T. ) ;
#1911 = ORIENTED_EDGE ( 'NONE', *, *, #2835, .F. ) ;
#1912 = AXIS2_PLACEMENT_3D ( 'NONE', #125, #1837, #2562 ) ;
#1913 = EDGE_LOOP ( 'NONE', ( #2989, #1172, #2111, #2984 ) ) ;
#1914 = CARTESIAN_POINT ( 'NONE',  ( -78.00000000000000000, -37.00000000000000000, 67.50000000000000000 ) ) ;
#1915 = AXIS2_PLACEMENT_3D ( 'NONE', #3072, #129, #110 ) ;
#1916 = VECTOR ( 'NONE', #3159, 1000.000000000000000 ) ;
#1917 = ORIENTED_EDGE ( 'NONE', *, *, #2016, .F. ) ;
#1918 = CARTESIAN_POINT ( 'NONE',  ( 42.00000000000000000, -4.000000000000000000, 46.70000000000000284 ) ) ;
#1919 = DIRECTION ( 'NONE',  ( 0.000000000000000000, 0.000000000000000000, 1.000000000000000000 ) ) ;
#1920 = EDGE_CURVE ( 'NONE', #1457, #2638, #2214, .T. ) ;
#1921 = ORIENTED_EDGE ( 'NONE', *, *, #3073, .T. ) ;
#1922 = ORIENTED_EDGE ( 'NONE', *, *, #2545, .T. ) ;
#1923 = DIRECTION ( 'NONE',  ( 0.000000000000000000, 1.000000000000000000, 0.000000000000000000 ) ) ;
#1924 = DIRECTION ( 'NONE',  ( 0.000000000000000000, 1.000000000000000000, 0.000000000000000000 ) ) ;
#1925 = EDGE_CURVE ( 'NONE', #140, #2432, #531, .T. ) ;
#1926 = LINE ( 'NONE', #702, #2131 ) ;
#1927 = CARTESIAN_POINT ( 'NONE',  ( -110.0000000000000000, -37.00000000000000000, 64.50000000000000000 ) ) ;
#1928 = EDGE_LOOP ( 'NONE', ( #1401, #1976, #2006, #2843 ) ) ;
#1929 = ORIENTED_EDGE ( 'NONE', *, *, #899, .T. ) ;
#1930 = PLANE ( 'NONE',  #2368 ) ;
#1931 = DIRECTION ( 'NONE',  ( -0.000000000000000000, 0.000000000000000000, 1.000000000000000000 ) ) ;
#1932 = VERTEX_POINT ( 'NONE', #2197 ) ;
#1933 = CARTESIAN_POINT ( 'NONE',  ( 100.0000000000000000, -34.00000000000000000, 58.35000000000000853 ) ) ;
#1934 = CARTESIAN_POINT ( 'NONE',  ( 30.00000000000000000, 0.000000000000000000, 46.70000000000000284 ) ) ;
#1935 = ORIENTED_EDGE ( 'NONE', *, *, #1231, .T. ) ;
#1936 = EDGE_LOOP ( 'NONE', ( #1103, #896 ) ) ;
#1937 = EDGE_CURVE ( 'NONE', #2315, #2634, #1719, .T. ) ;
#1938 = DIRECTION ( 'NONE',  ( 0.000000000000000000, 0.000000000000000000, 1.000000000000000000 ) ) ;
#1939 = CARTESIAN_POINT ( 'NONE',  ( 92.00000000000001421, -37.00000000000000000, 64.50000000000000000 ) ) ;
#1940 = VECTOR ( 'NONE', #3123, 1000.000000000000000 ) ;
#1941 = CARTESIAN_POINT ( 'NONE',  ( -110.0000000000000000, -3.000000000000000000, 67.50000000000000000 ) ) ;
#1942 = DIRECTION ( 'NONE',  ( 0.000000000000000000, 0.000000000000000000, -1.000000000000000000 ) ) ;
#1943 = ORIENTED_EDGE ( 'NONE', *, *, #466, .T. ) ;
#1944 = EDGE_CURVE ( 'NONE', #649, #1421, #2399, .T. ) ;
#1945 = CIRCLE ( 'NONE', #1121, 1.599999999999997202 ) ;
#1946 = DIRECTION ( 'NONE',  ( 0.000000000000000000, 1.000000000000000000, 0.000000000000000000 ) ) ;
#1947 = CARTESIAN_POINT ( 'NONE',  ( 100.0000000000000000, 0.000000000000000000, 58.35000000000000853 ) ) ;
#1948 = AXIS2_PLACEMENT_3D ( 'NONE', #2054, #1772, #1559 ) ;
#1949 = VERTEX_POINT ( 'NONE', #940 ) ;
#1950 = LINE ( 'NONE', #1967, #786 ) ;
#1951 = DIRECTION ( 'NONE',  ( -0.000000000000000000, -0.000000000000000000, 1.000000000000000000 ) ) ;
#1952 = ORIENTED_EDGE ( 'NONE', *, *, #2153, .F. ) ;
#1953 = ORIENTED_EDGE ( 'NONE', *, *, #1129, .T. ) ;
#1954 = FACE_BOUND ( 'NONE', #1675, .T. ) ;
#1955 = DIRECTION ( 'NONE',  ( -0.000000000000000000, -0.000000000000000000, 1.000000000000000000 ) ) ;
#1956 = EDGE_CURVE ( 'NONE', #2423, #698, #2883, .T. ) ;
#1957 = CARTESIAN_POINT ( 'NONE',  ( -80.00000000000000000, 0.000000000000000000, -7.700000000000000178 ) ) ;
#1958 = CARTESIAN_POINT ( 'NONE',  ( -47.44322356371700522, -3.000000000000000000, -64.50000000000000000 ) ) ;
#1959 = EDGE_CURVE ( 'NONE', #1686, #1051, #1926, .T. ) ;
#1960 = EDGE_LOOP ( 'NONE', ( #2664, #629, #1638, #2566 ) ) ;
#1961 = VECTOR ( 'NONE', #2243, 1000.000000000000000 ) ;
#1962 = LINE ( 'NONE', #2934, #2982 ) ;
#1963 = PLANE ( 'NONE',  #2102 ) ;
#1964 = EDGE_CURVE ( 'NONE', #2249, #606, #955, .T. ) ;
#1965 = VECTOR ( 'NONE', #2259, 1000.000000000000000 ) ;
#1966 = ORIENTED_EDGE ( 'NONE', *, *, #1614, .T. ) ;
#1967 = CARTESIAN_POINT ( 'NONE',  ( -0.000000000000000000, -3.000000000000000000, 43.29999999999999716 ) ) ;
#1968 = AXIS2_PLACEMENT_3D ( 'NONE', #533, #3140, #230 ) ;
#1969 = LINE ( 'NONE', #538, #357 ) ;
#1970 = CARTESIAN_POINT ( 'NONE',  ( 110.0000000000000000, -37.00000000000000000, 67.50000000000000000 ) ) ;
#1971 = ORIENTED_EDGE ( 'NONE', *, *, #2383, .T. ) ;
#1972 = DIRECTION ( 'NONE',  ( 0.000000000000000000, 1.000000000000000000, 0.000000000000000000 ) ) ;
#1973 = CARTESIAN_POINT ( 'NONE',  ( -0.000000000000000000, -3.000000000000000000, -4.299999999999999822 ) ) ;
#1974 = VECTOR ( 'NONE', #521, 1000.000000000000000 ) ;
#1975 = DIRECTION ( 'NONE',  ( -0.000000000000000000, 1.000000000000000000, -0.000000000000000000 ) ) ;
#1976 = ORIENTED_EDGE ( 'NONE', *, *, #193, .T. ) ;
#1977 = DIRECTION ( 'NONE',  ( 0.000000000000000000, -1.000000000000000000, 0.000000000000000000 ) ) ;
#1978 = ADVANCED_FACE ( 'NONE', ( #1202 ), #2181, .T. ) ;
#1979 = DIRECTION ( 'NONE',  ( 0.000000000000000000, 1.000000000000000000, 0.000000000000000000 ) ) ;
#1980 = EDGE_LOOP ( 'NONE', ( #919, #2573 ) ) ;
#1981 = CARTESIAN_POINT ( 'NONE',  ( 81.00000000000000000, 0.000000000000000000, -26.30000000000000071 ) ) ;
#1982 = CARTESIAN_POINT ( 'NONE',  ( 0.000000000000000000, -3.000000000000000000, 46.70000000000000284 ) ) ;
#1983 = CARTESIAN_POINT ( 'NONE',  ( 95.00000000000000000, -4.000000000000000000, -52.00000000000000000 ) ) ;
#1984 = EDGE_LOOP ( 'NONE', ( #1881, #2998, #2287, #943 ) ) ;
#1985 = FACE_BOUND ( 'NONE', #613, .T. ) ;
#1986 = DIRECTION ( 'NONE',  ( 1.000000000000000000, 0.000000000000000000, 0.000000000000000000 ) ) ;
#1987 = CARTESIAN_POINT ( 'NONE',  ( -80.00000000000000000, -3.000000000000000000, -7.700000000000000178 ) ) ;
#1988 = CARTESIAN_POINT ( 'NONE',  ( -68.00000000000000000, -3.000000000000000000, -0.000000000000000000 ) ) ;
#1989 = DIRECTION ( 'NONE',  ( 0.000000000000000000, 0.000000000000000000, 1.000000000000000000 ) ) ;
#1990 = CC_DESIGN_APPROVAL ( #2690, ( #1170 ) ) ;
#1991 = DIRECTION ( 'NONE',  ( 0.000000000000000000, -0.000000000000000000, 1.000000000000000000 ) ) ;
#1992 = EDGE_CURVE ( 'NONE', #1108, #936, #1158, .T. ) ;
#1993 = ORIENTED_EDGE ( 'NONE', *, *, #1028, .T. ) ;
#1994 = FACE_OUTER_BOUND ( 'NONE', #1127, .T. ) ;
#1995 = CARTESIAN_POINT ( 'NONE',  ( -48.00000000000000000, -7.000000000000000000, -18.00000000000000000 ) ) ;
#1996 = CARTESIAN_POINT ( 'NONE',  ( -48.55677643628300189, -3.000000000000001776, -64.50000000000000000 ) ) ;
#1997 = AXIS2_PLACEMENT_3D ( 'NONE', #1317, #93, #2498 ) ;
#1998 = ORIENTED_EDGE ( 'NONE', *, *, #1231, .F. ) ;
#1999 = CARTESIAN_POINT ( 'NONE',  ( 100.0000000000000000, -30.00000000000000000, -57.00000000000000000 ) ) ;
#2000 = CARTESIAN_POINT ( 'NONE',  ( 1.000000000000000000, -4.000000000000000000, 46.70000000000000284 ) ) ;
#2001 = EDGE_CURVE ( 'NONE', #2097, #2216, #2739, .T. ) ;
#2002 = PLANE ( 'NONE',  #2400 ) ;
#2003 = COORDINATED_UNIVERSAL_TIME_OFFSET ( 8, 0, .AHEAD. ) ;
#2004 = DIRECTION ( 'NONE',  ( 0.000000000000000000, 1.000000000000000000, 0.000000000000000000 ) ) ;
#2005 = DIRECTION ( 'NONE',  ( 0.000000000000000000, 0.000000000000000000, 1.000000000000000000 ) ) ;
#2006 = ORIENTED_EDGE ( 'NONE', *, *, #591, .T. ) ;
#2007 = VECTOR ( 'NONE', #2179, 1000.000000000000000 ) ;
#2008 = EDGE_LOOP ( 'NONE', ( #3142, #1045, #3158, #1262 ) ) ;
#2009 = CARTESIAN_POINT ( 'NONE',  ( 96.00000000000000000, -7.000000000000000000, -12.00000000000000000 ) ) ;
#2010 = DIRECTION ( 'NONE',  ( -0.000000000000000000, 1.000000000000000000, -0.000000000000000000 ) ) ;
#2011 = FACE_OUTER_BOUND ( 'NONE', #1295, .T. ) ;
#2012 = AXIS2_PLACEMENT_3D ( 'NONE', #1102, #3020, #3038 ) ;
#2013 = ORIENTED_EDGE ( 'NONE', *, *, #1867, .F. ) ;
#2014 = AXIS2_PLACEMENT_3D ( 'NONE', #1464, #2218, #2725 ) ;
#2015 = CARTESIAN_POINT ( 'NONE',  ( -93.55677643628301610, -3.000000000000001776, -64.50000000000000000 ) ) ;
#2016 = EDGE_CURVE ( 'NONE', #3075, #389, #1252, .T. ) ;
#2017 = CARTESIAN_POINT ( 'NONE',  ( 100.0000000000000000, -2.999999999999999112, -62.00000000000000711 ) ) ;
#2018 = AXIS2_PLACEMENT_3D ( 'NONE', #1366, #2306, #642 ) ;
#2019 = DIRECTION ( 'NONE',  ( 0.000000000000000000, 0.000000000000000000, 1.000000000000000000 ) ) ;
#2020 = CALENDAR_DATE ( 2026, 26, 7 ) ;
#2021 = AXIS2_PLACEMENT_3D ( 'NONE', #1099, #360, #2763 ) ;
#2022 = LINE ( 'NONE', #354, #777 ) ;
#2023 = ADVANCED_FACE ( 'NONE', ( #2962 ), #3006, .F. ) ;
#2024 = CARTESIAN_POINT ( 'NONE',  ( -48.00000000000000000, -7.000000000000000000, -63.00000000000000000 ) ) ;
#2025 = ORIENTED_EDGE ( 'NONE', *, *, #929, .F. ) ;
#2026 = ORIENTED_EDGE ( 'NONE', *, *, #1822, .F. ) ;
#2027 = LINE ( 'NONE', #3000, #225 ) ;
#2028 = CARTESIAN_POINT ( 'NONE',  ( 100.0000000000000000, -30.00000000000000000, 57.00000000000000000 ) ) ;
#2029 = CARTESIAN_POINT ( 'NONE',  ( 28.00000000000000000, -4.000000000000000000, -31.00000000000000000 ) ) ;
#2030 = ORIENTED_EDGE ( 'NONE', *, *, #233, .F. ) ;
#2031 = DIRECTION ( 'NONE',  ( -1.000000000000000000, 0.000000000000000000, -0.000000000000000000 ) ) ;
#2032 = DIRECTION ( 'NONE',  ( 1.000000000000000000, 0.000000000000000000, 0.000000000000000000 ) ) ;
#2033 = EDGE_CURVE ( 'NONE', #1624, #2454, #775, .T. ) ;
#2034 = CARTESIAN_POINT ( 'NONE',  ( 30.00000000000000000, -4.000000000000000000, 46.70000000000000284 ) ) ;
#2035 = DATE_TIME_ROLE ( 'classification_date' ) ;
#2036 = CARTESIAN_POINT ( 'NONE',  ( 69.00000000000000000, -4.000000000000000000, -29.69999999999999929 ) ) ;
#2037 = EDGE_CURVE ( 'NONE', #936, #1108, #1186, .T. ) ;
#2038 = DIRECTION ( 'NONE',  ( 0.000000000000000000, 0.000000000000000000, 1.000000000000000000 ) ) ;
#2039 = EDGE_CURVE ( 'NONE', #1308, #705, #2721, .T. ) ;
#2040 = VERTEX_POINT ( 'NONE', #1492 ) ;
#2041 = VERTEX_POINT ( 'NONE', #2467 ) ;
#2042 = VECTOR ( 'NONE', #1140, 1000.000000000000000 ) ;
#2043 = CYLINDRICAL_SURFACE ( 'NONE', #1590, 1.600000000000004086 ) ;
#2044 = DIRECTION ( 'NONE',  ( 0.000000000000000000, 0.000000000000000000, -1.000000000000000000 ) ) ;
#2045 = AXIS2_PLACEMENT_3D ( 'NONE', #2419, #2199, #513 ) ;
#2046 = ORIENTED_EDGE ( 'NONE', *, *, #1725, .T. ) ;
#2047 = DIRECTION ( 'NONE',  ( 0.000000000000000000, 0.000000000000000000, -1.000000000000000000 ) ) ;
#2048 = VECTOR ( 'NONE', #2523, 1000.000000000000000 ) ;
#2049 = ORIENTED_EDGE ( 'NONE', *, *, #1288, .T. ) ;
#2050 = VECTOR ( 'NONE', #2010, 1000.000000000000000 ) ;
#2051 = CARTESIAN_POINT ( 'NONE',  ( -100.0000000000000000, -34.00000000000000000, -57.00000000000000000 ) ) ;
#2052 = CYLINDRICAL_SURFACE ( 'NONE', #3029, 5.000000000000004441 ) ;
#2053 = DIRECTION ( 'NONE',  ( 1.000000000000000000, 0.000000000000000000, 0.000000000000000000 ) ) ;
#2054 = CARTESIAN_POINT ( 'NONE',  ( 0.000000000000000000, -3.000000000000000000, 30.00000000000000000 ) ) ;
#2055 = EDGE_CURVE ( 'NONE', #620, #1241, #2230, .T. ) ;
#2056 = EDGE_LOOP ( 'NONE', ( #2728, #1615, #1229, #1384 ) ) ;
#2057 = ORIENTED_EDGE ( 'NONE', *, *, #255, .T. ) ;
#2058 = FACE_OUTER_BOUND ( 'NONE', #1936, .T. ) ;
#2059 = FACE_BOUND ( 'NONE', #2679, .T. ) ;
#2060 = ADVANCED_FACE ( 'NONE', ( #812 ), #2291, .F. ) ;
#2061 = PRODUCT_DEFINITION_SHAPE ( 'NONE', 'NONE',  #1785 ) ;
#2062 = ORIENTED_EDGE ( 'NONE', *, *, #1330, .F. ) ;
#2063 = DIRECTION ( 'NONE',  ( 0.000000000000000000, -1.000000000000000000, 0.000000000000000000 ) ) ;
#2064 = CIRCLE ( 'NONE', #2266, 5.000000000000004441 ) ;
#2065 = ORIENTED_EDGE ( 'NONE', *, *, #648, .F. ) ;
#2066 = VECTOR ( 'NONE', #31, 1000.000000000000000 ) ;
#2067 = ORIENTED_EDGE ( 'NONE', *, *, #725, .T. ) ;
#2068 = PLANE ( 'NONE',  #1537 ) ;
#2069 = CARTESIAN_POINT ( 'NONE',  ( 100.0000000000000000, -30.00000000000000000, 58.35000000000000853 ) ) ;
#2070 = VECTOR ( 'NONE', #268, 1000.000000000000000 ) ;
#2071 = VECTOR ( 'NONE', #1946, 1000.000000000000000 ) ;
#2072 = DESIGN_CONTEXT ( 'detailed design', #470, 'design' ) ;
#2073 = CARTESIAN_POINT ( 'NONE',  ( 96.00000000000000000, -3.000000000000000000, -10.39999999999999680 ) ) ;
#2074 = DIRECTION ( 'NONE',  ( -1.000000000000000000, 0.000000000000000000, 0.000000000000000000 ) ) ;
#2075 = EDGE_LOOP ( 'NONE', ( #2093, #2348, #1139, #1415 ) ) ;
#2076 = EDGE_CURVE ( 'NONE', #389, #2394, #288, .T. ) ;
#2077 = ORIENTED_EDGE ( 'NONE', *, *, #1021, .F. ) ;
#2078 = DIRECTION ( 'NONE',  ( 0.000000000000000000, 0.000000000000000000, 1.000000000000000000 ) ) ;
#2079 = CYLINDRICAL_SURFACE ( 'NONE', #1309, 1.599999999999997202 ) ;
#2080 = EDGE_LOOP ( 'NONE', ( #2393, #697, #3114, #2699 ) ) ;
#2081 = CARTESIAN_POINT ( 'NONE',  ( 110.0000000000000000, -37.00000000000000000, -64.50000000000000000 ) ) ;
#2082 = VERTEX_POINT ( 'NONE', #317 ) ;
#2083 = ORIENTED_EDGE ( 'NONE', *, *, #1925, .T. ) ;
#2084 = LINE ( 'NONE', #1571, #2658 ) ;
#2085 = PLANE ( 'NONE',  #2881 ) ;
#2086 = FACE_BOUND ( 'NONE', #3094, .T. ) ;
#2087 = LINE ( 'NONE', #435, #2141 ) ;
#2088 = VERTEX_POINT ( 'NONE', #1781 ) ;
#2089 = ORIENTED_EDGE ( 'NONE', *, *, #2366, .T. ) ;
#2090 = DIRECTION ( 'NONE',  ( 0.000000000000000000, 0.000000000000000000, -1.000000000000000000 ) ) ;
#2091 = FACE_OUTER_BOUND ( 'NONE', #1714, .T. ) ;
#2092 = EDGE_CURVE ( 'NONE', #1374, #2165, #781, .T. ) ;
#2093 = ORIENTED_EDGE ( 'NONE', *, *, #491, .F. ) ;
#2094 = CARTESIAN_POINT ( 'NONE',  ( 96.00000000000000000, -3.000000000000000000, 30.00000000000000000 ) ) ;
#2095 = ORIENTED_EDGE ( 'NONE', *, *, #2433, .F. ) ;
#2096 = EDGE_CURVE ( 'NONE', #2329, #146, #1636, .T. ) ;
#2097 = VERTEX_POINT ( 'NONE', #1987 ) ;
#2098 = VECTOR ( 'NONE', #2507, 1000.000000000000000 ) ;
#2099 = FACE_OUTER_BOUND ( 'NONE', #1803, .T. ) ;
#2100 = DIRECTION ( 'NONE',  ( 0.000000000000000000, 1.000000000000000000, 0.000000000000000000 ) ) ;
#2101 = ADVANCED_FACE ( 'NONE', ( #2244 ), #2002, .F. ) ;
#2102 = AXIS2_PLACEMENT_3D ( 'NONE', #769, #724, #2186 ) ;
#2103 = PLANE ( 'NONE',  #352 ) ;
#2104 = EDGE_LOOP ( 'NONE', ( #1833, #1646, #164, #2241 ) ) ;
#2105 = VERTEX_POINT ( 'NONE', #335 ) ;
#2106 = LINE ( 'NONE', #1612, #251 ) ;
#2107 = DIRECTION ( 'NONE',  ( 0.000000000000000000, -0.000000000000000000, -1.000000000000000000 ) ) ;
#2108 = EDGE_LOOP ( 'NONE', ( #2077, #950, #2827, #789 ) ) ;
#2109 = DIRECTION ( 'NONE',  ( 0.000000000000000000, 0.000000000000000000, -1.000000000000000000 ) ) ;
#2110 = CARTESIAN_POINT ( 'NONE',  ( -93.00000000000000000, -7.000000000000000000, -63.00000000000000000 ) ) ;
#2111 = ORIENTED_EDGE ( 'NONE', *, *, #1770, .T. ) ;
#2112 = CIRCLE ( 'NONE', #729, 5.000000000000004441 ) ;
#2113 = ADVANCED_FACE ( 'NONE', ( #62 ), #1522, .F. ) ;
#2114 = CARTESIAN_POINT ( 'NONE',  ( 96.00000000000000000, -3.000000000000000000, 30.00000000000000000 ) ) ;
#2115 = CARTESIAN_POINT ( 'NONE',  ( 96.00000000000000000, -7.000000000000000000, -12.00000000000000000 ) ) ;
#2116 = AXIS2_PLACEMENT_3D ( 'NONE', #2578, #1362, #2109 ) ;
#2117 = AXIS2_PLACEMENT_3D ( 'NONE', #2477, #503, #247 ) ;
#2118 = DIRECTION ( 'NONE',  ( 0.000000000000000000, 1.000000000000000000, 0.000000000000000000 ) ) ;
#2119 = VERTEX_POINT ( 'NONE', #302 ) ;
#2120 = ORIENTED_EDGE ( 'NONE', *, *, #523, .T. ) ;
#2121 = LINE ( 'NONE', #1851, #145 ) ;
#2122 = ORIENTED_EDGE ( 'NONE', *, *, #1378, .T. ) ;
#2123 = DIRECTION ( 'NONE',  ( 0.000000000000000000, 1.000000000000000000, 0.000000000000000000 ) ) ;
#2124 = FACE_OUTER_BOUND ( 'NONE', #1085, .T. ) ;
#2125 = VERTEX_POINT ( 'NONE', #1284 ) ;
#2126 = VERTEX_POINT ( 'NONE', #1039 ) ;
#2127 = CARTESIAN_POINT ( 'NONE',  ( 30.00000000000000000, 0.000000000000000000, 43.29999999999999716 ) ) ;
#2128 = CARTESIAN_POINT ( 'NONE',  ( 0.000000000000000000, -3.000000000000000000, -12.00000000000000000 ) ) ;
#2129 = EDGE_CURVE ( 'NONE', #705, #1875, #2752, .T. ) ;
#2130 = CARTESIAN_POINT ( 'NONE',  ( -48.00000000000000000, -3.000000000000000000, -18.00000000000000000 ) ) ;
#2131 = VECTOR ( 'NONE', #1443, 1000.000000000000000 ) ;
#2132 = ORIENTED_EDGE ( 'NONE', *, *, #1621, .F. ) ;
#2133 = ORIENTED_EDGE ( 'NONE', *, *, #756, .F. ) ;
#2134 = DIRECTION ( 'NONE',  ( 0.000000000000000000, 1.000000000000000000, 0.000000000000000000 ) ) ;
#2135 = EDGE_CURVE ( 'NONE', #105, #2088, #1365, .T. ) ;
#2136 = EDGE_LOOP ( 'NONE', ( #1656, #1514, #2527, #2300 ) ) ;
#2137 = DIRECTION ( 'NONE',  ( 1.000000000000000000, 0.000000000000000000, 0.000000000000000000 ) ) ;
#2138 = CARTESIAN_POINT ( 'NONE',  ( 96.00000000000000000, -7.000000000000000000, 31.60000000000000142 ) ) ;
#2139 = VERTEX_POINT ( 'NONE', #2127 ) ;
#2140 = ORIENTED_EDGE ( 'NONE', *, *, #1042, .F. ) ;
#2141 = VECTOR ( 'NONE', #2385, 1000.000000000000000 ) ;
#2142 = DIRECTION ( 'NONE',  ( 0.000000000000000000, 0.000000000000000000, -1.000000000000000000 ) ) ;
#2143 = FACE_OUTER_BOUND ( 'NONE', #522, .T. ) ;
#2144 = DIRECTION ( 'NONE',  ( 0.000000000000000000, -0.000000000000000000, 1.000000000000000000 ) ) ;
#2145 = CARTESIAN_POINT ( 'NONE',  ( -100.0000000000000000, -30.00000000000000000, -55.64999999999999858 ) ) ;
#2146 = VECTOR ( 'NONE', #432, 1000.000000000000000 ) ;
#2147 = CYLINDRICAL_SURFACE ( 'NONE', #2501, 5.000000000000004441 ) ;
#2148 = ORIENTED_EDGE ( 'NONE', *, *, #797, .F. ) ;
#2149 = ORIENTED_EDGE ( 'NONE', *, *, #2657, .T. ) ;
#2150 = EDGE_CURVE ( 'NONE', #1219, #1176, #2302, .T. ) ;
#2151 = CARTESIAN_POINT ( 'NONE',  ( 96.00000000000000000, -3.000000000000000000, 31.60000000000000142 ) ) ;
#2152 = EDGE_LOOP ( 'NONE', ( #1478, #1654, #2646, #1611 ) ) ;
#2153 = EDGE_CURVE ( 'NONE', #278, #3163, #1332, .T. ) ;
#2154 = LINE ( 'NONE', #888, #2525 ) ;
#2155 = LINE ( 'NONE', #2891, #640 ) ;
#2156 = VERTEX_POINT ( 'NONE', #2363 ) ;
#2157 = ORIENTED_EDGE ( 'NONE', *, *, #1079, .F. ) ;
#2158 = CC_DESIGN_PERSON_AND_ORGANIZATION_ASSIGNMENT ( #1304, #560, ( #1785 ) ) ;
#2159 = CARTESIAN_POINT ( 'NONE',  ( -110.0000000000000000, 0.000000000000000000, 67.50000000000000000 ) ) ;
#2160 = DIRECTION ( 'NONE',  ( 0.000000000000000000, -1.000000000000000000, 0.000000000000000000 ) ) ;
#2161 = AXIS2_PLACEMENT_3D ( 'NONE', #2000, #1986, #764 ) ;
#2162 = DIRECTION ( 'NONE',  ( 1.000000000000000000, 0.000000000000000000, 0.000000000000000000 ) ) ;
#2163 = AXIS2_PLACEMENT_3D ( 'NONE', #1214, #2380, #1441 ) ;
#2164 = CARTESIAN_POINT ( 'NONE',  ( -22.00000000000000000, 0.000000000000000000, -4.299999999999999822 ) ) ;
#2165 = VERTEX_POINT ( 'NONE', #1347 ) ;
#2166 = CIRCLE ( 'NONE', #783, 1.600000000000004086 ) ;
#2167 = ORIENTED_EDGE ( 'NONE', *, *, #1533, .T. ) ;
#2168 = FACE_OUTER_BOUND ( 'NONE', #1131, .T. ) ;
#2169 = FACE_OUTER_BOUND ( 'NONE', #550, .T. ) ;
#2170 = CIRCLE ( 'NONE', #2018, 1.350000000000004086 ) ;
#2171 = AXIS2_PLACEMENT_3D ( 'NONE', #2896, #194, #1184 ) ;
#2172 = EDGE_CURVE ( 'NONE', #1932, #2650, #1020, .T. ) ;
#2173 = ORIENTED_EDGE ( 'NONE', *, *, #548, .F. ) ;
#2174 = DIRECTION ( 'NONE',  ( 1.000000000000000000, 0.000000000000000000, 0.000000000000000000 ) ) ;
#2175 = LINE ( 'NONE', #1391, #1718 ) ;
#2176 = ORIENTED_EDGE ( 'NONE', *, *, #2621, .T. ) ;
#2177 = VERTEX_POINT ( 'NONE', #875 ) ;
#2178 = DIRECTION ( 'NONE',  ( 1.000000000000000000, 0.000000000000000000, 0.000000000000000000 ) ) ;
#2179 = DIRECTION ( 'NONE',  ( 0.000000000000000000, 0.000000000000000000, -1.000000000000000000 ) ) ;
#2180 = EDGE_CURVE ( 'NONE', #403, #439, #3102, .T. ) ;
#2181 = PLANE ( 'NONE',  #2696 ) ;
#2182 = CARTESIAN_POINT ( 'NONE',  ( -48.00000000000000000, -3.000000000000000000, -63.00000000000000000 ) ) ;
#2183 = ORIENTED_EDGE ( 'NONE', *, *, #1299, .T. ) ;
#2184 = ORIENTED_EDGE ( 'NONE', *, *, #1731, .T. ) ;
#2185 = FACE_OUTER_BOUND ( 'NONE', #197, .T. ) ;
#2186 = DIRECTION ( 'NONE',  ( 0.000000000000000000, 0.000000000000000000, -1.000000000000000000 ) ) ;
#2187 = EDGE_LOOP ( 'NONE', ( #2933, #1869, #2684, #3100 ) ) ;
#2188 = FACE_OUTER_BOUND ( 'NONE', #2780, .T. ) ;
#2189 = EDGE_CURVE ( 'NONE', #2388, #1159, #2349, .T. ) ;
#2190 = LINE ( 'NONE', #1630, #1814 ) ;
#2191 = EDGE_LOOP ( 'NONE', ( #1067, #1921, #1237, #2120 ) ) ;
#2192 = EDGE_LOOP ( 'NONE', ( #694, #1405, #872, #684 ) ) ;
#2193 = DIRECTION ( 'NONE',  ( -1.000000000000000000, -0.000000000000000000, -0.000000000000000000 ) ) ;
#2194 = EDGE_CURVE ( 'NONE', #2233, #2082, #607, .T. ) ;
#2195 = PLANE ( 'NONE',  #677 ) ;
#2196 = AXIS2_PLACEMENT_3D ( 'NONE', #848, #1831, #2804 ) ;
#2197 = CARTESIAN_POINT ( 'NONE',  ( 96.00000000000000000, -3.000000000000000000, 28.39999999999999503 ) ) ;
#2198 = EDGE_CURVE ( 'NONE', #3147, #1841, #1633, .T. ) ;
#2199 = DIRECTION ( 'NONE',  ( 0.000000000000000000, 1.000000000000000000, 0.000000000000000000 ) ) ;
#2200 = VECTOR ( 'NONE', #2661, 1000.000000000000000 ) ;
#2201 = ORIENTED_EDGE ( 'NONE', *, *, #289, .T. ) ;
#2202 = CIRCLE ( 'NONE', #2809, 5.000000000000004441 ) ;
#2203 = DIRECTION ( 'NONE',  ( 0.000000000000000000, 1.000000000000000000, 0.000000000000000000 ) ) ;
#2204 = CARTESIAN_POINT ( 'NONE',  ( 69.00000000000000000, -4.000000000000000000, -26.30000000000000071 ) ) ;
#2205 = AXIS2_PLACEMENT_3D ( 'NONE', #2918, #2235, #37 ) ;
#2206 = ORIENTED_EDGE ( 'NONE', *, *, #2662, .F. ) ;
#2207 = DIRECTION ( 'NONE',  ( 0.000000000000000000, 0.000000000000000000, -1.000000000000000000 ) ) ;
#2208 = CARTESIAN_POINT ( 'NONE',  ( 100.0000000000000000, -30.00000000000000000, -55.64999999999999858 ) ) ;
#2209 = CARTESIAN_POINT ( 'NONE',  ( -47.44322356371700522, -7.000000000000000000, -64.50000000000000000 ) ) ;
#2210 = ORIENTED_EDGE ( 'NONE', *, *, #2586, .F. ) ;
#2211 = CARTESIAN_POINT ( 'NONE',  ( -100.0000000000000000, -30.00000000000000000, 57.00000000000000000 ) ) ;
#2212 = DIRECTION ( 'NONE',  ( -1.000000000000000000, 0.000000000000000000, 0.000000000000000000 ) ) ;
#2213 = EDGE_CURVE ( 'NONE', #1241, #2394, #413, .T. ) ;
#2214 = LINE ( 'NONE', #1476, #172 ) ;
#2215 = CARTESIAN_POINT ( 'NONE',  ( 100.0000000000000000, 0.000000000000000000, 57.00000000000000000 ) ) ;
#2216 = VERTEX_POINT ( 'NONE', #1150 ) ;
#2217 = AXIS2_PLACEMENT_3D ( 'NONE', #3009, #2741, #546 ) ;
#2218 = DIRECTION ( 'NONE',  ( 0.000000000000000000, 1.000000000000000000, 0.000000000000000000 ) ) ;
#2219 = FACE_OUTER_BOUND ( 'NONE', #30, .T. ) ;
#2220 = VECTOR ( 'NONE', #2193, 1000.000000000000000 ) ;
#2221 = ORIENTED_EDGE ( 'NONE', *, *, #2055, .T. ) ;
#2222 = AXIS2_PLACEMENT_3D ( 'NONE', #1470, #2444, #250 ) ;
#2223 = FACE_OUTER_BOUND ( 'NONE', #2075, .T. ) ;
#2224 = AXIS2_PLACEMENT_3D ( 'NONE', #1242, #791, #2939 ) ;
#2225 = CYLINDRICAL_SURFACE ( 'NONE', #2964, 1.599999999999997202 ) ;
#2226 = DIRECTION ( 'NONE',  ( 0.000000000000000000, 1.000000000000000000, 0.000000000000000000 ) ) ;
#2227 = ORIENTED_EDGE ( 'NONE', *, *, #1545, .F. ) ;
#2228 = CARTESIAN_POINT ( 'NONE',  ( -80.00000000000000000, 0.000000000000000000, -4.299999999999999822 ) ) ;
#2229 = DIRECTION ( 'NONE',  ( 0.000000000000000000, 0.000000000000000000, -1.000000000000000000 ) ) ;
#2230 = LINE ( 'NONE', #46, #2938 ) ;
#2231 = APPLICATION_PROTOCOL_DEFINITION ( 'international standard', 'config_control_design', 1994, #855 ) ;
#2232 = EDGE_CURVE ( 'NONE', #2041, #486, #1394, .T. ) ;
#2233 = VERTEX_POINT ( 'NONE', #2321 ) ;
#2234 = LINE ( 'NONE', #2680, #2275 ) ;
#2235 = DIRECTION ( 'NONE',  ( 0.000000000000000000, 1.000000000000000000, 0.000000000000000000 ) ) ;
#2236 = EDGE_LOOP ( 'NONE', ( #1003, #2923, #2885, #589 ) ) ;
#2237 = LINE ( 'NONE', #2714, #482 ) ;
#2238 = CARTESIAN_POINT ( 'NONE',  ( -34.00000000000000000, 0.000000000000000000, -7.700000000000000178 ) ) ;
#2239 = CARTESIAN_POINT ( 'NONE',  ( 81.00000000000000000, 0.000000000000000000, 46.70000000000000284 ) ) ;
#2240 = ADVANCED_FACE ( 'NONE', ( #128 ), #3087, .T. ) ;
#2241 = ORIENTED_EDGE ( 'NONE', *, *, #1378, .F. ) ;
#2242 = LINE ( 'NONE', #75, #1760 ) ;
#2243 = DIRECTION ( 'NONE',  ( -0.000000000000000000, -0.000000000000000000, 1.000000000000000000 ) ) ;
#2244 = FACE_OUTER_BOUND ( 'NONE', #38, .T. ) ;
#2245 = APPROVAL_ROLE ( '' ) ;
#2246 = DIRECTION ( 'NONE',  ( 0.000000000000000000, 0.000000000000000000, -1.000000000000000000 ) ) ;
#2247 = CIRCLE ( 'NONE', #148, 1.350000000000004086 ) ;
#2248 = CARTESIAN_POINT ( 'NONE',  ( -110.0000000000000000, -3.000000000000000000, -67.50000000000000000 ) ) ;
#2249 = VERTEX_POINT ( 'NONE', #1828 ) ;
#2250 = VECTOR ( 'NONE', #2955, 1000.000000000000000 ) ;
#2251 = EDGE_CURVE ( 'NONE', #3028, #1721, #913, .T. ) ;
#2252 = ORIENTED_EDGE ( 'NONE', *, *, #882, .F. ) ;
#2253 = DIRECTION ( 'NONE',  ( 0.000000000000000000, -0.000000000000000000, -1.000000000000000000 ) ) ;
#2254 = LINE ( 'NONE', #520, #1281 ) ;
#2255 = CARTESIAN_POINT ( 'NONE',  ( 42.00000000000000000, 0.000000000000000000, 43.29999999999999716 ) ) ;
#2256 = AXIS2_PLACEMENT_3D ( 'NONE', #2130, #1414, #400 ) ;
#2257 = ORIENTED_EDGE ( 'NONE', *, *, #823, .T. ) ;
#2258 = EDGE_CURVE ( 'NONE', #1595, #3059, #1945, .T. ) ;
#2259 = DIRECTION ( 'NONE',  ( -1.000000000000000000, 0.000000000000000000, 0.000000000000000000 ) ) ;
#2260 = FACE_OUTER_BOUND ( 'NONE', #107, .T. ) ;
#2261 = CC_DESIGN_DATE_AND_TIME_ASSIGNMENT ( #1023, #2035, ( #1170 ) ) ;
#2262 = DIRECTION ( 'NONE',  ( -0.000000000000000000, 0.000000000000000000, 1.000000000000000000 ) ) ;
#2263 = CARTESIAN_POINT ( 'NONE',  ( 100.0000000000000000, -30.00000000000000000, -52.00000000000000000 ) ) ;
#2264 = DIRECTION ( 'NONE',  ( -1.000000000000000000, 0.000000000000000000, 0.000000000000000000 ) ) ;
#2265 = ORIENTED_EDGE ( 'NONE', *, *, #523, .F. ) ;
#2266 = AXIS2_PLACEMENT_3D ( 'NONE', #1650, #2910, #2642 ) ;
#2267 = ORIENTED_EDGE ( 'NONE', *, *, #1475, .T. ) ;
#2268 = LINE ( 'NONE', #804, #1142 ) ;
#2269 = CARTESIAN_POINT ( 'NONE',  ( -80.00000000000000000, -3.000000000000000000, -0.000000000000000000 ) ) ;
#2270 = CARTESIAN_POINT ( 'NONE',  ( -100.0000000000000000, -30.00000000000000000, 52.00000000000000000 ) ) ;
#2271 = VECTOR ( 'NONE', #700, 1000.000000000000000 ) ;
#2272 = EDGE_CURVE ( 'NONE', #1308, #2423, #2084, .T. ) ;
#2273 = ORIENTED_EDGE ( 'NONE', *, *, #2403, .F. ) ;
#2274 = VECTOR ( 'NONE', #312, 1000.000000000000000 ) ;
#2275 = VECTOR ( 'NONE', #1737, 1000.000000000000000 ) ;
#2276 = CARTESIAN_POINT ( 'NONE',  ( -100.0000000000000000, -34.00000000000000000, -58.35000000000000853 ) ) ;
#2277 = DIRECTION ( 'NONE',  ( 0.000000000000000000, -1.000000000000000000, 0.000000000000000000 ) ) ;
#2278 = DIRECTION ( 'NONE',  ( 0.000000000000000000, 1.000000000000000000, 0.000000000000000000 ) ) ;
#2279 = PERSON_AND_ORGANIZATION_ROLE ( 'creator' ) ;
#2280 = EDGE_CURVE ( 'NONE', #1724, #1849, #3055, .T. ) ;
#2281 = CARTESIAN_POINT ( 'NONE',  ( -41.99999999999999289, -37.00000000000000000, 64.50000000000000000 ) ) ;
#2282 = CARTESIAN_POINT ( 'NONE',  ( 1.000000000000000000, 0.000000000000000000, 46.70000000000000284 ) ) ;
#2283 = EDGE_LOOP ( 'NONE', ( #2604, #1582, #2900, #346 ) ) ;
#2284 = ORIENTED_EDGE ( 'NONE', *, *, #1012, .F. ) ;
#2285 = DIRECTION ( 'NONE',  ( 0.000000000000000000, 0.000000000000000000, 1.000000000000000000 ) ) ;
#2286 = DIRECTION ( 'NONE',  ( -0.000000000000000000, 1.000000000000000000, -0.000000000000000000 ) ) ;
#2287 = ORIENTED_EDGE ( 'NONE', *, *, #1466, .F. ) ;
#2288 = LINE ( 'NONE', #2081, #1862 ) ;
#2289 = ORIENTED_EDGE ( 'NONE', *, *, #141, .T. ) ;
#2290 = EDGE_CURVE ( 'NONE', #3080, #2156, #641, .T. ) ;
#2291 = CYLINDRICAL_SURFACE ( 'NONE', #2770, 1.350000000000004086 ) ;
#2292 = CALENDAR_DATE ( 2026, 26, 7 ) ;
#2293 = ADVANCED_FACE ( 'NONE', ( #349 ), #2068, .F. ) ;
#2294 = DIRECTION ( 'NONE',  ( -0.000000000000000000, 1.000000000000000000, -0.000000000000000000 ) ) ;
#2295 = LINE ( 'NONE', #355, #2765 ) ;
#2296 = ORIENTED_EDGE ( 'NONE', *, *, #1253, .F. ) ;
#2297 = ORIENTED_EDGE ( 'NONE', *, *, #973, .F. ) ;
#2298 = CARTESIAN_POINT ( 'NONE',  ( 1.959434878635764984E-16, -7.000000000000000000, -13.60000000000000142 ) ) ;
#2299 = CARTESIAN_POINT ( 'NONE',  ( 100.0000000000000000, 0.000000000000000000, 57.00000000000000000 ) ) ;
#2300 = ORIENTED_EDGE ( 'NONE', *, *, #3093, .T. ) ;
#2301 = LINE ( 'NONE', #106, #630 ) ;
#2302 = CIRCLE ( 'NONE', #614, 5.000000000000004441 ) ;
#2303 = VERTEX_POINT ( 'NONE', #1118 ) ;
#2304 = EDGE_LOOP ( 'NONE', ( #1174, #1708, #1016, #895 ) ) ;
#2305 = DIRECTION ( 'NONE',  ( 0.000000000000000000, 0.000000000000000000, 1.000000000000000000 ) ) ;
#2306 = DIRECTION ( 'NONE',  ( 0.000000000000000000, 1.000000000000000000, 0.000000000000000000 ) ) ;
#2307 = ADVANCED_FACE ( 'NONE', ( #2099 ), #1484, .F. ) ;
#2308 = PLANE ( 'NONE',  #1859 ) ;
#2309 = LINE ( 'NONE', #1577, #155 ) ;
#2310 = EDGE_LOOP ( 'NONE', ( #1569, #2588 ) ) ;
#2311 = ORIENTED_EDGE ( 'NONE', *, *, #2519, .T. ) ;
#2312 = DIRECTION ( 'NONE',  ( 0.000000000000000000, 1.000000000000000000, 0.000000000000000000 ) ) ;
#2313 = DIRECTION ( 'NONE',  ( 0.000000000000000000, 0.000000000000000000, 1.000000000000000000 ) ) ;
#2314 = ADVANCED_FACE ( 'NONE', ( #671 ), #759, .F. ) ;
#2315 = VERTEX_POINT ( 'NONE', #2238 ) ;
#2316 = DIRECTION ( 'NONE',  ( 0.000000000000000000, 1.000000000000000000, 0.000000000000000000 ) ) ;
#2317 = VECTOR ( 'NONE', #542, 1000.000000000000000 ) ;
#2318 = CARTESIAN_POINT ( 'NONE',  ( -93.00000000000000000, -7.000000000000000000, -18.00000000000000000 ) ) ;
#2319 = VECTOR ( 'NONE', #1824, 1000.000000000000000 ) ;
#2320 = ORIENTED_EDGE ( 'NONE', *, *, #2738, .T. ) ;
#2321 = CARTESIAN_POINT ( 'NONE',  ( 110.0000000000000000, 0.000000000000000000, 67.50000000000000000 ) ) ;
#2322 = DIRECTION ( 'NONE',  ( 0.000000000000000000, 1.000000000000000000, 0.000000000000000000 ) ) ;
#2323 = AXIS2_PLACEMENT_3D ( 'NONE', #1844, #624, #1395 ) ;
#2324 = AXIS2_PLACEMENT_3D ( 'NONE', #1908, #923, #2947 ) ;
#2325 = FACE_BOUND ( 'NONE', #2192, .T. ) ;
#2326 = EDGE_CURVE ( 'NONE', #2125, #3147, #1274, .T. ) ;
#2327 = CARTESIAN_POINT ( 'NONE',  ( -93.00000000000000000, -7.000000000000000000, -61.39999999999999858 ) ) ;
#2328 = ORIENTED_EDGE ( 'NONE', *, *, #3026, .F. ) ;
#2329 = VERTEX_POINT ( 'NONE', #1758 ) ;
#2330 = DIRECTION ( 'NONE',  ( 0.000000000000000000, 1.000000000000000000, 0.000000000000000000 ) ) ;
#2331 = LINE ( 'NONE', #136, #67 ) ;
#2332 = ORIENTED_EDGE ( 'NONE', *, *, #2076, .T. ) ;
#2333 = ADVANCED_FACE ( 'NONE', ( #2863 ), #2225, .T. ) ;
#2334 = CARTESIAN_POINT ( 'NONE',  ( -93.00000000000000000, -3.000000000000000000, -63.00000000000000000 ) ) ;
#2335 = EDGE_LOOP ( 'NONE', ( #1825, #2057, #1452, #3146 ) ) ;
#2336 = DIRECTION ( 'NONE',  ( 0.000000000000000000, -1.000000000000000000, 0.000000000000000000 ) ) ;
#2337 = FACE_OUTER_BOUND ( 'NONE', #344, .T. ) ;
#2338 = CARTESIAN_POINT ( 'NONE',  ( 28.00000000000000000, -3.000000000000000000, 0.000000000000000000 ) ) ;
#2339 = ORIENTED_EDGE ( 'NONE', *, *, #2180, .T. ) ;
#2340 = VERTEX_POINT ( 'NONE', #2701 ) ;
#2341 = PLANE ( 'NONE',  #2344 ) ;
#2342 = DIRECTION ( 'NONE',  ( 0.000000000000000000, 0.000000000000000000, 1.000000000000000000 ) ) ;
#2343 = ADVANCED_FACE ( 'NONE', ( #1742, #56 ), #2969, .F. ) ;
#2344 = AXIS2_PLACEMENT_3D ( 'NONE', #1417, #2406, #1641 ) ;
#2345 = ORIENTED_EDGE ( 'NONE', *, *, #1752, .T. ) ;
#2346 = DIRECTION ( 'NONE',  ( 0.000000000000000000, 0.000000000000000000, 1.000000000000000000 ) ) ;
#2347 = VERTEX_POINT ( 'NONE', #191 ) ;
#2348 = ORIENTED_EDGE ( 'NONE', *, *, #1353, .F. ) ;
#2349 = LINE ( 'NONE', #1086, #2862 ) ;
#2350 = DIRECTION ( 'NONE',  ( -1.000000000000000000, 0.000000000000000000, -0.000000000000000000 ) ) ;
#2351 = CC_DESIGN_PERSON_AND_ORGANIZATION_ASSIGNMENT ( #767, #2279, ( #301 ) ) ;
#2352 = CARTESIAN_POINT ( 'NONE',  ( 1.959434878635764984E-16, -7.000000000000000000, 28.39999999999999858 ) ) ;
#2353 = EDGE_LOOP ( 'NONE', ( #985, #3155, #1246, #2729 ) ) ;
#2354 = EDGE_LOOP ( 'NONE', ( #2703, #2095, #918 ) ) ;
#2355 = PLANE ( 'NONE',  #3008 ) ;
#2356 = ORIENTED_EDGE ( 'NONE', *, *, #2628, .T. ) ;
#2357 = FACE_OUTER_BOUND ( 'NONE', #2283, .T. ) ;
#2358 = ADVANCED_FACE ( 'NONE', ( #28 ), #2733, .F. ) ;
#2359 = CARTESIAN_POINT ( 'NONE',  ( -110.0000000000000000, -37.00000000000000000, -64.50000000000000000 ) ) ;
#2360 = ORIENTED_EDGE ( 'NONE', *, *, #1236, .T. ) ;
#2361 = ORIENTED_EDGE ( 'NONE', *, *, #2973, .F. ) ;
#2362 = VECTOR ( 'NONE', #1576, 1000.000000000000000 ) ;
#2363 = CARTESIAN_POINT ( 'NONE',  ( -93.00000000000000000, -3.000000000000000000, -61.39999999999999858 ) ) ;
#2364 = DIRECTION ( 'NONE',  ( 0.000000000000000000, 0.000000000000000000, 1.000000000000000000 ) ) ;
#2365 = AXIS2_PLACEMENT_3D ( 'NONE', #444, #1938, #1423 ) ;
#2366 = EDGE_CURVE ( 'NONE', #1457, #105, #746, .T. ) ;
#2367 = VECTOR ( 'NONE', #1501, 1000.000000000000000 ) ;
#2368 = AXIS2_PLACEMENT_3D ( 'NONE', #2456, #516, #1255 ) ;
#2369 = EDGE_CURVE ( 'NONE', #515, #1665, #982, .T. ) ;
#2370 = DIRECTION ( 'NONE',  ( 0.000000000000000000, 0.000000000000000000, -1.000000000000000000 ) ) ;
#2371 = ORIENTED_EDGE ( 'NONE', *, *, #2150, .F. ) ;
#2372 = ORIENTED_EDGE ( 'NONE', *, *, #2280, .T. ) ;
#2373 = CARTESIAN_POINT ( 'NONE',  ( 96.00000000000000000, -7.000000000000000000, 30.00000000000000000 ) ) ;
#2374 = CIRCLE ( 'NONE', #1040, 1.350000000000004086 ) ;
#2375 = VERTEX_POINT ( 'NONE', #2715 ) ;
#2376 = CARTESIAN_POINT ( 'NONE',  ( 42.00000000000000000, -3.000000000000000000, 0.000000000000000000 ) ) ;
#2377 = DIRECTION ( 'NONE',  ( 0.000000000000000000, 0.000000000000000000, 1.000000000000000000 ) ) ;
#2378 = VERTEX_POINT ( 'NONE', #1260 ) ;
#2379 = ORIENTED_EDGE ( 'NONE', *, *, #1513, .F. ) ;
#2380 = DIRECTION ( 'NONE',  ( 0.000000000000000000, 0.000000000000000000, -1.000000000000000000 ) ) ;
#2381 = CARTESIAN_POINT ( 'NONE',  ( -48.00000000000000000, -7.000000000000000000, -18.00000000000000000 ) ) ;
#2382 = CARTESIAN_POINT ( 'NONE',  ( -93.00000000000000000, -7.000000000000000000, -18.00000000000000000 ) ) ;
#2383 = EDGE_CURVE ( 'NONE', #582, #1519, #2254, .T. ) ;
#2384 = DIRECTION ( 'NONE',  ( 1.000000000000000000, 0.000000000000000000, 0.000000000000000000 ) ) ;
#2385 = DIRECTION ( 'NONE',  ( -1.000000000000000000, 0.000000000000000000, 0.000000000000000000 ) ) ;
#2386 = EDGE_CURVE ( 'NONE', #3059, #1205, #1969, .T. ) ;
#2387 = VERTEX_POINT ( 'NONE', #2208 ) ;
#2388 = VERTEX_POINT ( 'NONE', #10 ) ;
#2389 = DIRECTION ( 'NONE',  ( 0.000000000000000000, 1.000000000000000000, 0.000000000000000000 ) ) ;
#2390 = EDGE_LOOP ( 'NONE', ( #1185, #976, #1163, #946 ) ) ;
#2391 = CARTESIAN_POINT ( 'NONE',  ( 69.00000000000000000, -3.000000000000000000, -29.69999999999999929 ) ) ;
#2392 = CARTESIAN_POINT ( 'NONE',  ( 100.0000000000000000, 0.000000000000000000, -55.64999999999999858 ) ) ;
#2393 = ORIENTED_EDGE ( 'NONE', *, *, #1218, .F. ) ;
#2394 = VERTEX_POINT ( 'NONE', #1727 ) ;
#2395 = AXIS2_PLACEMENT_3D ( 'NONE', #227, #3, #1444 ) ;
#2396 = CARTESIAN_POINT ( 'NONE',  ( -100.0000000000000000, 0.000000000000000000, 58.35000000000000853 ) ) ;
#2397 = CARTESIAN_POINT ( 'NONE',  ( -22.00000000000000000, -3.000000000000000000, -4.299999999999999822 ) ) ;
#2398 = AXIS2_PLACEMENT_3D ( 'NONE', #267, #1000, #1243 ) ;
#2399 = LINE ( 'NONE', #258, #1729 ) ;
#2400 = AXIS2_PLACEMENT_3D ( 'NONE', #1555, #2535, #2976 ) ;
#2401 = CARTESIAN_POINT ( 'NONE',  ( 18.00000000000000355, -37.00000000000000000, 67.50000000000000000 ) ) ;
#2402 = ADVANCED_FACE ( 'NONE', ( #1165 ), #1500, .T. ) ;
#2403 = EDGE_CURVE ( 'NONE', #2599, #1051, #1517, .T. ) ;
#2404 = VERTEX_POINT ( 'NONE', #2940 ) ;
#2405 = ORIENTED_EDGE ( 'NONE', *, *, #2150, .T. ) ;
#2406 = DIRECTION ( 'NONE',  ( -0.000000000000000000, 0.000000000000000000, 1.000000000000000000 ) ) ;
#2407 = ADVANCED_FACE ( 'NONE', ( #2143 ), #504, .T. ) ;
#2408 = EDGE_LOOP ( 'NONE', ( #417, #1922, #229, #1647 ) ) ;
#2409 = LINE ( 'NONE', #201, #2929 ) ;
#2410 = CYLINDRICAL_SURFACE ( 'NONE', #2528, 1.350000000000004086 ) ;
#2411 = EDGE_CURVE ( 'NONE', #437, #1703, #2202, .T. ) ;
#2412 = ORIENTED_EDGE ( 'NONE', *, *, #2445, .T. ) ;
#2413 = VERTEX_POINT ( 'NONE', #327 ) ;
#2414 = LINE ( 'NONE', #190, #1038 ) ;
#2415 = DIRECTION ( 'NONE',  ( 0.000000000000000000, -0.000000000000000000, -1.000000000000000000 ) ) ;
#2416 = AXIS2_PLACEMENT_3D ( 'NONE', #2382, #1924, #2144 ) ;
#2417 = CARTESIAN_POINT ( 'NONE',  ( -93.00000000000000000, -7.000000000000000000, -19.60000000000000142 ) ) ;
#2418 = VECTOR ( 'NONE', #650, 1000.000000000000000 ) ;
#2419 = CARTESIAN_POINT ( 'NONE',  ( -100.0000000000000000, -30.00000000000000000, -57.00000000000000000 ) ) ;
#2420 = ORIENTED_EDGE ( 'NONE', *, *, #2842, .T. ) ;
#2421 = CIRCLE ( 'NONE', #2117, 1.599999999999997202 ) ;
#2422 = EDGE_CURVE ( 'NONE', #1895, #2097, #1776, .T. ) ;
#2423 = VERTEX_POINT ( 'NONE', #103 ) ;
#2424 = CARTESIAN_POINT ( 'NONE',  ( -92.44322356371698390, -7.000000000000000000, -64.50000000000000000 ) ) ;
#2425 = CARTESIAN_POINT ( 'NONE',  ( -48.55677643628300189, -7.000000000000000000, -64.50000000000000000 ) ) ;
#2426 = EDGE_LOOP ( 'NONE', ( #341, #664, #3113, #2907 ) ) ;
#2427 = ADVANCED_FACE ( 'NONE', ( #3031 ), #2807, .T. ) ;
#2428 = FACE_OUTER_BOUND ( 'NONE', #2353, .T. ) ;
#2429 = DIRECTION ( 'NONE',  ( -0.000000000000000000, 1.000000000000000000, -0.000000000000000000 ) ) ;
#2430 = AXIS2_PLACEMENT_3D ( 'NONE', #217, #457, #2377 ) ;
#2431 = ORIENTED_EDGE ( 'NONE', *, *, #861, .F. ) ;
#2432 = VERTEX_POINT ( 'NONE', #2298 ) ;
#2433 = EDGE_CURVE ( 'NONE', #1721, #278, #511, .T. ) ;
#2434 = CARTESIAN_POINT ( 'NONE',  ( 92.00000000000001421, -37.00000000000000000, 67.50000000000000000 ) ) ;
#2435 = DIRECTION ( 'NONE',  ( 0.000000000000000000, 0.000000000000000000, -1.000000000000000000 ) ) ;
#2436 = CARTESIAN_POINT ( 'NONE',  ( 96.00000000000000000, -7.000000000000000000, -12.00000000000000000 ) ) ;
#2437 =( NAMED_UNIT ( * ) SI_UNIT ( $, .STERADIAN. ) SOLID_ANGLE_UNIT ( ) );
#2438 = ORIENTED_EDGE ( 'NONE', *, *, #2775, .T. ) ;
#2439 = CARTESIAN_POINT ( 'NONE',  ( -48.00000000000000000, -7.000000000000000000, -61.40000000000000568 ) ) ;
#2440 = DIRECTION ( 'NONE',  ( -1.000000000000000000, 0.000000000000000000, -0.000000000000000000 ) ) ;
#2441 = ORIENTED_EDGE ( 'NONE', *, *, #1279, .T. ) ;
#2442 = DIRECTION ( 'NONE',  ( 1.000000000000000000, -0.000000000000000000, 0.000000000000000000 ) ) ;
#2443 = CARTESIAN_POINT ( 'NONE',  ( 100.0000000000000000, -30.00000000000000000, -57.00000000000000000 ) ) ;
#2444 = DIRECTION ( 'NONE',  ( 1.000000000000000000, 0.000000000000000000, 0.000000000000000000 ) ) ;
#2445 = EDGE_CURVE ( 'NONE', #2735, #2387, #2563, .T. ) ;
#2446 = ORIENTED_EDGE ( 'NONE', *, *, #1034, .T. ) ;
#2447 = DIRECTION ( 'NONE',  ( -0.000000000000000000, 1.000000000000000000, -0.000000000000000000 ) ) ;
#2448 = CARTESIAN_POINT ( 'NONE',  ( 28.00000000000000000, -4.000000000000000000, -31.00000000000000000 ) ) ;
#2449 = AXIS2_PLACEMENT_3D ( 'NONE', #3047, #851, #616 ) ;
#2450 = CARTESIAN_POINT ( 'NONE',  ( -100.0000000000000000, -30.00000000000000000, -62.00000000000000711 ) ) ;
#2451 = DIRECTION ( 'NONE',  ( 0.000000000000000000, 0.000000000000000000, 1.000000000000000000 ) ) ;
#2452 = APPROVAL ( #1266, '未指定' ) ;
#2453 = CC_DESIGN_APPROVAL ( #2452, ( #301 ) ) ;
#2454 = VERTEX_POINT ( 'NONE', #1834 ) ;
#2455 = AXIS2_PLACEMENT_3D ( 'NONE', #593, #859, #891 ) ;
#2456 = CARTESIAN_POINT ( 'NONE',  ( 28.00000000000000000, -4.000000000000000000, -31.00000000000000000 ) ) ;
#2457 = DIRECTION ( 'NONE',  ( 0.000000000000000000, -1.000000000000000000, 0.000000000000000000 ) ) ;
#2458 = CIRCLE ( 'NONE', #1379, 5.000000000000004441 ) ;
#2459 = ORIENTED_EDGE ( 'NONE', *, *, #2600, .F. ) ;
#2460 = CARTESIAN_POINT ( 'NONE',  ( 92.00000000000001421, -3.000000000000000000, 67.50000000000000000 ) ) ;
#2461 = DIRECTION ( 'NONE',  ( 0.000000000000000000, 0.000000000000000000, 1.000000000000000000 ) ) ;
#2462 = CYLINDRICAL_SURFACE ( 'NONE', #1302, 1.600000000000004086 ) ;
#2463 = ORIENTED_EDGE ( 'NONE', *, *, #1410, .T. ) ;
#2464 = ADVANCED_FACE ( 'NONE', ( #1324 ), #311, .T. ) ;
#2465 = CARTESIAN_POINT ( 'NONE',  ( 95.00000000000000000, -4.000000000000000000, -49.00000000000000000 ) ) ;
#2466 = LINE ( 'NONE', #1054, #1346 ) ;
#2467 = CARTESIAN_POINT ( 'NONE',  ( 77.00000000000000000, -3.000000000000002665, 64.50000000000000000 ) ) ;
#2468 =( NAMED_UNIT ( * ) PLANE_ANGLE_UNIT ( ) SI_UNIT ( $, .RADIAN. ) );
#2469 = ORIENTED_EDGE ( 'NONE', *, *, #1944, .T. ) ;
#2470 = ADVANCED_FACE ( 'NONE', ( #1804, #2058 ), #1049, .F. ) ;
#2471 = VECTOR ( 'NONE', #1183, 1000.000000000000000 ) ;
#2472 = DIRECTION ( 'NONE',  ( 0.000000000000000000, 1.000000000000000000, 0.000000000000000000 ) ) ;
#2473 = FACE_OUTER_BOUND ( 'NONE', #1787, .T. ) ;
#2474 = AXIS2_PLACEMENT_3D ( 'NONE', #2334, #1616, #603 ) ;
#2475 = ORIENTED_EDGE ( 'NONE', *, *, #689, .T. ) ;
#2476 = AXIS2_PLACEMENT_3D ( 'NONE', #1589, #1861, #3088 ) ;
#2477 = CARTESIAN_POINT ( 'NONE',  ( -48.00000000000000000, -3.000000000000000000, -18.00000000000000000 ) ) ;
#2478 = VECTOR ( 'NONE', #1900, 1000.000000000000000 ) ;
#2479 = DIRECTION ( 'NONE',  ( 0.000000000000000000, 1.000000000000000000, 0.000000000000000000 ) ) ;
#2480 = CARTESIAN_POINT ( 'NONE',  ( -22.00000000000000000, 0.000000000000000000, -7.700000000000000178 ) ) ;
#2481 = EDGE_LOOP ( 'NONE', ( #1902, #2495 ) ) ;
#2482 = DIRECTION ( 'NONE',  ( -0.000000000000000000, 1.000000000000000000, -0.000000000000000000 ) ) ;
#2483 = LINE ( 'NONE', #1795, #166 ) ;
#2484 = DIRECTION ( 'NONE',  ( -1.000000000000000000, 0.000000000000000000, 0.000000000000000000 ) ) ;
#2485 = APPROVAL_ROLE ( '' ) ;
#2486 = ADVANCED_FACE ( 'NONE', ( #840 ), #1310, .T. ) ;
#2487 = LINE ( 'NONE', #723, #990 ) ;
#2488 = CYLINDRICAL_SURFACE ( 'NONE', #810, 1.599999999999997202 ) ;
#2489 = EDGE_CURVE ( 'NONE', #730, #1495, #1789, .T. ) ;
#2490 = ORIENTED_EDGE ( 'NONE', *, *, #5, .T. ) ;
#2491 = ORIENTED_EDGE ( 'NONE', *, *, #3130, .F. ) ;
#2492 = CARTESIAN_POINT ( 'NONE',  ( -0.000000000000000000, -3.000000000000000000, -26.30000000000000071 ) ) ;
#2493 = DIRECTION ( 'NONE',  ( 1.000000000000000000, 0.000000000000000000, 0.000000000000000000 ) ) ;
#2494 = CARTESIAN_POINT ( 'NONE',  ( 81.00000000000000000, -3.000000000000000000, 0.000000000000000000 ) ) ;
#2495 = ORIENTED_EDGE ( 'NONE', *, *, #2172, .F. ) ;
#2496 = PLANE ( 'NONE',  #424 ) ;
#2497 = FACE_OUTER_BOUND ( 'NONE', #2776, .T. ) ;
#2498 = DIRECTION ( 'NONE',  ( 0.000000000000000000, 0.000000000000000000, 1.000000000000000000 ) ) ;
#2499 = CARTESIAN_POINT ( 'NONE',  ( -100.0000000000000000, 0.000000000000000000, 55.64999999999999858 ) ) ;
#2500 = EDGE_CURVE ( 'NONE', #1666, #2105, #118, .T. ) ;
#2501 = AXIS2_PLACEMENT_3D ( 'NONE', #195, #1866, #1637 ) ;
#2502 = DIRECTION ( 'NONE',  ( -1.000000000000000000, 0.000000000000000000, 0.000000000000000000 ) ) ;
#2503 = ORIENTED_EDGE ( 'NONE', *, *, #1749, .F. ) ;
#2504 = VECTOR ( 'NONE', #1860, 1000.000000000000000 ) ;
#2505 = EDGE_LOOP ( 'NONE', ( #819, #1046, #942, #1631, #2065, #3101, #1446, #1529, #117, #88, #102, #1586, #147, #1598, #507, #1911, #2025, #2949, #126, #2265, #3109, #583 ) ) ;
#2506 = CARTESIAN_POINT ( 'NONE',  ( -68.00000000000000000, 0.000000000000000000, -4.299999999999999822 ) ) ;
#2507 = DIRECTION ( 'NONE',  ( 0.000000000000000000, 0.000000000000000000, -1.000000000000000000 ) ) ;
#2508 = LINE ( 'NONE', #1983, #1872 ) ;
#2509 = VECTOR ( 'NONE', #2589, 1000.000000000000000 ) ;
#2510 = ORIENTED_EDGE ( 'NONE', *, *, #1880, .F. ) ;
#2511 = ADVANCED_FACE ( 'NONE', ( #1580 ), #2747, .F. ) ;
#2512 = LINE ( 'NONE', #555, #2066 ) ;
#2513 = LINE ( 'NONE', #256, #2521 ) ;
#2514 = DIRECTION ( 'NONE',  ( 0.000000000000000000, 1.000000000000000000, 0.000000000000000000 ) ) ;
#2515 = PERSON_AND_ORGANIZATION_ROLE ( 'design_supplier' ) ;
#2517 = DIRECTION ( 'NONE',  ( 0.000000000000000000, 1.000000000000000000, 0.000000000000000000 ) ) ;
#2516 = AXIS2_PLACEMENT_3D ( 'NONE', #1768, #1022, #2019 ) ;
#2518 = LINE ( 'NONE', #2248, #461 ) ;
#2519 = EDGE_CURVE ( 'NONE', #1374, #2315, #1547, .T. ) ;
#2520 = ORIENTED_EDGE ( 'NONE', *, *, #2489, .T. ) ;
#2521 = VECTOR ( 'NONE', #1521, 1000.000000000000000 ) ;
#2522 = ORIENTED_EDGE ( 'NONE', *, *, #1937, .T. ) ;
#2523 = DIRECTION ( 'NONE',  ( -0.000000000000000000, 1.000000000000000000, -0.000000000000000000 ) ) ;
#2524 = FACE_BOUND ( 'NONE', #2108, .T. ) ;
#2525 = VECTOR ( 'NONE', #665, 1000.000000000000000 ) ;
#2526 = ADVANCED_FACE ( 'NONE', ( #86 ), #2043, .T. ) ;
#2527 = ORIENTED_EDGE ( 'NONE', *, *, #2153, .T. ) ;
#2528 = AXIS2_PLACEMENT_3D ( 'NONE', #202, #170, #2652 ) ;
#2529 = VECTOR ( 'NONE', #771, 1000.000000000000000 ) ;
#2530 = DIRECTION ( 'NONE',  ( 0.000000000000000000, 0.000000000000000000, 1.000000000000000000 ) ) ;
#2531 = ORIENTED_EDGE ( 'NONE', *, *, #2818, .F. ) ;
#2532 = ADVANCED_FACE ( 'NONE', ( #584 ), #1564, .T. ) ;
#2533 = ORIENTED_EDGE ( 'NONE', *, *, #1770, .F. ) ;
#2534 = CLOSED_SHELL ( 'NONE', ( #2464, #3053, #2594, #390, #514, #212, #2402, #801, #82, #1360, #1763, #2532, #2869, #2407, #2113, #2993, #1978, #1116, #2681, #1396, #450, #1112, #3085, #1662, #532, #911, #3112, #2990, #2667, #993, #1713, #571, #2427, #897, #367, #2931, #765, #1055, #1270, #2343, #3153, #564, #2470, #1628, #485, #2743, #2060, #1152, #719, #2511, #2486, #644, #2333, #3121, #2890, #36, #2942, #2958, #297, #628, #2526, #2293, #506, #2101, #475, #1606, #1294, #1017, #1032, #1493, #621, #1847, #2314, #1904, #2719, #2686, #838, #52, #2023, #2754, #1702, #2995, #545, #2609, #2358, #2565, #133, #2764, #329, #2307, #1693, #2240, #1527, #778, #2548, #2897, #1074, #3145, #1101, #979 ) ) ;
#2535 = DIRECTION ( 'NONE',  ( 0.000000000000000000, 1.000000000000000000, 0.000000000000000000 ) ) ;
#2536 = VECTOR ( 'NONE', #1050, 1000.000000000000000 ) ;
#2537 = CARTESIAN_POINT ( 'NONE',  ( 110.0000000000000000, -3.000000000000000000, -67.50000000000000000 ) ) ;
#2538 = CARTESIAN_POINT ( 'NONE',  ( 28.00000000000000000, -4.000000000000000000, -49.00000000000000000 ) ) ;
#2539 = ORIENTED_EDGE ( 'NONE', *, *, #91, .T. ) ;
#2540 = VERTEX_POINT ( 'NONE', #2574 ) ;
#2541 = CARTESIAN_POINT ( 'NONE',  ( -48.00000000000000000, -7.000000000000000000, -63.00000000000000000 ) ) ;
#2542 = DIRECTION ( 'NONE',  ( 0.000000000000000000, -1.000000000000000000, 0.000000000000000000 ) ) ;
#2543 = ORIENTED_EDGE ( 'NONE', *, *, #1002, .T. ) ;
#2544 = FACE_OUTER_BOUND ( 'NONE', #2187, .T. ) ;
#2545 = EDGE_CURVE ( 'NONE', #2303, #137, #374, .T. ) ;
#2546 = ORIENTED_EDGE ( 'NONE', *, *, #1330, .T. ) ;
#2547 = VECTOR ( 'NONE', #226, 1000.000000000000000 ) ;
#2548 = ADVANCED_FACE ( 'NONE', ( #391 ), #2887, .T. ) ;
#2549 = ORIENTED_EDGE ( 'NONE', *, *, #2912, .T. ) ;
#2550 = DIRECTION ( 'NONE',  ( -1.000000000000000000, -0.000000000000000000, -0.000000000000000000 ) ) ;
#2551 = FACE_OUTER_BOUND ( 'NONE', #691, .T. ) ;
#2552 = PERSON_AND_ORGANIZATION_ROLE ( 'classification_officer' ) ;
#2553 = LINE ( 'NONE', #2569, #116 ) ;
#2554 = EDGE_CURVE ( 'NONE', #1561, #1162, #1371, .T. ) ;
#2555 = DIRECTION ( 'NONE',  ( 0.000000000000000000, 0.000000000000000000, 1.000000000000000000 ) ) ;
#2556 = ORIENTED_EDGE ( 'NONE', *, *, #956, .F. ) ;
#2557 = ORIENTED_EDGE ( 'NONE', *, *, #1320, .T. ) ;
#2558 = AXIS2_PLACEMENT_3D ( 'NONE', #1927, #3152, #1477 ) ;
#2559 = DIRECTION ( 'NONE',  ( 0.000000000000000000, 1.000000000000000000, 0.000000000000000000 ) ) ;
#2560 = CARTESIAN_POINT ( 'NONE',  ( -80.00000000000000000, -4.000000000000000000, -7.700000000000000178 ) ) ;
#2561 = VERTEX_POINT ( 'NONE', #662 ) ;
#2562 = DIRECTION ( 'NONE',  ( 0.000000000000000000, 0.000000000000000000, -1.000000000000000000 ) ) ;
#2563 = CIRCLE ( 'NONE', #3013, 1.350000000000004086 ) ;
#2564 = LINE ( 'NONE', #363, #1560 ) ;
#2565 = ADVANCED_FACE ( 'NONE', ( #3077 ), #2341, .F. ) ;
#2566 = ORIENTED_EDGE ( 'NONE', *, *, #2545, .F. ) ;
#2567 = CARTESIAN_POINT ( 'NONE',  ( 69.00000000000000000, 0.000000000000000000, -26.30000000000000071 ) ) ;
#2568 = DIRECTION ( 'NONE',  ( 0.000000000000000000, 1.000000000000000000, 0.000000000000000000 ) ) ;
#2569 = CARTESIAN_POINT ( 'NONE',  ( 0.000000000000000000, -7.000000000000000000, -10.40000000000000036 ) ) ;
#2570 = DIRECTION ( 'NONE',  ( 0.000000000000000000, 0.000000000000000000, 1.000000000000000000 ) ) ;
#2571 = EDGE_CURVE ( 'NONE', #1849, #582, #2106, .T. ) ;
#2572 = ORIENTED_EDGE ( 'NONE', *, *, #1621, .T. ) ;
#2573 = ORIENTED_EDGE ( 'NONE', *, *, #447, .F. ) ;
#2574 = CARTESIAN_POINT ( 'NONE',  ( -100.0000000000000000, -30.00000000000000000, 52.00000000000000000 ) ) ;
#2575 = DIRECTION ( 'NONE',  ( 0.000000000000000000, 1.000000000000000000, 0.000000000000000000 ) ) ;
#2576 = VECTOR ( 'NONE', #1267, 1000.000000000000000 ) ;
#2577 = VERTEX_POINT ( 'NONE', #1402 ) ;
#2578 = CARTESIAN_POINT ( 'NONE',  ( -100.0000000000000000, -2.999999999999999112, -57.00000000000000000 ) ) ;
#2579 = CIRCLE ( 'NONE', #2677, 1.350000000000004086 ) ;
#2580 = ORIENTED_EDGE ( 'NONE', *, *, #2092, .F. ) ;
#2581 = VECTOR ( 'NONE', #2384, 1000.000000000000000 ) ;
#2582 = ORIENTED_EDGE ( 'NONE', *, *, #1129, .F. ) ;
#2583 = DIRECTION ( 'NONE',  ( 0.000000000000000000, 1.000000000000000000, 0.000000000000000000 ) ) ;
#2584 = CARTESIAN_POINT ( 'NONE',  ( 28.00000000000000000, -4.000000000000000000, -31.00000000000000000 ) ) ;
#2585 = PLANE ( 'NONE',  #963 ) ;
#2586 = EDGE_CURVE ( 'NONE', #1078, #1850, #2458, .T. ) ;
#2587 = EDGE_LOOP ( 'NONE', ( #2083, #2694, #1640, #1818 ) ) ;
#2588 = ORIENTED_EDGE ( 'NONE', *, *, #591, .F. ) ;
#2589 = DIRECTION ( 'NONE',  ( -0.000000000000000000, -0.000000000000000000, 1.000000000000000000 ) ) ;
#2590 = CARTESIAN_POINT ( 'NONE',  ( 0.000000000000000000, -7.000000000000000000, 30.00000000000000000 ) ) ;
#2591 = ORIENTED_EDGE ( 'NONE', *, *, #2953, .F. ) ;
#2592 = CYLINDRICAL_SURFACE ( 'NONE', #221, 5.000000000000004441 ) ;
#2593 = DIRECTION ( 'NONE',  ( 0.000000000000000000, 1.000000000000000000, 0.000000000000000000 ) ) ;
#2594 = ADVANCED_FACE ( 'NONE', ( #420 ), #1657, .T. ) ;
#2595 = ORIENTED_EDGE ( 'NONE', *, *, #2232, .T. ) ;
#2596 = DIRECTION ( 'NONE',  ( 0.000000000000000000, 1.000000000000000000, 0.000000000000000000 ) ) ;
#2597 = FACE_OUTER_BOUND ( 'NONE', #12, .T. ) ;
#2598 = CARTESIAN_POINT ( 'NONE',  ( 0.000000000000000000, -7.000000000000000000, -12.00000000000000000 ) ) ;
#2599 = VERTEX_POINT ( 'NONE', #1433 ) ;
#2600 = EDGE_CURVE ( 'NONE', #715, #173, #183, .T. ) ;
#2601 = EDGE_LOOP ( 'NONE', ( #1155, #2846, #2503, #1887 ) ) ;
#2602 = DIRECTION ( 'NONE',  ( 0.000000000000000000, 0.000000000000000000, 1.000000000000000000 ) ) ;
#2603 = AXIS2_PLACEMENT_3D ( 'NONE', #51, #1025, #322 ) ;
#2604 = ORIENTED_EDGE ( 'NONE', *, *, #818, .T. ) ;
#2605 = CARTESIAN_POINT ( 'NONE',  ( -110.0000000000000000, -3.000000000000000000, 67.50000000000000000 ) ) ;
#2606 = LINE ( 'NONE', #2359, #3035 ) ;
#2607 = LOCAL_TIME ( 17, 21, 58.00000000000000000, #80 ) ;
#2608 = ORIENTED_EDGE ( 'NONE', *, *, #948, .F. ) ;
#2609 = ADVANCED_FACE ( 'NONE', ( #883 ), #2355, .F. ) ;
#2610 = AXIS2_PLACEMENT_3D ( 'NONE', #1995, #1412, #772 ) ;
#2611 = CARTESIAN_POINT ( 'NONE',  ( 107.0000000000000000, -3.000000000000000000, 0.000000000000000000 ) ) ;
#2612 = FACE_OUTER_BOUND ( 'NONE', #460, .T. ) ;
#2613 = VECTOR ( 'NONE', #2649, 1000.000000000000000 ) ;
#2614 = DIRECTION ( 'NONE',  ( 0.000000000000000000, 1.000000000000000000, 0.000000000000000000 ) ) ;
#2615 = ORIENTED_EDGE ( 'NONE', *, *, #1992, .T. ) ;
#2616 = EDGE_LOOP ( 'NONE', ( #1487, #2595, #442, #1929 ) ) ;
#2617 = CARTESIAN_POINT ( 'NONE',  ( -100.0000000000000000, -30.00000000000000000, -57.00000000000000000 ) ) ;
#2618 = ORIENTED_EDGE ( 'NONE', *, *, #1791, .F. ) ;
#2619 = DIRECTION ( 'NONE',  ( -1.000000000000000000, 0.000000000000000000, 0.000000000000000000 ) ) ;
#2620 = DIRECTION ( 'NONE',  ( 0.000000000000000000, 1.000000000000000000, 0.000000000000000000 ) ) ;
#2621 = EDGE_CURVE ( 'NONE', #2404, #3050, #898, .T. ) ;
#2622 = ORIENTED_EDGE ( 'NONE', *, *, #1671, .F. ) ;
#2623 = ORIENTED_EDGE ( 'NONE', *, *, #2802, .F. ) ;
#2624 = VECTOR ( 'NONE', #2980, 1000.000000000000000 ) ;
#2625 = CARTESIAN_POINT ( 'NONE',  ( 30.00000000000000000, -3.000000000000000000, 0.000000000000000000 ) ) ;
#2626 = CARTESIAN_POINT ( 'NONE',  ( -110.0000000000000000, 0.000000000000000000, 67.50000000000000000 ) ) ;
#2627 = CARTESIAN_POINT ( 'NONE',  ( -78.00000000000000000, -3.000000000000000000, 0.000000000000000000 ) ) ;
#2628 = EDGE_CURVE ( 'NONE', #698, #3054, #1870, .T. ) ;
#2629 = VECTOR ( 'NONE', #1923, 1000.000000000000000 ) ;
#2630 = FACE_OUTER_BOUND ( 'NONE', #2830, .T. ) ;
#2631 = EDGE_LOOP ( 'NONE', ( #1856, #2122, #3069, #1430 ) ) ;
#2632 = EDGE_LOOP ( 'NONE', ( #2952, #1312, #204, #980 ) ) ;
#2633 = DIRECTION ( 'NONE',  ( 0.000000000000000000, 0.000000000000000000, 1.000000000000000000 ) ) ;
#2634 = VERTEX_POINT ( 'NONE', #912 ) ;
#2635 = CARTESIAN_POINT ( 'NONE',  ( -110.0000000000000000, -3.000000000000000000, 67.50000000000000000 ) ) ;
#2636 = CARTESIAN_POINT ( 'NONE',  ( 69.00000000000000000, -4.000000000000000000, -26.30000000000000071 ) ) ;
#2637 = VERTEX_POINT ( 'NONE', #632 ) ;
#2638 = VERTEX_POINT ( 'NONE', #1898 ) ;
#2639 = EDGE_CURVE ( 'NONE', #1849, #635, #868, .T. ) ;
#2640 = CARTESIAN_POINT ( 'NONE',  ( -11.00000000000000000, 0.000000000000000000, 46.70000000000000284 ) ) ;
#2641 = DIRECTION ( 'NONE',  ( 0.000000000000000000, 0.000000000000000000, -1.000000000000000000 ) ) ;
#2642 = DIRECTION ( 'NONE',  ( 0.000000000000000000, 0.000000000000000000, 1.000000000000000000 ) ) ;
#2643 = DIRECTION ( 'NONE',  ( 0.000000000000000000, 0.000000000000000000, -1.000000000000000000 ) ) ;
#2644 = CARTESIAN_POINT ( 'NONE',  ( 0.000000000000000000, 0.000000000000000000, 0.000000000000000000 ) ) ;
#2645 = EDGE_CURVE ( 'NONE', #1850, #1176, #2121, .T. ) ;
#2646 = ORIENTED_EDGE ( 'NONE', *, *, #2129, .F. ) ;
#2647 = EDGE_LOOP ( 'NONE', ( #2967, #408, #706, #1897 ) ) ;
#2648 = CC_DESIGN_PERSON_AND_ORGANIZATION_ASSIGNMENT ( #47, #2515, ( #301 ) ) ;
#2649 = DIRECTION ( 'NONE',  ( 0.000000000000000000, 1.000000000000000000, 0.000000000000000000 ) ) ;
#2650 = VERTEX_POINT ( 'NONE', #2151 ) ;
#2651 = CARTESIAN_POINT ( 'NONE',  ( -110.0000000000000000, -3.000000000000000000, 67.50000000000000000 ) ) ;
#2652 = DIRECTION ( 'NONE',  ( 0.000000000000000000, 0.000000000000000000, 1.000000000000000000 ) ) ;
#2653 = VERTEX_POINT ( 'NONE', #647 ) ;
#2654 = ORIENTED_EDGE ( 'NONE', *, *, #151, .T. ) ;
#2655 = CARTESIAN_POINT ( 'NONE',  ( -80.00000000000000000, -4.000000000000000000, -7.700000000000000178 ) ) ;
#2656 = LINE ( 'NONE', #177, #3079 ) ;
#2657 = EDGE_CURVE ( 'NONE', #2874, #1746, #2868, .T. ) ;
#2658 = VECTOR ( 'NONE', #2596, 1000.000000000000000 ) ;
#2659 = DIRECTION ( 'NONE',  ( 0.000000000000000000, 0.000000000000000000, 1.000000000000000000 ) ) ;
#2660 = CIRCLE ( 'NONE', #666, 1.350000000000004086 ) ;
#2661 = DIRECTION ( 'NONE',  ( 1.000000000000000000, 0.000000000000000000, 0.000000000000000000 ) ) ;
#2662 = EDGE_CURVE ( 'NONE', #1811, #181, #1110, .T. ) ;
#2663 = ORIENTED_EDGE ( 'NONE', *, *, #1169, .T. ) ;
#2664 = ORIENTED_EDGE ( 'NONE', *, *, #1021, .T. ) ;
#2665 = LINE ( 'NONE', #469, #3084 ) ;
#2666 = PLANE ( 'NONE',  #1230 ) ;
#2667 = ADVANCED_FACE ( 'NONE', ( #2824 ), #3062, .T. ) ;
#2668 = ORIENTED_EDGE ( 'NONE', *, *, #193, .F. ) ;
#2669 = DIRECTION ( 'NONE',  ( 1.000000000000000000, 0.000000000000000000, 0.000000000000000000 ) ) ;
#2670 = CARTESIAN_POINT ( 'NONE',  ( 96.00000000000000000, -7.000000000000000000, -10.39999999999999680 ) ) ;
#2671 = ORIENTED_EDGE ( 'NONE', *, *, #2698, .F. ) ;
#2672 = EDGE_LOOP ( 'NONE', ( #1935, #2893 ) ) ;
#2673 = CARTESIAN_POINT ( 'NONE',  ( -93.00000000000000000, -7.000000000000000000, -16.39999999999999503 ) ) ;
#2674 = CARTESIAN_POINT ( 'NONE',  ( -41.99999999999999289, -3.000000000000002665, 64.50000000000000000 ) ) ;
#2675 = VECTOR ( 'NONE', #2178, 1000.000000000000000 ) ;
#2676 = DIRECTION ( 'NONE',  ( -0.000000000000000000, -0.000000000000000000, 1.000000000000000000 ) ) ;
#2677 = AXIS2_PLACEMENT_3D ( 'NONE', #588, #637, #1084 ) ;
#2678 = AXIS2_PLACEMENT_3D ( 'NONE', #6, #1977, #1511 ) ;
#2679 = EDGE_LOOP ( 'NONE', ( #1761, #238 ) ) ;
#2680 = CARTESIAN_POINT ( 'NONE',  ( 95.00000000000000000, -4.000000000000000000, -31.00000000000000000 ) ) ;
#2681 = ADVANCED_FACE ( 'NONE', ( #1387 ), #1963, .T. ) ;
#2682 = DIRECTION ( 'NONE',  ( 0.000000000000000000, 1.000000000000000000, 0.000000000000000000 ) ) ;
#2683 = EDGE_CURVE ( 'NONE', #1109, #2870, #1754, .T. ) ;
#2684 = ORIENTED_EDGE ( 'NONE', *, *, #707, .T. ) ;
#2685 = DIRECTION ( 'NONE',  ( 0.000000000000000000, 1.000000000000000000, 0.000000000000000000 ) ) ;
#2686 = ADVANCED_FACE ( 'NONE', ( #2473 ), #2666, .F. ) ;
#2687 = DIRECTION ( 'NONE',  ( -0.000000000000000000, 1.000000000000000000, -0.000000000000000000 ) ) ;
#2688 = VECTOR ( 'NONE', #2286, 1000.000000000000000 ) ;
#2689 = ORIENTED_EDGE ( 'NONE', *, *, #2628, .F. ) ;
#2690 = APPROVAL ( #2977, '未指定' ) ;
#2691 = DIRECTION ( 'NONE',  ( 0.000000000000000000, 0.000000000000000000, -1.000000000000000000 ) ) ;
#2692 = DIRECTION ( 'NONE',  ( 0.000000000000000000, -1.000000000000000000, 0.000000000000000000 ) ) ;
#2693 = CARTESIAN_POINT ( 'NONE',  ( 18.00000000000000355, -37.00000000000000000, 67.50000000000000000 ) ) ;
#2694 = ORIENTED_EDGE ( 'NONE', *, *, #1449, .T. ) ;
#2695 = CARTESIAN_POINT ( 'NONE',  ( -93.00000000000000000, -7.000000000000000000, -63.00000000000000000 ) ) ;
#2696 = AXIS2_PLACEMENT_3D ( 'NONE', #1941, #2484, #1812 ) ;
#2697 = CARTESIAN_POINT ( 'NONE',  ( 92.00000000000001421, -37.00000000000000000, 64.50000000000000000 ) ) ;
#2698 = EDGE_CURVE ( 'NONE', #2165, #649, #743, .T. ) ;
#2699 = ORIENTED_EDGE ( 'NONE', *, *, #2973, .T. ) ;
#2700 = DIRECTION ( 'NONE',  ( 0.000000000000000000, 1.000000000000000000, 0.000000000000000000 ) ) ;
#2701 = CARTESIAN_POINT ( 'NONE',  ( -78.00000000000000000, -3.000000000000000000, 64.50000000000000000 ) ) ;
#2702 = DIRECTION ( 'NONE',  ( 0.000000000000000000, 1.000000000000000000, 0.000000000000000000 ) ) ;
#2703 = ORIENTED_EDGE ( 'NONE', *, *, #1173, .F. ) ;
#2704 = DIRECTION ( 'NONE',  ( -1.000000000000000000, 0.000000000000000000, 0.000000000000000000 ) ) ;
#2705 = LINE ( 'NONE', #2737, #1189 ) ;
#2706 = EDGE_CURVE ( 'NONE', #127, #618, #489, .T. ) ;
#2707 = DIRECTION ( 'NONE',  ( 0.000000000000000000, 1.000000000000000000, 0.000000000000000000 ) ) ;
#2708 = PLANE ( 'NONE',  #1585 ) ;
#2709 = ORIENTED_EDGE ( 'NONE', *, *, #3089, .T. ) ;
#2710 = AXIS2_PLACEMENT_3D ( 'NONE', #1063, #1820, #1531 ) ;
#2711 = DIRECTION ( 'NONE',  ( -0.000000000000000000, 1.000000000000000000, -0.000000000000000000 ) ) ;
#2712 = CARTESIAN_POINT ( 'NONE',  ( -92.44322356371698390, -3.000000000000000000, -64.50000000000000000 ) ) ;
#2713 = EDGE_LOOP ( 'NONE', ( #2046, #959, #2441, #2183 ) ) ;
#2714 = CARTESIAN_POINT ( 'NONE',  ( -107.0000000000000000, -37.00000000000000000, -64.50000000000000000 ) ) ;
#2715 = CARTESIAN_POINT ( 'NONE',  ( -100.0000000000000000, -2.999999999999999112, 62.00000000000000711 ) ) ;
#2716 = LINE ( 'NONE', #505, #735 ) ;
#2717 = VERTEX_POINT ( 'NONE', #2966 ) ;
#2718 = DIRECTION ( 'NONE',  ( 0.000000000000000000, 0.000000000000000000, -1.000000000000000000 ) ) ;
#2719 = ADVANCED_FACE ( 'NONE', ( #1512 ), #1481, .F. ) ;
#2720 = DIRECTION ( 'NONE',  ( 1.000000000000000000, 0.000000000000000000, -0.000000000000000000 ) ) ;
#2721 = LINE ( 'NONE', #798, #418 ) ;
#2722 = EDGE_CURVE ( 'NONE', #1224, #403, #3157, .T. ) ;
#2723 = COORDINATED_UNIVERSAL_TIME_OFFSET ( 8, 0, .AHEAD. ) ;
#2724 = CIRCLE ( 'NONE', #2979, 1.350000000000004086 ) ;
#2725 = DIRECTION ( 'NONE',  ( 0.000000000000000000, 0.000000000000000000, 1.000000000000000000 ) ) ;
#2726 = CARTESIAN_POINT ( 'NONE',  ( 100.0000000000000000, -30.00000000000000000, -58.35000000000000853 ) ) ;
#2727 = AXIS2_PLACEMENT_3D ( 'NONE', #2211, #13, #987 ) ;
#2728 = ORIENTED_EDGE ( 'NONE', *, *, #434, .F. ) ;
#2729 = ORIENTED_EDGE ( 'NONE', *, *, #1749, .T. ) ;
#2730 = CIRCLE ( 'NONE', #2476, 1.600000000000004086 ) ;
#2731 = CARTESIAN_POINT ( 'NONE',  ( 92.00000000000001421, -37.00000000000000000, 67.50000000000000000 ) ) ;
#2732 = CIRCLE ( 'NONE', #2014, 1.350000000000004086 ) ;
#2733 = PLANE ( 'NONE',  #1744 ) ;
#2734 = DIRECTION ( 'NONE',  ( 0.000000000000000000, 0.000000000000000000, 1.000000000000000000 ) ) ;
#2735 = VERTEX_POINT ( 'NONE', #2726 ) ;
#2736 = DIRECTION ( 'NONE',  ( 0.000000000000000000, 1.000000000000000000, 0.000000000000000000 ) ) ;
#2737 = CARTESIAN_POINT ( 'NONE',  ( 69.00000000000000000, 0.000000000000000000, 46.70000000000000284 ) ) ;
#2738 = EDGE_CURVE ( 'NONE', #243, #3028, #978, .T. ) ;
#2739 = LINE ( 'NONE', #274, #189 ) ;
#2740 = PERSON_AND_ORGANIZATION ( #393, #404 ) ;
#2741 = DIRECTION ( 'NONE',  ( 0.000000000000000000, 0.000000000000000000, -1.000000000000000000 ) ) ;
#2742 = FACE_OUTER_BOUND ( 'NONE', #158, .T. ) ;
#2743 = ADVANCED_FACE ( 'NONE', ( #213, #755 ), #996, .F. ) ;
#2744 = ORIENTED_EDGE ( 'NONE', *, *, #2936, .T. ) ;
#2745 = VERTEX_POINT ( 'NONE', #1723 ) ;
#2746 = CARTESIAN_POINT ( 'NONE',  ( 81.00000000000000000, -4.000000000000000000, -26.30000000000000071 ) ) ;
#2747 = CYLINDRICAL_SURFACE ( 'NONE', #1073, 1.350000000000004086 ) ;
#2748 = DIRECTION ( 'NONE',  ( 0.000000000000000000, 0.000000000000000000, 1.000000000000000000 ) ) ;
#2749 = ORIENTED_EDGE ( 'NONE', *, *, #2189, .T. ) ;
#2750 = LINE ( 'NONE', #2465, #1810 ) ;
#2751 = DIRECTION ( 'NONE',  ( 0.000000000000000000, 0.000000000000000000, 1.000000000000000000 ) ) ;
#2752 = LINE ( 'NONE', #1540, #663 ) ;
#2753 = SECURITY_CLASSIFICATION_LEVEL ( 'unclassified' ) ;
#2754 = ADVANCED_FACE ( 'NONE', ( #2169 ), #501, .F. ) ;
#2755 = CARTESIAN_POINT ( 'NONE',  ( -11.00000000000000000, -4.000000000000000000, 46.70000000000000284 ) ) ;
#2756 = VECTOR ( 'NONE', #1398, 1000.000000000000000 ) ;
#2757 = PLANE ( 'NONE',  #2603 ) ;
#2758 = EDGE_CURVE ( 'NONE', #180, #1205, #1632, .T. ) ;
#2759 = ORIENTED_EDGE ( 'NONE', *, *, #2037, .F. ) ;
#2760 = AXIS2_PLACEMENT_3D ( 'NONE', #1596, #72, #135 ) ;
#2761 = ORIENTED_EDGE ( 'NONE', *, *, #1513, .T. ) ;
#2762 = DIRECTION ( 'NONE',  ( 0.000000000000000000, -0.000000000000000000, 1.000000000000000000 ) ) ;
#2763 = DIRECTION ( 'NONE',  ( 0.000000000000000000, 0.000000000000000000, -1.000000000000000000 ) ) ;
#2764 = ADVANCED_FACE ( 'NONE', ( #2219 ), #945, .F. ) ;
#2765 = VECTOR ( 'NONE', #2264, 1000.000000000000000 ) ;
#2766 = VERTEX_POINT ( 'NONE', #2712 ) ;
#2767 = LINE ( 'NONE', #1114, #3134 ) ;
#2768 = CARTESIAN_POINT ( 'NONE',  ( 28.00000000000000000, -4.000000000000000000, -34.00000000000000000 ) ) ;
#2769 = DIRECTION ( 'NONE',  ( 0.000000000000000000, 1.000000000000000000, 0.000000000000000000 ) ) ;
#2770 = AXIS2_PLACEMENT_3D ( 'NONE', #2051, #527, #33 ) ;
#2771 = LINE ( 'NONE', #2640, #2675 ) ;
#2772 = CARTESIAN_POINT ( 'NONE',  ( 100.0000000000000000, -34.00000000000000000, 57.00000000000000000 ) ) ;
#2773 = ORIENTED_EDGE ( 'NONE', *, *, #337, .T. ) ;
#2774 = AXIS2_PLACEMENT_3D ( 'NONE', #1524, #1558, #1783 ) ;
#2775 = EDGE_CURVE ( 'NONE', #1080, #1208, #1497, .T. ) ;
#2776 = EDGE_LOOP ( 'NONE', ( #2798, #237, #163, #262 ) ) ;
#2777 = CARTESIAN_POINT ( 'NONE',  ( 28.00000000000000000, -4.000000000000000000, -31.00000000000000000 ) ) ;
#2778 = FACE_OUTER_BOUND ( 'NONE', #2505, .T. ) ;
#2779 = CIRCLE ( 'NONE', #2727, 1.350000000000004086 ) ;
#2780 = EDGE_LOOP ( 'NONE', ( #1884, #2157, #1730, #887, #1100, #592, #1389, #1097, #1361, #1271, #210, #1290, #2176, #3070, #925, #753 ) ) ;
#2781 = CIRCLE ( 'NONE', #1658, 1.600000000000000755 ) ;
#2782 = CIRCLE ( 'NONE', #2224, 5.000000000000004441 ) ;
#2783 = LINE ( 'NONE', #2828, #880 ) ;
#2784 = ORIENTED_EDGE ( 'NONE', *, *, #2706, .T. ) ;
#2785 = ORIENTED_EDGE ( 'NONE', *, *, #659, .T. ) ;
#2786 = CARTESIAN_POINT ( 'NONE',  ( -110.0000000000000000, -37.00000000000000000, -64.50000000000000000 ) ) ;
#2787 = DIRECTION ( 'NONE',  ( 1.000000000000000000, 0.000000000000000000, 0.000000000000000000 ) ) ;
#2788 = FACE_OUTER_BOUND ( 'NONE', #1123, .T. ) ;
#2789 = CYLINDRICAL_SURFACE ( 'NONE', #260, 1.350000000000004086 ) ;
#2790 = ORIENTED_EDGE ( 'NONE', *, *, #2919, .T. ) ;
#2791 = ORIENTED_EDGE ( 'NONE', *, *, #3007, .T. ) ;
#2792 = CARTESIAN_POINT ( 'NONE',  ( 100.0000000000000000, -34.00000000000000000, -57.00000000000000000 ) ) ;
#2793 = PLANE ( 'NONE',  #2021 ) ;
#2794 = EDGE_CURVE ( 'NONE', #234, #2315, #280, .T. ) ;
#2795 = VERTEX_POINT ( 'NONE', #1947 ) ;
#2796 = DIRECTION ( 'NONE',  ( 0.000000000000000000, 1.000000000000000000, 0.000000000000000000 ) ) ;
#2797 = LINE ( 'NONE', #2494, #2274 ) ;
#2798 = ORIENTED_EDGE ( 'NONE', *, *, #1042, .T. ) ;
#2799 = PRODUCT ( 'mars_lander_control_box_base_v1p1', 'mars_lander_control_box_base_v1p1', '', ( #1057 ) ) ;
#2800 = DIRECTION ( 'NONE',  ( 0.000000000000000000, 1.000000000000000000, 0.000000000000000000 ) ) ;
#2801 = CARTESIAN_POINT ( 'NONE',  ( -107.0000000000000000, -37.00000000000000000, 67.50000000000000000 ) ) ;
#2802 = EDGE_CURVE ( 'NONE', #1703, #437, #1539, .T. ) ;
#2803 = LINE ( 'NONE', #2263, #63 ) ;
#2804 = DIRECTION ( 'NONE',  ( 0.000000000000000000, -0.000000000000000000, -1.000000000000000000 ) ) ;
#2805 = ORIENTED_EDGE ( 'NONE', *, *, #1218, .T. ) ;
#2806 = EDGE_LOOP ( 'NONE', ( #1340, #2345, #2924, #2320 ) ) ;
#2807 = PLANE ( 'NONE',  #2760 ) ;
#2808 = CARTESIAN_POINT ( 'NONE',  ( 1.000000000000000000, -4.000000000000000000, 46.70000000000000284 ) ) ;
#2809 = AXIS2_PLACEMENT_3D ( 'NONE', #2443, #2330, #1292 ) ;
#2810 = ORIENTED_EDGE ( 'NONE', *, *, #1880, .T. ) ;
#2811 = PLANE ( 'NONE',  #2012 ) ;
#2812 = VECTOR ( 'NONE', #1256, 1000.000000000000000 ) ;
#2813 = ORIENTED_EDGE ( 'NONE', *, *, #222, .T. ) ;
#2814 = ORIENTED_EDGE ( 'NONE', *, *, #2076, .F. ) ;
#2815 = EDGE_CURVE ( 'NONE', #1873, #1062, #2660, .T. ) ;
#2816 = CARTESIAN_POINT ( 'NONE',  ( 96.00000000000000000, -7.000000000000000000, 30.00000000000000000 ) ) ;
#2817 = DIRECTION ( 'NONE',  ( 0.000000000000000000, 0.000000000000000000, -1.000000000000000000 ) ) ;
#2818 = EDGE_CURVE ( 'NONE', #419, #598, #2309, .T. ) ;
#2819 = PLANE ( 'NONE',  #1707 ) ;
#2820 = DIRECTION ( 'NONE',  ( 1.000000000000000000, -0.000000000000000000, 0.000000000000000000 ) ) ;
#2821 = VERTEX_POINT ( 'NONE', #1526 ) ;
#2822 = ORIENTED_EDGE ( 'NONE', *, *, #699, .T. ) ;
#2823 = APPROVAL ( #1285, '未指定' ) ;
#2824 = FACE_OUTER_BOUND ( 'NONE', #660, .T. ) ;
#2825 = FACE_BOUND ( 'NONE', #1258, .T. ) ;
#2826 = VECTOR ( 'NONE', #1891, 1000.000000000000000 ) ;
#2827 = ORIENTED_EDGE ( 'NONE', *, *, #1475, .F. ) ;
#2828 = CARTESIAN_POINT ( 'NONE',  ( -80.00000000000000000, -4.000000000000000000, -4.299999999999999822 ) ) ;
#2829 = VECTOR ( 'NONE', #2669, 1000.000000000000000 ) ;
#2830 = EDGE_LOOP ( 'NONE', ( #1773, #639, #1786, #2916 ) ) ;
#2831 = CIRCLE ( 'NONE', #2430, 1.599999999999997202 ) ;
#2832 = ORIENTED_EDGE ( 'NONE', *, *, #1187, .T. ) ;
#2833 = DIRECTION ( 'NONE',  ( -1.000000000000000000, 0.000000000000000000, 0.000000000000000000 ) ) ;
#2834 = CARTESIAN_POINT ( 'NONE',  ( -100.0000000000000000, -30.00000000000000000, -57.00000000000000000 ) ) ;
#2835 = EDGE_CURVE ( 'NONE', #1180, #2340, #788, .T. ) ;
#2836 = DIRECTION ( 'NONE',  ( -0.000000000000000000, 0.000000000000000000, 1.000000000000000000 ) ) ;
#2837 = AXIS2_PLACEMENT_3D ( 'NONE', #1001, #2226, #57 ) ;
#2838 = ORIENTED_EDGE ( 'NONE', *, *, #893, .T. ) ;
#2839 = EDGE_LOOP ( 'NONE', ( #219, #2360, #2654, #4 ) ) ;
#2840 = CARTESIAN_POINT ( 'NONE',  ( -41.99999999999999289, -37.00000000000000000, 67.50000000000000000 ) ) ;
#2841 = FACE_BOUND ( 'NONE', #2310, .T. ) ;
#2842 = EDGE_CURVE ( 'NONE', #1205, #180, #401, .T. ) ;
#2843 = ORIENTED_EDGE ( 'NONE', *, *, #114, .F. ) ;
#2844 = DIRECTION ( 'NONE',  ( 0.000000000000000000, 1.000000000000000000, 0.000000000000000000 ) ) ;
#2845 = ORIENTED_EDGE ( 'NONE', *, *, #2194, .T. ) ;
#2846 = ORIENTED_EDGE ( 'NONE', *, *, #725, .F. ) ;
#2847 = CARTESIAN_POINT ( 'NONE',  ( -47.44322356371700522, -7.000000000000000000, -64.50000000000000000 ) ) ;
#2848 = CARTESIAN_POINT ( 'NONE',  ( 95.00000000000000000, -4.000000000000000000, -49.00000000000000000 ) ) ;
#2849 = EDGE_CURVE ( 'NONE', #181, #2340, #98, .T. ) ;
#2850 = DIRECTION ( 'NONE',  ( 0.000000000000000000, 0.000000000000000000, 1.000000000000000000 ) ) ;
#2851 = ORIENTED_EDGE ( 'NONE', *, *, #2039, .T. ) ;
#2852 = ORIENTED_EDGE ( 'NONE', *, *, #1388, .F. ) ;
#2853 = EDGE_CURVE ( 'NONE', #3003, #2999, #1075, .T. ) ;
#2854 = DIRECTION ( 'NONE',  ( 0.000000000000000000, 1.000000000000000000, 0.000000000000000000 ) ) ;
#2855 = VECTOR ( 'NONE', #2134, 1000.000000000000000 ) ;
#2856 = ORIENTED_EDGE ( 'NONE', *, *, #670, .T. ) ;
#2857 = EDGE_CURVE ( 'NONE', #307, #2233, #306, .T. ) ;
#2858 = LINE ( 'NONE', #2605, #1300 ) ;
#2859 = FACE_OUTER_BOUND ( 'NONE', #1011, .T. ) ;
#2860 = ORIENTED_EDGE ( 'NONE', *, *, #2571, .T. ) ;
#2861 = ORIENTED_EDGE ( 'NONE', *, *, #120, .F. ) ;
#2862 = VECTOR ( 'NONE', #159, 1000.000000000000000 ) ;
#2863 = FACE_OUTER_BOUND ( 'NONE', #3129, .T. ) ;
#2864 = CARTESIAN_POINT ( 'NONE',  ( -41.99999999999999289, -37.00000000000000000, 67.50000000000000000 ) ) ;
#2865 = CARTESIAN_POINT ( 'NONE',  ( -93.00000000000000000, -7.000000000000000000, -63.00000000000000000 ) ) ;
#2866 = ORIENTED_EDGE ( 'NONE', *, *, #2198, .T. ) ;
#2867 = ORIENTED_EDGE ( 'NONE', *, *, #1523, .T. ) ;
#2868 = LINE ( 'NONE', #453, #1940 ) ;
#2869 = ADVANCED_FACE ( 'NONE', ( #2742 ), #2789, .F. ) ;
#2870 = VERTEX_POINT ( 'NONE', #3011 ) ;
#2871 = CARTESIAN_POINT ( 'NONE',  ( -12.00000000000000000, -3.000000000000002665, 64.50000000000000000 ) ) ;
#2872 = AXIS2_PLACEMENT_3D ( 'NONE', #2034, #766, #2262 ) ;
#2873 = CARTESIAN_POINT ( 'NONE',  ( 0.000000000000000000, -3.000000000000000000, 31.59999999999999787 ) ) ;
#2874 = VERTEX_POINT ( 'NONE', #1077 ) ;
#2875 = ORIENTED_EDGE ( 'NONE', *, *, #1725, .F. ) ;
#2876 = CIRCLE ( 'NONE', #831, 5.000000000000004441 ) ;
#2877 = LINE ( 'NONE', #1164, #2271 ) ;
#2878 = DIRECTION ( 'NONE',  ( 0.000000000000000000, 1.000000000000000000, 0.000000000000000000 ) ) ;
#2879 = CARTESIAN_POINT ( 'NONE',  ( 28.00000000000000000, -3.000000000000000000, -31.00000000000000000 ) ) ;
#2880 = VECTOR ( 'NONE', #843, 1000.000000000000000 ) ;
#2881 = AXIS2_PLACEMENT_3D ( 'NONE', #414, #3024, #2415 ) ;
#2882 = VECTOR ( 'NONE', #2643, 1000.000000000000000 ) ;
#2883 = LINE ( 'NONE', #690, #900 ) ;
#2884 = CARTESIAN_POINT ( 'NONE',  ( -100.0000000000000000, 0.000000000000000000, -57.00000000000000000 ) ) ;
#2885 = ORIENTED_EDGE ( 'NONE', *, *, #2794, .T. ) ;
#2886 = EDGE_LOOP ( 'NONE', ( #2210, #1498 ) ) ;
#2887 = PLANE ( 'NONE',  #866 ) ;
#2888 = ORIENTED_EDGE ( 'NONE', *, *, #161, .F. ) ;
#2889 = CARTESIAN_POINT ( 'NONE',  ( 28.00000000000000000, -4.000000000000000000, -31.00000000000000000 ) ) ;
#2890 = ADVANCED_FACE ( 'NONE', ( #113 ), #547, .T. ) ;
#2891 = CARTESIAN_POINT ( 'NONE',  ( 30.00000000000000000, -4.000000000000000000, 43.29999999999999716 ) ) ;
#2892 = ORIENTED_EDGE ( 'NONE', *, *, #1211, .F. ) ;
#2893 = ORIENTED_EDGE ( 'NONE', *, *, #2033, .T. ) ;
#2894 = CARTESIAN_POINT ( 'NONE',  ( -68.00000000000000000, -4.000000000000000000, -4.299999999999999822 ) ) ;
#2895 = CARTESIAN_POINT ( 'NONE',  ( -34.00000000000000000, -4.000000000000000000, -4.299999999999999822 ) ) ;
#2896 = CARTESIAN_POINT ( 'NONE',  ( -34.00000000000000000, -4.000000000000000000, -7.700000000000000178 ) ) ;
#2897 = ADVANCED_FACE ( 'NONE', ( #1784 ), #580, .T. ) ;
#2898 = DIRECTION ( 'NONE',  ( 0.000000000000000000, 0.000000000000000000, -1.000000000000000000 ) ) ;
#2899 = ORIENTED_EDGE ( 'NONE', *, *, #3105, .F. ) ;
#2900 = ORIENTED_EDGE ( 'NONE', *, *, #434, .T. ) ;
#2901 = FACE_OUTER_BOUND ( 'NONE', #669, .T. ) ;
#2902 = DIRECTION ( 'NONE',  ( 0.000000000000000000, 0.000000000000000000, -1.000000000000000000 ) ) ;
#2903 = ORIENTED_EDGE ( 'NONE', *, *, #2096, .F. ) ;
#2904 = CARTESIAN_POINT ( 'NONE',  ( -100.0000000000000000, -34.00000000000000000, 58.35000000000000853 ) ) ;
#2905 = CARTESIAN_POINT ( 'NONE',  ( 18.00000000000000355, -37.00000000000000000, 67.50000000000000000 ) ) ;
#2906 = EDGE_LOOP ( 'NONE', ( #2791, #1439, #2459, #2289 ) ) ;
#2907 = ORIENTED_EDGE ( 'NONE', *, *, #3089, .F. ) ;
#2908 = VECTOR ( 'NONE', #643, 1000.000000000000000 ) ;
#2909 = DIRECTION ( 'NONE',  ( 0.000000000000000000, 1.000000000000000000, 0.000000000000000000 ) ) ;
#2910 = DIRECTION ( 'NONE',  ( 0.000000000000000000, 1.000000000000000000, 0.000000000000000000 ) ) ;
#2911 = VECTOR ( 'NONE', #176, 1000.000000000000000 ) ;
#2912 = EDGE_CURVE ( 'NONE', #1254, #515, #1093, .T. ) ;
#2913 = DIRECTION ( 'NONE',  ( -0.000000000000000000, 0.000000000000000000, 1.000000000000000000 ) ) ;
#2914 = VECTOR ( 'NONE', #1931, 1000.000000000000000 ) ;
#2915 = CARTESIAN_POINT ( 'NONE',  ( 1.000000000000000000, -3.000000000000000000, 46.70000000000000284 ) ) ;
#2916 = ORIENTED_EDGE ( 'NONE', *, *, #2662, .T. ) ;
#2917 = DIRECTION ( 'NONE',  ( -0.000000000000000000, 1.000000000000000000, -0.000000000000000000 ) ) ;
#2918 = CARTESIAN_POINT ( 'NONE',  ( 100.0000000000000000, -30.00000000000000000, -57.00000000000000000 ) ) ;
#2919 = EDGE_CURVE ( 'NONE', #1697, #731, #2295, .T. ) ;
#2920 = ORIENTED_EDGE ( 'NONE', *, *, #1545, .T. ) ;
#2921 = DIRECTION ( 'NONE',  ( 0.000000000000000000, 1.000000000000000000, 0.000000000000000000 ) ) ;
#2922 = DIRECTION ( 'NONE',  ( 0.000000000000000000, 1.000000000000000000, 0.000000000000000000 ) ) ;
#2923 = ORIENTED_EDGE ( 'NONE', *, *, #1052, .T. ) ;
#2924 = ORIENTED_EDGE ( 'NONE', *, *, #1426, .T. ) ;
#2925 = FACE_BOUND ( 'NONE', #1755, .T. ) ;
#2926 = DIRECTION ( 'NONE',  ( 0.000000000000000000, 0.000000000000000000, -1.000000000000000000 ) ) ;
#2927 = CIRCLE ( 'NONE', #3127, 1.350000000000004086 ) ;
#2928 = CARTESIAN_POINT ( 'NONE',  ( -93.00000000000000000, -3.000000000000000000, -18.00000000000000000 ) ) ;
#2929 = VECTOR ( 'NONE', #1874, 1000.000000000000000 ) ;
#2930 = DIRECTION ( 'NONE',  ( 0.000000000000000000, 0.000000000000000000, 1.000000000000000000 ) ) ;
#2931 = ADVANCED_FACE ( 'NONE', ( #66 ), #1337, .T. ) ;
#2932 = AXIS2_PLACEMENT_3D ( 'NONE', #944, #487, #290 ) ;
#2933 = ORIENTED_EDGE ( 'NONE', *, *, #2802, .T. ) ;
#2934 = CARTESIAN_POINT ( 'NONE',  ( 69.00000000000000000, 0.000000000000000000, 43.29999999999999716 ) ) ;
#2935 = CARTESIAN_POINT ( 'NONE',  ( -22.00000000000000000, -3.000000000000000000, -0.000000000000000000 ) ) ;
#2936 = EDGE_CURVE ( 'NONE', #382, #1328, #565, .T. ) ;
#2937 = ORIENTED_EDGE ( 'NONE', *, *, #1238, .F. ) ;
#2938 = VECTOR ( 'NONE', #1056, 1000.000000000000000 ) ;
#2939 = DIRECTION ( 'NONE',  ( 0.000000000000000000, 0.000000000000000000, 1.000000000000000000 ) ) ;
#2940 = CARTESIAN_POINT ( 'NONE',  ( -11.99999999999999645, -3.000000000000000000, 67.50000000000000000 ) ) ;
#2941 = CARTESIAN_POINT ( 'NONE',  ( 95.00000000000000000, -3.000000000000000000, -34.00000000000000000 ) ) ;
#2942 = ADVANCED_FACE ( 'NONE', ( #1044 ), #2488, .T. ) ;
#2943 = VECTOR ( 'NONE', #1325, 1000.000000000000000 ) ;
#2944 = ORIENTED_EDGE ( 'NONE', *, *, #3068, .F. ) ;
#2945 = FACE_OUTER_BOUND ( 'NONE', #926, .T. ) ;
#2946 = DIRECTION ( 'NONE',  ( 0.000000000000000000, 1.000000000000000000, 0.000000000000000000 ) ) ;
#2947 = DIRECTION ( 'NONE',  ( 0.000000000000000000, 0.000000000000000000, 1.000000000000000000 ) ) ;
#2948 = DIRECTION ( 'NONE',  ( -0.000000000000000000, 0.000000000000000000, 1.000000000000000000 ) ) ;
#2949 = ORIENTED_EDGE ( 'NONE', *, *, #813, .F. ) ;
#2950 = DIRECTION ( 'NONE',  ( 0.000000000000000000, 0.000000000000000000, -1.000000000000000000 ) ) ;
#2951 = DIRECTION ( 'NONE',  ( -0.000000000000000000, 1.000000000000000000, -0.000000000000000000 ) ) ;
#2952 = ORIENTED_EDGE ( 'NONE', *, *, #1458, .T. ) ;
#2953 = EDGE_CURVE ( 'NONE', #1746, #2599, #2518, .T. ) ;
#2954 = DIRECTION ( 'NONE',  ( 0.000000000000000000, 0.000000000000000000, 1.000000000000000000 ) ) ;
#2955 = DIRECTION ( 'NONE',  ( -1.000000000000000000, 0.000000000000000000, 0.000000000000000000 ) ) ;
#2956 = CARTESIAN_POINT ( 'NONE',  ( 95.00000000000000000, -4.000000000000000000, -52.00000000000000000 ) ) ;
#2957 = ORIENTED_EDGE ( 'NONE', *, *, #548, .T. ) ;
#2958 = ADVANCED_FACE ( 'NONE', ( #1306 ), #2757, .F. ) ;
#2959 = CARTESIAN_POINT ( 'NONE',  ( 95.00000000000000000, -3.000000000000000000, -0.000000000000000000 ) ) ;
#2960 = CARTESIAN_POINT ( 'NONE',  ( -93.00000000000000000, -7.000000000000000000, -18.00000000000000000 ) ) ;
#2961 = AXIS2_PLACEMENT_3D ( 'NONE', #975, #1235, #1494 ) ;
#2962 = FACE_OUTER_BOUND ( 'NONE', #1960, .T. ) ;
#2963 = APPROVAL_ROLE ( '' ) ;
#2964 = AXIS2_PLACEMENT_3D ( 'NONE', #2381, #2479, #2461 ) ;
#2965 = LINE ( 'NONE', #960, #3036 ) ;
#2966 = CARTESIAN_POINT ( 'NONE',  ( -41.99999999999999289, -3.000000000000002665, 67.50000000000000000 ) ) ;
#2967 = ORIENTED_EDGE ( 'NONE', *, *, #997, .F. ) ;
#2968 = PLANE ( 'NONE',  #1767 ) ;
#2969 = PLANE ( 'NONE',  #2398 ) ;
#2970 = CARTESIAN_POINT ( 'NONE',  ( -68.00000000000000000, -3.000000000000000000, -4.299999999999999822 ) ) ;
#2971 = EDGE_CURVE ( 'NONE', #1162, #2040, #1221, .T. ) ;
#2972 = ORIENTED_EDGE ( 'NONE', *, *, #61, .F. ) ;
#2973 = EDGE_CURVE ( 'NONE', #1793, #1600, #2, .T. ) ;
#2974 = LINE ( 'NONE', #509, #932 ) ;
#2975 = CARTESIAN_POINT ( 'NONE',  ( 100.0000000000000000, -30.00000000000000000, -57.00000000000000000 ) ) ;
#2976 = DIRECTION ( 'NONE',  ( 0.000000000000000000, -0.000000000000000000, 1.000000000000000000 ) ) ;
#2977 = APPROVAL_STATUS ( 'not_yet_approved' ) ;
#2978 = EDGE_CURVE ( 'NONE', #873, #1949, #410, .T. ) ;
#2979 = AXIS2_PLACEMENT_3D ( 'NONE', #847, #2517, #1319 ) ;
#2980 = DIRECTION ( 'NONE',  ( 0.000000000000000000, 0.000000000000000000, 1.000000000000000000 ) ) ;
#2981 = CARTESIAN_POINT ( 'NONE',  ( 96.00000000000000000, -7.000000000000000000, 30.00000000000000000 ) ) ;
#2982 = VECTOR ( 'NONE', #1734, 1000.000000000000000 ) ;
#2983 = ORIENTED_EDGE ( 'NONE', *, *, #818, .F. ) ;
#2984 = ORIENTED_EDGE ( 'NONE', *, *, #495, .T. ) ;
#2985 = VECTOR ( 'NONE', #2568, 1000.000000000000000 ) ;
#2986 = CARTESIAN_POINT ( 'NONE',  ( 69.00000000000000000, 0.000000000000000000, -29.69999999999999929 ) ) ;
#2987 = CARTESIAN_POINT ( 'NONE',  ( 96.00000000000000000, -7.000000000000000000, -12.00000000000000000 ) ) ;
#2988 = CARTESIAN_POINT ( 'NONE',  ( 0.000000000000000000, -7.000000000000000000, 30.00000000000000000 ) ) ;
#2989 = ORIENTED_EDGE ( 'NONE', *, *, #91, .F. ) ;
#2990 = ADVANCED_FACE ( 'NONE', ( #2630 ), #2585, .T. ) ;
#2991 = PLANE ( 'NONE',  #832 ) ;
#2992 = CARTESIAN_POINT ( 'NONE',  ( -100.0000000000000000, -2.999999999999999112, 57.00000000000000000 ) ) ;
#2993 = ADVANCED_FACE ( 'NONE', ( #1608 ), #2147, .T. ) ;
#2994 = DIRECTION ( 'NONE',  ( 1.000000000000000000, 0.000000000000000000, 0.000000000000000000 ) ) ;
#2995 = ADVANCED_FACE ( 'NONE', ( #1910 ), #2103, .F. ) ;
#2996 = CARTESIAN_POINT ( 'NONE',  ( -34.00000000000000000, -3.000000000000000000, -0.000000000000000000 ) ) ;
#2997 = CARTESIAN_POINT ( 'NONE',  ( -93.00000000000000000, -7.000000000000000000, -63.00000000000000000 ) ) ;
#2998 = ORIENTED_EDGE ( 'NONE', *, *, #2366, .F. ) ;
#2999 = VERTEX_POINT ( 'NONE', #1367 ) ;
#3000 = CARTESIAN_POINT ( 'NONE',  ( 69.00000000000000000, 0.000000000000000000, 46.70000000000000284 ) ) ;
#3001 = CARTESIAN_POINT ( 'NONE',  ( -68.00000000000000000, 0.000000000000000000, -4.299999999999999822 ) ) ;
#3002 = CARTESIAN_POINT ( 'NONE',  ( 77.00000000000000000, -37.00000000000000000, 67.50000000000000000 ) ) ;
#3003 = VERTEX_POINT ( 'NONE', #673 ) ;
#3004 = DIRECTION ( 'NONE',  ( -0.000000000000000000, -0.000000000000000000, 1.000000000000000000 ) ) ;
#3005 = FACE_OUTER_BOUND ( 'NONE', #602, .T. ) ;
#3006 = PLANE ( 'NONE',  #2872 ) ;
#3007 = EDGE_CURVE ( 'NONE', #3095, #3050, #3091, .T. ) ;
#3008 = AXIS2_PLACEMENT_3D ( 'NONE', #927, #438, #693 ) ;
#3009 = CARTESIAN_POINT ( 'NONE',  ( 18.00000000000000355, -37.00000000000000000, 64.50000000000000000 ) ) ;
#3010 = LOCAL_TIME ( 17, 21, 58.00000000000000000, #111 ) ;
#3011 = CARTESIAN_POINT ( 'NONE',  ( -93.00000000000000000, -3.000000000000000000, -16.39999999999999503 ) ) ;
#3012 = ORIENTED_EDGE ( 'NONE', *, *, #491, .T. ) ;
#3013 = AXIS2_PLACEMENT_3D ( 'NONE', #821, #342, #2285 ) ;
#3014 = VERTEX_POINT ( 'NONE', #656 ) ;
#3015 = DIRECTION ( 'NONE',  ( 0.000000000000000000, 1.000000000000000000, 0.000000000000000000 ) ) ;
#3016 = FACE_BOUND ( 'NONE', #2481, .T. ) ;
#3017 = AXIS2_PLACEMENT_3D ( 'NONE', #517, #2902, #1240 ) ;
#3018 = EDGE_CURVE ( 'NONE', #968, #2540, #1277, .T. ) ;
#3019 = ORIENTED_EDGE ( 'NONE', *, *, #2213, .T. ) ;
#3020 = DIRECTION ( 'NONE',  ( -1.000000000000000000, 0.000000000000000000, -0.000000000000000000 ) ) ;
#3021 = VERTEX_POINT ( 'NONE', #864 ) ;
#3022 = ORIENTED_EDGE ( 'NONE', *, *, #2600, .T. ) ;
#3023 = DIRECTION ( 'NONE',  ( 0.000000000000000000, 0.000000000000000000, 1.000000000000000000 ) ) ;
#3024 = DIRECTION ( 'NONE',  ( 0.000000000000000000, -1.000000000000000000, 0.000000000000000000 ) ) ;
#3025 = CARTESIAN_POINT ( 'NONE',  ( -107.0000000000000000, -3.000000000000000000, 0.000000000000000000 ) ) ;
#3026 = EDGE_CURVE ( 'NONE', #598, #2126, #1894, .T. ) ;
#3027 = DIRECTION ( 'NONE',  ( 0.000000000000000000, 1.000000000000000000, 0.000000000000000000 ) ) ;
#3028 = VERTEX_POINT ( 'NONE', #1168 ) ;
#3029 = AXIS2_PLACEMENT_3D ( 'NONE', #366, #2322, #1133 ) ;
#3030 = ORIENTED_EDGE ( 'NONE', *, *, #2369, .F. ) ;
#3031 = FACE_OUTER_BOUND ( 'NONE', #2906, .T. ) ;
#3032 = FACE_BOUND ( 'NONE', #958, .T. ) ;
#3033 = VECTOR ( 'NONE', #2482, 1000.000000000000000 ) ;
#3034 = ORIENTED_EDGE ( 'NONE', *, *, #2971, .T. ) ;
#3035 = VECTOR ( 'NONE', #667, 1000.000000000000000 ) ;
#3036 = VECTOR ( 'NONE', #2917, 1000.000000000000000 ) ;
#3037 = EDGE_CURVE ( 'NONE', #459, #2303, #2087, .T. ) ;
#3038 = DIRECTION ( 'NONE',  ( -0.000000000000000000, 0.000000000000000000, 1.000000000000000000 ) ) ;
#3039 = ORIENTED_EDGE ( 'NONE', *, *, #2326, .T. ) ;
#3040 = ORIENTED_EDGE ( 'NONE', *, *, #1956, .F. ) ;
#3041 = CARTESIAN_POINT ( 'NONE',  ( 28.00000000000000000, -4.000000000000000000, -34.00000000000000000 ) ) ;
#3042 = DIRECTION ( 'NONE',  ( 0.000000000000000000, 0.000000000000000000, 1.000000000000000000 ) ) ;
#3043 = LINE ( 'NONE', #2996, #928 ) ;
#3044 = CARTESIAN_POINT ( 'NONE',  ( -0.000000000000000000, -3.000000000000000000, 64.50000000000000000 ) ) ;
#3045 = EDGE_LOOP ( 'NONE', ( #1289, #1903, #2785, #2297 ) ) ;
#3046 = EDGE_LOOP ( 'NONE', ( #2892, #2252, #2149, #3138 ) ) ;
#3047 = CARTESIAN_POINT ( 'NONE',  ( -100.0000000000000000, -30.00000000000000000, -57.00000000000000000 ) ) ;
#3048 = DIRECTION ( 'NONE',  ( 0.000000000000000000, -1.000000000000000000, 0.000000000000000000 ) ) ;
#3049 = EDGE_CURVE ( 'NONE', #137, #909, #3119, .T. ) ;
#3050 = VERTEX_POINT ( 'NONE', #3104 ) ;
#3051 = CARTESIAN_POINT ( 'NONE',  ( -68.00000000000000000, -4.000000000000000000, -4.299999999999999822 ) ) ;
#3052 = ORIENTED_EDGE ( 'NONE', *, *, #782, .F. ) ;
#3053 = ADVANCED_FACE ( 'NONE', ( #1879 ), #1153, .T. ) ;
#3054 = VERTEX_POINT ( 'NONE', #1383 ) ;
#3055 = LINE ( 'NONE', #1843, #1893 ) ;
#3056 = CARTESIAN_POINT ( 'NONE',  ( -11.00000000000000000, 0.000000000000000000, 46.70000000000000284 ) ) ;
#3057 = CARTESIAN_POINT ( 'NONE',  ( -100.0000000000000000, -30.00000000000000000, -58.35000000000000853 ) ) ;
#3058 = CARTESIAN_POINT ( 'NONE',  ( -110.0000000000000000, -37.00000000000000000, -64.50000000000000000 ) ) ;
#3059 = VERTEX_POINT ( 'NONE', #2352 ) ;
#3060 = ORIENTED_EDGE ( 'NONE', *, *, #1625, .F. ) ;
#3061 = APPROVAL_PERSON_ORGANIZATION ( #2740, #2690, #2485 ) ;
#3062 = PLANE ( 'NONE',  #1488 ) ;
#3063 = DIRECTION ( 'NONE',  ( -0.000000000000000000, 1.000000000000000000, -0.000000000000000000 ) ) ;
#3064 = VECTOR ( 'NONE', #654, 1000.000000000000000 ) ;
#3065 = ORIENTED_EDGE ( 'NONE', *, *, #2919, .F. ) ;
#3066 = LINE ( 'NONE', #3051, #1655 ) ;
#3067 = AXIS2_PLACEMENT_3D ( 'NONE', #245, #2440, #1450 ) ;
#3068 = EDGE_CURVE ( 'NONE', #618, #1544, #908, .T. ) ;
#3069 = ORIENTED_EDGE ( 'NONE', *, *, #1822, .T. ) ;
#3070 = ORIENTED_EDGE ( 'NONE', *, *, #3007, .F. ) ;
#3071 = DIRECTION ( 'NONE',  ( 0.000000000000000000, 0.000000000000000000, -1.000000000000000000 ) ) ;
#3072 = CARTESIAN_POINT ( 'NONE',  ( 0.000000000000000000, -7.000000000000000000, -12.00000000000000000 ) ) ;
#3073 = EDGE_CURVE ( 'NONE', #3080, #1697, #811, .T. ) ;
#3074 = CARTESIAN_POINT ( 'NONE',  ( -100.0000000000000000, -30.00000000000000000, 57.00000000000000000 ) ) ;
#3075 = VERTEX_POINT ( 'NONE', #370 ) ;
#3076 = VERTEX_POINT ( 'NONE', #1352 ) ;
#3077 = FACE_OUTER_BOUND ( 'NONE', #1370, .T. ) ;
#3078 = CARTESIAN_POINT ( 'NONE',  ( 81.00000000000000000, -3.000000000000000000, 43.29999999999999716 ) ) ;
#3079 = VECTOR ( 'NONE', #972, 1000.000000000000000 ) ;
#3080 = VERTEX_POINT ( 'NONE', #2327 ) ;
#3081 = LINE ( 'NONE', #345, #2880 ) ;
#3082 = AXIS2_PLACEMENT_3D ( 'NONE', #2651, #1419, #1193 ) ;
#3083 = DIRECTION ( 'NONE',  ( 0.000000000000000000, 1.000000000000000000, 0.000000000000000000 ) ) ;
#3084 = VECTOR ( 'NONE', #1496, 1000.000000000000000 ) ;
#3085 = ADVANCED_FACE ( 'NONE', ( #131 ), #1107, .T. ) ;
#3086 = ORIENTED_EDGE ( 'NONE', *, *, #1373, .F. ) ;
#3087 = PLANE ( 'NONE',  #1228 ) ;
#3088 = DIRECTION ( 'NONE',  ( 0.000000000000000000, 0.000000000000000000, -1.000000000000000000 ) ) ;
#3089 = EDGE_CURVE ( 'NONE', #1399, #1254, #941, .T. ) ;
#3090 = UNCERTAINTY_MEASURE_WITH_UNIT (LENGTH_MEASURE( 1.000000000000000082E-05 ), #18, 'distance_accuracy_value', 'NONE');
#3091 = LINE ( 'NONE', #894, #2908 ) ;
#3092 = CIRCLE ( 'NONE', #590, 1.600000000000004086 ) ;
#3093 = EDGE_CURVE ( 'NONE', #3163, #2577, #761, .T. ) ;
#3094 = EDGE_LOOP ( 'NONE', ( #964, #2132 ) ) ;
#3095 = VERTEX_POINT ( 'NONE', #2401 ) ;
#3096 = CARTESIAN_POINT ( 'NONE',  ( -41.99999999999999289, -37.00000000000000000, 67.50000000000000000 ) ) ;
#3097 = ORIENTED_EDGE ( 'NONE', *, *, #1925, .F. ) ;
#3098 = LINE ( 'NONE', #902, #1865 ) ;
#3099 = CARTESIAN_POINT ( 'NONE',  ( -48.00000000000000000, -7.000000000000000000, -18.00000000000000000 ) ) ;
#3100 = ORIENTED_EDGE ( 'NONE', *, *, #953, .F. ) ;
#3101 = ORIENTED_EDGE ( 'NONE', *, *, #1434, .F. ) ;
#3102 = LINE ( 'NONE', #2567, #2504 ) ;
#3103 = CARTESIAN_POINT ( 'NONE',  ( -93.00000000000000000, -3.000000000000000000, -19.60000000000000142 ) ) ;
#3104 = CARTESIAN_POINT ( 'NONE',  ( 18.00000000000000355, -3.000000000000002665, 67.50000000000000000 ) ) ;
#3105 = EDGE_CURVE ( 'NONE', #2216, #265, #465, .T. ) ;
#3106 = EDGE_LOOP ( 'NONE', ( #2284, #174, #53, #1472 ) ) ;
#3107 = ORIENTED_EDGE ( 'NONE', *, *, #2386, .F. ) ;
#3108 = DIRECTION ( 'NONE',  ( 0.000000000000000000, 0.000000000000000000, 1.000000000000000000 ) ) ;
#3109 = ORIENTED_EDGE ( 'NONE', *, *, #1187, .F. ) ;
#3110 = DIRECTION ( 'NONE',  ( -0.000000000000000000, 1.000000000000000000, -0.000000000000000000 ) ) ;
#3111 = CARTESIAN_POINT ( 'NONE',  ( 96.00000000000000000, -7.000000000000000000, 30.00000000000000000 ) ) ;
#3112 = ADVANCED_FACE ( 'NONE', ( #484 ), #1203, .T. ) ;
#3113 = ORIENTED_EDGE ( 'NONE', *, *, #199, .F. ) ;
#3114 = ORIENTED_EDGE ( 'NONE', *, *, #782, .T. ) ;
#3115 = DIRECTION ( 'NONE',  ( 0.000000000000000000, 0.000000000000000000, 1.000000000000000000 ) ) ;
#3116 = CARTESIAN_POINT ( 'NONE',  ( 69.00000000000000000, -4.000000000000000000, -26.30000000000000071 ) ) ;
#3117 = CARTESIAN_POINT ( 'NONE',  ( 92.00000000000001421, -3.000000000000000000, 64.50000000000000000 ) ) ;
#3118 = DIRECTION ( 'NONE',  ( -0.000000000000000000, 1.000000000000000000, -0.000000000000000000 ) ) ;
#3119 = LINE ( 'NONE', #1622, #1892 ) ;
#3120 = ORIENTED_EDGE ( 'NONE', *, *, #1566, .T. ) ;
#3121 = ADVANCED_FACE ( 'NONE', ( #752 ), #2708, .F. ) ;
#3122 = EDGE_LOOP ( 'NONE', ( #1409, #422, #281, #599 ) ) ;
#3123 = DIRECTION ( 'NONE',  ( -1.000000000000000000, -0.000000000000000000, -0.000000000000000000 ) ) ;
#3124 = ORIENTED_EDGE ( 'NONE', *, *, #386, .T. ) ;
#3125 = CARTESIAN_POINT ( 'NONE',  ( -0.000000000000000000, -3.000000000000000000, -4.299999999999999822 ) ) ;
#3126 = DIRECTION ( 'NONE',  ( 1.000000000000000000, 0.000000000000000000, 0.000000000000000000 ) ) ;
#3127 = AXIS2_PLACEMENT_3D ( 'NONE', #77, #2946, #1005 ) ;
#3128 = EDGE_LOOP ( 'NONE', ( #2510, #2903 ) ) ;
#3129 = EDGE_LOOP ( 'NONE', ( #371, #26, #196, #2167 ) ) ;
#3130 = EDGE_CURVE ( 'NONE', #2795, #139, #2247, .T. ) ;
#3131 = AXIS2_PLACEMENT_3D ( 'NONE', #2975, #556, #1748 ) ;
#3132 = FACE_OUTER_BOUND ( 'NONE', #326, .T. ) ;
#3133 = DIRECTION ( 'NONE',  ( 0.000000000000000000, 0.000000000000000000, -1.000000000000000000 ) ) ;
#3134 = VECTOR ( 'NONE', #871, 1000.000000000000000 ) ;
#3135 = AXIS2_PLACEMENT_3D ( 'NONE', #1468, #2442, #2207 ) ;
#3136 = DIRECTION ( 'NONE',  ( 0.000000000000000000, -1.000000000000000000, 0.000000000000000000 ) ) ;
#3137 = DIRECTION ( 'NONE',  ( 0.000000000000000000, -0.000000000000000000, 1.000000000000000000 ) ) ;
#3138 = ORIENTED_EDGE ( 'NONE', *, *, #2953, .T. ) ;
#3139 = ORIENTED_EDGE ( 'NONE', *, *, #1257, .T. ) ;
#3140 = DIRECTION ( 'NONE',  ( 1.000000000000000000, -0.000000000000000000, 0.000000000000000000 ) ) ;
#3141 = CARTESIAN_POINT ( 'NONE',  ( 0.000000000000000000, -3.000000000000000000, 30.00000000000000000 ) ) ;
#3142 = ORIENTED_EDGE ( 'NONE', *, *, #1169, .F. ) ;
#3143 = CARTESIAN_POINT ( 'NONE',  ( 95.00000000000000000, -4.000000000000000000, -31.00000000000000000 ) ) ;
#3144 = FACE_OUTER_BOUND ( 'NONE', #1027, .T. ) ;
#3145 = ADVANCED_FACE ( 'NONE', ( #1735 ), #261, .T. ) ;
#3146 = ORIENTED_EDGE ( 'NONE', *, *, #353, .F. ) ;
#3147 = VERTEX_POINT ( 'NONE', #2915 ) ;
#3148 = LINE ( 'NONE', #2434, #2629 ) ;
#3149 = CARTESIAN_POINT ( 'NONE',  ( -100.0000000000000000, -2.999999999999999112, 57.00000000000000000 ) ) ;
#3150 = EDGE_CURVE ( 'NONE', #1062, #1873, #3165, .T. ) ;
#3151 = CARTESIAN_POINT ( 'NONE',  ( 42.00000000000000000, 0.000000000000000000, 46.70000000000000284 ) ) ;
#3152 = DIRECTION ( 'NONE',  ( 0.000000000000000000, 0.000000000000000000, -1.000000000000000000 ) ) ;
#3153 = ADVANCED_FACE ( 'NONE', ( #957 ), #738, .F. ) ;
#3154 = ORIENTED_EDGE ( 'NONE', *, *, #939, .F. ) ;
#3155 = ORIENTED_EDGE ( 'NONE', *, *, #1171, .T. ) ;
#3156 = CARTESIAN_POINT ( 'NONE',  ( -78.00000000000000000, -37.00000000000000000, 67.50000000000000000 ) ) ;
#3157 = LINE ( 'NONE', #2204, #961 ) ;
#3158 = ORIENTED_EDGE ( 'NONE', *, *, #377, .T. ) ;
#3159 = DIRECTION ( 'NONE',  ( 1.000000000000000000, 0.000000000000000000, 0.000000000000000000 ) ) ;
#3160 = DIRECTION ( 'NONE',  ( 1.000000000000000000, 0.000000000000000000, 0.000000000000000000 ) ) ;
#3161 = VECTOR ( 'NONE', #1979, 1000.000000000000000 ) ;
#3162 = ORIENTED_EDGE ( 'NONE', *, *, #2135, .T. ) ;
#3163 = VERTEX_POINT ( 'NONE', #1958 ) ;
#3164 = EDGE_CURVE ( 'NONE', #1421, #234, #1720, .T. ) ;
#3165 = CIRCLE ( 'NONE', #2045, 1.350000000000004086 ) ;
#3166 = CARTESIAN_POINT ( 'NONE',  ( -22.00000000000000000, -4.000000000000000000, -7.700000000000000178 ) ) ;
#3167 = DIRECTION ( 'NONE',  ( 0.000000000000000000, 1.000000000000000000, 0.000000000000000000 ) ) ;
ENDSEC;
END-ISO-10303-21;
