ISO-10303-21;
HEADER;
FILE_DESCRIPTION (( 'STEP AP203' ),
    '1' );
FILE_NAME ('mars_lander_control_box_base_v1p3.step',
    '2026-07-26T09:26:04',
    ( '' ),
    ( '' ),
    'SwSTEP 2.0',
    'SolidWorks 2022',
    '' );
FILE_SCHEMA (( 'CONFIG_CONTROL_DESIGN' ));
ENDSEC;

DATA;
#1 = DIRECTION ( 'NONE',  ( 0.000000000000000000, 0.000000000000000000, 1.000000000000000000 ) ) ;
#2 = FACE_OUTER_BOUND ( 'NONE', #1923, .T. ) ;
#3 = DIRECTION ( 'NONE',  ( -0.000000000000000000, 1.000000000000000000, -0.000000000000000000 ) ) ;
#4 = UNCERTAINTY_MEASURE_WITH_UNIT (LENGTH_MEASURE( 1.000000000000000082E-05 ), #1962, 'distance_accuracy_value', 'NONE');
#5 = EDGE_LOOP ( 'NONE', ( #21, #1495, #1735, #451 ) ) ;
#6 = VECTOR ( 'NONE', #43, 1000.000000000000000 ) ;
#7 = ORIENTED_EDGE ( 'NONE', *, *, #921, .T. ) ;
#8 = ORIENTED_EDGE ( 'NONE', *, *, #2768, .F. ) ;
#9 = LINE ( 'NONE', #2462, #1390 ) ;
#10 = ORIENTED_EDGE ( 'NONE', *, *, #3050, .F. ) ;
#11 = PLANE ( 'NONE',  #2274 ) ;
#12 = PLANE ( 'NONE',  #2519 ) ;
#13 = EDGE_CURVE ( 'NONE', #1528, #34, #1298, .T. ) ;
#14 = EDGE_CURVE ( 'NONE', #248, #2000, #1421, .T. ) ;
#15 = VECTOR ( 'NONE', #201, 1000.000000000000000 ) ;
#16 = FACE_BOUND ( 'NONE', #1953, .T. ) ;
#17 = DIRECTION ( 'NONE',  ( -1.000000000000000000, 0.000000000000000000, 0.000000000000000000 ) ) ;
#18 = DIRECTION ( 'NONE',  ( 0.000000000000000000, 0.000000000000000000, 1.000000000000000000 ) ) ;
#19 = AXIS2_PLACEMENT_3D ( 'NONE', #1914, #2620, #440 ) ;
#20 = ORIENTED_EDGE ( 'NONE', *, *, #1979, .F. ) ;
#21 = ORIENTED_EDGE ( 'NONE', *, *, #2262, .F. ) ;
#22 = ORIENTED_EDGE ( 'NONE', *, *, #3086, .T. ) ;
#23 = CYLINDRICAL_SURFACE ( 'NONE', #448, 1.350000000000004086 ) ;
#24 = AXIS2_PLACEMENT_3D ( 'NONE', #423, #2585, #2364 ) ;
#25 = EDGE_LOOP ( 'NONE', ( #2459, #3015, #53, #3113 ) ) ;
#26 = DIRECTION ( 'NONE',  ( 0.000000000000000000, 0.000000000000000000, -1.000000000000000000 ) ) ;
#27 = CARTESIAN_POINT ( 'NONE',  ( -78.00000000000000000, -3.000000000000000000, 0.000000000000000000 ) ) ;
#28 = DIRECTION ( 'NONE',  ( 0.000000000000000000, -1.000000000000000000, 0.000000000000000000 ) ) ;
#29 = CARTESIAN_POINT ( 'NONE',  ( 77.00000000000000000, -3.000000000000002665, 64.50000000000000000 ) ) ;
#30 = CARTESIAN_POINT ( 'NONE',  ( -48.00000000000000000, -7.000000000000000000, -18.00000000000000000 ) ) ;
#31 = EDGE_CURVE ( 'NONE', #2759, #2178, #1034, .T. ) ;
#32 = ADVANCED_FACE ( 'NONE', ( #590 ), #2464, .T. ) ;
#33 = VERTEX_POINT ( 'NONE', #524 ) ;
#34 = VERTEX_POINT ( 'NONE', #339 ) ;
#35 = EDGE_LOOP ( 'NONE', ( #592, #221, #2208, #173 ) ) ;
#36 = EDGE_LOOP ( 'NONE', ( #1723, #2259, #3130, #1663 ) ) ;
#37 = CARTESIAN_POINT ( 'NONE',  ( 95.00000000000000000, -4.000000000000000000, -34.00000000000000000 ) ) ;
#38 = ORIENTED_EDGE ( 'NONE', *, *, #1342, .F. ) ;
#39 = PLANE ( 'NONE',  #467 ) ;
#40 = CARTESIAN_POINT ( 'NONE',  ( 1.959434878635764984E-16, -7.000000000000000000, -13.60000000000000142 ) ) ;
#41 = VECTOR ( 'NONE', #2518, 1000.000000000000000 ) ;
#42 = CARTESIAN_POINT ( 'NONE',  ( 0.000000000000000000, -7.000000000000000000, 30.00000000000000000 ) ) ;
#43 = DIRECTION ( 'NONE',  ( 1.000000000000000000, 0.000000000000000000, 0.000000000000000000 ) ) ;
#44 = DIRECTION ( 'NONE',  ( 0.000000000000000000, 1.000000000000000000, 0.000000000000000000 ) ) ;
#45 = CARTESIAN_POINT ( 'NONE',  ( 100.0000000000000000, -30.00000000000000000, 57.00000000000000000 ) ) ;
#46 = AXIS2_PLACEMENT_3D ( 'NONE', #147, #1374, #2537 ) ;
#47 = AXIS2_PLACEMENT_3D ( 'NONE', #2026, #630, #2793 ) ;
#48 = ORIENTED_EDGE ( 'NONE', *, *, #474, .T. ) ;
#49 = ADVANCED_FACE ( 'NONE', ( #57 ), #39, .T. ) ;
#50 = EDGE_CURVE ( 'NONE', #2458, #660, #2757, .T. ) ;
#51 = ORIENTED_EDGE ( 'NONE', *, *, #566, .F. ) ;
#52 = ORIENTED_EDGE ( 'NONE', *, *, #1847, .T. ) ;
#53 = ORIENTED_EDGE ( 'NONE', *, *, #2967, .F. ) ;
#54 = DIRECTION ( 'NONE',  ( 0.000000000000000000, 0.000000000000000000, -1.000000000000000000 ) ) ;
#55 = AXIS2_PLACEMENT_3D ( 'NONE', #530, #2202, #1522 ) ;
#56 = EDGE_LOOP ( 'NONE', ( #1484, #415, #1643, #1890 ) ) ;
#57 = FACE_OUTER_BOUND ( 'NONE', #154, .T. ) ;
#58 = CARTESIAN_POINT ( 'NONE',  ( -80.00000000000000000, -4.000000000000000000, -7.700000000000000178 ) ) ;
#59 = LINE ( 'NONE', #3004, #2565 ) ;
#60 = AXIS2_PLACEMENT_3D ( 'NONE', #835, #2531, #2086 ) ;
#61 = DIRECTION ( 'NONE',  ( 1.000000000000000000, 0.000000000000000000, 0.000000000000000000 ) ) ;
#62 = DIRECTION ( 'NONE',  ( 0.000000000000000000, -0.000000000000000000, 1.000000000000000000 ) ) ;
#63 = APPROVAL_STATUS ( 'not_yet_approved' ) ;
#64 = CARTESIAN_POINT ( 'NONE',  ( 69.00000000000000000, -4.000000000000000000, -26.30000000000000071 ) ) ;
#65 = ORIENTED_EDGE ( 'NONE', *, *, #2674, .T. ) ;
#66 = VERTEX_POINT ( 'NONE', #1266 ) ;
#67 = EDGE_LOOP ( 'NONE', ( #658, #1278, #850, #2247 ) ) ;
#68 = AXIS2_PLACEMENT_3D ( 'NONE', #966, #1690, #195 ) ;
#69 = ORIENTED_EDGE ( 'NONE', *, *, #134, .F. ) ;
#70 = CARTESIAN_POINT ( 'NONE',  ( -100.0000000000000000, -30.00000000000000000, 62.00000000000000711 ) ) ;
#71 = EDGE_CURVE ( 'NONE', #2750, #1445, #3032, .T. ) ;
#72 = ORIENTED_EDGE ( 'NONE', *, *, #2692, .F. ) ;
#73 = DIRECTION ( 'NONE',  ( -0.000000000000000000, -0.000000000000000000, 1.000000000000000000 ) ) ;
#74 = DIRECTION ( 'NONE',  ( 0.000000000000000000, 1.000000000000000000, 0.000000000000000000 ) ) ;
#75 = CIRCLE ( 'NONE', #2777, 1.350000000000004086 ) ;
#76 = EDGE_LOOP ( 'NONE', ( #69, #2709, #1977, #1861 ) ) ;
#77 = CARTESIAN_POINT ( 'NONE',  ( 0.000000000000000000, -3.000000000000000000, 30.00000000000000000 ) ) ;
#78 = EDGE_CURVE ( 'NONE', #369, #2403, #1253, .T. ) ;
#79 = ADVANCED_FACE ( 'NONE', ( #2227 ), #2248, .T. ) ;
#80 = AXIS2_PLACEMENT_3D ( 'NONE', #469, #2172, #2390 ) ;
#81 = CIRCLE ( 'NONE', #492, 1.600000000000004086 ) ;
#82 = FACE_OUTER_BOUND ( 'NONE', #507, .T. ) ;
#83 = LINE ( 'NONE', #1058, #3074 ) ;
#84 = LINE ( 'NONE', #3041, #2846 ) ;
#85 = CIRCLE ( 'NONE', #1756, 5.000000000000004441 ) ;
#86 = ORIENTED_EDGE ( 'NONE', *, *, #288, .F. ) ;
#87 = ORIENTED_EDGE ( 'NONE', *, *, #757, .F. ) ;
#88 = EDGE_LOOP ( 'NONE', ( #932, #1458, #2693, #1064 ) ) ;
#89 = DIRECTION ( 'NONE',  ( 1.000000000000000000, 0.000000000000000000, 0.000000000000000000 ) ) ;
#90 = CARTESIAN_POINT ( 'NONE',  ( 96.00000000000000000, -7.000000000000000000, -12.00000000000000000 ) ) ;
#91 = VERTEX_POINT ( 'NONE', #2001 ) ;
#92 = CARTESIAN_POINT ( 'NONE',  ( 30.00000000000000000, 0.000000000000000000, 46.70000000000000284 ) ) ;
#93 = DIRECTION ( 'NONE',  ( 0.000000000000000000, -1.000000000000000000, 0.000000000000000000 ) ) ;
#94 = ORIENTED_EDGE ( 'NONE', *, *, #2692, .T. ) ;
#95 = CYLINDRICAL_SURFACE ( 'NONE', #60, 1.600000000000004086 ) ;
#96 = EDGE_CURVE ( 'NONE', #1790, #734, #614, .T. ) ;
#97 = EDGE_CURVE ( 'NONE', #480, #266, #1078, .T. ) ;
#98 = CARTESIAN_POINT ( 'NONE',  ( 95.00000000000000000, -4.000000000000000000, -31.00000000000000000 ) ) ;
#99 = FACE_OUTER_BOUND ( 'NONE', #1052, .T. ) ;
#100 = FACE_OUTER_BOUND ( 'NONE', #2517, .T. ) ;
#101 = ORIENTED_EDGE ( 'NONE', *, *, #1999, .F. ) ;
#102 = FACE_OUTER_BOUND ( 'NONE', #1044, .T. ) ;
#103 = ORIENTED_EDGE ( 'NONE', *, *, #2550, .T. ) ;
#104 = DIRECTION ( 'NONE',  ( 0.000000000000000000, 0.000000000000000000, 1.000000000000000000 ) ) ;
#105 = FACE_OUTER_BOUND ( 'NONE', #35, .T. ) ;
#106 = ORIENTED_EDGE ( 'NONE', *, *, #1706, .T. ) ;
#107 = CARTESIAN_POINT ( 'NONE',  ( 100.0000000000000000, -30.00000000000000000, 57.00000000000000000 ) ) ;
#108 = AXIS2_PLACEMENT_3D ( 'NONE', #2659, #476, #226 ) ;
#109 = FACE_OUTER_BOUND ( 'NONE', #536, .T. ) ;
#110 = ADVANCED_FACE ( 'NONE', ( #3001 ), #299, .F. ) ;
#111 = EDGE_CURVE ( 'NONE', #1594, #1316, #556, .T. ) ;
#112 = FACE_BOUND ( 'NONE', #1469, .T. ) ;
#113 = CARTESIAN_POINT ( 'NONE',  ( 1.000000000000000000, -4.000000000000000000, 46.70000000000000284 ) ) ;
#114 = EDGE_CURVE ( 'NONE', #384, #2309, #848, .T. ) ;
#115 = EDGE_CURVE ( 'NONE', #2510, #2963, #2265, .T. ) ;
#116 = FACE_OUTER_BOUND ( 'NONE', #1751, .T. ) ;
#117 = ORIENTED_EDGE ( 'NONE', *, *, #1187, .T. ) ;
#118 = CARTESIAN_POINT ( 'NONE',  ( -48.00000000000000000, -3.000000000000000000, -61.40000000000000568 ) ) ;
#120 = EDGE_LOOP ( 'NONE', ( #429, #2432, #72, #2293 ) ) ;
#119 = CIRCLE ( 'NONE', #2162, 1.600000000000000755 ) ;
#121 = CARTESIAN_POINT ( 'NONE',  ( 100.0000000000000000, 0.000000000000000000, -58.35000000000000853 ) ) ;
#122 = CARTESIAN_POINT ( 'NONE',  ( -48.00000000000000000, -3.000000000000000000, -18.00000000000000000 ) ) ;
#123 = ORIENTED_EDGE ( 'NONE', *, *, #1999, .T. ) ;
#124 = LINE ( 'NONE', #851, #613 ) ;
#125 = DIRECTION ( 'NONE',  ( 0.000000000000000000, -1.000000000000000000, 0.000000000000000000 ) ) ;
#126 = AXIS2_PLACEMENT_3D ( 'NONE', #2002, #1809, #2021 ) ;
#127 = DIRECTION ( 'NONE',  ( 0.000000000000000000, -1.000000000000000000, 0.000000000000000000 ) ) ;
#128 = CARTESIAN_POINT ( 'NONE',  ( -100.0000000000000000, 0.000000000000000000, 58.35000000000000853 ) ) ;
#129 = APPROVAL_STATUS ( 'not_yet_approved' ) ;
#130 = CYLINDRICAL_SURFACE ( 'NONE', #1141, 1.599999999999997202 ) ;
#131 = DIRECTION ( 'NONE',  ( 0.000000000000000000, -0.000000000000000000, 1.000000000000000000 ) ) ;
#132 = EDGE_LOOP ( 'NONE', ( #1658, #2286, #413, #2682 ) ) ;
#133 = ADVANCED_FACE ( 'NONE', ( #1791 ), #2710, .T. ) ;
#134 = EDGE_CURVE ( 'NONE', #3127, #233, #2773, .T. ) ;
#135 = CARTESIAN_POINT ( 'NONE',  ( -11.00000000000000000, -4.000000000000000000, 46.70000000000000284 ) ) ;
#136 = AXIS2_PLACEMENT_3D ( 'NONE', #90, #1580, #1299 ) ;
#137 = ORIENTED_EDGE ( 'NONE', *, *, #2358, .F. ) ;
#138 = CARTESIAN_POINT ( 'NONE',  ( -100.0000000000000000, 0.000000000000000000, 57.00000000000000000 ) ) ;
#139 = LINE ( 'NONE', #1158, #2007 ) ;
#140 = ORIENTED_EDGE ( 'NONE', *, *, #650, .T. ) ;
#141 = LINE ( 'NONE', #2776, #2800 ) ;
#142 = DIRECTION ( 'NONE',  ( 1.000000000000000000, 0.000000000000000000, 0.000000000000000000 ) ) ;
#143 = DIRECTION ( 'NONE',  ( 0.000000000000000000, 1.000000000000000000, 0.000000000000000000 ) ) ;
#144 = CARTESIAN_POINT ( 'NONE',  ( -107.0000000000000000, -37.00000000000000000, -64.50000000000000000 ) ) ;
#145 = CARTESIAN_POINT ( 'NONE',  ( 0.000000000000000000, -7.000000000000000000, 30.00000000000000000 ) ) ;
#146 = VECTOR ( 'NONE', #1840, 1000.000000000000000 ) ;
#147 = CARTESIAN_POINT ( 'NONE',  ( -100.0000000000000000, 0.000000000000000000, 57.00000000000000000 ) ) ;
#148 = CARTESIAN_POINT ( 'NONE',  ( -100.0000000000000000, -34.00000000000000000, -57.00000000000000000 ) ) ;
#149 = ORIENTED_EDGE ( 'NONE', *, *, #317, .F. ) ;
#150 = LINE ( 'NONE', #1124, #3151 ) ;
#151 = EDGE_CURVE ( 'NONE', #2719, #2665, #2480, .T. ) ;
#152 = EDGE_CURVE ( 'NONE', #2497, #387, #2284, .T. ) ;
#153 = APPROVAL_PERSON_ORGANIZATION ( #1040, #2233, #1556 ) ;
#154 = EDGE_LOOP ( 'NONE', ( #1026, #2101, #3000, #1634 ) ) ;
#155 = CYLINDRICAL_SURFACE ( 'NONE', #1908, 1.600000000000004086 ) ;
#156 = VERTEX_POINT ( 'NONE', #1331 ) ;
#157 = DIRECTION ( 'NONE',  ( 0.000000000000000000, 0.000000000000000000, -1.000000000000000000 ) ) ;
#158 = AXIS2_PLACEMENT_3D ( 'NONE', #1408, #941, #1659 ) ;
#159 = LINE ( 'NONE', #675, #2597 ) ;
#160 = CARTESIAN_POINT ( 'NONE',  ( -11.00000000000000000, -4.000000000000000000, 46.70000000000000284 ) ) ;
#161 = VECTOR ( 'NONE', #1039, 1000.000000000000000 ) ;
#162 = CARTESIAN_POINT ( 'NONE',  ( 100.0000000000000000, -30.00000000000000000, -57.00000000000000000 ) ) ;
#163 = DIRECTION ( 'NONE',  ( 0.000000000000000000, 1.000000000000000000, 0.000000000000000000 ) ) ;
#164 = PLANE ( 'NONE',  #2811 ) ;
#165 = DIRECTION ( 'NONE',  ( 0.000000000000000000, -1.000000000000000000, 0.000000000000000000 ) ) ;
#166 = DIRECTION ( 'NONE',  ( -1.000000000000000000, 0.000000000000000000, 0.000000000000000000 ) ) ;
#167 = VECTOR ( 'NONE', #2120, 1000.000000000000000 ) ;
#168 = ORIENTED_EDGE ( 'NONE', *, *, #78, .F. ) ;
#169 = LINE ( 'NONE', #1583, #588 ) ;
#170 = VECTOR ( 'NONE', #1497, 1000.000000000000000 ) ;
#171 = ORIENTED_EDGE ( 'NONE', *, *, #2241, .F. ) ;
#172 = DIRECTION ( 'NONE',  ( 0.000000000000000000, 0.000000000000000000, -1.000000000000000000 ) ) ;
#173 = ORIENTED_EDGE ( 'NONE', *, *, #2945, .F. ) ;
#174 = CARTESIAN_POINT ( 'NONE',  ( -93.00000000000000000, -3.000000000000000000, -16.39999999999999503 ) ) ;
#175 = EDGE_CURVE ( 'NONE', #640, #3127, #3064, .T. ) ;
#176 = EDGE_CURVE ( 'NONE', #1877, #660, #2310, .T. ) ;
#177 = DIRECTION ( 'NONE',  ( 0.000000000000000000, -0.000000000000000000, 1.000000000000000000 ) ) ;
#178 = LINE ( 'NONE', #2865, #532 ) ;
#179 = CARTESIAN_POINT ( 'NONE',  ( -22.00000000000000000, -4.000000000000000000, -4.299999999999999822 ) ) ;
#180 = AXIS2_PLACEMENT_3D ( 'NONE', #1684, #2184, #26 ) ;
#181 = LINE ( 'NONE', #1154, #282 ) ;
#182 = CARTESIAN_POINT ( 'NONE',  ( -100.0000000000000000, -30.00000000000000000, 57.00000000000000000 ) ) ;
#183 = CARTESIAN_POINT ( 'NONE',  ( 28.00000000000000000, -4.000000000000000000, -49.00000000000000000 ) ) ;
#184 = VERTEX_POINT ( 'NONE', #121 ) ;
#185 = CARTESIAN_POINT ( 'NONE',  ( 107.0000000000000000, -3.000000000000000000, 0.000000000000000000 ) ) ;
#186 = VERTEX_POINT ( 'NONE', #1093 ) ;
#187 = LINE ( 'NONE', #235, #1288 ) ;
#188 = VERTEX_POINT ( 'NONE', #402 ) ;
#189 = ORIENTED_EDGE ( 'NONE', *, *, #435, .F. ) ;
#190 = CARTESIAN_POINT ( 'NONE',  ( -110.0000000000000000, -37.00000000000000000, -64.50000000000000000 ) ) ;
#191 = EDGE_CURVE ( 'NONE', #2461, #1248, #2084, .T. ) ;
#192 = EDGE_CURVE ( 'NONE', #2963, #2557, #622, .T. ) ;
#193 = CARTESIAN_POINT ( 'NONE',  ( 95.00000000000000000, -3.000000000000000000, -34.00000000000000000 ) ) ;
#194 = DIRECTION ( 'NONE',  ( 0.000000000000000000, 0.000000000000000000, 1.000000000000000000 ) ) ;
#195 = DIRECTION ( 'NONE',  ( 0.000000000000000000, 0.000000000000000000, 1.000000000000000000 ) ) ;
#196 = DIRECTION ( 'NONE',  ( -1.000000000000000000, -0.000000000000000000, -0.000000000000000000 ) ) ;
#197 = DESIGN_CONTEXT ( 'detailed design', #2592, 'design' ) ;
#198 = ORIENTED_EDGE ( 'NONE', *, *, #2611, .F. ) ;
#199 = DIRECTION ( 'NONE',  ( -0.000000000000000000, 1.000000000000000000, -0.000000000000000000 ) ) ;
#200 = ORIENTED_EDGE ( 'NONE', *, *, #650, .F. ) ;
#201 = DIRECTION ( 'NONE',  ( -0.000000000000000000, 1.000000000000000000, -0.000000000000000000 ) ) ;
#202 = CIRCLE ( 'NONE', #1420, 1.600000000000004086 ) ;
#203 = VECTOR ( 'NONE', #1485, 1000.000000000000000 ) ;
#204 = AXIS2_PLACEMENT_3D ( 'NONE', #2960, #1454, #2455 ) ;
#205 = ORIENTED_EDGE ( 'NONE', *, *, #1802, .F. ) ;
#206 = DIRECTION ( 'NONE',  ( 0.000000000000000000, 0.000000000000000000, -1.000000000000000000 ) ) ;
#207 = VECTOR ( 'NONE', #2715, 1000.000000000000000 ) ;
#208 = LINE ( 'NONE', #1287, #2885 ) ;
#209 = CC_DESIGN_DATE_AND_TIME_ASSIGNMENT ( #855, #1275, ( #1882 ) ) ;
#210 = EDGE_CURVE ( 'NONE', #800, #91, #603, .T. ) ;
#211 = DIRECTION ( 'NONE',  ( -1.000000000000000000, 0.000000000000000000, -0.000000000000000000 ) ) ;
#212 = CYLINDRICAL_SURFACE ( 'NONE', #108, 1.350000000000004086 ) ;
#213 = DIRECTION ( 'NONE',  ( 0.000000000000000000, 0.000000000000000000, 1.000000000000000000 ) ) ;
#214 = EDGE_CURVE ( 'NONE', #3156, #1939, #2824, .T. ) ;
#215 = EDGE_CURVE ( 'NONE', #1108, #3045, #2342, .T. ) ;
#216 = ORIENTED_EDGE ( 'NONE', *, *, #2636, .T. ) ;
#217 = ORIENTED_EDGE ( 'NONE', *, *, #2551, .T. ) ;
#218 = VERTEX_POINT ( 'NONE', #3049 ) ;
#219 = FACE_OUTER_BOUND ( 'NONE', #2085, .T. ) ;
#220 = ORIENTED_EDGE ( 'NONE', *, *, #269, .T. ) ;
#221 = ORIENTED_EDGE ( 'NONE', *, *, #1007, .T. ) ;
#222 = CARTESIAN_POINT ( 'NONE',  ( 28.00000000000000000, -3.000000000000000000, 0.000000000000000000 ) ) ;
#223 = CARTESIAN_POINT ( 'NONE',  ( 28.00000000000000000, -4.000000000000000000, -52.00000000000000000 ) ) ;
#224 = AXIS2_PLACEMENT_3D ( 'NONE', #2834, #1607, #1371 ) ;
#225 = DIRECTION ( 'NONE',  ( 0.000000000000000000, 0.000000000000000000, -1.000000000000000000 ) ) ;
#226 = DIRECTION ( 'NONE',  ( 0.000000000000000000, 0.000000000000000000, 1.000000000000000000 ) ) ;
#227 = CARTESIAN_POINT ( 'NONE',  ( 69.00000000000000000, 0.000000000000000000, -26.30000000000000071 ) ) ;
#228 = CIRCLE ( 'NONE', #989, 5.000000000000004441 ) ;
#229 = VECTOR ( 'NONE', #2697, 1000.000000000000000 ) ;
#230 = ORIENTED_EDGE ( 'NONE', *, *, #2507, .T. ) ;
#231 = EDGE_CURVE ( 'NONE', #3063, #1564, #879, .T. ) ;
#232 = EDGE_CURVE ( 'NONE', #2309, #2736, #1929, .T. ) ;
#233 = VERTEX_POINT ( 'NONE', #370 ) ;
#234 = ORIENTED_EDGE ( 'NONE', *, *, #2708, .F. ) ;
#235 = CARTESIAN_POINT ( 'NONE',  ( 28.00000000000000000, -3.000000000000000000, 0.000000000000000000 ) ) ;
#236 = ORIENTED_EDGE ( 'NONE', *, *, #860, .T. ) ;
#237 = ORIENTED_EDGE ( 'NONE', *, *, #288, .T. ) ;
#238 = LINE ( 'NONE', #267, #2170 ) ;
#239 = PLANE ( 'NONE',  #786 ) ;
#240 = AXIS2_PLACEMENT_3D ( 'NONE', #1532, #1284, #335 ) ;
#241 = PRODUCT_DEFINITION_SHAPE ( 'NONE', 'NONE',  #1433 ) ;
#242 = PLANE ( 'NONE',  #19 ) ;
#243 = FACE_BOUND ( 'NONE', #946, .T. ) ;
#244 = CARTESIAN_POINT ( 'NONE',  ( -100.0000000000000000, -30.00000000000000000, 57.00000000000000000 ) ) ;
#245 =( NAMED_UNIT ( * ) PLANE_ANGLE_UNIT ( ) SI_UNIT ( $, .RADIAN. ) );
#246 = ORIENTED_EDGE ( 'NONE', *, *, #457, .F. ) ;
#247 = EDGE_LOOP ( 'NONE', ( #1736, #1190 ) ) ;
#248 = VERTEX_POINT ( 'NONE', #174 ) ;
#249 = DIRECTION ( 'NONE',  ( 0.000000000000000000, 0.000000000000000000, 1.000000000000000000 ) ) ;
#250 = CC_DESIGN_DATE_AND_TIME_ASSIGNMENT ( #378, #2554, ( #1433 ) ) ;
#251 = ADVANCED_FACE ( 'NONE', ( #406 ), #1115, .F. ) ;
#252 = VECTOR ( 'NONE', #2515, 1000.000000000000000 ) ;
#253 = ORIENTED_EDGE ( 'NONE', *, *, #757, .T. ) ;
#254 = FACE_OUTER_BOUND ( 'NONE', #331, .T. ) ;
#255 = DIRECTION ( 'NONE',  ( 0.000000000000000000, 0.000000000000000000, -1.000000000000000000 ) ) ;
#256 = AXIS2_PLACEMENT_3D ( 'NONE', #2625, #911, #213 ) ;
#257 = FACE_BOUND ( 'NONE', #1987, .T. ) ;
#258 = FACE_OUTER_BOUND ( 'NONE', #2338, .T. ) ;
#259 = PLANE ( 'NONE',  #204 ) ;
#260 = VERTEX_POINT ( 'NONE', #1132 ) ;
#261 = AXIS2_PLACEMENT_3D ( 'NONE', #424, #2186, #2426 ) ;
#262 = VERTEX_POINT ( 'NONE', #1619 ) ;
#263 = VERTEX_POINT ( 'NONE', #2848 ) ;
#264 = DIRECTION ( 'NONE',  ( 0.000000000000000000, -0.000000000000000000, 1.000000000000000000 ) ) ;
#265 = PRODUCT ( 'mars_lander_control_box_base_v1p3', 'mars_lander_control_box_base_v1p3', '', ( #2732 ) ) ;
#266 = VERTEX_POINT ( 'NONE', #1147 ) ;
#267 = CARTESIAN_POINT ( 'NONE',  ( 110.0000000000000000, -3.000000000000000000, -67.50000000000000000 ) ) ;
#268 = CARTESIAN_POINT ( 'NONE',  ( 42.00000000000000000, 0.000000000000000000, 43.29999999999999716 ) ) ;
#269 = EDGE_CURVE ( 'NONE', #2404, #1482, #2346, .T. ) ;
#270 = EDGE_CURVE ( 'NONE', #350, #1113, #3072, .T. ) ;
#271 = VECTOR ( 'NONE', #999, 1000.000000000000000 ) ;
#272 = DIRECTION ( 'NONE',  ( 0.000000000000000000, -0.000000000000000000, -1.000000000000000000 ) ) ;
#273 = VECTOR ( 'NONE', #681, 1000.000000000000000 ) ;
#274 = CARTESIAN_POINT ( 'NONE',  ( 100.0000000000000000, -30.00000000000000000, 57.00000000000000000 ) ) ;
#275 = CARTESIAN_POINT ( 'NONE',  ( -34.00000000000000000, -3.000000000000000000, -7.700000000000000178 ) ) ;
#276 = AXIS2_PLACEMENT_3D ( 'NONE', #2133, #623, #3082 ) ;
#277 = EDGE_LOOP ( 'NONE', ( #2500, #1479, #1529, #2948 ) ) ;
#278 = EDGE_LOOP ( 'NONE', ( #1089, #831, #3161, #586 ) ) ;
#279 = EDGE_LOOP ( 'NONE', ( #1473, #1426, #2820, #468 ) ) ;
#280 = ORIENTED_EDGE ( 'NONE', *, *, #1259, .F. ) ;
#281 = CARTESIAN_POINT ( 'NONE',  ( -93.55677643628301610, -7.000000000000000000, -64.50000000000000000 ) ) ;
#282 = VECTOR ( 'NONE', #2836, 1000.000000000000000 ) ;
#283 = VERTEX_POINT ( 'NONE', #2330 ) ;
#284 = CARTESIAN_POINT ( 'NONE',  ( -110.0000000000000000, -37.00000000000000000, 64.50000000000000000 ) ) ;
#285 = PLANE ( 'NONE',  #3030 ) ;
#286 = AXIS2_PLACEMENT_3D ( 'NONE', #1815, #1557, #2536 ) ;
#287 = FACE_BOUND ( 'NONE', #1645, .T. ) ;
#288 = EDGE_CURVE ( 'NONE', #1859, #2205, #159, .T. ) ;
#289 = EDGE_CURVE ( 'NONE', #2171, #1043, #1216, .T. ) ;
#290 = DIRECTION ( 'NONE',  ( -0.000000000000000000, 1.000000000000000000, -0.000000000000000000 ) ) ;
#291 = CARTESIAN_POINT ( 'NONE',  ( 96.00000000000000000, -7.000000000000000000, -12.00000000000000000 ) ) ;
#292 = CARTESIAN_POINT ( 'NONE',  ( 18.00000000000000355, -37.00000000000000000, 67.50000000000000000 ) ) ;
#293 = ORIENTED_EDGE ( 'NONE', *, *, #883, .T. ) ;
#294 = ORIENTED_EDGE ( 'NONE', *, *, #779, .T. ) ;
#295 = ORIENTED_EDGE ( 'NONE', *, *, #50, .F. ) ;
#296 = ORIENTED_EDGE ( 'NONE', *, *, #2945, .T. ) ;
#297 = CARTESIAN_POINT ( 'NONE',  ( -11.99999999999999645, -3.000000000000000000, 67.50000000000000000 ) ) ;
#298 = ORIENTED_EDGE ( 'NONE', *, *, #152, .T. ) ;
#299 = PLANE ( 'NONE',  #2392 ) ;
#300 = CARTESIAN_POINT ( 'NONE',  ( -100.0000000000000000, -30.00000000000000000, -58.35000000000000853 ) ) ;
#301 = CARTESIAN_POINT ( 'NONE',  ( 95.00000000000000000, -4.000000000000000000, -31.00000000000000000 ) ) ;
#302 = VECTOR ( 'NONE', #2579, 1000.000000000000000 ) ;
#303 = FACE_BOUND ( 'NONE', #569, .T. ) ;
#304 = LOCAL_TIME ( 17, 26, 4.000000000000000000, #2535 ) ;
#305 = PLANE ( 'NONE',  #1837 ) ;
#306 = COORDINATED_UNIVERSAL_TIME_OFFSET ( 8, 0, .AHEAD. ) ;
#307 = FACE_OUTER_BOUND ( 'NONE', #2477, .T. ) ;
#308 = ADVANCED_FACE ( 'NONE', ( #1845 ), #1828, .T. ) ;
#309 = EDGE_CURVE ( 'NONE', #2401, #2982, #2828, .T. ) ;
#310 = AXIS2_PLACEMENT_3D ( 'NONE', #182, #1816, #2306 ) ;
#311 = VECTOR ( 'NONE', #3122, 1000.000000000000000 ) ;
#312 = ORIENTED_EDGE ( 'NONE', *, *, #1085, .T. ) ;
#313 = EDGE_LOOP ( 'NONE', ( #558, #2035 ) ) ;
#314 = VERTEX_POINT ( 'NONE', #2863 ) ;
#315 = EDGE_CURVE ( 'NONE', #495, #3027, #2122, .T. ) ;
#316 = EDGE_LOOP ( 'NONE', ( #200, #1614, #2506, #1778 ) ) ;
#317 = EDGE_CURVE ( 'NONE', #939, #1912, #2840, .T. ) ;
#318 = DIRECTION ( 'NONE',  ( 0.000000000000000000, 1.000000000000000000, 0.000000000000000000 ) ) ;
#319 = VECTOR ( 'NONE', #2794, 1000.000000000000000 ) ;
#320 = ORIENTED_EDGE ( 'NONE', *, *, #669, .T. ) ;
#321 = CARTESIAN_POINT ( 'NONE',  ( 18.00000000000000355, -37.00000000000000000, 67.50000000000000000 ) ) ;
#322 = CARTESIAN_POINT ( 'NONE',  ( 96.00000000000000000, -7.000000000000000000, -13.60000000000000497 ) ) ;
#323 = EDGE_LOOP ( 'NONE', ( #2047, #1996, #234, #171, #2490, #2167, #1997, #2419, #1552, #2934, #2132, #750, #1235, #2376, #1515, #3142, #1494, #189, #149, #2344, #1752, #2644 ) ) ;
#324 = LINE ( 'NONE', #1254, #1443 ) ;
#325 = AXIS2_PLACEMENT_3D ( 'NONE', #2845, #3131, #659 ) ;
#326 = LINE ( 'NONE', #1291, #2956 ) ;
#327 = LINE ( 'NONE', #1733, #2353 ) ;
#328 = PERSON_AND_ORGANIZATION ( #1627, #1270 ) ;
#329 = DIRECTION ( 'NONE',  ( -1.000000000000000000, -0.000000000000000000, -0.000000000000000000 ) ) ;
#330 = EDGE_LOOP ( 'NONE', ( #1518, #1429, #1937, #1909 ) ) ;
#331 = EDGE_LOOP ( 'NONE', ( #1250, #942, #1561, #1721 ) ) ;
#332 = ORIENTED_EDGE ( 'NONE', *, *, #1055, .F. ) ;
#333 = VECTOR ( 'NONE', #1958, 1000.000000000000000 ) ;
#334 = DIRECTION ( 'NONE',  ( 0.000000000000000000, 1.000000000000000000, 0.000000000000000000 ) ) ;
#335 = DIRECTION ( 'NONE',  ( 0.000000000000000000, 0.000000000000000000, 1.000000000000000000 ) ) ;
#336 = EDGE_CURVE ( 'NONE', #33, #1468, #81, .T. ) ;
#337 = EDGE_CURVE ( 'NONE', #1206, #2798, #2011, .T. ) ;
#338 = ORIENTED_EDGE ( 'NONE', *, *, #668, .F. ) ;
#339 = CARTESIAN_POINT ( 'NONE',  ( 81.00000000000000000, -3.000000000000000000, 43.29999999999999716 ) ) ;
#340 = CARTESIAN_POINT ( 'NONE',  ( -100.0000000000000000, -2.999999999999999112, 57.00000000000000000 ) ) ;
#341 = ORIENTED_EDGE ( 'NONE', *, *, #1112, .F. ) ;
#342 = LINE ( 'NONE', #866, #578 ) ;
#343 = VECTOR ( 'NONE', #142, 1000.000000000000000 ) ;
#344 = CYLINDRICAL_SURFACE ( 'NONE', #1827, 1.350000000000004086 ) ;
#345 = CARTESIAN_POINT ( 'NONE',  ( 96.00000000000000000, -7.000000000000000000, 30.00000000000000000 ) ) ;
#346 = APPROVAL_DATE_TIME ( #807, #2233 ) ;
#347 = LINE ( 'NONE', #1310, #2994 ) ;
#348 = VERTEX_POINT ( 'NONE', #1385 ) ;
#349 = DIRECTION ( 'NONE',  ( 0.000000000000000000, -1.000000000000000000, 0.000000000000000000 ) ) ;
#350 = VERTEX_POINT ( 'NONE', #1163 ) ;
#351 = DIRECTION ( 'NONE',  ( 1.000000000000000000, 0.000000000000000000, -0.000000000000000000 ) ) ;
#352 = CARTESIAN_POINT ( 'NONE',  ( -110.0000000000000000, -37.00000000000000000, -67.50000000000000000 ) ) ;
#353 = EDGE_LOOP ( 'NONE', ( #2962, #858, #520, #1533 ) ) ;
#354 = LINE ( 'NONE', #1585, #731 ) ;
#355 = ADVANCED_FACE ( 'NONE', ( #2618 ), #1097, .F. ) ;
#356 = EDGE_CURVE ( 'NONE', #973, #1965, #933, .T. ) ;
#357 = CARTESIAN_POINT ( 'NONE',  ( 69.00000000000000000, -4.000000000000000000, 43.29999999999999716 ) ) ;
#358 = CARTESIAN_POINT ( 'NONE',  ( 69.00000000000000000, -4.000000000000000000, -26.30000000000000071 ) ) ;
#359 = CALENDAR_DATE ( 2026, 26, 7 ) ;
#360 = FACE_OUTER_BOUND ( 'NONE', #3083, .T. ) ;
#361 = VECTOR ( 'NONE', #1068, 1000.000000000000000 ) ;
#362 = VECTOR ( 'NONE', #73, 1000.000000000000000 ) ;
#363 = CC_DESIGN_SECURITY_CLASSIFICATION ( #1882, ( #926 ) ) ;
#364 = LINE ( 'NONE', #2556, #1019 ) ;
#365 = ORIENTED_EDGE ( 'NONE', *, *, #1762, .T. ) ;
#366 = AXIS2_PLACEMENT_3D ( 'NONE', #1343, #666, #131 ) ;
#367 = CIRCLE ( 'NONE', #2961, 5.000000000000004441 ) ;
#368 = DIRECTION ( 'NONE',  ( 0.000000000000000000, 0.000000000000000000, 1.000000000000000000 ) ) ;
#369 = VERTEX_POINT ( 'NONE', #2812 ) ;
#370 = CARTESIAN_POINT ( 'NONE',  ( 81.00000000000000000, 0.000000000000000000, -26.30000000000000071 ) ) ;
#371 = DIRECTION ( 'NONE',  ( -0.000000000000000000, 1.000000000000000000, -0.000000000000000000 ) ) ;
#372 = ORIENTED_EDGE ( 'NONE', *, *, #1377, .F. ) ;
#373 = DIRECTION ( 'NONE',  ( 0.000000000000000000, 1.000000000000000000, 0.000000000000000000 ) ) ;
#374 = PLANE ( 'NONE',  #871 ) ;
#375 = EDGE_CURVE ( 'NONE', #2403, #260, #2989, .T. ) ;
#376 = ADVANCED_FACE ( 'NONE', ( #1586 ), #693, .F. ) ;
#377 = DIRECTION ( 'NONE',  ( 0.000000000000000000, 0.000000000000000000, -1.000000000000000000 ) ) ;
#378 = DATE_AND_TIME ( #1749, #2542 ) ;
#379 = DIRECTION ( 'NONE',  ( 0.000000000000000000, 1.000000000000000000, 0.000000000000000000 ) ) ;
#380 = DIRECTION ( 'NONE',  ( 1.000000000000000000, 0.000000000000000000, 0.000000000000000000 ) ) ;
#381 = ORIENTED_EDGE ( 'NONE', *, *, #315, .T. ) ;
#382 = CARTESIAN_POINT ( 'NONE',  ( 30.00000000000000000, -4.000000000000000000, 43.29999999999999716 ) ) ;
#384 = VERTEX_POINT ( 'NONE', #1603 ) ;
#383 = CIRCLE ( 'NONE', #2207, 1.600000000000000755 ) ;
#385 = CARTESIAN_POINT ( 'NONE',  ( 100.0000000000000000, -30.00000000000000000, -57.00000000000000000 ) ) ;
#386 = CARTESIAN_POINT ( 'NONE',  ( -100.0000000000000000, 0.000000000000000000, 55.64999999999999858 ) ) ;
#387 = VERTEX_POINT ( 'NONE', #2157 ) ;
#388 = CARTESIAN_POINT ( 'NONE',  ( -100.0000000000000000, -30.00000000000000000, -62.00000000000000711 ) ) ;
#389 = DIRECTION ( 'NONE',  ( 0.000000000000000000, 0.000000000000000000, -1.000000000000000000 ) ) ;
#390 = AXIS2_PLACEMENT_3D ( 'NONE', #935, #709, #1896 ) ;
#391 = CARTESIAN_POINT ( 'NONE',  ( 0.000000000000000000, 0.000000000000000000, 0.000000000000000000 ) ) ;
#392 = DIRECTION ( 'NONE',  ( -0.000000000000000000, 0.000000000000000000, 1.000000000000000000 ) ) ;
#393 = CARTESIAN_POINT ( 'NONE',  ( -11.00000000000000000, -4.000000000000000000, 43.29999999999999716 ) ) ;
#394 = EDGE_CURVE ( 'NONE', #535, #1888, #1730, .T. ) ;
#395 = EDGE_CURVE ( 'NONE', #1564, #1513, #706, .T. ) ;
#396 = DIRECTION ( 'NONE',  ( 0.000000000000000000, 1.000000000000000000, 0.000000000000000000 ) ) ;
#397 = LINE ( 'NONE', #183, #1172 ) ;
#398 = VERTEX_POINT ( 'NONE', #1236 ) ;
#399 = CARTESIAN_POINT ( 'NONE',  ( 107.0000000000000000, -37.00000000000000000, 67.50000000000000000 ) ) ;
#400 = VECTOR ( 'NONE', #2337, 1000.000000000000000 ) ;
#401 = EDGE_LOOP ( 'NONE', ( #2633, #216, #2857, #1045 ) ) ;
#402 = CARTESIAN_POINT ( 'NONE',  ( 1.000000000000000000, -3.000000000000000000, 46.70000000000000284 ) ) ;
#403 = CARTESIAN_POINT ( 'NONE',  ( 81.00000000000000000, 0.000000000000000000, 46.70000000000000284 ) ) ;
#404 = EDGE_LOOP ( 'NONE', ( #1493, #87 ) ) ;
#405 = LINE ( 'NONE', #1128, #2822 ) ;
#406 = FACE_OUTER_BOUND ( 'NONE', #2737, .T. ) ;
#407 = CARTESIAN_POINT ( 'NONE',  ( -34.00000000000000000, 0.000000000000000000, -7.700000000000000178 ) ) ;
#408 = LINE ( 'NONE', #1370, #677 ) ;
#409 = CARTESIAN_POINT ( 'NONE',  ( 96.00000000000000000, -7.000000000000000000, 30.00000000000000000 ) ) ;
#410 = LINE ( 'NONE', #1671, #1801 ) ;
#411 = DIRECTION ( 'NONE',  ( 1.000000000000000000, 0.000000000000000000, 0.000000000000000000 ) ) ;
#412 = CARTESIAN_POINT ( 'NONE',  ( -48.00000000000000000, -7.000000000000000000, -61.40000000000000568 ) ) ;
#413 = ORIENTED_EDGE ( 'NONE', *, *, #977, .F. ) ;
#414 = VECTOR ( 'NONE', #1406, 1000.000000000000000 ) ;
#415 = ORIENTED_EDGE ( 'NONE', *, *, #2107, .T. ) ;
#416 = EDGE_CURVE ( 'NONE', #2976, #3031, #1048, .T. ) ;
#417 = PLANE ( 'NONE',  #276 ) ;
#418 = EDGE_CURVE ( 'NONE', #1000, #2557, #2408, .T. ) ;
#419 = ORIENTED_EDGE ( 'NONE', *, *, #3044, .F. ) ;
#420 = LINE ( 'NONE', #2357, #2104 ) ;
#421 = ORIENTED_EDGE ( 'NONE', *, *, #97, .T. ) ;
#422 = DIRECTION ( 'NONE',  ( 0.000000000000000000, 1.000000000000000000, 0.000000000000000000 ) ) ;
#423 = CARTESIAN_POINT ( 'NONE',  ( 96.00000000000000000, -7.000000000000000000, -12.00000000000000000 ) ) ;
#424 = CARTESIAN_POINT ( 'NONE',  ( -48.00000000000000000, -3.000000000000000000, -63.00000000000000000 ) ) ;
#425 = FACE_OUTER_BOUND ( 'NONE', #1344, .T. ) ;
#426 = CARTESIAN_POINT ( 'NONE',  ( -110.0000000000000000, -37.00000000000000000, -64.50000000000000000 ) ) ;
#427 = LINE ( 'NONE', #2607, #927 ) ;
#428 = LINE ( 'NONE', #2369, #2492 ) ;
#429 = ORIENTED_EDGE ( 'NONE', *, *, #1978, .T. ) ;
#430 = CARTESIAN_POINT ( 'NONE',  ( -93.00000000000000000, -7.000000000000000000, -19.60000000000000142 ) ) ;
#431 = AXIS2_PLACEMENT_3D ( 'NONE', #1938, #2952, #1954 ) ;
#432 = VERTEX_POINT ( 'NONE', #1222 ) ;
#433 = CARTESIAN_POINT ( 'NONE',  ( 69.00000000000000000, 0.000000000000000000, -29.69999999999999929 ) ) ;
#434 = EDGE_CURVE ( 'NONE', #2982, #480, #1913, .T. ) ;
#435 = EDGE_CURVE ( 'NONE', #1912, #2524, #1430, .T. ) ;
#436 = ORIENTED_EDGE ( 'NONE', *, *, #2674, .F. ) ;
#437 = ORIENTED_EDGE ( 'NONE', *, *, #375, .T. ) ;
#438 = DIRECTION ( 'NONE',  ( 0.000000000000000000, 0.000000000000000000, -1.000000000000000000 ) ) ;
#439 = AXIS2_PLACEMENT_3D ( 'NONE', #2774, #2545, #864 ) ;
#440 = DIRECTION ( 'NONE',  ( 0.000000000000000000, -0.000000000000000000, 1.000000000000000000 ) ) ;
#441 = LINE ( 'NONE', #3105, #1865 ) ;
#442 = CIRCLE ( 'NONE', #2214, 1.599999999999997202 ) ;
#443 = CARTESIAN_POINT ( 'NONE',  ( 100.0000000000000000, -30.00000000000000000, -58.35000000000000853 ) ) ;
#444 = FACE_OUTER_BOUND ( 'NONE', #1854, .T. ) ;
#445 = CARTESIAN_POINT ( 'NONE',  ( -68.00000000000000000, -4.000000000000000000, -4.299999999999999822 ) ) ;
#446 = VERTEX_POINT ( 'NONE', #1941 ) ;
#447 = CARTESIAN_POINT ( 'NONE',  ( -48.00000000000000000, -7.000000000000000000, -63.00000000000000000 ) ) ;
#448 = AXIS2_PLACEMENT_3D ( 'NONE', #1265, #1968, #762 ) ;
#449 = ORIENTED_EDGE ( 'NONE', *, *, #309, .F. ) ;
#450 = LINE ( 'NONE', #433, #1950 ) ;
#451 = ORIENTED_EDGE ( 'NONE', *, *, #2288, .F. ) ;
#452 = VERTEX_POINT ( 'NONE', #453 ) ;
#453 = CARTESIAN_POINT ( 'NONE',  ( -93.00000000000000000, -7.000000000000000000, -16.39999999999999503 ) ) ;
#454 = CC_DESIGN_PERSON_AND_ORGANIZATION_ASSIGNMENT ( #2781, #1576, ( #265 ) ) ;
#455 = EDGE_CURVE ( 'NONE', #3079, #2205, #238, .T. ) ;
#456 = DIRECTION ( 'NONE',  ( -1.000000000000000000, -0.000000000000000000, -0.000000000000000000 ) ) ;
#457 = EDGE_CURVE ( 'NONE', #3031, #2905, #1446, .T. ) ;
#458 = EDGE_CURVE ( 'NONE', #1221, #432, #1970, .T. ) ;
#459 = CARTESIAN_POINT ( 'NONE',  ( -80.00000000000000000, 0.000000000000000000, -4.299999999999999822 ) ) ;
#460 = PLANE ( 'NONE',  #2881 ) ;
#461 = DIRECTION ( 'NONE',  ( 0.000000000000000000, 0.000000000000000000, -1.000000000000000000 ) ) ;
#462 = EDGE_LOOP ( 'NONE', ( #2156, #2703 ) ) ;
#463 = EDGE_LOOP ( 'NONE', ( #123, #555, #1125, #2494 ) ) ;
#464 = ORIENTED_EDGE ( 'NONE', *, *, #2435, .T. ) ;
#465 = DIRECTION ( 'NONE',  ( 0.000000000000000000, -1.000000000000000000, 0.000000000000000000 ) ) ;
#466 = AXIS2_PLACEMENT_3D ( 'NONE', #391, #820, #2271 ) ;
#467 = AXIS2_PLACEMENT_3D ( 'NONE', #284, #3016, #2296 ) ;
#468 = ORIENTED_EDGE ( 'NONE', *, *, #1104, .F. ) ;
#469 = CARTESIAN_POINT ( 'NONE',  ( -100.0000000000000000, -2.999999999999999112, -57.00000000000000000 ) ) ;
#470 = VECTOR ( 'NONE', #2855, 1000.000000000000000 ) ;
#471 = AXIS2_PLACEMENT_3D ( 'NONE', #2144, #1435, #665 ) ;
#472 = LINE ( 'NONE', #3135, #1227 ) ;
#473 = LINE ( 'NONE', #459, #3037 ) ;
#474 = EDGE_CURVE ( 'NONE', #1786, #1760, #2837, .T. ) ;
#475 = ADVANCED_FACE ( 'NONE', ( #764 ), #2895, .T. ) ;
#476 = DIRECTION ( 'NONE',  ( -0.000000000000000000, 1.000000000000000000, -0.000000000000000000 ) ) ;
#477 = CARTESIAN_POINT ( 'NONE',  ( 0.000000000000000000, -3.000000000000000000, -7.700000000000000178 ) ) ;
#478 = ORIENTED_EDGE ( 'NONE', *, *, #1785, .F. ) ;
#479 = ORIENTED_EDGE ( 'NONE', *, *, #270, .T. ) ;
#480 = VERTEX_POINT ( 'NONE', #1474 ) ;
#481 = CARTESIAN_POINT ( 'NONE',  ( 28.00000000000000000, -4.000000000000000000, -49.00000000000000000 ) ) ;
#482 = VECTOR ( 'NONE', #2904, 1000.000000000000000 ) ;
#483 = ORIENTED_EDGE ( 'NONE', *, *, #821, .F. ) ;
#484 = DIRECTION ( 'NONE',  ( 1.000000000000000000, -0.000000000000000000, 0.000000000000000000 ) ) ;
#485 = CARTESIAN_POINT ( 'NONE',  ( -48.00000000000000000, -3.000000000000000000, -16.40000000000000213 ) ) ;
#486 = VECTOR ( 'NONE', #1971, 1000.000000000000000 ) ;
#487 = LINE ( 'NONE', #2252, #2549 ) ;
#488 = DIRECTION ( 'NONE',  ( 0.000000000000000000, 0.000000000000000000, 1.000000000000000000 ) ) ;
#489 = LINE ( 'NONE', #2442, #2802 ) ;
#490 = CC_DESIGN_PERSON_AND_ORGANIZATION_ASSIGNMENT ( #1542, #3023, ( #926 ) ) ;
#491 = EDGE_CURVE ( 'NONE', #961, #3157, #2424, .T. ) ;
#492 = AXIS2_PLACEMENT_3D ( 'NONE', #917, #1351, #867 ) ;
#493 = ORIENTED_EDGE ( 'NONE', *, *, #2635, .T. ) ;
#494 = ORIENTED_EDGE ( 'NONE', *, *, #1847, .F. ) ;
#495 = VERTEX_POINT ( 'NONE', #1665 ) ;
#496 = CARTESIAN_POINT ( 'NONE',  ( -0.000000000000000000, -3.000000000000000000, 64.50000000000000000 ) ) ;
#497 = ORIENTED_EDGE ( 'NONE', *, *, #289, .F. ) ;
#498 = DIRECTION ( 'NONE',  ( 1.000000000000000000, 0.000000000000000000, 0.000000000000000000 ) ) ;
#499 = DIRECTION ( 'NONE',  ( 0.000000000000000000, 0.000000000000000000, -1.000000000000000000 ) ) ;
#500 = AXIS2_PLACEMENT_3D ( 'NONE', #1866, #1135, #908 ) ;
#501 = DIRECTION ( 'NONE',  ( 0.000000000000000000, -0.000000000000000000, -1.000000000000000000 ) ) ;
#502 = DIRECTION ( 'NONE',  ( 0.000000000000000000, -1.000000000000000000, 0.000000000000000000 ) ) ;
#503 = DIRECTION ( 'NONE',  ( 0.000000000000000000, 1.000000000000000000, 0.000000000000000000 ) ) ;
#504 = CARTESIAN_POINT ( 'NONE',  ( -100.0000000000000000, -30.00000000000000000, 55.64999999999999858 ) ) ;
#505 = ORIENTED_EDGE ( 'NONE', *, *, #1456, .F. ) ;
#506 = VERTEX_POINT ( 'NONE', #1925 ) ;
#507 = EDGE_LOOP ( 'NONE', ( #2965, #237, #729, #2177 ) ) ;
#508 = PLANE ( 'NONE',  #2771 ) ;
#509 = ADVANCED_FACE ( 'NONE', ( #2666 ), #11, .F. ) ;
#510 = EDGE_CURVE ( 'NONE', #2530, #2982, #2908, .T. ) ;
#511 = EDGE_LOOP ( 'NONE', ( #2612, #2509, #955, #1077 ) ) ;
#512 = CARTESIAN_POINT ( 'NONE',  ( 95.00000000000000000, -4.000000000000000000, -49.00000000000000000 ) ) ;
#513 = CARTESIAN_POINT ( 'NONE',  ( -80.00000000000000000, -4.000000000000000000, -4.299999999999999822 ) ) ;
#514 = LOCAL_TIME ( 17, 26, 4.000000000000000000, #548 ) ;
#515 = LINE ( 'NONE', #1476, #2397 ) ;
#516 = CYLINDRICAL_SURFACE ( 'NONE', #1277, 5.000000000000004441 ) ;
#517 = ORIENTED_EDGE ( 'NONE', *, *, #2987, .F. ) ;
#518 = VECTOR ( 'NONE', #377, 1000.000000000000000 ) ;
#519 = ORIENTED_EDGE ( 'NONE', *, *, #3044, .T. ) ;
#520 = ORIENTED_EDGE ( 'NONE', *, *, #2471, .F. ) ;
#521 = ORIENTED_EDGE ( 'NONE', *, *, #1727, .F. ) ;
#522 = DIRECTION ( 'NONE',  ( -0.000000000000000000, 0.000000000000000000, 1.000000000000000000 ) ) ;
#523 = ORIENTED_EDGE ( 'NONE', *, *, #1378, .F. ) ;
#524 = CARTESIAN_POINT ( 'NONE',  ( 96.00000000000000000, -3.000000000000000000, 28.39999999999999503 ) ) ;
#525 = FACE_OUTER_BOUND ( 'NONE', #2445, .T. ) ;
#526 = EDGE_CURVE ( 'NONE', #1411, #1316, #2940, .T. ) ;
#527 = EDGE_CURVE ( 'NONE', #2694, #1820, #1652, .T. ) ;
#528 = CARTESIAN_POINT ( 'NONE',  ( 0.000000000000000000, -3.000000000000000000, 0.000000000000000000 ) ) ;
#529 = VECTOR ( 'NONE', #2023, 1000.000000000000000 ) ;
#530 = CARTESIAN_POINT ( 'NONE',  ( -11.00000000000000000, -4.000000000000000000, 46.70000000000000284 ) ) ;
#531 = DIRECTION ( 'NONE',  ( 0.000000000000000000, 1.000000000000000000, 0.000000000000000000 ) ) ;
#532 = VECTOR ( 'NONE', #2668, 1000.000000000000000 ) ;
#533 = ORIENTED_EDGE ( 'NONE', *, *, #2593, .F. ) ;
#534 = EDGE_LOOP ( 'NONE', ( #2742, #1455, #1467, #834 ) ) ;
#535 = VERTEX_POINT ( 'NONE', #1462 ) ;
#536 = EDGE_LOOP ( 'NONE', ( #1804, #2179, #2903, #338 ) ) ;
#537 = CARTESIAN_POINT ( 'NONE',  ( -107.0000000000000000, -3.000000000000000000, 0.000000000000000000 ) ) ;
#538 = ORIENTED_EDGE ( 'NONE', *, *, #1570, .T. ) ;
#539 = CARTESIAN_POINT ( 'NONE',  ( 69.00000000000000000, 0.000000000000000000, -26.30000000000000071 ) ) ;
#540 = LINE ( 'NONE', #782, #529 ) ;
#541 = PRODUCT_RELATED_PRODUCT_CATEGORY ( 'detail', '', ( #265 ) ) ;
#542 = ADVANCED_FACE ( 'NONE', ( #254 ), #3162, .T. ) ;
#543 = AXIS2_PLACEMENT_3D ( 'NONE', #2034, #1805, #3014 ) ;
#544 = DIRECTION ( 'NONE',  ( 0.000000000000000000, -0.000000000000000000, -1.000000000000000000 ) ) ;
#545 = ADVANCED_FACE ( 'NONE', ( #2108 ), #676, .F. ) ;
#546 = ADVANCED_FACE ( 'NONE', ( #1116 ), #3103, .T. ) ;
#547 = LINE ( 'NONE', #2700, #1076 ) ;
#548 = COORDINATED_UNIVERSAL_TIME_OFFSET ( 8, 0, .AHEAD. ) ;
#549 = DIRECTION ( 'NONE',  ( -1.000000000000000000, 0.000000000000000000, 0.000000000000000000 ) ) ;
#550 = ORIENTED_EDGE ( 'NONE', *, *, #2507, .F. ) ;
#551 = ORIENTED_EDGE ( 'NONE', *, *, #722, .T. ) ;
#552 = ORIENTED_EDGE ( 'NONE', *, *, #2809, .F. ) ;
#553 = ORIENTED_EDGE ( 'NONE', *, *, #2831, .T. ) ;
#554 = DIRECTION ( 'NONE',  ( 0.000000000000000000, 0.000000000000000000, 1.000000000000000000 ) ) ;
#555 = ORIENTED_EDGE ( 'NONE', *, *, #861, .T. ) ;
#556 = LINE ( 'NONE', #321, #1674 ) ;
#557 = LINE ( 'NONE', #1079, #902 ) ;
#558 = ORIENTED_EDGE ( 'NONE', *, *, #2005, .T. ) ;
#559 = LINE ( 'NONE', #2003, #2111 ) ;
#560 = VECTOR ( 'NONE', #422, 1000.000000000000000 ) ;
#561 = CARTESIAN_POINT ( 'NONE',  ( 81.00000000000000000, -4.000000000000000000, 43.29999999999999716 ) ) ;
#562 = PLANE ( 'NONE',  #55 ) ;
#563 = APPROVAL_STATUS ( 'not_yet_approved' ) ;
#564 = CARTESIAN_POINT ( 'NONE',  ( 0.000000000000000000, -7.000000000000000000, -12.00000000000000000 ) ) ;
#565 = ADVANCED_FACE ( 'NONE', ( #2089 ), #3089, .T. ) ;
#566 = EDGE_CURVE ( 'NONE', #218, #3060, #889, .T. ) ;
#567 = VERTEX_POINT ( 'NONE', #904 ) ;
#568 = ORIENTED_EDGE ( 'NONE', *, *, #585, .F. ) ;
#569 = EDGE_LOOP ( 'NONE', ( #971, #1161 ) ) ;
#570 = ORIENTED_EDGE ( 'NONE', *, *, #888, .F. ) ;
#571 = CARTESIAN_POINT ( 'NONE',  ( 28.00000000000000000, -3.000000000000000000, -31.00000000000000000 ) ) ;
#572 = CIRCLE ( 'NONE', #2816, 5.000000000000004441 ) ;
#573 = ORIENTED_EDGE ( 'NONE', *, *, #3026, .F. ) ;
#574 = DIRECTION ( 'NONE',  ( 0.000000000000000000, 0.000000000000000000, 1.000000000000000000 ) ) ;
#575 = LINE ( 'NONE', #1563, #1799 ) ;
#576 = ORIENTED_EDGE ( 'NONE', *, *, #1886, .T. ) ;
#577 = CARTESIAN_POINT ( 'NONE',  ( -48.00000000000000000, -7.000000000000000000, -19.59999999999999432 ) ) ;
#578 = VECTOR ( 'NONE', #2039, 1000.000000000000000 ) ;
#579 = DIRECTION ( 'NONE',  ( 0.000000000000000000, 1.000000000000000000, 0.000000000000000000 ) ) ;
#580 = DIRECTION ( 'NONE',  ( 0.000000000000000000, 1.000000000000000000, 0.000000000000000000 ) ) ;
#581 = CARTESIAN_POINT ( 'NONE',  ( 0.000000000000000000, 0.000000000000000000, 0.000000000000000000 ) ) ;
#582 = CIRCLE ( 'NONE', #733, 1.600000000000004086 ) ;
#583 = DIRECTION ( 'NONE',  ( 0.000000000000000000, 1.000000000000000000, 0.000000000000000000 ) ) ;
#584 = EDGE_CURVE ( 'NONE', #714, #2578, #1621, .T. ) ;
#585 = EDGE_CURVE ( 'NONE', #1061, #2527, #1246, .T. ) ;
#586 = ORIENTED_EDGE ( 'NONE', *, *, #861, .F. ) ;
#587 = DIRECTION ( 'NONE',  ( 0.000000000000000000, 0.000000000000000000, -1.000000000000000000 ) ) ;
#588 = VECTOR ( 'NONE', #199, 1000.000000000000000 ) ;
#589 = VERTEX_POINT ( 'NONE', #1151 ) ;
#590 = FACE_OUTER_BOUND ( 'NONE', #2581, .T. ) ;
#591 = LINE ( 'NONE', #58, #2421 ) ;
#592 = ORIENTED_EDGE ( 'NONE', *, *, #2436, .T. ) ;
#593 = DIRECTION ( 'NONE',  ( -1.000000000000000000, 0.000000000000000000, -0.000000000000000000 ) ) ;
#594 = CIRCLE ( 'NONE', #2371, 1.600000000000004086 ) ;
#595 = CARTESIAN_POINT ( 'NONE',  ( -110.0000000000000000, 0.000000000000000000, -67.50000000000000000 ) ) ;
#596 = CARTESIAN_POINT ( 'NONE',  ( 0.000000000000000000, -3.000000000000000000, -7.700000000000000178 ) ) ;
#597 = PERSON_AND_ORGANIZATION ( #1627, #1270 ) ;
#598 = DIRECTION ( 'NONE',  ( 0.000000000000000000, -0.000000000000000000, 1.000000000000000000 ) ) ;
#599 = CARTESIAN_POINT ( 'NONE',  ( -12.00000000000000000, -3.000000000000000000, 0.000000000000000000 ) ) ;
#600 = VERTEX_POINT ( 'NONE', #407 ) ;
#601 = FACE_OUTER_BOUND ( 'NONE', #2356, .T. ) ;
#602 = ORIENTED_EDGE ( 'NONE', *, *, #2396, .T. ) ;
#603 = LINE ( 'NONE', #1363, #2187 ) ;
#604 = DIRECTION ( 'NONE',  ( 0.000000000000000000, 0.000000000000000000, -1.000000000000000000 ) ) ;
#605 = ORIENTED_EDGE ( 'NONE', *, *, #78, .T. ) ;
#606 = CARTESIAN_POINT ( 'NONE',  ( 100.0000000000000000, -30.00000000000000000, 57.00000000000000000 ) ) ;
#607 = EDGE_CURVE ( 'NONE', #814, #2719, #1369, .T. ) ;
#608 = EDGE_CURVE ( 'NONE', #800, #2193, #2347, .T. ) ;
#609 = DIRECTION ( 'NONE',  ( -1.000000000000000000, 0.000000000000000000, -0.000000000000000000 ) ) ;
#610 = CARTESIAN_POINT ( 'NONE',  ( -48.00000000000000000, -7.000000000000000000, -18.00000000000000000 ) ) ;
#611 = CALENDAR_DATE ( 2026, 26, 7 ) ;
#612 = LINE ( 'NONE', #789, #1056 ) ;
#613 = VECTOR ( 'NONE', #2053, 1000.000000000000000 ) ;
#614 = CIRCLE ( 'NONE', #3116, 1.350000000000004086 ) ;
#615 = VECTOR ( 'NONE', #3, 1000.000000000000000 ) ;
#616 = DIRECTION ( 'NONE',  ( 0.000000000000000000, 0.000000000000000000, -1.000000000000000000 ) ) ;
#617 = ORIENTED_EDGE ( 'NONE', *, *, #691, .F. ) ;
#618 = VECTOR ( 'NONE', #925, 1000.000000000000000 ) ;
#619 = VECTOR ( 'NONE', #1226, 1000.000000000000000 ) ;
#620 = CYLINDRICAL_SURFACE ( 'NONE', #136, 1.600000000000004086 ) ;
#621 = ORIENTED_EDGE ( 'NONE', *, *, #1945, .F. ) ;
#622 = LINE ( 'NONE', #2339, #146 ) ;
#623 = DIRECTION ( 'NONE',  ( 0.000000000000000000, -1.000000000000000000, 0.000000000000000000 ) ) ;
#624 = ORIENTED_EDGE ( 'NONE', *, *, #96, .F. ) ;
#625 = LINE ( 'NONE', #2563, #41 ) ;
#626 = CIRCLE ( 'NONE', #2402, 1.599999999999997202 ) ;
#627 = CARTESIAN_POINT ( 'NONE',  ( 42.00000000000000000, -4.000000000000000000, 46.70000000000000284 ) ) ;
#628 = EDGE_CURVE ( 'NONE', #2784, #1753, #473, .T. ) ;
#629 = EDGE_CURVE ( 'NONE', #2193, #1724, #2367, .T. ) ;
#630 = DIRECTION ( 'NONE',  ( 0.000000000000000000, 0.000000000000000000, -1.000000000000000000 ) ) ;
#631 = CYLINDRICAL_SURFACE ( 'NONE', #2251, 1.599999999999997202 ) ;
#632 = LINE ( 'NONE', #1591, #738 ) ;
#633 = CARTESIAN_POINT ( 'NONE',  ( 0.000000000000000000, -7.000000000000000000, -12.00000000000000000 ) ) ;
#634 = ORIENTED_EDGE ( 'NONE', *, *, #1011, .T. ) ;
#635 = DIRECTION ( 'NONE',  ( -1.000000000000000000, 0.000000000000000000, -0.000000000000000000 ) ) ;
#637 = EDGE_LOOP ( 'NONE', ( #2361, #2136, #2015, #2788 ) ) ;
#636 = CIRCLE ( 'NONE', #2460, 1.600000000000004086 ) ;
#638 = DIRECTION ( 'NONE',  ( 0.000000000000000000, 0.000000000000000000, 1.000000000000000000 ) ) ;
#639 = DIRECTION ( 'NONE',  ( -0.000000000000000000, 1.000000000000000000, -0.000000000000000000 ) ) ;
#640 = VERTEX_POINT ( 'NONE', #1867 ) ;
#641 = CARTESIAN_POINT ( 'NONE',  ( -110.0000000000000000, 0.000000000000000000, -67.50000000000000000 ) ) ;
#642 = DIRECTION ( 'NONE',  ( 0.000000000000000000, -1.000000000000000000, 0.000000000000000000 ) ) ;
#643 = VECTOR ( 'NONE', #2327, 1000.000000000000000 ) ;
#644 = AXIS2_PLACEMENT_3D ( 'NONE', #2362, #2071, #901 ) ;
#645 = CARTESIAN_POINT ( 'NONE',  ( 95.00000000000000000, -4.000000000000000000, -49.00000000000000000 ) ) ;
#646 = EDGE_CURVE ( 'NONE', #1496, #3127, #181, .T. ) ;
#647 = DIRECTION ( 'NONE',  ( 0.000000000000000000, 0.000000000000000000, 1.000000000000000000 ) ) ;
#648 = LINE ( 'NONE', #393, #2829 ) ;
#649 = LINE ( 'NONE', #2867, #2938 ) ;
#650 = EDGE_CURVE ( 'NONE', #3045, #1661, #410, .T. ) ;
#651 = EDGE_CURVE ( 'NONE', #2527, #1820, #1883, .T. ) ;
#652 = CARTESIAN_POINT ( 'NONE',  ( -11.00000000000000000, 0.000000000000000000, 46.70000000000000284 ) ) ;
#653 = DIRECTION ( 'NONE',  ( -1.000000000000000000, 0.000000000000000000, 0.000000000000000000 ) ) ;
#654 = ORIENTED_EDGE ( 'NONE', *, *, #2181, .T. ) ;
#655 = CIRCLE ( 'NONE', #286, 1.350000000000004086 ) ;
#656 = ORIENTED_EDGE ( 'NONE', *, *, #651, .F. ) ;
#657 = DIRECTION ( 'NONE',  ( 0.000000000000000000, 1.000000000000000000, 0.000000000000000000 ) ) ;
#658 = ORIENTED_EDGE ( 'NONE', *, *, #783, .T. ) ;
#659 = DIRECTION ( 'NONE',  ( 0.000000000000000000, 0.000000000000000000, -1.000000000000000000 ) ) ;
#660 = VERTEX_POINT ( 'NONE', #3092 ) ;
#661 = DIRECTION ( 'NONE',  ( 0.000000000000000000, 1.000000000000000000, 0.000000000000000000 ) ) ;
#662 = DIRECTION ( 'NONE',  ( 0.000000000000000000, 0.000000000000000000, 1.000000000000000000 ) ) ;
#663 = CARTESIAN_POINT ( 'NONE',  ( 92.00000000000001421, -37.00000000000000000, 64.50000000000000000 ) ) ;
#664 = DIRECTION ( 'NONE',  ( 0.000000000000000000, 1.000000000000000000, 0.000000000000000000 ) ) ;
#665 = DIRECTION ( 'NONE',  ( 0.000000000000000000, 0.000000000000000000, -1.000000000000000000 ) ) ;
#666 = DIRECTION ( 'NONE',  ( 0.000000000000000000, 1.000000000000000000, 0.000000000000000000 ) ) ;
#667 = CYLINDRICAL_SURFACE ( 'NONE', #1985, 1.599999999999997202 ) ;
#668 = EDGE_CURVE ( 'NONE', #1528, #970, #649, .T. ) ;
#669 = EDGE_CURVE ( 'NONE', #1189, #2458, #594, .T. ) ;
#670 = ORIENTED_EDGE ( 'NONE', *, *, #2707, .F. ) ;
#671 = DIRECTION ( 'NONE',  ( 0.000000000000000000, 1.000000000000000000, 0.000000000000000000 ) ) ;
#672 = ORIENTED_EDGE ( 'NONE', *, *, #215, .T. ) ;
#673 = CARTESIAN_POINT ( 'NONE',  ( -0.000000000000000000, -3.000000000000000000, -4.299999999999999822 ) ) ;
#674 = ORIENTED_EDGE ( 'NONE', *, *, #1259, .T. ) ;
#675 = CARTESIAN_POINT ( 'NONE',  ( 110.0000000000000000, 0.000000000000000000, 67.50000000000000000 ) ) ;
#676 = PLANE ( 'NONE',  #2520 ) ;
#677 = VECTOR ( 'NONE', #1117, 1000.000000000000000 ) ;
#678 = DIRECTION ( 'NONE',  ( -0.000000000000000000, 1.000000000000000000, -0.000000000000000000 ) ) ;
#679 = PLANE ( 'NONE',  #224 ) ;
#680 = DIRECTION ( 'NONE',  ( 1.000000000000000000, 0.000000000000000000, 0.000000000000000000 ) ) ;
#681 = DIRECTION ( 'NONE',  ( 0.000000000000000000, 1.000000000000000000, 0.000000000000000000 ) ) ;
#682 = CYLINDRICAL_SURFACE ( 'NONE', #2040, 5.000000000000004441 ) ;
#683 = EDGE_CURVE ( 'NONE', #714, #1193, #442, .T. ) ;
#684 = ADVANCED_FACE ( 'NONE', ( #965 ), #1417, .T. ) ;
#685 = ORIENTED_EDGE ( 'NONE', *, *, #1803, .F. ) ;
#686 = DIRECTION ( 'NONE',  ( 0.000000000000000000, 1.000000000000000000, 0.000000000000000000 ) ) ;
#687 = AXIS2_PLACEMENT_3D ( 'NONE', #2937, #2194, #984 ) ;
#688 = ORIENTED_EDGE ( 'NONE', *, *, #210, .T. ) ;
#689 = DIRECTION ( 'NONE',  ( 0.000000000000000000, 0.000000000000000000, -1.000000000000000000 ) ) ;
#690 = AXIS2_PLACEMENT_3D ( 'NONE', #2624, #2429, #1917 ) ;
#691 = EDGE_CURVE ( 'NONE', #2224, #350, #2657, .T. ) ;
#692 = ORIENTED_EDGE ( 'NONE', *, *, #1667, .T. ) ;
#693 = PLANE ( 'NONE',  #796 ) ;
#694 = CARTESIAN_POINT ( 'NONE',  ( 18.00000000000000355, -37.00000000000000000, 67.50000000000000000 ) ) ;
#695 = FACE_OUTER_BOUND ( 'NONE', #120, .T. ) ;
#696 = CARTESIAN_POINT ( 'NONE',  ( 100.0000000000000000, -30.00000000000000000, 57.00000000000000000 ) ) ;
#697 = CARTESIAN_POINT ( 'NONE',  ( -47.44322356371700522, -7.000000000000000000, -64.50000000000000000 ) ) ;
#698 = EDGE_LOOP ( 'NONE', ( #954, #117, #2642, #1631 ) ) ;
#699 = CARTESIAN_POINT ( 'NONE',  ( 77.00000000000000000, -37.00000000000000000, 67.50000000000000000 ) ) ;
#700 = ORIENTED_EDGE ( 'NONE', *, *, #1803, .T. ) ;
#701 = AXIS2_PLACEMENT_3D ( 'NONE', #409, #163, #3076 ) ;
#702 = EDGE_LOOP ( 'NONE', ( #1261, #1232, #2969, #1480 ) ) ;
#703 = DIRECTION ( 'NONE',  ( -1.000000000000000000, 0.000000000000000000, 0.000000000000000000 ) ) ;
#704 = VERTEX_POINT ( 'NONE', #2395 ) ;
#705 = ORIENTED_EDGE ( 'NONE', *, *, #3164, .T. ) ;
#706 = LINE ( 'NONE', #1699, #2118 ) ;
#707 = EDGE_CURVE ( 'NONE', #2171, #1786, #1199, .T. ) ;
#708 = ADVANCED_FACE ( 'NONE', ( #695 ), #164, .T. ) ;
#709 = DIRECTION ( 'NONE',  ( 1.000000000000000000, -0.000000000000000000, 0.000000000000000000 ) ) ;
#710 = CARTESIAN_POINT ( 'NONE',  ( 100.0000000000000000, -2.999999999999999112, -57.00000000000000000 ) ) ;
#711 = LINE ( 'NONE', #2441, #2721 ) ;
#712 = CARTESIAN_POINT ( 'NONE',  ( -22.00000000000000000, -4.000000000000000000, -4.299999999999999822 ) ) ;
#713 = VECTOR ( 'NONE', #2326, 1000.000000000000000 ) ;
#714 = VERTEX_POINT ( 'NONE', #2588 ) ;
#715 = ORIENTED_EDGE ( 'NONE', *, *, #1131, .T. ) ;
#716 = ORIENTED_EDGE ( 'NONE', *, *, #803, .F. ) ;
#717 = DIRECTION ( 'NONE',  ( 0.000000000000000000, 1.000000000000000000, 0.000000000000000000 ) ) ;
#718 = VECTOR ( 'NONE', #461, 1000.000000000000000 ) ;
#719 = EDGE_LOOP ( 'NONE', ( #10, #3048, #2953, #2690 ) ) ;
#720 = EDGE_LOOP ( 'NONE', ( #1393, #1823, #1282, #774 ) ) ;
#721 = CARTESIAN_POINT ( 'NONE',  ( 28.00000000000000000, -4.000000000000000000, -49.00000000000000000 ) ) ;
#722 = EDGE_CURVE ( 'NONE', #2423, #480, #2606, .T. ) ;
#723 = ADVANCED_FACE ( 'NONE', ( #2350 ), #1137, .T. ) ;
#724 = CARTESIAN_POINT ( 'NONE',  ( -100.0000000000000000, -30.00000000000000000, -55.64999999999999858 ) ) ;
#725 = DIRECTION ( 'NONE',  ( 0.000000000000000000, 1.000000000000000000, 0.000000000000000000 ) ) ;
#726 = PLANE ( 'NONE',  #1383 ) ;
#727 = ORIENTED_EDGE ( 'NONE', *, *, #1808, .F. ) ;
#728 = ORIENTED_EDGE ( 'NONE', *, *, #2217, .F. ) ;
#729 = ORIENTED_EDGE ( 'NONE', *, *, #992, .T. ) ;
#730 = CARTESIAN_POINT ( 'NONE',  ( 95.00000000000000000, -3.000000000000000000, -0.000000000000000000 ) ) ;
#731 = VECTOR ( 'NONE', #882, 1000.000000000000000 ) ;
#732 = EDGE_LOOP ( 'NONE', ( #3010, #1328, #634, #811 ) ) ;
#734 = VERTEX_POINT ( 'NONE', #443 ) ;
#733 = AXIS2_PLACEMENT_3D ( 'NONE', #1396, #1922, #2375 ) ;
#735 = CARTESIAN_POINT ( 'NONE',  ( -0.000000000000000000, -3.000000000000000000, -64.50000000000000000 ) ) ;
#736 = FACE_OUTER_BOUND ( 'NONE', #2886, .T. ) ;
#737 = DIRECTION ( 'NONE',  ( 0.000000000000000000, 1.000000000000000000, 0.000000000000000000 ) ) ;
#738 = VECTOR ( 'NONE', #3163, 1000.000000000000000 ) ;
#739 = LINE ( 'NONE', #2215, #1176 ) ;
#740 = DIRECTION ( 'NONE',  ( -1.000000000000000000, 0.000000000000000000, -0.000000000000000000 ) ) ;
#741 = DIRECTION ( 'NONE',  ( -1.000000000000000000, -0.000000000000000000, -0.000000000000000000 ) ) ;
#742 = AXIS2_PLACEMENT_3D ( 'NONE', #1714, #334, #662 ) ;
#743 = ADVANCED_FACE ( 'NONE', ( #1654 ), #1165, .F. ) ;
#744 = EDGE_CURVE ( 'NONE', #452, #248, #2898, .T. ) ;
#745 = AXIS2_PLACEMENT_3D ( 'NONE', #3134, #2448, #1001 ) ;
#746 = EDGE_LOOP ( 'NONE', ( #3158, #1033 ) ) ;
#747 = ORIENTED_EDGE ( 'NONE', *, *, #1112, .T. ) ;
#748 = ORIENTED_EDGE ( 'NONE', *, *, #2452, .T. ) ;
#749 = DIRECTION ( 'NONE',  ( 0.000000000000000000, 1.000000000000000000, 0.000000000000000000 ) ) ;
#750 = ORIENTED_EDGE ( 'NONE', *, *, #2107, .F. ) ;
#751 = CARTESIAN_POINT ( 'NONE',  ( -110.0000000000000000, -3.000000000000000000, 67.50000000000000000 ) ) ;
#752 = PLANE ( 'NONE',  #1487 ) ;
#753 = CIRCLE ( 'NONE', #701, 1.600000000000004086 ) ;
#754 = DIRECTION ( 'NONE',  ( 0.000000000000000000, -1.000000000000000000, 0.000000000000000000 ) ) ;
#755 = CARTESIAN_POINT ( 'NONE',  ( -100.0000000000000000, -30.00000000000000000, -52.00000000000000000 ) ) ;
#756 = ORIENTED_EDGE ( 'NONE', *, *, #921, .F. ) ;
#757 = EDGE_CURVE ( 'NONE', #1661, #1680, #2246, .T. ) ;
#758 = ADVANCED_FACE ( 'NONE', ( #2972, #2229, #1960, #1003, #2686, #990, #1464, #1503, #287, #303, #2483, #257, #2958, #2188, #1990, #1687, #243, #1972, #16 ), #2942, .T. ) ;
#759 = ORIENTED_EDGE ( 'NONE', *, *, #2343, .F. ) ;
#760 = ORIENTED_EDGE ( 'NONE', *, *, #115, .F. ) ;
#761 = ORIENTED_EDGE ( 'NONE', *, *, #2746, .F. ) ;
#762 = DIRECTION ( 'NONE',  ( 0.000000000000000000, 0.000000000000000000, 1.000000000000000000 ) ) ;
#763 = EDGE_LOOP ( 'NONE', ( #3101, #2923 ) ) ;
#764 = FACE_OUTER_BOUND ( 'NONE', #2417, .T. ) ;
#765 = CIRCLE ( 'NONE', #1170, 1.600000000000000755 ) ;
#766 = FACE_BOUND ( 'NONE', #746, .T. ) ;
#767 = VECTOR ( 'NONE', #89, 1000.000000000000000 ) ;
#768 =( GEOMETRIC_REPRESENTATION_CONTEXT ( 3 ) GLOBAL_UNCERTAINTY_ASSIGNED_CONTEXT ( ( #4 ) ) GLOBAL_UNIT_ASSIGNED_CONTEXT ( ( #1962, #245, #2717 ) ) REPRESENTATION_CONTEXT ( 'NONE', 'WORKASPACE' ) );
#769 = VECTOR ( 'NONE', #857, 1000.000000000000000 ) ;
#770 = AXIS2_PLACEMENT_3D ( 'NONE', #2112, #909, #2854 ) ;
#771 = CARTESIAN_POINT ( 'NONE',  ( 69.00000000000000000, -3.000000000000000000, 46.70000000000000284 ) ) ;
#772 = DIRECTION ( 'NONE',  ( 1.000000000000000000, 0.000000000000000000, 0.000000000000000000 ) ) ;
#773 = VERTEX_POINT ( 'NONE', #1255 ) ;
#774 = ORIENTED_EDGE ( 'NONE', *, *, #114, .F. ) ;
#775 = ORIENTED_EDGE ( 'NONE', *, *, #96, .T. ) ;
#776 = ORIENTED_EDGE ( 'NONE', *, *, #977, .T. ) ;
#777 = FACE_OUTER_BOUND ( 'NONE', #1682, .T. ) ;
#778 = CC_DESIGN_PERSON_AND_ORGANIZATION_ASSIGNMENT ( #597, #1325, ( #1882 ) ) ;
#779 = EDGE_CURVE ( 'NONE', #1193, #714, #2091, .T. ) ;
#780 = ORIENTED_EDGE ( 'NONE', *, *, #416, .F. ) ;
#781 = DIRECTION ( 'NONE',  ( -1.000000000000000000, 0.000000000000000000, 0.000000000000000000 ) ) ;
#782 = CARTESIAN_POINT ( 'NONE',  ( -22.00000000000000000, -4.000000000000000000, -7.700000000000000178 ) ) ;
#783 = EDGE_CURVE ( 'NONE', #398, #640, #1273, .T. ) ;
#784 = EDGE_CURVE ( 'NONE', #3060, #266, #739, .T. ) ;
#785 = CARTESIAN_POINT ( 'NONE',  ( 100.0000000000000000, -2.999999999999999112, 57.00000000000000000 ) ) ;
#786 = AXIS2_PLACEMENT_3D ( 'NONE', #2075, #2622, #1153 ) ;
#787 = CARTESIAN_POINT ( 'NONE',  ( -100.0000000000000000, 0.000000000000000000, -55.64999999999999858 ) ) ;
#788 = APPROVAL_DATE_TIME ( #1309, #2467 ) ;
#789 = CARTESIAN_POINT ( 'NONE',  ( -110.0000000000000000, -3.000000000000000000, 67.50000000000000000 ) ) ;
#790 = AXIS2_PLACEMENT_3D ( 'NONE', #2285, #2249, #501 ) ;
#791 = ORIENTED_EDGE ( 'NONE', *, *, #1979, .T. ) ;
#792 = ORIENTED_EDGE ( 'NONE', *, *, #2551, .F. ) ;
#793 = ORIENTED_EDGE ( 'NONE', *, *, #1964, .T. ) ;
#794 = CARTESIAN_POINT ( 'NONE',  ( -0.000000000000000000, -3.000000000000000000, 43.29999999999999716 ) ) ;
#795 = PLANE ( 'NONE',  #1655 ) ;
#796 = AXIS2_PLACEMENT_3D ( 'NONE', #627, #2564, #389 ) ;
#797 = EDGE_LOOP ( 'NONE', ( #519, #2918, #715, #280 ) ) ;
#798 = CARTESIAN_POINT ( 'NONE',  ( 0.000000000000000000, -3.000000000000000000, -52.00000000000000000 ) ) ;
#799 = CARTESIAN_POINT ( 'NONE',  ( 96.00000000000000000, -7.000000000000000000, 28.39999999999999503 ) ) ;
#800 = VERTEX_POINT ( 'NONE', #2670 ) ;
#801 = CARTESIAN_POINT ( 'NONE',  ( -93.00000000000000000, -7.000000000000000000, -18.00000000000000000 ) ) ;
#802 = EDGE_CURVE ( 'NONE', #2457, #535, #487, .T. ) ;
#803 = EDGE_CURVE ( 'NONE', #1248, #2461, #367, .T. ) ;
#804 = AXIS2_PLACEMENT_3D ( 'NONE', #840, #1577, #2504 ) ;
#805 = FACE_OUTER_BOUND ( 'NONE', #1080, .T. ) ;
#806 = CYLINDRICAL_SURFACE ( 'NONE', #1431, 5.000000000000004441 ) ;
#807 = DATE_AND_TIME ( #2992, #304 ) ;
#808 = LINE ( 'NONE', #2058, #2220 ) ;
#809 = ORIENTED_EDGE ( 'NONE', *, *, #607, .F. ) ;
#810 = EDGE_LOOP ( 'NONE', ( #2559, #419, #205, #2995 ) ) ;
#811 = ORIENTED_EDGE ( 'NONE', *, *, #744, .F. ) ;
#812 = ORIENTED_EDGE ( 'NONE', *, *, #1567, .T. ) ;
#813 = DIRECTION ( 'NONE',  ( 0.000000000000000000, -1.000000000000000000, 0.000000000000000000 ) ) ;
#814 = VERTEX_POINT ( 'NONE', #771 ) ;
#815 = CARTESIAN_POINT ( 'NONE',  ( -110.0000000000000000, -3.000000000000000000, 67.50000000000000000 ) ) ;
#816 = CARTESIAN_POINT ( 'NONE',  ( -110.0000000000000000, 0.000000000000000000, 67.50000000000000000 ) ) ;
#817 = ORIENTED_EDGE ( 'NONE', *, *, #1488, .F. ) ;
#818 = CARTESIAN_POINT ( 'NONE',  ( -93.00000000000000000, -3.000000000000000000, -18.00000000000000000 ) ) ;
#819 = VECTOR ( 'NONE', #1367, 1000.000000000000000 ) ;
#820 = DIRECTION ( 'NONE',  ( 0.000000000000000000, -1.000000000000000000, 0.000000000000000000 ) ) ;
#821 = EDGE_CURVE ( 'NONE', #446, #2461, #1930, .T. ) ;
#822 = ADVANCED_FACE ( 'NONE', ( #1703 ), #2440, .T. ) ;
#823 = AXIS2_PLACEMENT_3D ( 'NONE', #291, #531, #2917 ) ;
#824 = DIRECTION ( 'NONE',  ( -0.000000000000000000, 0.000000000000000000, 1.000000000000000000 ) ) ;
#825 = DIRECTION ( 'NONE',  ( 0.000000000000000000, 1.000000000000000000, 0.000000000000000000 ) ) ;
#826 = ORIENTED_EDGE ( 'NONE', *, *, #2946, .T. ) ;
#827 = ORIENTED_EDGE ( 'NONE', *, *, #1243, .F. ) ;
#828 = ORIENTED_EDGE ( 'NONE', *, *, #356, .T. ) ;
#829 = FACE_OUTER_BOUND ( 'NONE', #2443, .T. ) ;
#830 = CIRCLE ( 'NONE', #1685, 1.600000000000004086 ) ;
#831 = ORIENTED_EDGE ( 'NONE', *, *, #1910, .T. ) ;
#832 = CARTESIAN_POINT ( 'NONE',  ( -100.0000000000000000, -30.00000000000000000, 52.00000000000000000 ) ) ;
#833 = DIRECTION ( 'NONE',  ( 0.000000000000000000, 0.000000000000000000, 1.000000000000000000 ) ) ;
#834 = ORIENTED_EDGE ( 'NONE', *, *, #2217, .T. ) ;
#835 = CARTESIAN_POINT ( 'NONE',  ( -93.00000000000000000, -7.000000000000000000, -18.00000000000000000 ) ) ;
#836 = CARTESIAN_POINT ( 'NONE',  ( -34.00000000000000000, 0.000000000000000000, -4.299999999999999822 ) ) ;
#837 = LINE ( 'NONE', #1797, #518 ) ;
#838 = DIRECTION ( 'NONE',  ( 0.000000000000000000, 0.000000000000000000, 1.000000000000000000 ) ) ;
#839 = CIRCLE ( 'NONE', #1234, 1.600000000000000755 ) ;
#840 = CARTESIAN_POINT ( 'NONE',  ( -107.0000000000000000, -37.00000000000000000, 67.50000000000000000 ) ) ;
#841 = VECTOR ( 'NONE', #2449, 1000.000000000000000 ) ;
#842 = FACE_OUTER_BOUND ( 'NONE', #1729, .T. ) ;
#843 = ORIENTED_EDGE ( 'NONE', *, *, #2381, .F. ) ;
#844 = EDGE_CURVE ( 'NONE', #2877, #773, #1732, .T. ) ;
#845 = FACE_OUTER_BOUND ( 'NONE', #3132, .T. ) ;
#846 = AXIS2_PLACEMENT_3D ( 'NONE', #2355, #929, #2151 ) ;
#847 = EDGE_LOOP ( 'NONE', ( #1027, #1677, #828, #654, #2920, #1459, #1664, #1346, #2491, #2479, #747, #2978, #1601, #1793, #1092, #1697 ) ) ;
#848 = LINE ( 'NONE', #1534, #1719 ) ;
#849 = CARTESIAN_POINT ( 'NONE',  ( 92.00000000000001421, -37.00000000000000000, 64.50000000000000000 ) ) ;
#850 = ORIENTED_EDGE ( 'NONE', *, *, #134, .T. ) ;
#851 = CARTESIAN_POINT ( 'NONE',  ( 81.00000000000000000, -3.000000000000000000, 0.000000000000000000 ) ) ;
#852 = AXIS2_PLACEMENT_3D ( 'NONE', #2159, #1610, #225 ) ;
#853 = DIRECTION ( 'NONE',  ( 0.000000000000000000, 0.000000000000000000, 1.000000000000000000 ) ) ;
#854 = PLANE ( 'NONE',  #3020 ) ;
#855 = DATE_AND_TIME ( #611, #2911 ) ;
#856 = CARTESIAN_POINT ( 'NONE',  ( 18.00000000000000355, -3.000000000000000000, 0.000000000000000000 ) ) ;
#857 = DIRECTION ( 'NONE',  ( -0.000000000000000000, 1.000000000000000000, -0.000000000000000000 ) ) ;
#858 = ORIENTED_EDGE ( 'NONE', *, *, #152, .F. ) ;
#859 = DIRECTION ( 'NONE',  ( -1.000000000000000000, 0.000000000000000000, -0.000000000000000000 ) ) ;
#860 = EDGE_CURVE ( 'NONE', #2753, #814, #2427, .T. ) ;
#861 = EDGE_CURVE ( 'NONE', #2354, #2153, #1491, .T. ) ;
#862 = ORIENTED_EDGE ( 'NONE', *, *, #2610, .F. ) ;
#863 = CARTESIAN_POINT ( 'NONE',  ( -0.000000000000000000, -3.000000000000000000, -64.50000000000000000 ) ) ;
#864 = DIRECTION ( 'NONE',  ( 1.000000000000000000, 0.000000000000000000, 0.000000000000000000 ) ) ;
#865 = ORIENTED_EDGE ( 'NONE', *, *, #491, .F. ) ;
#866 = CARTESIAN_POINT ( 'NONE',  ( 69.00000000000000000, -4.000000000000000000, -29.69999999999999929 ) ) ;
#867 = DIRECTION ( 'NONE',  ( 0.000000000000000000, 0.000000000000000000, -1.000000000000000000 ) ) ;
#868 = FACE_BOUND ( 'NONE', #353, .T. ) ;
#869 = CARTESIAN_POINT ( 'NONE',  ( 1.000000000000000000, -3.000000000000000000, 43.29999999999999716 ) ) ;
#870 = DIRECTION ( 'NONE',  ( 1.000000000000000000, 0.000000000000000000, 0.000000000000000000 ) ) ;
#871 = AXIS2_PLACEMENT_3D ( 'NONE', #3005, #1322, #2990 ) ;
#872 = VECTOR ( 'NONE', #2020, 1000.000000000000000 ) ;
#873 = LINE ( 'NONE', #599, #2496 ) ;
#874 = ORIENTED_EDGE ( 'NONE', *, *, #803, .T. ) ;
#875 = AXIS2_PLACEMENT_3D ( 'NONE', #1593, #2783, #1103 ) ;
#876 = AXIS2_PLACEMENT_3D ( 'NONE', #710, #936, #1897 ) ;
#877 = CYLINDRICAL_SURFACE ( 'NONE', #956, 1.350000000000004086 ) ;
#878 = ORIENTED_EDGE ( 'NONE', *, *, #1488, .T. ) ;
#879 = LINE ( 'NONE', #1598, #713 ) ;
#880 = CARTESIAN_POINT ( 'NONE',  ( -100.0000000000000000, -30.00000000000000000, 52.00000000000000000 ) ) ;
#881 = EDGE_LOOP ( 'NONE', ( #1628, #1177, #1427, #1074 ) ) ;
#882 = DIRECTION ( 'NONE',  ( 1.000000000000000000, 0.000000000000000000, 0.000000000000000000 ) ) ;
#883 = EDGE_CURVE ( 'NONE', #398, #233, #2469, .T. ) ;
#884 = EDGE_CURVE ( 'NONE', #589, #1594, #515, .T. ) ;
#885 = VECTOR ( 'NONE', #2817, 1000.000000000000000 ) ;
#886 = DIRECTION ( 'NONE',  ( 0.000000000000000000, 0.000000000000000000, -1.000000000000000000 ) ) ;
#887 = ADVANCED_FACE ( 'NONE', ( #805 ), #1098, .F. ) ;
#888 = EDGE_CURVE ( 'NONE', #2947, #1362, #1812, .T. ) ;
#889 = LINE ( 'NONE', #645, #2778 ) ;
#890 = CYLINDRICAL_SURFACE ( 'NONE', #1943, 1.600000000000004086 ) ;
#891 = CARTESIAN_POINT ( 'NONE',  ( -78.00000000000000000, -3.000000000000000000, 64.50000000000000000 ) ) ;
#892 = AXIS2_PLACEMENT_3D ( 'NONE', #1179, #465, #689 ) ;
#893 = LINE ( 'NONE', #652, #1676 ) ;
#894 = CARTESIAN_POINT ( 'NONE',  ( -100.0000000000000000, -30.00000000000000000, -57.00000000000000000 ) ) ;
#895 = ORIENTED_EDGE ( 'NONE', *, *, #1589, .T. ) ;
#897 = ORIENTED_EDGE ( 'NONE', *, *, #992, .F. ) ;
#896 = CIRCLE ( 'NONE', #2979, 5.000000000000004441 ) ;
#898 = PLANE ( 'NONE',  #846 ) ;
#899 = ORIENTED_EDGE ( 'NONE', *, *, #309, .T. ) ;
#900 = PLANE ( 'NONE',  #2505 ) ;
#901 = DIRECTION ( 'NONE',  ( -0.000000000000000000, 0.000000000000000000, 1.000000000000000000 ) ) ;
#902 = VECTOR ( 'NONE', #604, 1000.000000000000000 ) ;
#903 = AXIS2_PLACEMENT_3D ( 'NONE', #1400, #642, #438 ) ;
#904 = CARTESIAN_POINT ( 'NONE',  ( -47.44322356371700522, -3.000000000000000000, -64.50000000000000000 ) ) ;
#905 = EDGE_CURVE ( 'NONE', #34, #2237, #1587, .T. ) ;
#906 = ADVANCED_FACE ( 'NONE', ( #1763, #1352, #868, #1554, #1307, #2072, #1521, #1572, #2552, #2815, #82 ), #2566, .F. ) ;
#907 = PLANE ( 'NONE',  #2712 ) ;
#908 = DIRECTION ( 'NONE',  ( 0.000000000000000000, 0.000000000000000000, 1.000000000000000000 ) ) ;
#909 = DIRECTION ( 'NONE',  ( 1.000000000000000000, -0.000000000000000000, 0.000000000000000000 ) ) ;
#910 = FACE_OUTER_BOUND ( 'NONE', #763, .T. ) ;
#911 = DIRECTION ( 'NONE',  ( 0.000000000000000000, 1.000000000000000000, 0.000000000000000000 ) ) ;
#912 = ORIENTED_EDGE ( 'NONE', *, *, #1202, .T. ) ;
#913 = LINE ( 'NONE', #1111, #2835 ) ;
#914 = ORIENTED_EDGE ( 'NONE', *, *, #2379, .T. ) ;
#915 = CARTESIAN_POINT ( 'NONE',  ( 30.00000000000000000, -3.000000000000000000, 46.70000000000000284 ) ) ;
#916 = EDGE_LOOP ( 'NONE', ( #65, #895, #1349, #1095 ) ) ;
#917 = CARTESIAN_POINT ( 'NONE',  ( 96.00000000000000000, -3.000000000000000000, 30.00000000000000000 ) ) ;
#918 = CARTESIAN_POINT ( 'NONE',  ( 110.0000000000000000, -3.000000000000000000, 67.50000000000000000 ) ) ;
#919 = DIRECTION ( 'NONE',  ( 0.000000000000000000, 0.000000000000000000, 1.000000000000000000 ) ) ;
#920 = DIRECTION ( 'NONE',  ( -0.000000000000000000, 1.000000000000000000, -0.000000000000000000 ) ) ;
#921 = EDGE_CURVE ( 'NONE', #1894, #1407, #2533, .T. ) ;
#922 = ADVANCED_FACE ( 'NONE', ( #109 ), #1540, .F. ) ;
#923 = DIRECTION ( 'NONE',  ( 0.000000000000000000, 0.000000000000000000, -1.000000000000000000 ) ) ;
#924 = DIRECTION ( 'NONE',  ( 0.000000000000000000, 0.000000000000000000, 1.000000000000000000 ) ) ;
#925 = DIRECTION ( 'NONE',  ( -1.000000000000000000, -0.000000000000000000, -0.000000000000000000 ) ) ;
#926 = PRODUCT_DEFINITION_FORMATION_WITH_SPECIFIED_SOURCE ( '任何', '', #265, .NOT_KNOWN. ) ;
#927 = VECTOR ( 'NONE', #1327, 1000.000000000000000 ) ;
#928 = ORIENTED_EDGE ( 'NONE', *, *, #1764, .F. ) ;
#929 = DIRECTION ( 'NONE',  ( -1.000000000000000000, 0.000000000000000000, 0.000000000000000000 ) ) ;
#930 = ORIENTED_EDGE ( 'NONE', *, *, #455, .F. ) ;
#931 = CARTESIAN_POINT ( 'NONE',  ( -22.00000000000000000, -3.000000000000000000, -4.299999999999999822 ) ) ;
#932 = ORIENTED_EDGE ( 'NONE', *, *, #2675, .F. ) ;
#933 = LINE ( 'NONE', #3055, #343 ) ;
#934 = VECTOR ( 'NONE', #2348, 1000.000000000000000 ) ;
#935 = CARTESIAN_POINT ( 'NONE',  ( 95.00000000000000000, -4.000000000000000000, -31.00000000000000000 ) ) ;
#936 = DIRECTION ( 'NONE',  ( 0.000000000000000000, -1.000000000000000000, 0.000000000000000000 ) ) ;
#937 = DIRECTION ( 'NONE',  ( 0.000000000000000000, 0.000000000000000000, 1.000000000000000000 ) ) ;
#938 = CARTESIAN_POINT ( 'NONE',  ( 107.0000000000000000, -3.000000000000000000, 64.50000000000000000 ) ) ;
#939 = VERTEX_POINT ( 'NONE', #1830 ) ;
#940 = EDGE_CURVE ( 'NONE', #2617, #2444, #2391, .T. ) ;
#941 = DIRECTION ( 'NONE',  ( 0.000000000000000000, 1.000000000000000000, 0.000000000000000000 ) ) ;
#942 = ORIENTED_EDGE ( 'NONE', *, *, #1243, .T. ) ;
#943 = ORIENTED_EDGE ( 'NONE', *, *, #1104, .T. ) ;
#944 = CARTESIAN_POINT ( 'NONE',  ( 100.0000000000000000, 0.000000000000000000, 57.00000000000000000 ) ) ;
#945 = CIRCLE ( 'NONE', #1592, 1.350000000000004086 ) ;
#946 = EDGE_LOOP ( 'NONE', ( #2775, #1920 ) ) ;
#947 = ORIENTED_EDGE ( 'NONE', *, *, #231, .F. ) ;
#948 = DIRECTION ( 'NONE',  ( -0.000000000000000000, -0.000000000000000000, 1.000000000000000000 ) ) ;
#949 = CIRCLE ( 'NONE', #1196, 1.599999999999997202 ) ;
#950 = FACE_BOUND ( 'NONE', #2847, .T. ) ;
#951 = DIRECTION ( 'NONE',  ( 0.000000000000000000, 0.000000000000000000, 1.000000000000000000 ) ) ;
#952 = CARTESIAN_POINT ( 'NONE',  ( -93.00000000000000000, -3.000000000000000000, -19.60000000000000142 ) ) ;
#953 = LINE ( 'NONE', #3078, #1123 ) ;
#954 = ORIENTED_EDGE ( 'NONE', *, *, #395, .T. ) ;
#955 = ORIENTED_EDGE ( 'NONE', *, *, #1306, .T. ) ;
#956 = AXIS2_PLACEMENT_3D ( 'NONE', #1789, #1560, #2770 ) ;
#957 = ORIENTED_EDGE ( 'NONE', *, *, #888, .T. ) ;
#958 = PLANE ( 'NONE',  #1136 ) ;
#959 = ADVANCED_FACE ( 'NONE', ( #1057 ), #374, .F. ) ;
#960 = EDGE_CURVE ( 'NONE', #2720, #1952, #765, .T. ) ;
#961 = VERTEX_POINT ( 'NONE', #1336 ) ;
#962 = VERTEX_POINT ( 'NONE', #1038 ) ;
#963 = CARTESIAN_POINT ( 'NONE',  ( -34.00000000000000000, -3.000000000000000000, -0.000000000000000000 ) ) ;
#964 = DIRECTION ( 'NONE',  ( 0.000000000000000000, 0.000000000000000000, 1.000000000000000000 ) ) ;
#965 = FACE_OUTER_BOUND ( 'NONE', #2385, .T. ) ;
#966 = CARTESIAN_POINT ( 'NONE',  ( 100.0000000000000000, 0.000000000000000000, -57.00000000000000000 ) ) ;
#967 = FACE_OUTER_BOUND ( 'NONE', #916, .T. ) ;
#968 = AXIS2_PLACEMENT_3D ( 'NONE', #385, #2082, #638 ) ;
#969 = ORIENTED_EDGE ( 'NONE', *, *, #1378, .T. ) ;
#970 = VERTEX_POINT ( 'NONE', #2316 ) ;
#971 = ORIENTED_EDGE ( 'NONE', *, *, #1886, .F. ) ;
#972 = LINE ( 'NONE', #281, #271 ) ;
#973 = VERTEX_POINT ( 'NONE', #2008 ) ;
#974 = DIRECTION ( 'NONE',  ( -1.000000000000000000, 0.000000000000000000, -0.000000000000000000 ) ) ;
#975 = CARTESIAN_POINT ( 'NONE',  ( 96.00000000000000000, -3.000000000000000000, -13.60000000000000497 ) ) ;
#976 = CARTESIAN_POINT ( 'NONE',  ( 100.0000000000000000, -34.00000000000000000, -57.00000000000000000 ) ) ;
#977 = EDGE_CURVE ( 'NONE', #589, #2645, #326, .T. ) ;
#978 = ADVANCED_FACE ( 'NONE', ( #2521 ), #344, .F. ) ;
#979 = CARTESIAN_POINT ( 'NONE',  ( 1.000000000000000000, -4.000000000000000000, 43.29999999999999716 ) ) ;
#980 = CARTESIAN_POINT ( 'NONE',  ( -100.0000000000000000, -30.00000000000000000, 57.00000000000000000 ) ) ;
#981 = VERTEX_POINT ( 'NONE', #3021 ) ;
#982 = EDGE_LOOP ( 'NONE', ( #1283, #2431, #1906, #1399 ) ) ;
#983 = ORIENTED_EDGE ( 'NONE', *, *, #2343, .T. ) ;
#984 = DIRECTION ( 'NONE',  ( 0.000000000000000000, -0.000000000000000000, -1.000000000000000000 ) ) ;
#986 = ORIENTED_EDGE ( 'NONE', *, *, #2707, .T. ) ;
#985 = VECTOR ( 'NONE', #1470, 1000.000000000000000 ) ;
#987 = DIRECTION ( 'NONE',  ( 0.000000000000000000, 1.000000000000000000, 0.000000000000000000 ) ) ;
#988 = CARTESIAN_POINT ( 'NONE',  ( 42.00000000000000000, -3.000000000000000000, 46.70000000000000284 ) ) ;
#989 = AXIS2_PLACEMENT_3D ( 'NONE', #340, #93, #1066 ) ;
#990 = FACE_BOUND ( 'NONE', #2163, .T. ) ;
#991 = EDGE_CURVE ( 'NONE', #962, #156, #2056, .T. ) ;
#992 = EDGE_CURVE ( 'NONE', #2205, #1000, #2779, .T. ) ;
#993 = CARTESIAN_POINT ( 'NONE',  ( -100.0000000000000000, -30.00000000000000000, 57.00000000000000000 ) ) ;
#994 = CARTESIAN_POINT ( 'NONE',  ( 1.959434878635765477E-16, -7.000000000000000000, 28.39999999999999858 ) ) ;
#995 = AXIS2_PLACEMENT_3D ( 'NONE', #918, #1604, #1863 ) ;
#996 = ORIENTED_EDGE ( 'NONE', *, *, #3164, .F. ) ;
#997 = ORIENTED_EDGE ( 'NONE', *, *, #317, .T. ) ;
#998 = ORIENTED_EDGE ( 'NONE', *, *, #2435, .F. ) ;
#999 = DIRECTION ( 'NONE',  ( -0.000000000000000000, -1.000000000000000000, -0.000000000000000000 ) ) ;
#1000 = VERTEX_POINT ( 'NONE', #641 ) ;
#1001 = DIRECTION ( 'NONE',  ( 0.000000000000000000, 0.000000000000000000, 1.000000000000000000 ) ) ;
#1002 = CARTESIAN_POINT ( 'NONE',  ( -93.55677643628301610, -3.000000000000001776, -64.50000000000000000 ) ) ;
#1003 = FACE_BOUND ( 'NONE', #1376, .T. ) ;
#1004 = DIRECTION ( 'NONE',  ( 0.000000000000000000, 0.000000000000000000, 1.000000000000000000 ) ) ;
#1005 = DIRECTION ( 'NONE',  ( 0.000000000000000000, 0.000000000000000000, 1.000000000000000000 ) ) ;
#1006 = EDGE_CURVE ( 'NONE', #34, #2753, #124, .T. ) ;
#1007 = EDGE_CURVE ( 'NONE', #961, #962, #1553, .T. ) ;
#1008 = ORIENTED_EDGE ( 'NONE', *, *, #1342, .T. ) ;
#1009 = VERTEX_POINT ( 'NONE', #1794 ) ;
#1010 = EDGE_LOOP ( 'NONE', ( #1738, #899, #2298, #1757 ) ) ;
#1011 = EDGE_CURVE ( 'NONE', #2000, #248, #202, .T. ) ;
#1012 = EDGE_LOOP ( 'NONE', ( #2980, #103, #298, #1217 ) ) ;
#1013 = EDGE_CURVE ( 'NONE', #3079, #2510, #625, .T. ) ;
#1014 = DIRECTION ( 'NONE',  ( 0.000000000000000000, 0.000000000000000000, -1.000000000000000000 ) ) ;
#1015 = ORIENTED_EDGE ( 'NONE', *, *, #2713, .F. ) ;
#1016 = DIRECTION ( 'NONE',  ( 1.000000000000000000, 0.000000000000000000, 0.000000000000000000 ) ) ;
#1017 = VECTOR ( 'NONE', #1334, 1000.000000000000000 ) ;
#1018 = DIRECTION ( 'NONE',  ( 0.000000000000000000, -1.000000000000000000, 0.000000000000000000 ) ) ;
#1019 = VECTOR ( 'NONE', #380, 1000.000000000000000 ) ;
#1020 = VECTOR ( 'NONE', #127, 1000.000000000000000 ) ;
#1021 = CARTESIAN_POINT ( 'NONE',  ( 0.000000000000000000, -4.000000000000000000, 0.000000000000000000 ) ) ;
#1022 = DIRECTION ( 'NONE',  ( 0.000000000000000000, 1.000000000000000000, 0.000000000000000000 ) ) ;
#1023 = CARTESIAN_POINT ( 'NONE',  ( 100.0000000000000000, -30.00000000000000000, -57.00000000000000000 ) ) ;
#1024 = CARTESIAN_POINT ( 'NONE',  ( -0.000000000000000000, -3.000000000000000000, -31.00000000000000000 ) ) ;
#1025 = VECTOR ( 'NONE', #1864, 1000.000000000000000 ) ;
#1026 = ORIENTED_EDGE ( 'NONE', *, *, #1670, .T. ) ;
#1027 = ORIENTED_EDGE ( 'NONE', *, *, #1571, .T. ) ;
#1028 = ORIENTED_EDGE ( 'NONE', *, *, #2913, .T. ) ;
#1029 = ORIENTED_EDGE ( 'NONE', *, *, #608, .T. ) ;
#1030 = CARTESIAN_POINT ( 'NONE',  ( 0.000000000000000000, -3.000000000000000000, 30.00000000000000000 ) ) ;
#1031 = EDGE_CURVE ( 'NONE', #1142, #1754, #2827, .T. ) ;
#1032 = EDGE_CURVE ( 'NONE', #1407, #3063, #3054, .T. ) ;
#1033 = ORIENTED_EDGE ( 'NONE', *, *, #940, .T. ) ;
#1034 = LINE ( 'NONE', #2498, #1829 ) ;
#1035 = DIRECTION ( 'NONE',  ( -0.000000000000000000, 1.000000000000000000, -0.000000000000000000 ) ) ;
#1036 = VECTOR ( 'NONE', #1602, 1000.000000000000000 ) ;
#1037 = CARTESIAN_POINT ( 'NONE',  ( 1.000000000000000000, -4.000000000000000000, 46.70000000000000284 ) ) ;
#1038 = CARTESIAN_POINT ( 'NONE',  ( -34.00000000000000000, 0.000000000000000000, -4.299999999999999822 ) ) ;
#1039 = DIRECTION ( 'NONE',  ( -1.000000000000000000, -0.000000000000000000, -0.000000000000000000 ) ) ;
#1040 = PERSON_AND_ORGANIZATION ( #1627, #1270 ) ;
#1041 = DIRECTION ( 'NONE',  ( -0.000000000000000000, 0.000000000000000000, 1.000000000000000000 ) ) ;
#1042 = VECTOR ( 'NONE', #2141, 1000.000000000000000 ) ;
#1043 = VERTEX_POINT ( 'NONE', #388 ) ;
#1044 = EDGE_LOOP ( 'NONE', ( #478, #843, #2823, #106 ) ) ;
#1045 = ORIENTED_EDGE ( 'NONE', *, *, #1150, .F. ) ;
#1046 = ORIENTED_EDGE ( 'NONE', *, *, #784, .T. ) ;
#1047 = DIRECTION ( 'NONE',  ( -0.000000000000000000, 1.000000000000000000, -0.000000000000000000 ) ) ;
#1048 = CIRCLE ( 'NONE', #745, 1.599999999999997202 ) ;
#1049 = ORIENTED_EDGE ( 'NONE', *, *, #71, .T. ) ;
#1050 = CARTESIAN_POINT ( 'NONE',  ( 69.00000000000000000, 0.000000000000000000, 46.70000000000000284 ) ) ;
#1051 = CYLINDRICAL_SURFACE ( 'NONE', #1746, 1.600000000000004086 ) ;
#1052 = EDGE_LOOP ( 'NONE', ( #1311, #1919 ) ) ;
#1053 = DIRECTION ( 'NONE',  ( 0.000000000000000000, -0.000000000000000000, 1.000000000000000000 ) ) ;
#1054 = EDGE_CURVE ( 'NONE', #314, #2759, #2139, .T. ) ;
#1055 = EDGE_CURVE ( 'NONE', #348, #260, #3067, .T. ) ;
#1056 = VECTOR ( 'NONE', #2993, 1000.000000000000000 ) ;
#1057 = FACE_OUTER_BOUND ( 'NONE', #2221, .T. ) ;
#1058 = CARTESIAN_POINT ( 'NONE',  ( -41.99999999999999289, -37.00000000000000000, 67.50000000000000000 ) ) ;
#1059 = CARTESIAN_POINT ( 'NONE',  ( 100.0000000000000000, -2.999999999999999112, -52.00000000000000000 ) ) ;
#1060 = ORIENTED_EDGE ( 'NONE', *, *, #1826, .T. ) ;
#1061 = VERTEX_POINT ( 'NONE', #2792 ) ;
#1062 = CARTESIAN_POINT ( 'NONE',  ( -93.00000000000000000, -3.000000000000000000, -18.00000000000000000 ) ) ;
#1063 = PLANE ( 'NONE',  #543 ) ;
#1064 = ORIENTED_EDGE ( 'NONE', *, *, #14, .T. ) ;
#1065 = CARTESIAN_POINT ( 'NONE',  ( -100.0000000000000000, -30.00000000000000000, -57.00000000000000000 ) ) ;
#1066 = DIRECTION ( 'NONE',  ( 0.000000000000000000, 0.000000000000000000, -1.000000000000000000 ) ) ;
#1067 = EDGE_LOOP ( 'NONE', ( #464, #553, #2803, #2052 ) ) ;
#1068 = DIRECTION ( 'NONE',  ( -1.000000000000000000, -0.000000000000000000, -0.000000000000000000 ) ) ;
#1069 = DIRECTION ( 'NONE',  ( -0.000000000000000000, 1.000000000000000000, -0.000000000000000000 ) ) ;
#1070 = EDGE_CURVE ( 'NONE', #2665, #2237, #141, .T. ) ;
#1071 = DIRECTION ( 'NONE',  ( 1.000000000000000000, 0.000000000000000000, 0.000000000000000000 ) ) ;
#1072 = DATE_AND_TIME ( #359, #2602 ) ;
#1073 = PLANE ( 'NONE',  #2018 ) ;
#1074 = ORIENTED_EDGE ( 'NONE', *, *, #3069, .F. ) ;
#1075 = CYLINDRICAL_SURFACE ( 'NONE', #2896, 1.350000000000004086 ) ;
#1076 = VECTOR ( 'NONE', #1506, 1000.000000000000000 ) ;
#1077 = ORIENTED_EDGE ( 'NONE', *, *, #1007, .F. ) ;
#1078 = LINE ( 'NONE', #798, #2651 ) ;
#1079 = CARTESIAN_POINT ( 'NONE',  ( 77.00000000000000000, -37.00000000000000000, 67.50000000000000000 ) ) ;
#1080 = EDGE_LOOP ( 'NONE', ( #2119, #493, #1708, #2242 ) ) ;
#1081 = DIRECTION ( 'NONE',  ( 0.000000000000000000, 0.000000000000000000, -1.000000000000000000 ) ) ;
#1082 = CARTESIAN_POINT ( 'NONE',  ( -100.0000000000000000, -30.00000000000000000, -57.00000000000000000 ) ) ;
#1083 = DIRECTION ( 'NONE',  ( -0.000000000000000000, 0.000000000000000000, 1.000000000000000000 ) ) ;
#1084 = CARTESIAN_POINT ( 'NONE',  ( -110.0000000000000000, -3.000000000000000000, 67.50000000000000000 ) ) ;
#1085 = EDGE_CURVE ( 'NONE', #446, #263, #1949, .T. ) ;
#1086 = ADVANCED_FACE ( 'NONE', ( #1565 ), #2299, .T. ) ;
#1087 = CIRCLE ( 'NONE', #68, 1.350000000000004086 ) ;
#1088 = DIRECTION ( 'NONE',  ( 0.000000000000000000, 0.000000000000000000, 1.000000000000000000 ) ) ;
#1089 = ORIENTED_EDGE ( 'NONE', *, *, #2358, .T. ) ;
#1090 = PLANE ( 'NONE',  #2637 ) ;
#1091 = VECTOR ( 'NONE', #1348, 1000.000000000000000 ) ;
#1092 = ORIENTED_EDGE ( 'NONE', *, *, #2489, .T. ) ;
#1093 = CARTESIAN_POINT ( 'NONE',  ( -22.00000000000000000, 0.000000000000000000, -7.700000000000000178 ) ) ;
#1094 = CARTESIAN_POINT ( 'NONE',  ( -0.000000000000000000, -3.000000000000000000, 43.29999999999999716 ) ) ;
#1095 = ORIENTED_EDGE ( 'NONE', *, *, #1489, .T. ) ;
#1096 = CARTESIAN_POINT ( 'NONE',  ( -110.0000000000000000, -3.000000000000000000, -67.50000000000000000 ) ) ;
#1097 = PLANE ( 'NONE',  #644 ) ;
#1098 = PLANE ( 'NONE',  #47 ) ;
#1099 = CARTESIAN_POINT ( 'NONE',  ( -80.00000000000000000, -4.000000000000000000, -4.299999999999999822 ) ) ;
#1100 = PERSON_AND_ORGANIZATION ( #1627, #1270 ) ;
#1101 = VECTOR ( 'NONE', #1819, 1000.000000000000000 ) ;
#1102 = DIRECTION ( 'NONE',  ( -0.000000000000000000, 1.000000000000000000, -0.000000000000000000 ) ) ;
#1103 = DIRECTION ( 'NONE',  ( 0.000000000000000000, 0.000000000000000000, 1.000000000000000000 ) ) ;
#1104 = EDGE_CURVE ( 'NONE', #2457, #1496, #342, .T. ) ;
#1105 = EDGE_CURVE ( 'NONE', #2444, #2137, #2547, .T. ) ;
#1106 = EDGE_LOOP ( 'NONE', ( #1693, #294, #2964, #2546 ) ) ;
#1107 = CARTESIAN_POINT ( 'NONE',  ( 69.00000000000000000, -3.000000000000000000, 43.29999999999999716 ) ) ;
#1108 = VERTEX_POINT ( 'NONE', #1305 ) ;
#1109 = DIRECTION ( 'NONE',  ( 0.000000000000000000, -1.000000000000000000, 0.000000000000000000 ) ) ;
#1110 = ADVANCED_FACE ( 'NONE', ( #2313 ), #2582, .T. ) ;
#1111 = CARTESIAN_POINT ( 'NONE',  ( -93.00000000000000000, -7.000000000000000000, -61.39999999999999858 ) ) ;
#1112 = EDGE_CURVE ( 'NONE', #262, #506, #405, .T. ) ;
#1113 = VERTEX_POINT ( 'NONE', #2760 ) ;
#1114 = DIRECTION ( 'NONE',  ( 0.000000000000000000, 0.000000000000000000, -1.000000000000000000 ) ) ;
#1115 = PLANE ( 'NONE',  #2484 ) ;
#1116 = FACE_OUTER_BOUND ( 'NONE', #2844, .T. ) ;
#1117 = DIRECTION ( 'NONE',  ( -0.000000000000000000, 0.000000000000000000, 1.000000000000000000 ) ) ;
#1118 = DIRECTION ( 'NONE',  ( 1.000000000000000000, 0.000000000000000000, 0.000000000000000000 ) ) ;
#1119 = CC_DESIGN_APPROVAL ( #2745, ( #1433 ) ) ;
#1120 = FACE_OUTER_BOUND ( 'NONE', #277, .T. ) ;
#1121 = FACE_OUTER_BOUND ( 'NONE', #330, .T. ) ;
#1122 = ORIENTED_EDGE ( 'NONE', *, *, #1260, .T. ) ;
#1123 = VECTOR ( 'NONE', #2147, 1000.000000000000000 ) ;
#1124 = CARTESIAN_POINT ( 'NONE',  ( 42.00000000000000000, -4.000000000000000000, 43.29999999999999716 ) ) ;
#1125 = ORIENTED_EDGE ( 'NONE', *, *, #2415, .T. ) ;
#1126 = CARTESIAN_POINT ( 'NONE',  ( 100.0000000000000000, -30.00000000000000000, 58.35000000000000853 ) ) ;
#1127 = ORIENTED_EDGE ( 'NONE', *, *, #214, .T. ) ;
#1128 = CARTESIAN_POINT ( 'NONE',  ( -41.99999999999999289, -37.00000000000000000, 67.50000000000000000 ) ) ;
#1129 = ADVANCED_FACE ( 'NONE', ( #2287 ), #95, .T. ) ;
#1130 = AXIS2_PLACEMENT_3D ( 'NONE', #2534, #2044, #2057 ) ;
#1131 = EDGE_CURVE ( 'NONE', #387, #3156, #354, .T. ) ;
#1132 = CARTESIAN_POINT ( 'NONE',  ( -48.00000000000000000, -3.000000000000000000, -19.59999999999999432 ) ) ;
#1133 = DIRECTION ( 'NONE',  ( -0.000000000000000000, 1.000000000000000000, -0.000000000000000000 ) ) ;
#1134 = DIRECTION ( 'NONE',  ( 1.000000000000000000, 0.000000000000000000, 0.000000000000000000 ) ) ;
#1135 = DIRECTION ( 'NONE',  ( 0.000000000000000000, 1.000000000000000000, 0.000000000000000000 ) ) ;
#1136 = AXIS2_PLACEMENT_3D ( 'NONE', #3099, #2890, #2135 ) ;
#1137 = PLANE ( 'NONE',  #770 ) ;
#1138 = VECTOR ( 'NONE', #554, 1000.000000000000000 ) ;
#1139 = DIRECTION ( 'NONE',  ( 0.000000000000000000, 0.000000000000000000, 1.000000000000000000 ) ) ;
#1140 = FACE_OUTER_BOUND ( 'NONE', #2099, .T. ) ;
#1142 = VERTEX_POINT ( 'NONE', #2154 ) ;
#1141 = AXIS2_PLACEMENT_3D ( 'NONE', #145, #379, #2605 ) ;
#1143 = LINE ( 'NONE', #2629, #1091 ) ;
#1144 = ORIENTED_EDGE ( 'NONE', *, *, #1341, .T. ) ;
#1145 = DIRECTION ( 'NONE',  ( 0.000000000000000000, 0.000000000000000000, 1.000000000000000000 ) ) ;
#1146 = ORIENTED_EDGE ( 'NONE', *, *, #1706, .F. ) ;
#1147 = CARTESIAN_POINT ( 'NONE',  ( 95.00000000000000000, -3.000000000000000000, -52.00000000000000000 ) ) ;
#1148 = VECTOR ( 'NONE', #1389, 1000.000000000000000 ) ;
#1149 = ADVANCED_FACE ( 'NONE', ( #219 ), #1681, .T. ) ;
#1150 = EDGE_CURVE ( 'NONE', #1903, #1468, #1428, .T. ) ;
#1151 = CARTESIAN_POINT ( 'NONE',  ( 18.00000000000000355, -37.00000000000000000, 64.50000000000000000 ) ) ;
#1152 = DIRECTION ( 'NONE',  ( -1.000000000000000000, 0.000000000000000000, 0.000000000000000000 ) ) ;
#1153 = DIRECTION ( 'NONE',  ( 0.000000000000000000, 0.000000000000000000, 1.000000000000000000 ) ) ;
#1154 = CARTESIAN_POINT ( 'NONE',  ( 69.00000000000000000, 0.000000000000000000, -26.30000000000000071 ) ) ;
#1155 = CARTESIAN_POINT ( 'NONE',  ( -41.99999999999999289, -37.00000000000000000, 67.50000000000000000 ) ) ;
#1156 = LINE ( 'NONE', #2384, #1831 ) ;
#1157 = ORIENTED_EDGE ( 'NONE', *, *, #2853, .F. ) ;
#1158 = CARTESIAN_POINT ( 'NONE',  ( -100.0000000000000000, -34.00000000000000000, 55.64999999999999858 ) ) ;
#1159 = VERTEX_POINT ( 'NONE', #2599 ) ;
#1160 = CARTESIAN_POINT ( 'NONE',  ( 100.0000000000000000, -2.999999999999999112, 62.00000000000000711 ) ) ;
#1161 = ORIENTED_EDGE ( 'NONE', *, *, #337, .F. ) ;
#1162 = ORIENTED_EDGE ( 'NONE', *, *, #356, .F. ) ;
#1163 = CARTESIAN_POINT ( 'NONE',  ( 107.0000000000000000, -37.00000000000000000, -64.50000000000000000 ) ) ;
#1164 = LINE ( 'NONE', #1213, #1042 ) ;
#1165 = PLANE ( 'NONE',  #471 ) ;
#1166 = EDGE_CURVE ( 'NONE', #660, #939, #2256, .T. ) ;
#1167 = EDGE_CURVE ( 'NONE', #1043, #1760, #2664, .T. ) ;
#1168 = CYLINDRICAL_SURFACE ( 'NONE', #1900, 1.350000000000004086 ) ;
#1169 = LINE ( 'NONE', #2095, #1573 ) ;
#1170 = AXIS2_PLACEMENT_3D ( 'NONE', #1780, #2502, #2762 ) ;
#1171 = VECTOR ( 'NONE', #1500, 1000.000000000000000 ) ;
#1172 = VECTOR ( 'NONE', #1201, 1000.000000000000000 ) ;
#1173 = VECTOR ( 'NONE', #1871, 1000.000000000000000 ) ;
#1174 = EDGE_LOOP ( 'NONE', ( #670, #320, #2511, #1773 ) ) ;
#1175 = DIRECTION ( 'NONE',  ( 0.000000000000000000, 1.000000000000000000, 0.000000000000000000 ) ) ;
#1176 = VECTOR ( 'NONE', #1242, 1000.000000000000000 ) ;
#1177 = ORIENTED_EDGE ( 'NONE', *, *, #1306, .F. ) ;
#1178 = ORIENTED_EDGE ( 'NONE', *, *, #2728, .T. ) ;
#1179 = CARTESIAN_POINT ( 'NONE',  ( -93.00000000000000000, -3.000000000000000000, -63.00000000000000000 ) ) ;
#1180 = ORIENTED_EDGE ( 'NONE', *, *, #2200, .F. ) ;
#1181 = DIRECTION ( 'NONE',  ( 0.000000000000000000, 1.000000000000000000, 0.000000000000000000 ) ) ;
#1182 = DIRECTION ( 'NONE',  ( 0.000000000000000000, -1.000000000000000000, 0.000000000000000000 ) ) ;
#1183 = CARTESIAN_POINT ( 'NONE',  ( 96.00000000000000000, -7.000000000000000000, -13.60000000000000497 ) ) ;
#1184 = LINE ( 'NONE', #2160, #273 ) ;
#1185 = DIRECTION ( 'NONE',  ( 0.000000000000000000, 1.000000000000000000, 0.000000000000000000 ) ) ;
#1186 = EDGE_CURVE ( 'NONE', #1877, #2905, #3084, .T. ) ;
#1187 = EDGE_CURVE ( 'NONE', #1513, #2614, #187, .T. ) ;
#1188 = ORIENTED_EDGE ( 'NONE', *, *, #2043, .F. ) ;
#1189 = VERTEX_POINT ( 'NONE', #2405 ) ;
#1190 = ORIENTED_EDGE ( 'NONE', *, *, #2653, .F. ) ;
#1191 = CARTESIAN_POINT ( 'NONE',  ( -41.99999999999999289, -37.00000000000000000, 64.50000000000000000 ) ) ;
#1192 = AXIS2_PLACEMENT_3D ( 'NONE', #1237, #1519, #2941 ) ;
#1193 = VERTEX_POINT ( 'NONE', #2615 ) ;
#1194 = ORIENTED_EDGE ( 'NONE', *, *, #1167, .F. ) ;
#1195 = DIRECTION ( 'NONE',  ( 0.000000000000000000, 0.000000000000000000, -1.000000000000000000 ) ) ;
#1196 = AXIS2_PLACEMENT_3D ( 'NONE', #122, #2685, #2529 ) ;
#1197 = CARTESIAN_POINT ( 'NONE',  ( -0.000000000000000000, -3.000000000000000000, -4.299999999999999822 ) ) ;
#1198 = AXIS2_PLACEMENT_3D ( 'NONE', #512, #484, #2211 ) ;
#1199 = LINE ( 'NONE', #2174, #3070 ) ;
#1200 = DIRECTION ( 'NONE',  ( 0.000000000000000000, 1.000000000000000000, 0.000000000000000000 ) ) ;
#1201 = DIRECTION ( 'NONE',  ( -0.000000000000000000, -0.000000000000000000, 1.000000000000000000 ) ) ;
#1202 = EDGE_CURVE ( 'NONE', #773, #1159, #2646, .T. ) ;
#1203 = EDGE_LOOP ( 'NONE', ( #912, #1995, #3003, #573 ) ) ;
#1204 = EDGE_LOOP ( 'NONE', ( #2257, #2222, #2155, #1695 ) ) ;
#1205 = AXIS2_PLACEMENT_3D ( 'NONE', #45, #1276, #1782 ) ;
#1206 = VERTEX_POINT ( 'NONE', #1382 ) ;
#1207 = DIRECTION ( 'NONE',  ( 0.000000000000000000, 0.000000000000000000, -1.000000000000000000 ) ) ;
#1208 = ADVANCED_FACE ( 'NONE', ( #2168 ), #900, .T. ) ;
#1209 = ADVANCED_FACE ( 'NONE', ( #3145 ), #958, .F. ) ;
#1210 = ORIENTED_EDGE ( 'NONE', *, *, #584, .F. ) ;
#1211 = CARTESIAN_POINT ( 'NONE',  ( 69.00000000000000000, -4.000000000000000000, -29.69999999999999929 ) ) ;
#1212 = CYLINDRICAL_SURFACE ( 'NONE', #500, 1.600000000000004086 ) ;
#1213 = CARTESIAN_POINT ( 'NONE',  ( 30.00000000000000000, 0.000000000000000000, 43.29999999999999716 ) ) ;
#1214 = CARTESIAN_POINT ( 'NONE',  ( 0.000000000000000000, -3.000000000000000000, 46.70000000000000284 ) ) ;
#1215 = FACE_BOUND ( 'NONE', #313, .T. ) ;
#1216 = CIRCLE ( 'NONE', #2906, 5.000000000000004441 ) ;
#1217 = ORIENTED_EDGE ( 'NONE', *, *, #2814, .F. ) ;
#1218 = EDGE_LOOP ( 'NONE', ( #656, #2195, #1951, #1983 ) ) ;
#1219 = ORIENTED_EDGE ( 'NONE', *, *, #2769, .F. ) ;
#1220 = PLANE ( 'NONE',  #687 ) ;
#1221 = VERTEX_POINT ( 'NONE', #915 ) ;
#1222 = CARTESIAN_POINT ( 'NONE',  ( 30.00000000000000000, -3.000000000000000000, 43.29999999999999716 ) ) ;
#1223 = CARTESIAN_POINT ( 'NONE',  ( 69.00000000000000000, 0.000000000000000000, 46.70000000000000284 ) ) ;
#1224 = EDGE_CURVE ( 'NONE', #1680, #1661, #1536, .T. ) ;
#1225 = EDGE_CURVE ( 'NONE', #3018, #2224, #420, .T. ) ;
#1226 = DIRECTION ( 'NONE',  ( -0.000000000000000000, 1.000000000000000000, -0.000000000000000000 ) ) ;
#1227 = VECTOR ( 'NONE', #3166, 1000.000000000000000 ) ;
#1228 = CARTESIAN_POINT ( 'NONE',  ( 100.0000000000000000, -34.00000000000000000, 57.00000000000000000 ) ) ;
#1229 = CARTESIAN_POINT ( 'NONE',  ( 42.00000000000000000, 0.000000000000000000, 46.70000000000000284 ) ) ;
#1230 = ORIENTED_EDGE ( 'NONE', *, *, #821, .T. ) ;
#1231 = EDGE_LOOP ( 'NONE', ( #3066, #624, #2996, #1875 ) ) ;
#1232 = ORIENTED_EDGE ( 'NONE', *, *, #2080, .F. ) ;
#1233 = CARTESIAN_POINT ( 'NONE',  ( -100.0000000000000000, -30.00000000000000000, 57.00000000000000000 ) ) ;
#1235 = ORIENTED_EDGE ( 'NONE', *, *, #2165, .F. ) ;
#1234 = AXIS2_PLACEMENT_3D ( 'NONE', #1030, #1696, #54 ) ;
#1236 = CARTESIAN_POINT ( 'NONE',  ( 81.00000000000000000, -3.000000000000000000, -26.30000000000000071 ) ) ;
#1237 = CARTESIAN_POINT ( 'NONE',  ( -93.00000000000000000, -7.000000000000000000, -18.00000000000000000 ) ) ;
#1238 = VECTOR ( 'NONE', #2986, 1000.000000000000000 ) ;
#1239 = EDGE_CURVE ( 'NONE', #1440, #1769, #3114, .T. ) ;
#1240 = EDGE_CURVE ( 'NONE', #1888, #1496, #450, .T. ) ;
#1241 = VECTOR ( 'NONE', #2843, 1000.000000000000000 ) ;
#1242 = DIRECTION ( 'NONE',  ( 0.000000000000000000, 1.000000000000000000, 0.000000000000000000 ) ) ;
#1243 = EDGE_CURVE ( 'NONE', #283, #1903, #582, .T. ) ;
#1244 = CARTESIAN_POINT ( 'NONE',  ( -110.0000000000000000, -37.00000000000000000, 64.50000000000000000 ) ) ;
#1245 = CARTESIAN_POINT ( 'NONE',  ( -93.00000000000000000, -7.000000000000000000, -63.00000000000000000 ) ) ;
#1246 = CIRCLE ( 'NONE', #24, 1.600000000000004086 ) ;
#1247 = ORIENTED_EDGE ( 'NONE', *, *, #651, .T. ) ;
#1248 = VERTEX_POINT ( 'NONE', #1160 ) ;
#1249 = EDGE_LOOP ( 'NONE', ( #1679, #2756, #2374, #1770 ) ) ;
#1250 = ORIENTED_EDGE ( 'NONE', *, *, #2636, .F. ) ;
#1251 = CARTESIAN_POINT ( 'NONE',  ( -100.0000000000000000, -2.999999999999999112, 57.00000000000000000 ) ) ;
#1252 = VERTEX_POINT ( 'NONE', #931 ) ;
#1253 = LINE ( 'NONE', #2740, #2957 ) ;
#1254 = CARTESIAN_POINT ( 'NONE',  ( -22.00000000000000000, -3.000000000000000000, -0.000000000000000000 ) ) ;
#1255 = CARTESIAN_POINT ( 'NONE',  ( -68.00000000000000000, -3.000000000000000000, -4.299999999999999822 ) ) ;
#1256 = FACE_OUTER_BOUND ( 'NONE', #2295, .T. ) ;
#1257 = CARTESIAN_POINT ( 'NONE',  ( 100.0000000000000000, -34.00000000000000000, 55.64999999999999858 ) ) ;
#1258 = FACE_OUTER_BOUND ( 'NONE', #278, .T. ) ;
#1259 = EDGE_CURVE ( 'NONE', #1924, #3156, #1891, .T. ) ;
#1260 = EDGE_CURVE ( 'NONE', #1952, #1206, #2876, .T. ) ;
#1261 = ORIENTED_EDGE ( 'NONE', *, *, #2669, .F. ) ;
#1262 = EDGE_LOOP ( 'NONE', ( #3053, #22, #2677, #1527 ) ) ;
#1263 = EDGE_LOOP ( 'NONE', ( #748, #1060, #2238, #2447 ) ) ;
#1264 = ORIENTED_EDGE ( 'NONE', *, *, #2611, .T. ) ;
#1265 = CARTESIAN_POINT ( 'NONE',  ( -100.0000000000000000, -34.00000000000000000, 57.00000000000000000 ) ) ;
#1266 = CARTESIAN_POINT ( 'NONE',  ( -93.00000000000000000, -7.000000000000000000, -19.60000000000000142 ) ) ;
#1267 = DIRECTION ( 'NONE',  ( -0.000000000000000000, -0.000000000000000000, 1.000000000000000000 ) ) ;
#1268 = AXIS2_PLACEMENT_3D ( 'NONE', #107, #1366, #1779 ) ;
#1269 = CARTESIAN_POINT ( 'NONE',  ( 95.00000000000000000, -4.000000000000000000, -49.00000000000000000 ) ) ;
#1270 = ORGANIZATION ( '未指定', '未指定', '' ) ;
#1271 = AXIS2_PLACEMENT_3D ( 'NONE', #447, #671, #1630 ) ;
#1272 = VECTOR ( 'NONE', #1373, 1000.000000000000000 ) ;
#1273 = LINE ( 'NONE', #2699, #1574 ) ;
#1274 = LINE ( 'NONE', #1478, #2451 ) ;
#1275 = DATE_TIME_ROLE ( 'classification_date' ) ;
#1276 = DIRECTION ( 'NONE',  ( 0.000000000000000000, 1.000000000000000000, 0.000000000000000000 ) ) ;
#1277 = AXIS2_PLACEMENT_3D ( 'NONE', #993, #2731, #1973 ) ;
#1278 = ORIENTED_EDGE ( 'NONE', *, *, #175, .T. ) ;
#1279 = EDGE_CURVE ( 'NONE', #2735, #2178, #2619, .T. ) ;
#1280 = EDGE_CURVE ( 'NONE', #2224, #2524, #2495, .T. ) ;
#1281 = ORIENTED_EDGE ( 'NONE', *, *, #860, .F. ) ;
#1282 = ORIENTED_EDGE ( 'NONE', *, *, #2809, .T. ) ;
#1283 = ORIENTED_EDGE ( 'NONE', *, *, #2831, .F. ) ;
#1284 = DIRECTION ( 'NONE',  ( 0.000000000000000000, 1.000000000000000000, 0.000000000000000000 ) ) ;
#1285 = ORIENTED_EDGE ( 'NONE', *, *, #2143, .F. ) ;
#1286 = CARTESIAN_POINT ( 'NONE',  ( 30.00000000000000000, -4.000000000000000000, 46.70000000000000284 ) ) ;
#1287 = CARTESIAN_POINT ( 'NONE',  ( -68.00000000000000000, 0.000000000000000000, -4.299999999999999822 ) ) ;
#1288 = VECTOR ( 'NONE', #1207, 1000.000000000000000 ) ;
#1289 = ORIENTED_EDGE ( 'NONE', *, *, #2769, .T. ) ;
#1290 = LINE ( 'NONE', #1269, #2055 ) ;
#1291 = CARTESIAN_POINT ( 'NONE',  ( 18.00000000000000355, -37.00000000000000000, 64.50000000000000000 ) ) ;
#1292 = AXIS2_PLACEMENT_3D ( 'NONE', #1834, #664, #1447 ) ;
#1293 = DIRECTION ( 'NONE',  ( -0.000000000000000000, 1.000000000000000000, -0.000000000000000000 ) ) ;
#1294 = PLANE ( 'NONE',  #2282 ) ;
#1295 = EDGE_LOOP ( 'NONE', ( #1146, #8 ) ) ;
#1296 = VERTEX_POINT ( 'NONE', #1739 ) ;
#1297 = EDGE_LOOP ( 'NONE', ( #1660, #1029, #2704, #2206 ) ) ;
#1298 = LINE ( 'NONE', #794, #767 ) ;
#1299 = DIRECTION ( 'NONE',  ( 0.000000000000000000, 0.000000000000000000, 1.000000000000000000 ) ) ;
#1300 = AXIS2_PLACEMENT_3D ( 'NONE', #1878, #1635, #1895 ) ;
#1301 = ORIENTED_EDGE ( 'NONE', *, *, #1887, .F. ) ;
#1302 = CARTESIAN_POINT ( 'NONE',  ( -110.0000000000000000, -37.00000000000000000, -64.50000000000000000 ) ) ;
#1303 = CARTESIAN_POINT ( 'NONE',  ( -68.00000000000000000, -4.000000000000000000, -7.700000000000000178 ) ) ;
#1304 = ORIENTED_EDGE ( 'NONE', *, *, #176, .T. ) ;
#1305 = CARTESIAN_POINT ( 'NONE',  ( 100.0000000000000000, -30.00000000000000000, -52.00000000000000000 ) ) ;
#1306 = EDGE_CURVE ( 'NONE', #600, #962, #2244, .T. ) ;
#1307 = FACE_BOUND ( 'NONE', #881, .T. ) ;
#1308 = DIRECTION ( 'NONE',  ( -0.000000000000000000, 0.000000000000000000, 1.000000000000000000 ) ) ;
#1309 = DATE_AND_TIME ( #1523, #514 ) ;
#1310 = CARTESIAN_POINT ( 'NONE',  ( 69.00000000000000000, -3.000000000000000000, 0.000000000000000000 ) ) ;
#1311 = ORIENTED_EDGE ( 'NONE', *, *, #215, .F. ) ;
#1312 = DIRECTION ( 'NONE',  ( 0.000000000000000000, 0.000000000000000000, -1.000000000000000000 ) ) ;
#1313 = ORIENTED_EDGE ( 'NONE', *, *, #3147, .T. ) ;
#1314 = CARTESIAN_POINT ( 'NONE',  ( 100.0000000000000000, -30.00000000000000000, -57.00000000000000000 ) ) ;
#1315 = CARTESIAN_POINT ( 'NONE',  ( 92.00000000000001421, -37.00000000000000000, 67.50000000000000000 ) ) ;
#1316 = VERTEX_POINT ( 'NONE', #1514 ) ;
#1317 = DIRECTION ( 'NONE',  ( 0.000000000000000000, 0.000000000000000000, -1.000000000000000000 ) ) ;
#1318 = VECTOR ( 'NONE', #3056, 1000.000000000000000 ) ;
#1319 = EDGE_CURVE ( 'NONE', #266, #2401, #2180, .T. ) ;
#1320 = ADVANCED_FACE ( 'NONE', ( #3159 ), #508, .F. ) ;
#1321 = VECTOR ( 'NONE', #741, 1000.000000000000000 ) ;
#1322 = DIRECTION ( 'NONE',  ( 1.000000000000000000, 0.000000000000000000, 0.000000000000000000 ) ) ;
#1323 = AXIS2_PLACEMENT_3D ( 'NONE', #3042, #165, #1835 ) ;
#1324 = LINE ( 'NONE', #2833, #934 ) ;
#1325 = PERSON_AND_ORGANIZATION_ROLE ( 'classification_officer' ) ;
#1326 = LINE ( 'NONE', #1084, #1606 ) ;
#1327 = DIRECTION ( 'NONE',  ( 0.000000000000000000, 1.000000000000000000, 0.000000000000000000 ) ) ;
#1328 = ORIENTED_EDGE ( 'NONE', *, *, #2675, .T. ) ;
#1329 = LINE ( 'NONE', #2064, #1101 ) ;
#1330 = EDGE_LOOP ( 'NONE', ( #1836, #1395 ) ) ;
#1331 = CARTESIAN_POINT ( 'NONE',  ( -22.00000000000000000, 0.000000000000000000, -4.299999999999999822 ) ) ;
#1332 = PLANE ( 'NONE',  #439 ) ;
#1333 = EDGE_LOOP ( 'NONE', ( #865, #2372, #621, #2014 ) ) ;
#1334 = DIRECTION ( 'NONE',  ( 0.000000000000000000, 1.000000000000000000, 0.000000000000000000 ) ) ;
#1335 = CARTESIAN_POINT ( 'NONE',  ( -93.00000000000000000, -3.000000000000000000, -63.00000000000000000 ) ) ;
#1336 = CARTESIAN_POINT ( 'NONE',  ( -34.00000000000000000, -3.000000000000000000, -4.299999999999999822 ) ) ;
#1337 = CC_DESIGN_PERSON_AND_ORGANIZATION_ASSIGNMENT ( #3040, #1507, ( #926 ) ) ;
#1338 = EDGE_CURVE ( 'NONE', #1108, #1680, #9, .T. ) ;
#1339 = FACE_OUTER_BOUND ( 'NONE', #401, .T. ) ;
#1340 = CARTESIAN_POINT ( 'NONE',  ( -100.0000000000000000, -2.999999999999999112, 62.00000000000000711 ) ) ;
#1341 = EDGE_CURVE ( 'NONE', #2524, #1509, #2695, .T. ) ;
#1342 = EDGE_CURVE ( 'NONE', #1912, #1398, #972, .T. ) ;
#1343 = CARTESIAN_POINT ( 'NONE',  ( 0.000000000000000000, -7.000000000000000000, 30.00000000000000000 ) ) ;
#1344 = EDGE_LOOP ( 'NONE', ( #2751, #986, #997, #1008 ) ) ;
#1345 = LINE ( 'NONE', #1838, #1498 ) ;
#1346 = ORIENTED_EDGE ( 'NONE', *, *, #1868, .T. ) ;
#1347 = CARTESIAN_POINT ( 'NONE',  ( 42.00000000000000000, 0.000000000000000000, 46.70000000000000284 ) ) ;
#1348 = DIRECTION ( 'NONE',  ( 0.000000000000000000, 0.000000000000000000, -1.000000000000000000 ) ) ;
#1349 = ORIENTED_EDGE ( 'NONE', *, *, #395, .F. ) ;
#1350 = CARTESIAN_POINT ( 'NONE',  ( -34.00000000000000000, -4.000000000000000000, -4.299999999999999822 ) ) ;
#1351 = DIRECTION ( 'NONE',  ( 0.000000000000000000, -1.000000000000000000, 0.000000000000000000 ) ) ;
#1352 = FACE_BOUND ( 'NONE', #1806, .T. ) ;
#1353 = LINE ( 'NONE', #596, #1477 ) ;
#1354 = AXIS2_PLACEMENT_3D ( 'NONE', #1546, #349, #2539 ) ;
#1355 = CARTESIAN_POINT ( 'NONE',  ( -100.0000000000000000, -2.999999999999999112, -52.00000000000000000 ) ) ;
#1356 = DIRECTION ( 'NONE',  ( 0.000000000000000000, 0.000000000000000000, 1.000000000000000000 ) ) ;
#1357 = LINE ( 'NONE', #2856, #1423 ) ;
#1358 = ORIENTED_EDGE ( 'NONE', *, *, #434, .F. ) ;
#1359 = EDGE_CURVE ( 'NONE', #263, #446, #1795, .T. ) ;
#1360 = EDGE_CURVE ( 'NONE', #1445, #1769, #2928, .T. ) ;
#1361 = LINE ( 'NONE', #399, #400 ) ;
#1362 = VERTEX_POINT ( 'NONE', #2922 ) ;
#1363 = CARTESIAN_POINT ( 'NONE',  ( -11.00000000000000000, -3.000000000000000000, -0.000000000000000000 ) ) ;
#1364 = LINE ( 'NONE', #2341, #1448 ) ;
#1365 = EDGE_LOOP ( 'NONE', ( #3096, #1230, #2875, #523 ) ) ;
#1366 = DIRECTION ( 'NONE',  ( 0.000000000000000000, 1.000000000000000000, 0.000000000000000000 ) ) ;
#1367 = DIRECTION ( 'NONE',  ( 0.000000000000000000, 0.000000000000000000, 1.000000000000000000 ) ) ;
#1368 = AXIS2_PLACEMENT_3D ( 'NONE', #138, #1562, #2544 ) ;
#1369 = LINE ( 'NONE', #2123, #1544 ) ;
#1370 = CARTESIAN_POINT ( 'NONE',  ( 1.000000000000000000, -3.000000000000000000, 0.000000000000000000 ) ) ;
#1371 = DIRECTION ( 'NONE',  ( -1.000000000000000000, 0.000000000000000000, -0.000000000000000000 ) ) ;
#1372 = AXIS2_PLACEMENT_3D ( 'NONE', #1245, #44, #1734 ) ;
#1373 = DIRECTION ( 'NONE',  ( 0.000000000000000000, 1.000000000000000000, 0.000000000000000000 ) ) ;
#1374 = DIRECTION ( 'NONE',  ( 0.000000000000000000, 1.000000000000000000, 0.000000000000000000 ) ) ;
#1375 = CARTESIAN_POINT ( 'NONE',  ( 69.00000000000000000, 0.000000000000000000, 43.29999999999999716 ) ) ;
#1376 = EDGE_LOOP ( 'NONE', ( #2407, #1281, #3012, #2705 ) ) ;
#1377 = EDGE_CURVE ( 'NONE', #1409, #2578, #839, .T. ) ;
#1378 = EDGE_CURVE ( 'NONE', #263, #1248, #2209, .T. ) ;
#1379 = ORIENTED_EDGE ( 'NONE', *, *, #3050, .T. ) ;
#1380 = LINE ( 'NONE', #430, #2212 ) ;
#1381 = ORIENTED_EDGE ( 'NONE', *, *, #269, .F. ) ;
#1382 = CARTESIAN_POINT ( 'NONE',  ( 1.959434878635764984E-16, -3.000000000000000000, -13.60000000000000142 ) ) ;
#1383 = AXIS2_PLACEMENT_3D ( 'NONE', #696, #1656, #1418 ) ;
#1384 = ORIENTED_EDGE ( 'NONE', *, *, #1239, .F. ) ;
#1385 = CARTESIAN_POINT ( 'NONE',  ( -48.00000000000000000, -7.000000000000000000, -19.59999999999999432 ) ) ;
#1386 = CARTESIAN_POINT ( 'NONE',  ( -48.00000000000000000, -7.000000000000000000, -18.00000000000000000 ) ) ;
#1387 = LINE ( 'NONE', #1197, #3140 ) ;
#1388 = LINE ( 'NONE', #2093, #2004 ) ;
#1389 = DIRECTION ( 'NONE',  ( 1.000000000000000000, 0.000000000000000000, 0.000000000000000000 ) ) ;
#1390 = VECTOR ( 'NONE', #1483, 1000.000000000000000 ) ;
#1391 = FACE_OUTER_BOUND ( 'NONE', #534, .T. ) ;
#1392 = DIRECTION ( 'NONE',  ( 0.000000000000000000, 0.000000000000000000, 1.000000000000000000 ) ) ;
#1393 = ORIENTED_EDGE ( 'NONE', *, *, #2787, .F. ) ;
#1394 = FACE_OUTER_BOUND ( 'NONE', #2022, .T. ) ;
#1395 = ORIENTED_EDGE ( 'NONE', *, *, #1911, .F. ) ;
#1396 = CARTESIAN_POINT ( 'NONE',  ( 96.00000000000000000, -7.000000000000000000, 30.00000000000000000 ) ) ;
#1397 = VECTOR ( 'NONE', #1668, 1000.000000000000000 ) ;
#1398 = VERTEX_POINT ( 'NONE', #1712 ) ;
#1399 = ORIENTED_EDGE ( 'NONE', *, *, #2414, .T. ) ;
#1400 = CARTESIAN_POINT ( 'NONE',  ( 0.000000000000000000, -3.000000000000000000, -12.00000000000000000 ) ) ;
#1401 = AXIS2_PLACEMENT_3D ( 'NONE', #2864, #3073, #2849 ) ;
#1402 = EDGE_CURVE ( 'NONE', #1509, #1737, #2679, .T. ) ;
#1403 = LINE ( 'NONE', #2897, #2270 ) ;
#1404 = DIRECTION ( 'NONE',  ( 0.000000000000000000, 1.000000000000000000, 0.000000000000000000 ) ) ;
#1405 = CARTESIAN_POINT ( 'NONE',  ( -12.00000000000000000, -37.00000000000000000, 67.50000000000000000 ) ) ;
#1406 = DIRECTION ( 'NONE',  ( -0.000000000000000000, 1.000000000000000000, -0.000000000000000000 ) ) ;
#1407 = VERTEX_POINT ( 'NONE', #37 ) ;
#1408 = CARTESIAN_POINT ( 'NONE',  ( -100.0000000000000000, -30.00000000000000000, 57.00000000000000000 ) ) ;
#1409 = VERTEX_POINT ( 'NONE', #2446 ) ;
#1410 = CARTESIAN_POINT ( 'NONE',  ( 42.00000000000000000, -4.000000000000000000, 46.70000000000000284 ) ) ;
#1411 = VERTEX_POINT ( 'NONE', #297 ) ;
#1412 = EDGE_LOOP ( 'NONE', ( #1379, #943, #1711, #1980 ) ) ;
#1413 = DIRECTION ( 'NONE',  ( -0.000000000000000000, 1.000000000000000000, -0.000000000000000000 ) ) ;
#1414 = EDGE_CURVE ( 'NONE', #1440, #2750, #2054, .T. ) ;
#1415 = ADVANCED_FACE ( 'NONE', ( #777 ), #1220, .T. ) ;
#1416 = FACE_OUTER_BOUND ( 'NONE', #2676, .T. ) ;
#1417 = PLANE ( 'NONE',  #852 ) ;
#1418 = DIRECTION ( 'NONE',  ( 0.000000000000000000, -0.000000000000000000, 1.000000000000000000 ) ) ;
#1419 = CARTESIAN_POINT ( 'NONE',  ( -110.0000000000000000, -37.00000000000000000, 67.50000000000000000 ) ) ;
#1420 = AXIS2_PLACEMENT_3D ( 'NONE', #818, #2069, #157 ) ;
#1421 = CIRCLE ( 'NONE', #2801, 1.600000000000004086 ) ;
#1422 = AXIS2_PLACEMENT_3D ( 'NONE', #1023, #2974, #18 ) ;
#1423 = VECTOR ( 'NONE', #653, 1000.000000000000000 ) ;
#1424 = ORIENTED_EDGE ( 'NONE', *, *, #2359, .F. ) ;
#1425 = VECTOR ( 'NONE', #1716, 1000.000000000000000 ) ;
#1426 = ORIENTED_EDGE ( 'NONE', *, *, #394, .T. ) ;
#1427 = ORIENTED_EDGE ( 'NONE', *, *, #3025, .F. ) ;
#1428 = LINE ( 'NONE', #1907, #482 ) ;
#1429 = ORIENTED_EDGE ( 'NONE', *, *, #1785, .T. ) ;
#1430 = LINE ( 'NONE', #735, #2422 ) ;
#1431 = AXIS2_PLACEMENT_3D ( 'NONE', #274, #1781, #1004 ) ;
#1432 = CYLINDRICAL_SURFACE ( 'NONE', #1633, 1.350000000000004086 ) ;
#1433 = PRODUCT_DEFINITION ( '未知', '', #926, #197 ) ;
#1434 = ADVANCED_FACE ( 'NONE', ( #2981 ), #23, .F. ) ;
#1435 = DIRECTION ( 'NONE',  ( 1.000000000000000000, 0.000000000000000000, 0.000000000000000000 ) ) ;
#1436 = DIRECTION ( 'NONE',  ( 0.000000000000000000, 0.000000000000000000, -1.000000000000000000 ) ) ;
#1437 = DIRECTION ( 'NONE',  ( 0.000000000000000000, 1.000000000000000000, 0.000000000000000000 ) ) ;
#1438 = ADVANCED_FACE ( 'NONE', ( #1725 ), #795, .F. ) ;
#1439 = ORIENTED_EDGE ( 'NONE', *, *, #1055, .T. ) ;
#1440 = VERTEX_POINT ( 'NONE', #70 ) ;
#1441 = EDGE_LOOP ( 'NONE', ( #1358, #449, #1709, #2150 ) ) ;
#1442 = DIRECTION ( 'NONE',  ( 0.000000000000000000, 1.000000000000000000, 0.000000000000000000 ) ) ;
#1443 = VECTOR ( 'NONE', #2228, 1000.000000000000000 ) ;
#1444 = VERTEX_POINT ( 'NONE', #2785 ) ;
#1445 = VERTEX_POINT ( 'NONE', #2281 ) ;
#1446 = LINE ( 'NONE', #2438, #1450 ) ;
#1447 = DIRECTION ( 'NONE',  ( 0.000000000000000000, 0.000000000000000000, 1.000000000000000000 ) ) ;
#1448 = VECTOR ( 'NONE', #2825, 1000.000000000000000 ) ;
#1449 = CARTESIAN_POINT ( 'NONE',  ( 69.00000000000000000, -3.000000000000000000, -29.69999999999999929 ) ) ;
#1450 = VECTOR ( 'NONE', #1956, 1000.000000000000000 ) ;
#1451 = AXIS2_PLACEMENT_3D ( 'NONE', #1335, #125, #3085 ) ;
#1452 = CARTESIAN_POINT ( 'NONE',  ( 100.0000000000000000, -30.00000000000000000, 52.00000000000000000 ) ) ;
#1453 = LINE ( 'NONE', #1405, #2315 ) ;
#1454 = DIRECTION ( 'NONE',  ( 0.000000000000000000, 0.000000000000000000, 1.000000000000000000 ) ) ;
#1455 = ORIENTED_EDGE ( 'NONE', *, *, #2165, .T. ) ;
#1456 = EDGE_CURVE ( 'NONE', #1965, #3079, #1345, .T. ) ;
#1457 = ADVANCED_FACE ( 'NONE', ( #2261 ), #1090, .F. ) ;
#1458 = ORIENTED_EDGE ( 'NONE', *, *, #1911, .T. ) ;
#1459 = ORIENTED_EDGE ( 'NONE', *, *, #192, .F. ) ;
#1460 = DIRECTION ( 'NONE',  ( 0.000000000000000000, 1.000000000000000000, 0.000000000000000000 ) ) ;
#1461 = EDGE_LOOP ( 'NONE', ( #1698, #552 ) ) ;
#1462 = CARTESIAN_POINT ( 'NONE',  ( 81.00000000000000000, -3.000000000000000000, -29.69999999999999929 ) ) ;
#1463 = CARTESIAN_POINT ( 'NONE',  ( 96.00000000000000000, -7.000000000000000000, 31.60000000000000142 ) ) ;
#1464 = FACE_BOUND ( 'NONE', #1333, .T. ) ;
#1465 = DIRECTION ( 'NONE',  ( -0.000000000000000000, 0.000000000000000000, 1.000000000000000000 ) ) ;
#1466 = DIRECTION ( 'NONE',  ( 0.000000000000000000, 1.000000000000000000, 0.000000000000000000 ) ) ;
#1467 = ORIENTED_EDGE ( 'NONE', *, *, #2470, .F. ) ;
#1468 = VERTEX_POINT ( 'NONE', #2821 ) ;
#1469 = EDGE_LOOP ( 'NONE', ( #775, #705 ) ) ;
#1470 = DIRECTION ( 'NONE',  ( -0.000000000000000000, -0.000000000000000000, 1.000000000000000000 ) ) ;
#1471 = ADVANCED_FACE ( 'NONE', ( #3046 ), #2754, .F. ) ;
#1472 = ADVANCED_FACE ( 'NONE', ( #102 ), #1075, .F. ) ;
#1473 = ORIENTED_EDGE ( 'NONE', *, *, #802, .T. ) ;
#1474 = CARTESIAN_POINT ( 'NONE',  ( 28.00000000000000000, -3.000000000000000000, -52.00000000000000000 ) ) ;
#1475 = DIRECTION ( 'NONE',  ( 1.000000000000000000, 0.000000000000000000, 0.000000000000000000 ) ) ;
#1476 = CARTESIAN_POINT ( 'NONE',  ( 18.00000000000000355, -37.00000000000000000, 67.50000000000000000 ) ) ;
#1477 = VECTOR ( 'NONE', #1134, 1000.000000000000000 ) ;
#1478 = CARTESIAN_POINT ( 'NONE',  ( -41.99999999999999289, -3.000000000000000000, -0.000000000000000000 ) ) ;
#1479 = ORIENTED_EDGE ( 'NONE', *, *, #2200, .T. ) ;
#1480 = ORIENTED_EDGE ( 'NONE', *, *, #232, .T. ) ;
#1481 = ORIENTED_EDGE ( 'NONE', *, *, #1319, .T. ) ;
#1482 = VERTEX_POINT ( 'NONE', #2017 ) ;
#1483 = DIRECTION ( 'NONE',  ( 0.000000000000000000, 1.000000000000000000, 0.000000000000000000 ) ) ;
#1484 = ORIENTED_EDGE ( 'NONE', *, *, #2470, .T. ) ;
#1485 = DIRECTION ( 'NONE',  ( 0.000000000000000000, 1.000000000000000000, 0.000000000000000000 ) ) ;
#1486 = DIRECTION ( 'NONE',  ( 0.000000000000000000, -0.000000000000000000, 1.000000000000000000 ) ) ;
#1487 = AXIS2_PLACEMENT_3D ( 'NONE', #1715, #2466, #1475 ) ;
#1488 = EDGE_CURVE ( 'NONE', #2632, #2784, #2999, .T. ) ;
#1489 = EDGE_CURVE ( 'NONE', #1564, #1894, #1329, .T. ) ;
#1490 = CIRCLE ( 'NONE', #126, 1.350000000000004086 ) ;
#1491 = LINE ( 'NONE', #979, #619 ) ;
#1492 = LINE ( 'NONE', #2472, #2609 ) ;
#1493 = ORIENTED_EDGE ( 'NONE', *, *, #1224, .F. ) ;
#1494 = ORIENTED_EDGE ( 'NONE', *, *, #1341, .F. ) ;
#1495 = ORIENTED_EDGE ( 'NONE', *, *, #1202, .F. ) ;
#1496 = VERTEX_POINT ( 'NONE', #2799 ) ;
#1497 = DIRECTION ( 'NONE',  ( 0.000000000000000000, 0.000000000000000000, 1.000000000000000000 ) ) ;
#1499 = ORIENTED_EDGE ( 'NONE', *, *, #1032, .F. ) ;
#1498 = VECTOR ( 'NONE', #587, 1000.000000000000000 ) ;
#1500 = DIRECTION ( 'NONE',  ( 1.000000000000000000, 0.000000000000000000, 0.000000000000000000 ) ) ;
#1501 = DIRECTION ( 'NONE',  ( 0.000000000000000000, 0.000000000000000000, 1.000000000000000000 ) ) ;
#1502 = DIRECTION ( 'NONE',  ( -1.000000000000000000, -0.000000000000000000, -0.000000000000000000 ) ) ;
#1503 = FACE_BOUND ( 'NONE', #5, .T. ) ;
#1504 = ADVANCED_FACE ( 'NONE', ( #601 ), #2308, .T. ) ;
#1505 = ADVANCED_FACE ( 'NONE', ( #845 ), #620, .T. ) ;
#1506 = DIRECTION ( 'NONE',  ( 0.000000000000000000, 1.000000000000000000, 0.000000000000000000 ) ) ;
#1507 = PERSON_AND_ORGANIZATION_ROLE ( 'creator' ) ;
#1508 = DIRECTION ( 'NONE',  ( 0.000000000000000000, 0.000000000000000000, -1.000000000000000000 ) ) ;
#1509 = VERTEX_POINT ( 'NONE', #2577 ) ;
#1510 = EDGE_LOOP ( 'NONE', ( #688, #365, #1787, #2336 ) ) ;
#1511 = ORIENTED_EDGE ( 'NONE', *, *, #1902, .F. ) ;
#1512 = AXIS2_PLACEMENT_3D ( 'NONE', #190, #3119, #2087 ) ;
#1513 = VERTEX_POINT ( 'NONE', #571 ) ;
#1514 = CARTESIAN_POINT ( 'NONE',  ( 18.00000000000000355, -3.000000000000002665, 67.50000000000000000 ) ) ;
#1515 = ORIENTED_EDGE ( 'NONE', *, *, #1826, .F. ) ;
#1516 = DIRECTION ( 'NONE',  ( -0.000000000000000000, 1.000000000000000000, -0.000000000000000000 ) ) ;
#1517 = LINE ( 'NONE', #1303, #2985 ) ;
#1518 = ORIENTED_EDGE ( 'NONE', *, *, #940, .F. ) ;
#1519 = DIRECTION ( 'NONE',  ( 0.000000000000000000, 1.000000000000000000, 0.000000000000000000 ) ) ;
#1520 = VECTOR ( 'NONE', #1705, 1000.000000000000000 ) ;
#1521 = FACE_BOUND ( 'NONE', #247, .T. ) ;
#1522 = DIRECTION ( 'NONE',  ( -0.000000000000000000, 0.000000000000000000, 1.000000000000000000 ) ) ;
#1523 = CALENDAR_DATE ( 2026, 26, 7 ) ;
#1524 = CARTESIAN_POINT ( 'NONE',  ( 100.0000000000000000, 0.000000000000000000, -55.64999999999999858 ) ) ;
#1525 = EDGE_CURVE ( 'NONE', #452, #66, #2428, .T. ) ;
#1526 = CIRCLE ( 'NONE', #2919, 1.350000000000004086 ) ;
#1527 = ORIENTED_EDGE ( 'NONE', *, *, #31, .F. ) ;
#1528 = VERTEX_POINT ( 'NONE', #1107 ) ;
#1529 = ORIENTED_EDGE ( 'NONE', *, *, #1070, .T. ) ;
#1530 = EDGE_CURVE ( 'NONE', #1760, #1786, #85, .T. ) ;
#1531 = ORIENTED_EDGE ( 'NONE', *, *, #722, .F. ) ;
#1532 = CARTESIAN_POINT ( 'NONE',  ( -93.00000000000000000, -7.000000000000000000, -18.00000000000000000 ) ) ;
#1533 = ORIENTED_EDGE ( 'NONE', *, *, #214, .F. ) ;
#1534 = CARTESIAN_POINT ( 'NONE',  ( -100.0000000000000000, -34.00000000000000000, 58.35000000000000853 ) ) ;
#1535 = CARTESIAN_POINT ( 'NONE',  ( -80.00000000000000000, 0.000000000000000000, -7.700000000000000178 ) ) ;
#1536 = CIRCLE ( 'NONE', #325, 5.000000000000004441 ) ;
#1537 = VERTEX_POINT ( 'NONE', #118 ) ;
#1538 = CARTESIAN_POINT ( 'NONE',  ( 28.00000000000000000, -4.000000000000000000, -34.00000000000000000 ) ) ;
#1539 = AXIS2_PLACEMENT_3D ( 'NONE', #944, #717, #249 ) ;
#1540 = PLANE ( 'NONE',  #1975 ) ;
#1541 = CARTESIAN_POINT ( 'NONE',  ( 28.00000000000000000, -4.000000000000000000, -31.00000000000000000 ) ) ;
#1542 = PERSON_AND_ORGANIZATION ( #1627, #1270 ) ;
#1543 = DIRECTION ( 'NONE',  ( 0.000000000000000000, 0.000000000000000000, 1.000000000000000000 ) ) ;
#1544 = VECTOR ( 'NONE', #1879, 1000.000000000000000 ) ;
#1545 = ORIENTED_EDGE ( 'NONE', *, *, #884, .F. ) ;
#1546 = CARTESIAN_POINT ( 'NONE',  ( 96.00000000000000000, -3.000000000000000000, 30.00000000000000000 ) ) ;
#1547 = ADVANCED_FACE ( 'NONE', ( #3061 ), #1063, .T. ) ;
#1548 = ADVANCED_FACE ( 'NONE', ( #829 ), #877, .F. ) ;
#1549 = ORIENTED_EDGE ( 'NONE', *, *, #510, .T. ) ;
#1550 = CARTESIAN_POINT ( 'NONE',  ( 107.0000000000000000, -37.00000000000000000, 67.50000000000000000 ) ) ;
#1551 = LINE ( 'NONE', #1315, #2370 ) ;
#1552 = ORIENTED_EDGE ( 'NONE', *, *, #1608, .F. ) ;
#1553 = LINE ( 'NONE', #1350, #1568 ) ;
#1554 = FACE_BOUND ( 'NONE', #2389, .T. ) ;
#1555 = DIRECTION ( 'NONE',  ( 0.000000000000000000, 1.000000000000000000, 0.000000000000000000 ) ) ;
#1556 = APPROVAL_ROLE ( '' ) ;
#1557 = DIRECTION ( 'NONE',  ( 0.000000000000000000, 1.000000000000000000, 0.000000000000000000 ) ) ;
#1558 = DIRECTION ( 'NONE',  ( 0.000000000000000000, 0.000000000000000000, 1.000000000000000000 ) ) ;
#1559 = ORIENTED_EDGE ( 'NONE', *, *, #14, .F. ) ;
#1560 = DIRECTION ( 'NONE',  ( -0.000000000000000000, 1.000000000000000000, -0.000000000000000000 ) ) ;
#1561 = ORIENTED_EDGE ( 'NONE', *, *, #1150, .T. ) ;
#1562 = DIRECTION ( 'NONE',  ( 0.000000000000000000, 1.000000000000000000, 0.000000000000000000 ) ) ;
#1563 = CARTESIAN_POINT ( 'NONE',  ( 0.000000000000000000, -7.000000000000000000, -10.40000000000000036 ) ) ;
#1564 = VERTEX_POINT ( 'NONE', #2558 ) ;
#1565 = FACE_OUTER_BOUND ( 'NONE', #1694, .T. ) ;
#1566 = EDGE_CURVE ( 'NONE', #1468, #33, #2127, .T. ) ;
#1567 = EDGE_CURVE ( 'NONE', #350, #1362, #1361, .T. ) ;
#1568 = VECTOR ( 'NONE', #1811, 1000.000000000000000 ) ;
#1569 = VECTOR ( 'NONE', #1437, 1000.000000000000000 ) ;
#1570 = EDGE_CURVE ( 'NONE', #1967, #1939, #150, .T. ) ;
#1571 = EDGE_CURVE ( 'NONE', #2826, #1142, #612, .T. ) ;
#1572 = FACE_BOUND ( 'NONE', #1295, .T. ) ;
#1573 = VECTOR ( 'NONE', #2161, 1000.000000000000000 ) ;
#1574 = VECTOR ( 'NONE', #2929, 1000.000000000000000 ) ;
#1575 = DIRECTION ( 'NONE',  ( 1.000000000000000000, 0.000000000000000000, 0.000000000000000000 ) ) ;
#1576 = PERSON_AND_ORGANIZATION_ROLE ( 'design_owner' ) ;
#1577 = DIRECTION ( 'NONE',  ( 1.000000000000000000, -0.000000000000000000, 0.000000000000000000 ) ) ;
#1578 = CARTESIAN_POINT ( 'NONE',  ( 100.0000000000000000, -34.00000000000000000, -55.64999999999999858 ) ) ;
#1579 = ORIENTED_EDGE ( 'NONE', *, *, #960, .F. ) ;
#1580 = DIRECTION ( 'NONE',  ( 0.000000000000000000, 1.000000000000000000, 0.000000000000000000 ) ) ;
#1581 = EDGE_LOOP ( 'NONE', ( #862, #2016 ) ) ;
#1582 = DIRECTION ( 'NONE',  ( -1.000000000000000000, 0.000000000000000000, 0.000000000000000000 ) ) ;
#1583 = CARTESIAN_POINT ( 'NONE',  ( 100.0000000000000000, -34.00000000000000000, -58.35000000000000853 ) ) ;
#1584 = VERTEX_POINT ( 'NONE', #1524 ) ;
#1585 = CARTESIAN_POINT ( 'NONE',  ( 30.00000000000000000, 0.000000000000000000, 46.70000000000000284 ) ) ;
#1586 = FACE_OUTER_BOUND ( 'NONE', #2183, .T. ) ;
#1587 = LINE ( 'NONE', #561, #2540 ) ;
#1588 = ADVANCED_FACE ( 'NONE', ( #3009 ), #1768, .T. ) ;
#1589 = EDGE_CURVE ( 'NONE', #1482, #1513, #2523, .T. ) ;
#1590 = LINE ( 'NONE', #2291, #1025 ) ;
#1591 = CARTESIAN_POINT ( 'NONE',  ( -110.0000000000000000, -6.999999999999999112, -64.50000000000000000 ) ) ;
#1592 = AXIS2_PLACEMENT_3D ( 'NONE', #244, #3123, #937 ) ;
#1593 = CARTESIAN_POINT ( 'NONE',  ( -48.00000000000000000, -7.000000000000000000, -18.00000000000000000 ) ) ;
#1594 = VERTEX_POINT ( 'NONE', #292 ) ;
#1595 = CARTESIAN_POINT ( 'NONE',  ( 18.00000000000000355, -37.00000000000000000, 64.50000000000000000 ) ) ;
#1596 = VECTOR ( 'NONE', #3002, 1000.000000000000000 ) ;
#1597 = ORIENTED_EDGE ( 'NONE', *, *, #3108, .F. ) ;
#1598 = CARTESIAN_POINT ( 'NONE',  ( 28.00000000000000000, -4.000000000000000000, -31.00000000000000000 ) ) ;
#1599 = CARTESIAN_POINT ( 'NONE',  ( 100.0000000000000000, 0.000000000000000000, 55.64999999999999858 ) ) ;
#1600 = VECTOR ( 'NONE', #948, 1000.000000000000000 ) ;
#1601 = ORIENTED_EDGE ( 'NONE', *, *, #526, .T. ) ;
#1602 = DIRECTION ( 'NONE',  ( -0.000000000000000000, 1.000000000000000000, -0.000000000000000000 ) ) ;
#1603 = CARTESIAN_POINT ( 'NONE',  ( -100.0000000000000000, -30.00000000000000000, 58.35000000000000853 ) ) ;
#1604 = DIRECTION ( 'NONE',  ( 1.000000000000000000, -0.000000000000000000, 0.000000000000000000 ) ) ;
#1605 = FACE_OUTER_BOUND ( 'NONE', #2894, .T. ) ;
#1606 = VECTOR ( 'NONE', #2276, 1000.000000000000000 ) ;
#1607 = DIRECTION ( 'NONE',  ( 0.000000000000000000, 0.000000000000000000, -1.000000000000000000 ) ) ;
#1608 = EDGE_CURVE ( 'NONE', #1316, #2645, #2012, .T. ) ;
#1609 = ADVANCED_FACE ( 'NONE', ( #1258 ), #2232, .F. ) ;
#1610 = DIRECTION ( 'NONE',  ( 1.000000000000000000, -0.000000000000000000, 0.000000000000000000 ) ) ;
#1611 = CARTESIAN_POINT ( 'NONE',  ( -48.00000000000000000, -3.000000000000000000, -63.00000000000000000 ) ) ;
#1612 = CARTESIAN_POINT ( 'NONE',  ( 69.00000000000000000, -3.000000000000000000, 0.000000000000000000 ) ) ;
#1613 = ORIENTED_EDGE ( 'NONE', *, *, #1887, .T. ) ;
#1614 = ORIENTED_EDGE ( 'NONE', *, *, #2378, .T. ) ;
#1615 = CARTESIAN_POINT ( 'NONE',  ( -80.00000000000000000, 0.000000000000000000, -4.299999999999999822 ) ) ;
#1616 = ORIENTED_EDGE ( 'NONE', *, *, #2262, .T. ) ;
#1617 = CARTESIAN_POINT ( 'NONE',  ( -48.55677643628300189, -7.000000000000000000, -64.50000000000000000 ) ) ;
#1618 = ORIENTED_EDGE ( 'NONE', *, *, #2653, .T. ) ;
#1619 = CARTESIAN_POINT ( 'NONE',  ( -41.99999999999999289, -37.00000000000000000, 67.50000000000000000 ) ) ;
#1620 = AXIS2_PLACEMENT_3D ( 'NONE', #1821, #1109, #2789 ) ;
#1621 = LINE ( 'NONE', #2830, #2115 ) ;
#1622 = DIRECTION ( 'NONE',  ( -1.000000000000000000, 0.000000000000000000, -0.000000000000000000 ) ) ;
#1623 = FACE_OUTER_BOUND ( 'NONE', #1106, .T. ) ;
#1624 = CARTESIAN_POINT ( 'NONE',  ( -93.00000000000000000, -7.000000000000000000, -16.39999999999999503 ) ) ;
#1625 = CARTESIAN_POINT ( 'NONE',  ( -48.55677643628300189, -7.000000000000000000, -64.50000000000000000 ) ) ;
#1626 = CARTESIAN_POINT ( 'NONE',  ( -107.0000000000000000, -37.00000000000000000, 64.50000000000000000 ) ) ;
#1627 = PERSON ( '未指定', '未指定', '未指定', ('未指定'), ('未指定'), ('未指定') ) ;
#1628 = ORIENTED_EDGE ( 'NONE', *, *, #991, .F. ) ;
#1629 = EDGE_CURVE ( 'NONE', #495, #3143, #808, .T. ) ;
#1630 = DIRECTION ( 'NONE',  ( 0.000000000000000000, 0.000000000000000000, 1.000000000000000000 ) ) ;
#1631 = ORIENTED_EDGE ( 'NONE', *, *, #231, .T. ) ;
#1632 = CARTESIAN_POINT ( 'NONE',  ( -100.0000000000000000, -30.00000000000000000, 62.00000000000000711 ) ) ;
#1633 = AXIS2_PLACEMENT_3D ( 'NONE', #976, #678, #919 ) ;
#1634 = ORIENTED_EDGE ( 'NONE', *, *, #2143, .T. ) ;
#1635 = DIRECTION ( 'NONE',  ( 0.000000000000000000, -1.000000000000000000, 0.000000000000000000 ) ) ;
#1636 = DIRECTION ( 'NONE',  ( 0.000000000000000000, 1.000000000000000000, 0.000000000000000000 ) ) ;
#1637 = DIRECTION ( 'NONE',  ( 0.000000000000000000, 0.000000000000000000, -1.000000000000000000 ) ) ;
#1638 = DIRECTION ( 'NONE',  ( 1.000000000000000000, 0.000000000000000000, 0.000000000000000000 ) ) ;
#1639 = VECTOR ( 'NONE', #2478, 1000.000000000000000 ) ;
#1640 = CARTESIAN_POINT ( 'NONE',  ( -0.000000000000000000, -3.000000000000000000, 43.29999999999999716 ) ) ;
#1641 = LINE ( 'NONE', #2114, #618 ) ;
#1642 = CIRCLE ( 'NONE', #690, 1.350000000000004086 ) ;
#1643 = ORIENTED_EDGE ( 'NONE', *, *, #315, .F. ) ;
#1644 = DIRECTION ( 'NONE',  ( 0.000000000000000000, 1.000000000000000000, 0.000000000000000000 ) ) ;
#1645 = EDGE_LOOP ( 'NONE', ( #2902, #2718 ) ) ;
#1646 = DIRECTION ( 'NONE',  ( -1.000000000000000000, 0.000000000000000000, -0.000000000000000000 ) ) ;
#1647 = CIRCLE ( 'NONE', #2059, 1.599999999999997202 ) ;
#1648 = ADVANCED_FACE ( 'NONE', ( #307 ), #1750, .T. ) ;
#1649 = ADVANCED_FACE ( 'NONE', ( #2733 ), #2304, .T. ) ;
#1650 = EDGE_LOOP ( 'NONE', ( #2628, #1122, #2616, #792 ) ) ;
#1651 = DIRECTION ( 'NONE',  ( -1.000000000000000000, 0.000000000000000000, 0.000000000000000000 ) ) ;
#1652 = CIRCLE ( 'NONE', #180, 1.600000000000004086 ) ;
#1653 = CARTESIAN_POINT ( 'NONE',  ( 30.00000000000000000, 0.000000000000000000, 43.29999999999999716 ) ) ;
#1654 = FACE_OUTER_BOUND ( 'NONE', #2312, .T. ) ;
#1655 = AXIS2_PLACEMENT_3D ( 'NONE', #2706, #1755, #522 ) ;
#1656 = DIRECTION ( 'NONE',  ( 0.000000000000000000, 1.000000000000000000, 0.000000000000000000 ) ) ;
#1657 = LINE ( 'NONE', #2869, #2088 ) ;
#1658 = ORIENTED_EDGE ( 'NONE', *, *, #111, .T. ) ;
#1659 = DIRECTION ( 'NONE',  ( 0.000000000000000000, 0.000000000000000000, 1.000000000000000000 ) ) ;
#1660 = ORIENTED_EDGE ( 'NONE', *, *, #2987, .T. ) ;
#1661 = VERTEX_POINT ( 'NONE', #2796 ) ;
#1662 = CARTESIAN_POINT ( 'NONE',  ( -100.0000000000000000, -30.00000000000000000, -62.00000000000000711 ) ) ;
#1663 = ORIENTED_EDGE ( 'NONE', *, *, #2610, .T. ) ;
#1664 = ORIENTED_EDGE ( 'NONE', *, *, #2321, .T. ) ;
#1665 = CARTESIAN_POINT ( 'NONE',  ( -12.00000000000000000, -37.00000000000000000, 64.50000000000000000 ) ) ;
#1666 = ADVANCED_FACE ( 'NONE', ( #2255 ), #1294, .F. ) ;
#1667 = EDGE_CURVE ( 'NONE', #814, #1528, #347, .T. ) ;
#1668 = DIRECTION ( 'NONE',  ( 1.000000000000000000, 0.000000000000000000, 0.000000000000000000 ) ) ;
#1669 = EDGE_CURVE ( 'NONE', #1940, #2121, #1326, .T. ) ;
#1670 = EDGE_CURVE ( 'NONE', #3018, #1509, #84, .T. ) ;
#1671 = CARTESIAN_POINT ( 'NONE',  ( 100.0000000000000000, -30.00000000000000000, -62.00000000000000711 ) ) ;
#1672 = CARTESIAN_POINT ( 'NONE',  ( 110.0000000000000000, -37.00000000000000000, 67.50000000000000000 ) ) ;
#1673 = FACE_OUTER_BOUND ( 'NONE', #1966, .T. ) ;
#1674 = VECTOR ( 'NONE', #1988, 1000.000000000000000 ) ;
#1675 = CIRCLE ( 'NONE', #2190, 1.599999999999997202 ) ;
#1676 = VECTOR ( 'NONE', #1800, 1000.000000000000000 ) ;
#1677 = ORIENTED_EDGE ( 'NONE', *, *, #2946, .F. ) ;
#1678 = AXIS2_PLACEMENT_3D ( 'NONE', #42, #725, #1 ) ;
#1679 = ORIENTED_EDGE ( 'NONE', *, *, #115, .T. ) ;
#1680 = VERTEX_POINT ( 'NONE', #1059 ) ;
#1681 = PLANE ( 'NONE',  #1844 ) ;
#1682 = EDGE_LOOP ( 'NONE', ( #1545, #1597, #2661, #2049 ) ) ;
#1683 = EDGE_LOOP ( 'NONE', ( #94, #220, #436, #7 ) ) ;
#1684 = CARTESIAN_POINT ( 'NONE',  ( 96.00000000000000000, -3.000000000000000000, -12.00000000000000000 ) ) ;
#1685 = AXIS2_PLACEMENT_3D ( 'NONE', #1880, #1182, #1701 ) ;
#1686 = CARTESIAN_POINT ( 'NONE',  ( 96.00000000000000000, -7.000000000000000000, -10.39999999999999680 ) ) ;
#1687 = FACE_BOUND ( 'NONE', #404, .T. ) ;
#1688 = ADVANCED_FACE ( 'NONE', ( #2292 ), #2765, .T. ) ;
#1689 = ADVANCED_FACE ( 'NONE', ( #100 ), #1073, .F. ) ;
#1690 = DIRECTION ( 'NONE',  ( 0.000000000000000000, 1.000000000000000000, 0.000000000000000000 ) ) ;
#1691 = LINE ( 'NONE', #477, #1520 ) ;
#1692 = VECTOR ( 'NONE', #703, 1000.000000000000000 ) ;
#1693 = ORIENTED_EDGE ( 'NONE', *, *, #3125, .F. ) ;
#1694 = EDGE_LOOP ( 'NONE', ( #897, #930, #2921, #602 ) ) ;
#1695 = ORIENTED_EDGE ( 'NONE', *, *, #707, .F. ) ;
#1696 = DIRECTION ( 'NONE',  ( 0.000000000000000000, -1.000000000000000000, 0.000000000000000000 ) ) ;
#1697 = ORIENTED_EDGE ( 'NONE', *, *, #2967, .T. ) ;
#1698 = ORIENTED_EDGE ( 'NONE', *, *, #232, .F. ) ;
#1699 = CARTESIAN_POINT ( 'NONE',  ( 28.00000000000000000, -4.000000000000000000, -31.00000000000000000 ) ) ;
#1700 = DIRECTION ( 'NONE',  ( 0.000000000000000000, -1.000000000000000000, 0.000000000000000000 ) ) ;
#1701 = DIRECTION ( 'NONE',  ( 0.000000000000000000, 0.000000000000000000, -1.000000000000000000 ) ) ;
#1702 = VECTOR ( 'NONE', #498, 1000.000000000000000 ) ;
#1703 = FACE_OUTER_BOUND ( 'NONE', #1969, .T. ) ;
#1704 = LINE ( 'NONE', #1898, #2416 ) ;
#1705 = DIRECTION ( 'NONE',  ( 1.000000000000000000, 0.000000000000000000, 0.000000000000000000 ) ) ;
#1706 = EDGE_CURVE ( 'NONE', #2137, #1444, #655, .T. ) ;
#1707 = ADVANCED_FACE ( 'NONE', ( #360 ), #3091, .F. ) ;
#1708 = ORIENTED_EDGE ( 'NONE', *, *, #1743, .T. ) ;
#1709 = ORIENTED_EDGE ( 'NONE', *, *, #1319, .F. ) ;
#1710 = VECTOR ( 'NONE', #549, 1000.000000000000000 ) ;
#1711 = ORIENTED_EDGE ( 'NONE', *, *, #646, .T. ) ;
#1712 = CARTESIAN_POINT ( 'NONE',  ( -93.55677643628301610, -7.000000000000000000, -64.50000000000000000 ) ) ;
#1713 = ORIENTED_EDGE ( 'NONE', *, *, #2181, .F. ) ;
#1714 = CARTESIAN_POINT ( 'NONE',  ( 96.00000000000000000, -7.000000000000000000, 30.00000000000000000 ) ) ;
#1715 = CARTESIAN_POINT ( 'NONE',  ( 30.00000000000000000, -4.000000000000000000, 46.70000000000000284 ) ) ;
#1716 = DIRECTION ( 'NONE',  ( -0.000000000000000000, 1.000000000000000000, -0.000000000000000000 ) ) ;
#1717 = CARTESIAN_POINT ( 'NONE',  ( 100.0000000000000000, 0.000000000000000000, 58.35000000000000853 ) ) ;
#1718 = VECTOR ( 'NONE', #3035, 1000.000000000000000 ) ;
#1719 = VECTOR ( 'NONE', #1516, 1000.000000000000000 ) ;
#1720 = ORIENTED_EDGE ( 'NONE', *, *, #1945, .T. ) ;
#1721 = ORIENTED_EDGE ( 'NONE', *, *, #1566, .T. ) ;
#1722 = VECTOR ( 'NONE', #1466, 1000.000000000000000 ) ;
#1723 = ORIENTED_EDGE ( 'NONE', *, *, #3086, .F. ) ;
#1724 = VERTEX_POINT ( 'NONE', #2925 ) ;
#1725 = FACE_OUTER_BOUND ( 'NONE', #511, .T. ) ;
#1726 = CIRCLE ( 'NONE', #46, 1.350000000000004086 ) ;
#1727 = EDGE_CURVE ( 'NONE', #1903, #283, #753, .T. ) ;
#1728 = ADVANCED_FACE ( 'NONE', ( #425 ), #1212, .T. ) ;
#1729 = EDGE_LOOP ( 'NONE', ( #332, #2387, #605, #437 ) ) ;
#1730 = LINE ( 'NONE', #2196, #2573 ) ;
#1731 = DIRECTION ( 'NONE',  ( 0.000000000000000000, 1.000000000000000000, 0.000000000000000000 ) ) ;
#1732 = LINE ( 'NONE', #2915, #207 ) ;
#1733 = CARTESIAN_POINT ( 'NONE',  ( 81.00000000000000000, -4.000000000000000000, 46.70000000000000284 ) ) ;
#1734 = DIRECTION ( 'NONE',  ( 0.000000000000000000, 0.000000000000000000, 1.000000000000000000 ) ) ;
#1735 = ORIENTED_EDGE ( 'NONE', *, *, #844, .F. ) ;
#1736 = ORIENTED_EDGE ( 'NONE', *, *, #2024, .F. ) ;
#1737 = VERTEX_POINT ( 'NONE', #891 ) ;
#1738 = ORIENTED_EDGE ( 'NONE', *, *, #1901, .T. ) ;
#1739 = CARTESIAN_POINT ( 'NONE',  ( -68.00000000000000000, 0.000000000000000000, -7.700000000000000178 ) ) ;
#1740 = VERTEX_POINT ( 'NONE', #3058 ) ;
#1741 = DIRECTION ( 'NONE',  ( 0.000000000000000000, 0.000000000000000000, 1.000000000000000000 ) ) ;
#1742 = FACE_OUTER_BOUND ( 'NONE', #1330, .T. ) ;
#1743 = EDGE_CURVE ( 'NONE', #1296, #2632, #441, .T. ) ;
#1744 = ADVANCED_FACE ( 'NONE', ( #736 ), #2851, .T. ) ;
#1745 = VECTOR ( 'NONE', #2684, 1000.000000000000000 ) ;
#1746 = AXIS2_PLACEMENT_3D ( 'NONE', #2067, #2741, #1501 ) ;
#1747 = DIRECTION ( 'NONE',  ( 0.000000000000000000, 0.000000000000000000, -1.000000000000000000 ) ) ;
#1748 = FACE_OUTER_BOUND ( 'NONE', #1510, .T. ) ;
#1749 = CALENDAR_DATE ( 2026, 26, 7 ) ;
#1750 = CYLINDRICAL_SURFACE ( 'NONE', #1205, 5.000000000000004441 ) ;
#1751 = EDGE_LOOP ( 'NONE', ( #2033, #505, #1162, #533, #1424, #1936, #617, #2406, #1285, #2936, #2806, #760 ) ) ;
#1752 = ORIENTED_EDGE ( 'NONE', *, *, #176, .F. ) ;
#1753 = VERTEX_POINT ( 'NONE', #2425 ) ;
#1754 = VERTEX_POINT ( 'NONE', #1942 ) ;
#1755 = DIRECTION ( 'NONE',  ( -1.000000000000000000, 0.000000000000000000, -0.000000000000000000 ) ) ;
#1757 = ORIENTED_EDGE ( 'NONE', *, *, #2713, .T. ) ;
#1756 = AXIS2_PLACEMENT_3D ( 'NONE', #3028, #813, #2078 ) ;
#1758 = DIRECTION ( 'NONE',  ( -0.000000000000000000, 1.000000000000000000, -0.000000000000000000 ) ) ;
#1759 = CARTESIAN_POINT ( 'NONE',  ( 28.00000000000000000, -3.000000000000000000, -34.00000000000000000 ) ) ;
#1760 = VERTEX_POINT ( 'NONE', #1850 ) ;
#1761 = CARTESIAN_POINT ( 'NONE',  ( -48.55677643628300189, -3.000000000000001776, -64.50000000000000000 ) ) ;
#1762 = EDGE_CURVE ( 'NONE', #91, #704, #648, .T. ) ;
#1763 = FACE_BOUND ( 'NONE', #76, .T. ) ;
#1764 = EDGE_CURVE ( 'NONE', #2527, #1061, #636, .T. ) ;
#1765 = ADVANCED_FACE ( 'NONE', ( #1623 ), #130, .T. ) ;
#1766 = CARTESIAN_POINT ( 'NONE',  ( -41.99999999999999289, -37.00000000000000000, 67.50000000000000000 ) ) ;
#1767 = DIRECTION ( 'NONE',  ( 1.000000000000000000, 0.000000000000000000, 0.000000000000000000 ) ) ;
#1768 = PLANE ( 'NONE',  #804 ) ;
#1769 = VERTEX_POINT ( 'NONE', #1340 ) ;
#1770 = ORIENTED_EDGE ( 'NONE', *, *, #2396, .F. ) ;
#1771 = ORIENTED_EDGE ( 'NONE', *, *, #668, .T. ) ;
#1772 = VECTOR ( 'NONE', #1807, 1000.000000000000000 ) ;
#1773 = ORIENTED_EDGE ( 'NONE', *, *, #1166, .T. ) ;
#1774 = DIRECTION ( 'NONE',  ( -0.000000000000000000, 0.000000000000000000, 1.000000000000000000 ) ) ;
#1775 = ORIENTED_EDGE ( 'NONE', *, *, #607, .T. ) ;
#1776 = DIRECTION ( 'NONE',  ( 0.000000000000000000, 1.000000000000000000, 0.000000000000000000 ) ) ;
#1777 = CARTESIAN_POINT ( 'NONE',  ( 28.00000000000000000, -4.000000000000000000, -49.00000000000000000 ) ) ;
#1778 = ORIENTED_EDGE ( 'NONE', *, *, #1224, .T. ) ;
#1779 = DIRECTION ( 'NONE',  ( 0.000000000000000000, 0.000000000000000000, 1.000000000000000000 ) ) ;
#1780 = CARTESIAN_POINT ( 'NONE',  ( 0.000000000000000000, -7.000000000000000000, -12.00000000000000000 ) ) ;
#1781 = DIRECTION ( 'NONE',  ( 0.000000000000000000, 1.000000000000000000, 0.000000000000000000 ) ) ;
#1782 = DIRECTION ( 'NONE',  ( 0.000000000000000000, 0.000000000000000000, 1.000000000000000000 ) ) ;
#1783 = ADVANCED_FACE ( 'NONE', ( #2818 ), #239, .T. ) ;
#1784 = AXIS2_PLACEMENT_3D ( 'NONE', #345, #1022, #62 ) ;
#1785 = EDGE_CURVE ( 'NONE', #2617, #1444, #1388, .T. ) ;
#1786 = VERTEX_POINT ( 'NONE', #1355 ) ;
#1787 = ORIENTED_EDGE ( 'NONE', *, *, #2909, .T. ) ;
#1788 = DIRECTION ( 'NONE',  ( 0.000000000000000000, 0.000000000000000000, -1.000000000000000000 ) ) ;
#1789 = CARTESIAN_POINT ( 'NONE',  ( 100.0000000000000000, -34.00000000000000000, -57.00000000000000000 ) ) ;
#1790 = VERTEX_POINT ( 'NONE', #2110 ) ;
#1791 = FACE_OUTER_BOUND ( 'NONE', #2907, .T. ) ;
#1792 = CARTESIAN_POINT ( 'NONE',  ( -107.0000000000000000, -3.000000000000000000, -64.50000000000000000 ) ) ;
#1793 = ORIENTED_EDGE ( 'NONE', *, *, #111, .F. ) ;
#1794 = CARTESIAN_POINT ( 'NONE',  ( -22.00000000000000000, -3.000000000000000000, -7.700000000000000178 ) ) ;
#1795 = CIRCLE ( 'NONE', #431, 5.000000000000004441 ) ;
#1796 = DIRECTION ( 'NONE',  ( 1.000000000000000000, 0.000000000000000000, 0.000000000000000000 ) ) ;
#1797 = CARTESIAN_POINT ( 'NONE',  ( -80.00000000000000000, -3.000000000000000000, -0.000000000000000000 ) ) ;
#1798 = DIRECTION ( 'NONE',  ( 0.000000000000000000, 0.000000000000000000, -1.000000000000000000 ) ) ;
#1799 = VECTOR ( 'NONE', #74, 1000.000000000000000 ) ;
#1800 = DIRECTION ( 'NONE',  ( -0.000000000000000000, -0.000000000000000000, 1.000000000000000000 ) ) ;
#1801 = VECTOR ( 'NONE', #2411, 1000.000000000000000 ) ;
#1802 = EDGE_CURVE ( 'NONE', #1967, #1924, #2333, .T. ) ;
#1803 = EDGE_CURVE ( 'NONE', #2458, #1398, #632, .T. ) ;
#1804 = ORIENTED_EDGE ( 'NONE', *, *, #13, .T. ) ;
#1805 = DIRECTION ( 'NONE',  ( -1.000000000000000000, 0.000000000000000000, 0.000000000000000000 ) ) ;
#1806 = EDGE_LOOP ( 'NONE', ( #2562, #1511, #2278, #2862 ) ) ;
#1807 = DIRECTION ( 'NONE',  ( -0.000000000000000000, 1.000000000000000000, -0.000000000000000000 ) ) ;
#1808 = EDGE_CURVE ( 'NONE', #2614, #2404, #1881, .T. ) ;
#1809 = DIRECTION ( 'NONE',  ( 0.000000000000000000, 1.000000000000000000, 0.000000000000000000 ) ) ;
#1810 = ORIENTED_EDGE ( 'NONE', *, *, #1902, .T. ) ;
#1811 = DIRECTION ( 'NONE',  ( -0.000000000000000000, 1.000000000000000000, -0.000000000000000000 ) ) ;
#1812 = LINE ( 'NONE', #2300, #1020 ) ;
#1813 = LINE ( 'NONE', #2109, #319 ) ;
#1814 = PERSON_AND_ORGANIZATION_ROLE ( 'creator' ) ;
#1815 = CARTESIAN_POINT ( 'NONE',  ( -100.0000000000000000, 0.000000000000000000, -57.00000000000000000 ) ) ;
#1816 = DIRECTION ( 'NONE',  ( 0.000000000000000000, 1.000000000000000000, 0.000000000000000000 ) ) ;
#1817 = ORIENTED_EDGE ( 'NONE', *, *, #2289, .F. ) ;
#1818 = ADVANCED_BREP_SHAPE_REPRESENTATION ( 'mars_lander_control_box_base_v1p3', ( #1872, #2239 ), #768 ) ;
#1819 = DIRECTION ( 'NONE',  ( 1.000000000000000000, 0.000000000000000000, 0.000000000000000000 ) ) ;
#1820 = VERTEX_POINT ( 'NONE', #975 ) ;
#1821 = CARTESIAN_POINT ( 'NONE',  ( 100.0000000000000000, -2.999999999999999112, 57.00000000000000000 ) ) ;
#1822 = LINE ( 'NONE', #185, #3036 ) ;
#1823 = ORIENTED_EDGE ( 'NONE', *, *, #2669, .T. ) ;
#1824 = DIRECTION ( 'NONE',  ( 0.000000000000000000, 0.000000000000000000, 1.000000000000000000 ) ) ;
#1825 = ADVANCED_FACE ( 'NONE', ( #2866 ), #679, .T. ) ;
#1826 = EDGE_CURVE ( 'NONE', #1737, #1940, #2349, .T. ) ;
#1827 = AXIS2_PLACEMENT_3D ( 'NONE', #2290, #1069, #2041 ) ;
#1828 = PLANE ( 'NONE',  #1512 ) ;
#1829 = VECTOR ( 'NONE', #1758, 1000.000000000000000 ) ;
#1830 = CARTESIAN_POINT ( 'NONE',  ( -93.00000000000000000, -3.000000000000000000, -61.39999999999999858 ) ) ;
#1831 = VECTOR ( 'NONE', #1185, 1000.000000000000000 ) ;
#1832 = AXIS2_PLACEMENT_3D ( 'NONE', #1021, #502, #544 ) ;
#1833 = PLANE ( 'NONE',  #2097 ) ;
#1834 = CARTESIAN_POINT ( 'NONE',  ( -48.00000000000000000, -7.000000000000000000, -18.00000000000000000 ) ) ;
#1835 = DIRECTION ( 'NONE',  ( 0.000000000000000000, -0.000000000000000000, -1.000000000000000000 ) ) ;
#1836 = ORIENTED_EDGE ( 'NONE', *, *, #1525, .F. ) ;
#1837 = AXIS2_PLACEMENT_3D ( 'NONE', #1541, #17, #2253 ) ;
#1838 = CARTESIAN_POINT ( 'NONE',  ( 110.0000000000000000, -37.00000000000000000, -64.50000000000000000 ) ) ;
#1839 = ORIENTED_EDGE ( 'NONE', *, *, #1869, .F. ) ;
#1840 = DIRECTION ( 'NONE',  ( 0.000000000000000000, 1.000000000000000000, 0.000000000000000000 ) ) ;
#1841 = CARTESIAN_POINT ( 'NONE',  ( 81.00000000000000000, -3.000000000000000000, 46.70000000000000284 ) ) ;
#1842 = ORIENTED_EDGE ( 'NONE', *, *, #2652, .F. ) ;
#1843 = DIRECTION ( 'NONE',  ( 0.000000000000000000, 0.000000000000000000, 1.000000000000000000 ) ) ;
#1844 = AXIS2_PLACEMENT_3D ( 'NONE', #481, #2860, #1145 ) ;
#1845 = FACE_OUTER_BOUND ( 'NONE', #2949, .T. ) ;
#1846 = ADVANCED_FACE ( 'NONE', ( #1742 ), #12, .F. ) ;
#1847 = EDGE_CURVE ( 'NONE', #1009, #186, #540, .T. ) ;
#1848 = DIRECTION ( 'NONE',  ( 0.000000000000000000, 0.000000000000000000, -1.000000000000000000 ) ) ;
#1849 = CARTESIAN_POINT ( 'NONE',  ( -48.00000000000000000, -7.000000000000000000, -63.00000000000000000 ) ) ;
#1850 = CARTESIAN_POINT ( 'NONE',  ( -100.0000000000000000, -2.999999999999999112, -62.00000000000000711 ) ) ;
#1851 = AXIS2_PLACEMENT_3D ( 'NONE', #980, #2640, #3154 ) ;
#1852 = DIRECTION ( 'NONE',  ( -1.000000000000000000, 0.000000000000000000, 0.000000000000000000 ) ) ;
#1853 = DIRECTION ( 'NONE',  ( 0.000000000000000000, 1.000000000000000000, 0.000000000000000000 ) ) ;
#1854 = EDGE_LOOP ( 'NONE', ( #551, #421, #2152, #2977 ) ) ;
#1855 = AXIS2_PLACEMENT_3D ( 'NONE', #1857, #657, #2117 ) ;
#1856 = EDGE_LOOP ( 'NONE', ( #236, #1775, #3117, #1180 ) ) ;
#1857 = CARTESIAN_POINT ( 'NONE',  ( 0.000000000000000000, -7.000000000000000000, -12.00000000000000000 ) ) ;
#1858 = VECTOR ( 'NONE', #206, 1000.000000000000000 ) ;
#1859 = VERTEX_POINT ( 'NONE', #2743 ) ;
#1860 = DIRECTION ( 'NONE',  ( 0.000000000000000000, 0.000000000000000000, -1.000000000000000000 ) ) ;
#1861 = ORIENTED_EDGE ( 'NONE', *, *, #2968, .F. ) ;
#1862 = CARTESIAN_POINT ( 'NONE',  ( -100.0000000000000000, -30.00000000000000000, -57.00000000000000000 ) ) ;
#1863 = DIRECTION ( 'NONE',  ( 0.000000000000000000, 0.000000000000000000, -1.000000000000000000 ) ) ;
#1864 = DIRECTION ( 'NONE',  ( -1.000000000000000000, -0.000000000000000000, -0.000000000000000000 ) ) ;
#1865 = VECTOR ( 'NONE', #2555, 1000.000000000000000 ) ;
#1866 = CARTESIAN_POINT ( 'NONE',  ( -93.00000000000000000, -7.000000000000000000, -63.00000000000000000 ) ) ;
#1867 = CARTESIAN_POINT ( 'NONE',  ( 69.00000000000000000, -3.000000000000000000, -26.30000000000000071 ) ) ;
#1868 = EDGE_CURVE ( 'NONE', #2038, #1940, #2727, .T. ) ;
#1869 = EDGE_CURVE ( 'NONE', #3060, #2423, #59, .T. ) ;
#1870 = DIRECTION ( 'NONE',  ( 0.000000000000000000, -1.000000000000000000, 0.000000000000000000 ) ) ;
#1871 = DIRECTION ( 'NONE',  ( -0.000000000000000000, 1.000000000000000000, -0.000000000000000000 ) ) ;
#1872 = MANIFOLD_SOLID_BREP ( 'Adjustable_Sensor_Rail_2', #1976 ) ;
#1873 = ORIENTED_EDGE ( 'NONE', *, *, #1963, .F. ) ;
#1874 = CARTESIAN_POINT ( 'NONE',  ( 96.00000000000000000, -3.000000000000000000, -10.39999999999999680 ) ) ;
#1875 = ORIENTED_EDGE ( 'NONE', *, *, #2024, .T. ) ;
#1876 = DIRECTION ( 'NONE',  ( -1.000000000000000000, -0.000000000000000000, -0.000000000000000000 ) ) ;
#1877 = VERTEX_POINT ( 'NONE', #1761 ) ;
#1878 = CARTESIAN_POINT ( 'NONE',  ( -48.00000000000000000, -3.000000000000000000, -18.00000000000000000 ) ) ;
#1879 = DIRECTION ( 'NONE',  ( -0.000000000000000000, 1.000000000000000000, -0.000000000000000000 ) ) ;
#1880 = CARTESIAN_POINT ( 'NONE',  ( 96.00000000000000000, -3.000000000000000000, -12.00000000000000000 ) ) ;
#1881 = LINE ( 'NONE', #2569, #2673 ) ;
#1882 = SECURITY_CLASSIFICATION ( '', '', #2795 ) ;
#1883 = LINE ( 'NONE', #1183, #1959 ) ;
#1884 = CARTESIAN_POINT ( 'NONE',  ( 42.00000000000000000, -3.000000000000000000, 43.29999999999999716 ) ) ;
#1885 = CARTESIAN_POINT ( 'NONE',  ( 0.000000000000000000, -7.000000000000000000, 30.00000000000000000 ) ) ;
#1886 = EDGE_CURVE ( 'NONE', #2798, #1206, #383, .T. ) ;
#1887 = EDGE_CURVE ( 'NONE', #506, #495, #559, .T. ) ;
#1888 = VERTEX_POINT ( 'NONE', #2482 ) ;
#1889 = DIRECTION ( 'NONE',  ( 0.000000000000000000, 0.000000000000000000, 1.000000000000000000 ) ) ;
#1890 = ORIENTED_EDGE ( 'NONE', *, *, #1629, .T. ) ;
#1891 = LINE ( 'NONE', #1410, #15 ) ;
#1892 = AXIS2_PLACEMENT_3D ( 'NONE', #2027, #1991, #2230 ) ;
#1893 = ORIENTED_EDGE ( 'NONE', *, *, #1085, .F. ) ;
#1894 = VERTEX_POINT ( 'NONE', #301 ) ;
#1895 = DIRECTION ( 'NONE',  ( 0.000000000000000000, 0.000000000000000000, -1.000000000000000000 ) ) ;
#1896 = DIRECTION ( 'NONE',  ( 0.000000000000000000, 0.000000000000000000, -1.000000000000000000 ) ) ;
#1897 = DIRECTION ( 'NONE',  ( 0.000000000000000000, 0.000000000000000000, -1.000000000000000000 ) ) ;
#1898 = CARTESIAN_POINT ( 'NONE',  ( 81.00000000000000000, -3.000000000000000000, 0.000000000000000000 ) ) ;
#1899 = LINE ( 'NONE', #1375, #2914 ) ;
#1900 = AXIS2_PLACEMENT_3D ( 'NONE', #1228, #3109, #924 ) ;
#1901 = EDGE_CURVE ( 'NONE', #218, #2401, #1290, .T. ) ;
#1902 = EDGE_CURVE ( 'NONE', #970, #2719, #2250, .T. ) ;
#1903 = VERTEX_POINT ( 'NONE', #1463 ) ;
#1904 = CARTESIAN_POINT ( 'NONE',  ( 0.000000000000000000, -3.000000000000000000, -10.40000000000000036 ) ) ;
#1905 = ORIENTED_EDGE ( 'NONE', *, *, #394, .F. ) ;
#1906 = ORIENTED_EDGE ( 'NONE', *, *, #3141, .T. ) ;
#1907 = CARTESIAN_POINT ( 'NONE',  ( 96.00000000000000000, -7.000000000000000000, 31.60000000000000142 ) ) ;
#1908 = AXIS2_PLACEMENT_3D ( 'NONE', #3112, #1175, #1889 ) ;
#1909 = ORIENTED_EDGE ( 'NONE', *, *, #1105, .F. ) ;
#1910 = EDGE_CURVE ( 'NONE', #188, #1724, #2213, .T. ) ;
#1911 = EDGE_CURVE ( 'NONE', #66, #452, #3088, .T. ) ;
#1912 = VERTEX_POINT ( 'NONE', #1002 ) ;
#1913 = LINE ( 'NONE', #222, #229 ) ;
#1914 = CARTESIAN_POINT ( 'NONE',  ( -100.0000000000000000, -30.00000000000000000, 57.00000000000000000 ) ) ;
#1915 = CARTESIAN_POINT ( 'NONE',  ( 0.000000000000000000, -7.000000000000000000, 30.00000000000000000 ) ) ;
#1916 = AXIS2_PLACEMENT_3D ( 'NONE', #1595, #2525, #859 ) ;
#1917 = DIRECTION ( 'NONE',  ( 0.000000000000000000, 0.000000000000000000, 1.000000000000000000 ) ) ;
#1918 = LINE ( 'NONE', #1612, #718 ) ;
#1919 = ORIENTED_EDGE ( 'NONE', *, *, #2378, .F. ) ;
#1920 = ORIENTED_EDGE ( 'NONE', *, *, #1530, .F. ) ;
#1921 = ORIENTED_EDGE ( 'NONE', *, *, #1280, .T. ) ;
#1922 = DIRECTION ( 'NONE',  ( 0.000000000000000000, 1.000000000000000000, 0.000000000000000000 ) ) ;
#1923 = EDGE_LOOP ( 'NONE', ( #2433, #1893 ) ) ;
#1924 = VERTEX_POINT ( 'NONE', #988 ) ;
#1925 = CARTESIAN_POINT ( 'NONE',  ( -12.00000000000000000, -37.00000000000000000, 67.50000000000000000 ) ) ;
#1926 = ADVANCED_FACE ( 'NONE', ( #2197 ), #752, .F. ) ;
#1927 = EDGE_CURVE ( 'NONE', #1159, #2784, #2971, .T. ) ;
#1928 = CARTESIAN_POINT ( 'NONE',  ( -100.0000000000000000, -30.00000000000000000, -57.00000000000000000 ) ) ;
#1929 = CIRCLE ( 'NONE', #1368, 1.350000000000004086 ) ;
#1930 = LINE ( 'NONE', #1452, #2145 ) ;
#1931 = DIRECTION ( 'NONE',  ( 1.000000000000000000, 0.000000000000000000, 0.000000000000000000 ) ) ;
#1932 = PLANE ( 'NONE',  #823 ) ;
#1933 = CC_DESIGN_APPROVAL ( #2233, ( #1882 ) ) ;
#1934 = CIRCLE ( 'NONE', #158, 1.350000000000004086 ) ;
#1935 = EDGE_LOOP ( 'NONE', ( #2680, #2600 ) ) ;
#1936 = ORIENTED_EDGE ( 'NONE', *, *, #1567, .F. ) ;
#1937 = ORIENTED_EDGE ( 'NONE', *, *, #2768, .T. ) ;
#1938 = CARTESIAN_POINT ( 'NONE',  ( 100.0000000000000000, -30.00000000000000000, 57.00000000000000000 ) ) ;
#1939 = VERTEX_POINT ( 'NONE', #268 ) ;
#1940 = VERTEX_POINT ( 'NONE', #2711 ) ;
#1941 = CARTESIAN_POINT ( 'NONE',  ( 100.0000000000000000, -30.00000000000000000, 52.00000000000000000 ) ) ;
#1942 = CARTESIAN_POINT ( 'NONE',  ( 92.00000000000001421, -3.000000000000000000, 64.50000000000000000 ) ) ;
#1943 = AXIS2_PLACEMENT_3D ( 'NONE', #2303, #1555, #2317 ) ;
#1944 = ADVANCED_FACE ( 'NONE', ( #766, #525 ), #285, .F. ) ;
#1945 = EDGE_CURVE ( 'NONE', #1009, #1252, #324, .T. ) ;
#1946 = DIRECTION ( 'NONE',  ( 0.000000000000000000, 1.000000000000000000, 0.000000000000000000 ) ) ;
#1947 = DIRECTION ( 'NONE',  ( -1.000000000000000000, 0.000000000000000000, 0.000000000000000000 ) ) ;
#1948 = CARTESIAN_POINT ( 'NONE',  ( -78.00000000000000000, -37.00000000000000000, 67.50000000000000000 ) ) ;
#1949 = CIRCLE ( 'NONE', #2409, 5.000000000000004441 ) ;
#1950 = VECTOR ( 'NONE', #1876, 1000.000000000000000 ) ;
#1951 = ORIENTED_EDGE ( 'NONE', *, *, #2450, .T. ) ;
#1952 = VERTEX_POINT ( 'NONE', #40 ) ;
#1953 = EDGE_LOOP ( 'NONE', ( #1842, #2663 ) ) ;
#1954 = DIRECTION ( 'NONE',  ( 0.000000000000000000, 0.000000000000000000, 1.000000000000000000 ) ) ;
#1955 = ORIENTED_EDGE ( 'NONE', *, *, #3026, .T. ) ;
#1956 = DIRECTION ( 'NONE',  ( -1.000000000000000000, 0.000000000000000000, 0.000000000000000000 ) ) ;
#1957 = AXIS2_PLACEMENT_3D ( 'NONE', #2037, #3017, #833 ) ;
#1958 = DIRECTION ( 'NONE',  ( -0.000000000000000000, -0.000000000000000000, 1.000000000000000000 ) ) ;
#1959 = VECTOR ( 'NONE', #1404, 1000.000000000000000 ) ;
#1960 = FACE_BOUND ( 'NONE', #719, .T. ) ;
#1961 = CARTESIAN_POINT ( 'NONE',  ( 1.000000000000000000, 0.000000000000000000, 43.29999999999999716 ) ) ;
#1962 =( LENGTH_UNIT ( ) NAMED_UNIT ( * ) SI_UNIT ( .MILLI., .METRE. ) );
#1963 = EDGE_CURVE ( 'NONE', #2578, #1409, #119, .T. ) ;
#1964 = EDGE_CURVE ( 'NONE', #535, #398, #1704, .T. ) ;
#1965 = VERTEX_POINT ( 'NONE', #1672 ) ;
#1966 = EDGE_LOOP ( 'NONE', ( #568, #928 ) ) ;
#1967 = VERTEX_POINT ( 'NONE', #1884 ) ;
#1968 = DIRECTION ( 'NONE',  ( -0.000000000000000000, 1.000000000000000000, -0.000000000000000000 ) ) ;
#1969 = EDGE_LOOP ( 'NONE', ( #3081, #1839, #51, #1015 ) ) ;
#1970 = LINE ( 'NONE', #2954, #3093 ) ;
#1971 = DIRECTION ( 'NONE',  ( 0.000000000000000000, 1.000000000000000000, 0.000000000000000000 ) ) ;
#1972 = FACE_BOUND ( 'NONE', #2474, .T. ) ;
#1973 = DIRECTION ( 'NONE',  ( 0.000000000000000000, 0.000000000000000000, 1.000000000000000000 ) ) ;
#1974 = CARTESIAN_POINT ( 'NONE',  ( -80.00000000000000000, -3.000000000000000000, -7.700000000000000178 ) ) ;
#1975 = AXIS2_PLACEMENT_3D ( 'NONE', #357, #2331, #609 ) ;
#1976 = CLOSED_SHELL ( 'NONE', ( #1505, #2930, #2301, #3006, #2786, #1728, #1744, #1129, #1548, #1688, #2950, #3007, #2106, #2125, #1434, #2006, #1783, #1086, #546, #79, #758, #906, #308, #2874, #1588, #133, #49, #723, #2872, #1208, #684, #2714, #1547, #1504, #2808, #1415, #2691, #1825, #2164, #2468, #978, #1648, #2103, #2063, #32, #1944, #1472, #1110, #2243, #2398, #2532, #1846, #2912, #545, #3126, #2124, #2234, #1320, #1765, #2892, #542, #2142, #1649, #1689, #2729, #3165, #2263, #887, #959, #2320, #1438, #251, #1707, #2567, #2149, #1209, #1609, #1457, #110, #1471, #376, #1926, #355, #922, #2931, #2182, #1666, #509, #743, #2302, #2148, #708, #2488, #3148, #2594, #1149, #2042, #475, #565, #822 ) ) ;
#1977 = ORIENTED_EDGE ( 'NONE', *, *, #1240, .F. ) ;
#1978 = EDGE_CURVE ( 'NONE', #3063, #2614, #1184, .T. ) ;
#1979 = EDGE_CURVE ( 'NONE', #1043, #2171, #896, .T. ) ;
#1980 = ORIENTED_EDGE ( 'NONE', *, *, #175, .F. ) ;
#1981 = CIRCLE ( 'NONE', #256, 1.600000000000004086 ) ;
#1982 = ORIENTED_EDGE ( 'NONE', *, *, #2471, .T. ) ;
#1983 = ORIENTED_EDGE ( 'NONE', *, *, #527, .T. ) ;
#1984 = DIRECTION ( 'NONE',  ( 0.000000000000000000, 1.000000000000000000, 0.000000000000000000 ) ) ;
#1985 = AXIS2_PLACEMENT_3D ( 'NONE', #1885, #2590, #2352 ) ;
#1986 = VECTOR ( 'NONE', #1947, 1000.000000000000000 ) ;
#1987 = EDGE_LOOP ( 'NONE', ( #1873, #372 ) ) ;
#1988 = DIRECTION ( 'NONE',  ( 0.000000000000000000, 1.000000000000000000, 0.000000000000000000 ) ) ;
#1989 = DIRECTION ( 'NONE',  ( 0.000000000000000000, 0.000000000000000000, -1.000000000000000000 ) ) ;
#1990 = FACE_BOUND ( 'NONE', #2893, .T. ) ;
#1991 = DIRECTION ( 'NONE',  ( 0.000000000000000000, 1.000000000000000000, 0.000000000000000000 ) ) ;
#1992 = APPLICATION_PROTOCOL_DEFINITION ( 'international standard', 'config_control_design', 1994, #2755 ) ;
#1993 = DIRECTION ( 'NONE',  ( 0.000000000000000000, 1.000000000000000000, 0.000000000000000000 ) ) ;
#1994 = ORIENTED_EDGE ( 'NONE', *, *, #585, .T. ) ;
#1995 = ORIENTED_EDGE ( 'NONE', *, *, #1927, .T. ) ;
#1996 = ORIENTED_EDGE ( 'NONE', *, *, #3147, .F. ) ;
#1997 = ORIENTED_EDGE ( 'NONE', *, *, #2891, .F. ) ;
#1998 = CARTESIAN_POINT ( 'NONE',  ( 100.0000000000000000, -30.00000000000000000, 62.00000000000000711 ) ) ;
#1999 = EDGE_CURVE ( 'NONE', #91, #2354, #3138, .T. ) ;
#2000 = VERTEX_POINT ( 'NONE', #952 ) ;
#2001 = CARTESIAN_POINT ( 'NONE',  ( -11.00000000000000000, -3.000000000000000000, 43.29999999999999716 ) ) ;
#2002 = CARTESIAN_POINT ( 'NONE',  ( 100.0000000000000000, 0.000000000000000000, 57.00000000000000000 ) ) ;
#2003 = CARTESIAN_POINT ( 'NONE',  ( -12.00000000000000000, -37.00000000000000000, 67.50000000000000000 ) ) ;
#2004 = VECTOR ( 'NONE', #1102, 1000.000000000000000 ) ;
#2005 = EDGE_CURVE ( 'NONE', #2759, #314, #1642, .T. ) ;
#2006 = ADVANCED_FACE ( 'NONE', ( #258 ), #2899, .T. ) ;
#2007 = VECTOR ( 'NONE', #639, 1000.000000000000000 ) ;
#2008 = CARTESIAN_POINT ( 'NONE',  ( 92.00000000000001421, -37.00000000000000000, 67.50000000000000000 ) ) ;
#2009 = FACE_OUTER_BOUND ( 'NONE', #637, .T. ) ;
#2010 = APPROVAL_ROLE ( '' ) ;
#2011 = CIRCLE ( 'NONE', #903, 1.600000000000000755 ) ;
#2012 = LINE ( 'NONE', #856, #2583 ) ;
#2013 = VERTEX_POINT ( 'NONE', #2932 ) ;
#2014 = ORIENTED_EDGE ( 'NONE', *, *, #3107, .F. ) ;
#2015 = ORIENTED_EDGE ( 'NONE', *, *, #1239, .T. ) ;
#2016 = ORIENTED_EDGE ( 'NONE', *, *, #1279, .F. ) ;
#2017 = CARTESIAN_POINT ( 'NONE',  ( 95.00000000000000000, -3.000000000000000000, -31.00000000000000000 ) ) ;
#2019 = ORIENTED_EDGE ( 'NONE', *, *, #1377, .T. ) ;
#2018 = AXIS2_PLACEMENT_3D ( 'NONE', #2045, #2782, #598 ) ;
#2020 = DIRECTION ( 'NONE',  ( 0.000000000000000000, 1.000000000000000000, 0.000000000000000000 ) ) ;
#2021 = DIRECTION ( 'NONE',  ( 0.000000000000000000, 0.000000000000000000, 1.000000000000000000 ) ) ;
#2022 = EDGE_LOOP ( 'NONE', ( #826, #2842, #759, #3129 ) ) ;
#2023 = DIRECTION ( 'NONE',  ( -0.000000000000000000, 1.000000000000000000, -0.000000000000000000 ) ) ;
#2024 = EDGE_CURVE ( 'NONE', #1584, #184, #1087, .T. ) ;
#2025 = EDGE_CURVE ( 'NONE', #2038, #2096, #711, .T. ) ;
#2026 = CARTESIAN_POINT ( 'NONE',  ( -80.00000000000000000, -4.000000000000000000, -7.700000000000000178 ) ) ;
#2027 = CARTESIAN_POINT ( 'NONE',  ( -93.00000000000000000, -7.000000000000000000, -63.00000000000000000 ) ) ;
#2028 = APPLICATION_PROTOCOL_DEFINITION ( 'international standard', 'config_control_design', 1994, #2592 ) ;
#2029 = CARTESIAN_POINT ( 'NONE',  ( 100.0000000000000000, -30.00000000000000000, -57.00000000000000000 ) ) ;
#2030 = ORIENTED_EDGE ( 'NONE', *, *, #1629, .F. ) ;
#2031 = ORIENTED_EDGE ( 'NONE', *, *, #2340, .T. ) ;
#2032 = VECTOR ( 'NONE', #2804, 1000.000000000000000 ) ;
#2033 = ORIENTED_EDGE ( 'NONE', *, *, #1013, .F. ) ;
#2034 = CARTESIAN_POINT ( 'NONE',  ( 18.00000000000000355, -37.00000000000000000, 67.50000000000000000 ) ) ;
#2035 = ORIENTED_EDGE ( 'NONE', *, *, #1054, .T. ) ;
#2036 = DIRECTION ( 'NONE',  ( 0.000000000000000000, 1.000000000000000000, 0.000000000000000000 ) ) ;
#2037 = CARTESIAN_POINT ( 'NONE',  ( 100.0000000000000000, 0.000000000000000000, -57.00000000000000000 ) ) ;
#2038 = VERTEX_POINT ( 'NONE', #1948 ) ;
#2039 = DIRECTION ( 'NONE',  ( -0.000000000000000000, 1.000000000000000000, -0.000000000000000000 ) ) ;
#2040 = AXIS2_PLACEMENT_3D ( 'NONE', #894, #1853, #2400 ) ;
#2041 = DIRECTION ( 'NONE',  ( 0.000000000000000000, 0.000000000000000000, 1.000000000000000000 ) ) ;
#2042 = ADVANCED_FACE ( 'NONE', ( #444 ), #460, .T. ) ;
#2043 = EDGE_CURVE ( 'NONE', #506, #1411, #1453, .T. ) ;
#2044 = DIRECTION ( 'NONE',  ( 0.000000000000000000, 1.000000000000000000, 0.000000000000000000 ) ) ;
#2045 = CARTESIAN_POINT ( 'NONE',  ( 0.000000000000000000, -7.000000000000000000, -12.00000000000000000 ) ) ;
#2046 = VECTOR ( 'NONE', #456, 1000.000000000000000 ) ;
#2047 = ORIENTED_EDGE ( 'NONE', *, *, #2414, .F. ) ;
#2048 = CARTESIAN_POINT ( 'NONE',  ( -80.00000000000000000, 0.000000000000000000, -4.299999999999999822 ) ) ;
#2049 = ORIENTED_EDGE ( 'NONE', *, *, #2489, .F. ) ;
#2050 = DIRECTION ( 'NONE',  ( -1.000000000000000000, 0.000000000000000000, -0.000000000000000000 ) ) ;
#2051 = FACE_OUTER_BOUND ( 'NONE', #2772, .T. ) ;
#2052 = ORIENTED_EDGE ( 'NONE', *, *, #1186, .T. ) ;
#2053 = DIRECTION ( 'NONE',  ( -0.000000000000000000, 0.000000000000000000, 1.000000000000000000 ) ) ;
#2054 = CIRCLE ( 'NONE', #2456, 5.000000000000004441 ) ;
#2055 = VECTOR ( 'NONE', #2698, 1000.000000000000000 ) ;
#2056 = LINE ( 'NONE', #836, #2650 ) ;
#2057 = DIRECTION ( 'NONE',  ( 0.000000000000000000, -0.000000000000000000, 1.000000000000000000 ) ) ;
#2058 = CARTESIAN_POINT ( 'NONE',  ( -41.99999999999999289, -37.00000000000000000, 64.50000000000000000 ) ) ;
#2059 = AXIS2_PLACEMENT_3D ( 'NONE', #2910, #1946, #964 ) ;
#2060 = LINE ( 'NONE', #1578, #769 ) ;
#2061 = VECTOR ( 'NONE', #1133, 1000.000000000000000 ) ;
#2062 = ORIENTED_EDGE ( 'NONE', *, *, #1280, .F. ) ;
#2063 = ADVANCED_FACE ( 'NONE', ( #2383 ), #1168, .F. ) ;
#2064 = CARTESIAN_POINT ( 'NONE',  ( 28.00000000000000000, -4.000000000000000000, -31.00000000000000000 ) ) ;
#2065 = ORIENTED_EDGE ( 'NONE', *, *, #191, .F. ) ;
#2066 = CARTESIAN_POINT ( 'NONE',  ( 69.00000000000000000, -4.000000000000000000, -26.30000000000000071 ) ) ;
#2067 = CARTESIAN_POINT ( 'NONE',  ( -93.00000000000000000, -7.000000000000000000, -18.00000000000000000 ) ) ;
#2068 = ORIENTED_EDGE ( 'NONE', *, *, #455, .T. ) ;
#2069 = DIRECTION ( 'NONE',  ( 0.000000000000000000, -1.000000000000000000, 0.000000000000000000 ) ) ;
#2070 = AXIS2_PLACEMENT_3D ( 'NONE', #179, #870, #1637 ) ;
#2071 = DIRECTION ( 'NONE',  ( -1.000000000000000000, 0.000000000000000000, -0.000000000000000000 ) ) ;
#2072 = FACE_BOUND ( 'NONE', #2767, .T. ) ;
#2073 = DIRECTION ( 'NONE',  ( 0.000000000000000000, 0.000000000000000000, 1.000000000000000000 ) ) ;
#2074 = SHAPE_DEFINITION_REPRESENTATION ( #241, #1818 ) ;
#2075 = CARTESIAN_POINT ( 'NONE',  ( -110.0000000000000000, -3.000000000000000000, 67.50000000000000000 ) ) ;
#2076 = CARTESIAN_POINT ( 'NONE',  ( 77.00000000000000000, -3.000000000000000000, 67.50000000000000000 ) ) ;
#2077 = ORIENTED_EDGE ( 'NONE', *, *, #2216, .F. ) ;
#2078 = DIRECTION ( 'NONE',  ( 0.000000000000000000, 0.000000000000000000, -1.000000000000000000 ) ) ;
#2079 = EDGE_CURVE ( 'NONE', #2557, #1859, #2868, .T. ) ;
#2080 = EDGE_CURVE ( 'NONE', #384, #3111, #945, .T. ) ;
#2081 = ORIENTED_EDGE ( 'NONE', *, *, #3141, .F. ) ;
#2082 = DIRECTION ( 'NONE',  ( 0.000000000000000000, 1.000000000000000000, 0.000000000000000000 ) ) ;
#2083 = FACE_OUTER_BOUND ( 'NONE', #2264, .T. ) ;
#2084 = CIRCLE ( 'NONE', #1620, 5.000000000000004441 ) ;
#2085 = EDGE_LOOP ( 'NONE', ( #1549, #2514, #1531, #2576 ) ) ;
#2086 = DIRECTION ( 'NONE',  ( 0.000000000000000000, 0.000000000000000000, 1.000000000000000000 ) ) ;
#2087 = DIRECTION ( 'NONE',  ( 1.000000000000000000, 0.000000000000000000, -0.000000000000000000 ) ) ;
#2088 = VECTOR ( 'NONE', #166, 1000.000000000000000 ) ;
#2089 = FACE_OUTER_BOUND ( 'NONE', #1010, .T. ) ;
#2090 = AXIS2_PLACEMENT_3D ( 'NONE', #2589, #411, #3124 ) ;
#2091 = CIRCLE ( 'NONE', #1678, 1.599999999999997202 ) ;
#2092 = CARTESIAN_POINT ( 'NONE',  ( -0.000000000000000000, -3.000000000000000000, 64.50000000000000000 ) ) ;
#2093 = CARTESIAN_POINT ( 'NONE',  ( -100.0000000000000000, -34.00000000000000000, -58.35000000000000853 ) ) ;
#2094 = PLANE ( 'NONE',  #366 ) ;
#2095 = CARTESIAN_POINT ( 'NONE',  ( 77.00000000000000000, -37.00000000000000000, 67.50000000000000000 ) ) ;
#2096 = VERTEX_POINT ( 'NONE', #2883 ) ;
#2097 = AXIS2_PLACEMENT_3D ( 'NONE', #1099, #1622, #392 ) ;
#2098 = DIRECTION ( 'NONE',  ( -0.000000000000000000, 1.000000000000000000, -0.000000000000000000 ) ) ;
#2099 = EDGE_LOOP ( 'NONE', ( #2543, #2951, #2019, #1210 ) ) ;
#2100 = DIRECTION ( 'NONE',  ( 0.000000000000000000, 0.000000000000000000, 1.000000000000000000 ) ) ;
#2101 = ORIENTED_EDGE ( 'NONE', *, *, #1402, .T. ) ;
#2102 = CARTESIAN_POINT ( 'NONE',  ( 100.0000000000000000, -30.00000000000000000, -57.00000000000000000 ) ) ;
#2103 = ADVANCED_FACE ( 'NONE', ( #1215, #2 ), #726, .F. ) ;
#2104 = VECTOR ( 'NONE', #172, 1000.000000000000000 ) ;
#2105 = CARTESIAN_POINT ( 'NONE',  ( -12.00000000000000000, -37.00000000000000000, 64.50000000000000000 ) ) ;
#2106 = ADVANCED_FACE ( 'NONE', ( #2399 ), #212, .F. ) ;
#2107 = EDGE_CURVE ( 'NONE', #1740, #3027, #2175, .T. ) ;
#2108 = FACE_OUTER_BOUND ( 'NONE', #1935, .T. ) ;
#2109 = CARTESIAN_POINT ( 'NONE',  ( -110.0000000000000000, -37.00000000000000000, 67.50000000000000000 ) ) ;
#2110 = CARTESIAN_POINT ( 'NONE',  ( 100.0000000000000000, -30.00000000000000000, -55.64999999999999858 ) ) ;
#2111 = VECTOR ( 'NONE', #499, 1000.000000000000000 ) ;
#2112 = CARTESIAN_POINT ( 'NONE',  ( -78.00000000000000000, -37.00000000000000000, 67.50000000000000000 ) ) ;
#2113 = DIRECTION ( 'NONE',  ( 1.000000000000000000, -0.000000000000000000, 0.000000000000000000 ) ) ;
#2114 = CARTESIAN_POINT ( 'NONE',  ( -34.00000000000000000, 0.000000000000000000, -7.700000000000000178 ) ) ;
#2115 = VECTOR ( 'NONE', #2603, 1000.000000000000000 ) ;
#2116 = ORIENTED_EDGE ( 'NONE', *, *, #2787, .T. ) ;
#2117 = DIRECTION ( 'NONE',  ( 0.000000000000000000, 0.000000000000000000, 1.000000000000000000 ) ) ;
#2118 = VECTOR ( 'NONE', #1181, 1000.000000000000000 ) ;
#2119 = ORIENTED_EDGE ( 'NONE', *, *, #2288, .T. ) ;
#2120 = DIRECTION ( 'NONE',  ( 0.000000000000000000, 1.000000000000000000, 0.000000000000000000 ) ) ;
#2121 = VERTEX_POINT ( 'NONE', #2973 ) ;
#2122 = LINE ( 'NONE', #2105, #2275 ) ;
#2123 = CARTESIAN_POINT ( 'NONE',  ( 69.00000000000000000, -4.000000000000000000, 46.70000000000000284 ) ) ;
#2124 = ADVANCED_FACE ( 'NONE', ( #2716 ), #3008, .F. ) ;
#2125 = ADVANCED_FACE ( 'NONE', ( #2454 ), #806, .T. ) ;
#2126 = CARTESIAN_POINT ( 'NONE',  ( -92.44322356371698390, -7.000000000000000000, -64.50000000000000000 ) ) ;
#2127 = CIRCLE ( 'NONE', #1354, 1.600000000000004086 ) ;
#2128 = CARTESIAN_POINT ( 'NONE',  ( 42.00000000000000000, -3.000000000000000000, 0.000000000000000000 ) ) ;
#2129 = CARTESIAN_POINT ( 'NONE',  ( -11.00000000000000000, 0.000000000000000000, 46.70000000000000284 ) ) ;
#2130 = LINE ( 'NONE', #2368, #2245 ) ;
#2131 = DIRECTION ( 'NONE',  ( -0.000000000000000000, 1.000000000000000000, -0.000000000000000000 ) ) ;
#2132 = ORIENTED_EDGE ( 'NONE', *, *, #2913, .F. ) ;
#2133 = CARTESIAN_POINT ( 'NONE',  ( 0.000000000000000000, -37.00000000000000000, 0.000000000000000000 ) ) ;
#2134 = ORIENTED_EDGE ( 'NONE', *, *, #3107, .T. ) ;
#2135 = DIRECTION ( 'NONE',  ( -1.000000000000000000, 0.000000000000000000, -0.000000000000000000 ) ) ;
#2136 = ORIENTED_EDGE ( 'NONE', *, *, #2832, .T. ) ;
#2137 = VERTEX_POINT ( 'NONE', #787 ) ;
#2138 = DIRECTION ( 'NONE',  ( 0.000000000000000000, 0.000000000000000000, 1.000000000000000000 ) ) ;
#2139 = CIRCLE ( 'NONE', #1268, 1.350000000000004086 ) ;
#2140 = AXIS2_PLACEMENT_3D ( 'NONE', #815, #574, #351 ) ;
#2141 = DIRECTION ( 'NONE',  ( -1.000000000000000000, -0.000000000000000000, -0.000000000000000000 ) ) ;
#2142 = ADVANCED_FACE ( 'NONE', ( #1256 ), #2522, .F. ) ;
#2143 = EDGE_CURVE ( 'NONE', #2096, #3018, #2748, .T. ) ;
#2144 = CARTESIAN_POINT ( 'NONE',  ( 81.00000000000000000, -4.000000000000000000, -26.30000000000000071 ) ) ;
#2145 = VECTOR ( 'NONE', #2730, 1000.000000000000000 ) ;
#2146 = CARTESIAN_POINT ( 'NONE',  ( -110.0000000000000000, 0.000000000000000000, 67.50000000000000000 ) ) ;
#2147 = DIRECTION ( 'NONE',  ( 0.000000000000000000, 0.000000000000000000, -1.000000000000000000 ) ) ;
#2148 = ADVANCED_FACE ( 'NONE', ( #2763 ), #305, .T. ) ;
#2149 = ADVANCED_FACE ( 'NONE', ( #1748 ), #562, .F. ) ;
#2150 = ORIENTED_EDGE ( 'NONE', *, *, #97, .F. ) ;
#2151 = DIRECTION ( 'NONE',  ( 0.000000000000000000, 0.000000000000000000, 1.000000000000000000 ) ) ;
#2152 = ORIENTED_EDGE ( 'NONE', *, *, #784, .F. ) ;
#2153 = VERTEX_POINT ( 'NONE', #1961 ) ;
#2154 = CARTESIAN_POINT ( 'NONE',  ( 92.00000000000001421, -3.000000000000000000, 67.50000000000000000 ) ) ;
#2155 = ORIENTED_EDGE ( 'NONE', *, *, #1530, .T. ) ;
#2156 = ORIENTED_EDGE ( 'NONE', *, *, #1566, .F. ) ;
#2157 = CARTESIAN_POINT ( 'NONE',  ( 30.00000000000000000, 0.000000000000000000, 46.70000000000000284 ) ) ;
#2158 = DIRECTION ( 'NONE',  ( 0.000000000000000000, 0.000000000000000000, 1.000000000000000000 ) ) ;
#2159 = CARTESIAN_POINT ( 'NONE',  ( -12.00000000000000000, -37.00000000000000000, 67.50000000000000000 ) ) ;
#2160 = CARTESIAN_POINT ( 'NONE',  ( 28.00000000000000000, -4.000000000000000000, -34.00000000000000000 ) ) ;
#2161 = DIRECTION ( 'NONE',  ( 0.000000000000000000, 1.000000000000000000, 0.000000000000000000 ) ) ;
#2162 = AXIS2_PLACEMENT_3D ( 'NONE', #77, #1018, #1989 ) ;
#2163 = EDGE_LOOP ( 'NONE', ( #2859, #517, #137, #101 ) ) ;
#2164 = ADVANCED_FACE ( 'NONE', ( #2009 ), #516, .T. ) ;
#2165 = EDGE_CURVE ( 'NONE', #2121, #1740, #1274, .T. ) ;
#2166 = ORIENTED_EDGE ( 'NONE', *, *, #1489, .F. ) ;
#2167 = ORIENTED_EDGE ( 'NONE', *, *, #1571, .F. ) ;
#2168 = FACE_OUTER_BOUND ( 'NONE', #56, .T. ) ;
#2169 = VECTOR ( 'NONE', #1035, 1000.000000000000000 ) ;
#2170 = VECTOR ( 'NONE', #3150, 1000.000000000000000 ) ;
#2171 = VERTEX_POINT ( 'NONE', #755 ) ;
#2172 = DIRECTION ( 'NONE',  ( 0.000000000000000000, -1.000000000000000000, 0.000000000000000000 ) ) ;
#2173 = FACE_OUTER_BOUND ( 'NONE', #1231, .T. ) ;
#2174 = CARTESIAN_POINT ( 'NONE',  ( -100.0000000000000000, -30.00000000000000000, -52.00000000000000000 ) ) ;
#2175 = LINE ( 'NONE', #2916, #6 ) ;
#2176 = DIRECTION ( 'NONE',  ( 0.000000000000000000, 1.000000000000000000, 0.000000000000000000 ) ) ;
#2177 = ORIENTED_EDGE ( 'NONE', *, *, #418, .T. ) ;
#2178 = VERTEX_POINT ( 'NONE', #1717 ) ;
#2179 = ORIENTED_EDGE ( 'NONE', *, *, #905, .T. ) ;
#2180 = LINE ( 'NONE', #730, #1138 ) ;
#2181 = EDGE_CURVE ( 'NONE', #1965, #1859, #547, .T. ) ;
#2182 = ADVANCED_FACE ( 'NONE', ( #2503 ), #2485, .F. ) ;
#2183 = EDGE_LOOP ( 'NONE', ( #3144, #674, #1127, #2493 ) ) ;
#2184 = DIRECTION ( 'NONE',  ( 0.000000000000000000, -1.000000000000000000, 0.000000000000000000 ) ) ;
#2185 = DIRECTION ( 'NONE',  ( -0.000000000000000000, 0.000000000000000000, 1.000000000000000000 ) ) ;
#2186 = DIRECTION ( 'NONE',  ( 0.000000000000000000, -1.000000000000000000, 0.000000000000000000 ) ) ;
#2187 = VECTOR ( 'NONE', #2560, 1000.000000000000000 ) ;
#2188 = FACE_BOUND ( 'NONE', #2267, .T. ) ;
#2189 = DIRECTION ( 'NONE',  ( 1.000000000000000000, 0.000000000000000000, 0.000000000000000000 ) ) ;
#2190 = AXIS2_PLACEMENT_3D ( 'NONE', #30, #2176, #1005 ) ;
#2191 = ORIENTED_EDGE ( 'NONE', *, *, #1360, .T. ) ;
#2192 = VERTEX_POINT ( 'NONE', #29 ) ;
#2193 = VERTEX_POINT ( 'NONE', #2959 ) ;
#2194 = DIRECTION ( 'NONE',  ( 0.000000000000000000, -1.000000000000000000, 0.000000000000000000 ) ) ;
#2195 = ORIENTED_EDGE ( 'NONE', *, *, #1764, .T. ) ;
#2196 = CARTESIAN_POINT ( 'NONE',  ( 81.00000000000000000, -4.000000000000000000, -29.69999999999999929 ) ) ;
#2197 = FACE_OUTER_BOUND ( 'NONE', #797, .T. ) ;
#2198 = AXIS2_PLACEMENT_3D ( 'NONE', #2218, #824, #772 ) ;
#2199 = EDGE_CURVE ( 'NONE', #262, #2121, #2991, .T. ) ;
#2200 = EDGE_CURVE ( 'NONE', #2753, #2665, #327, .T. ) ;
#2201 = CARTESIAN_POINT ( 'NONE',  ( 81.00000000000000000, -4.000000000000000000, -26.30000000000000071 ) ) ;
#2202 = DIRECTION ( 'NONE',  ( -1.000000000000000000, 0.000000000000000000, -0.000000000000000000 ) ) ;
#2203 = LINE ( 'NONE', #994, #1569 ) ;
#2204 = AXIS2_PLACEMENT_3D ( 'NONE', #1251, #2225, #1014 ) ;
#2205 = VERTEX_POINT ( 'NONE', #2272 ) ;
#2206 = ORIENTED_EDGE ( 'NONE', *, *, #1910, .F. ) ;
#2207 = AXIS2_PLACEMENT_3D ( 'NONE', #2955, #1700, #255 ) ;
#2208 = ORIENTED_EDGE ( 'NONE', *, *, #991, .T. ) ;
#2209 = LINE ( 'NONE', #1998, #3029 ) ;
#2210 = ORIENTED_EDGE ( 'NONE', *, *, #2708, .T. ) ;
#2211 = DIRECTION ( 'NONE',  ( 0.000000000000000000, 0.000000000000000000, -1.000000000000000000 ) ) ;
#2212 = VECTOR ( 'NONE', #2805, 1000.000000000000000 ) ;
#2213 = LINE ( 'NONE', #1037, #1238 ) ;
#2214 = AXIS2_PLACEMENT_3D ( 'NONE', #1915, #3153, #194 ) ;
#2215 = CARTESIAN_POINT ( 'NONE',  ( 95.00000000000000000, -4.000000000000000000, -52.00000000000000000 ) ) ;
#2216 = EDGE_CURVE ( 'NONE', #3157, #600, #1492, .T. ) ;
#2217 = EDGE_CURVE ( 'NONE', #3143, #262, #83, .T. ) ;
#2218 = CARTESIAN_POINT ( 'NONE',  ( 69.00000000000000000, -4.000000000000000000, 46.70000000000000284 ) ) ;
#2219 = LINE ( 'NONE', #2944, #1722 ) ;
#2220 = VECTOR ( 'NONE', #329, 1000.000000000000000 ) ;
#2221 = EDGE_LOOP ( 'NONE', ( #2258, #1955, #230, #2724 ) ) ;
#2222 = ORIENTED_EDGE ( 'NONE', *, *, #1167, .T. ) ;
#2223 = ORIENTED_EDGE ( 'NONE', *, *, #2571, .T. ) ;
#2224 = VERTEX_POINT ( 'NONE', #144 ) ;
#2225 = DIRECTION ( 'NONE',  ( 0.000000000000000000, -1.000000000000000000, 0.000000000000000000 ) ) ;
#2226 = EDGE_LOOP ( 'NONE', ( #2280, #2791, #1381, #727 ) ) ;
#2227 = FACE_OUTER_BOUND ( 'NONE', #847, .T. ) ;
#2228 = DIRECTION ( 'NONE',  ( -0.000000000000000000, 0.000000000000000000, 1.000000000000000000 ) ) ;
#2229 = FACE_BOUND ( 'NONE', #2226, .T. ) ;
#2230 = DIRECTION ( 'NONE',  ( 0.000000000000000000, -0.000000000000000000, 1.000000000000000000 ) ) ;
#2231 = CYLINDRICAL_SURFACE ( 'NONE', #1372, 1.600000000000004086 ) ;
#2232 = PLANE ( 'NONE',  #2687 ) ;
#2233 = APPROVAL ( #129, '未指定' ) ;
#2234 = ADVANCED_FACE ( 'NONE', ( #3075 ), #631, .T. ) ;
#2235 = VECTOR ( 'NONE', #1317, 1000.000000000000000 ) ;
#2236 = AXIS2_PLACEMENT_3D ( 'NONE', #1065, #2036, #2528 ) ;
#2237 = VERTEX_POINT ( 'NONE', #3039 ) ;
#2238 = ORIENTED_EDGE ( 'NONE', *, *, #1868, .F. ) ;
#2239 = AXIS2_PLACEMENT_3D ( 'NONE', #581, #838, #1767 ) ;
#2240 = ORIENTED_EDGE ( 'NONE', *, *, #628, .F. ) ;
#2241 = EDGE_CURVE ( 'NONE', #1754, #2947, #2604, .T. ) ;
#2242 = ORIENTED_EDGE ( 'NONE', *, *, #2571, .F. ) ;
#2243 = ADVANCED_FACE ( 'NONE', ( #112, #99 ), #2780, .F. ) ;
#2244 = LINE ( 'NONE', #2738, #985 ) ;
#2245 = VECTOR ( 'NONE', #1139, 1000.000000000000000 ) ;
#2246 = CIRCLE ( 'NONE', #876, 5.000000000000004441 ) ;
#2247 = ORIENTED_EDGE ( 'NONE', *, *, #883, .F. ) ;
#2248 = PLANE ( 'NONE',  #2140 ) ;
#2249 = DIRECTION ( 'NONE',  ( 0.000000000000000000, -1.000000000000000000, 0.000000000000000000 ) ) ;
#2250 = LINE ( 'NONE', #1223, #333 ) ;
#2251 = AXIS2_PLACEMENT_3D ( 'NONE', #1849, #3022, #647 ) ;
#2252 = CARTESIAN_POINT ( 'NONE',  ( 0.000000000000000000, -3.000000000000000000, -29.69999999999999929 ) ) ;
#2253 = DIRECTION ( 'NONE',  ( 0.000000000000000000, 0.000000000000000000, 1.000000000000000000 ) ) ;
#2254 = PERSON_AND_ORGANIZATION ( #1627, #1270 ) ;
#2255 = FACE_OUTER_BOUND ( 'NONE', #1412, .T. ) ;
#2256 = CIRCLE ( 'NONE', #892, 1.600000000000004086 ) ;
#2257 = ORIENTED_EDGE ( 'NONE', *, *, #289, .T. ) ;
#2258 = ORIENTED_EDGE ( 'NONE', *, *, #844, .T. ) ;
#2259 = ORIENTED_EDGE ( 'NONE', *, *, #2005, .F. ) ;
#2260 = ORIENTED_EDGE ( 'NONE', *, *, #2550, .F. ) ;
#2261 = FACE_OUTER_BOUND ( 'NONE', #1297, .T. ) ;
#2262 = EDGE_CURVE ( 'NONE', #1159, #3146, #837, .T. ) ;
#2263 = ADVANCED_FACE ( 'NONE', ( #1605 ), #1833, .F. ) ;
#2264 = EDGE_LOOP ( 'NONE', ( #728, #2030, #1301, #341 ) ) ;
#2265 = LINE ( 'NONE', #1302, #362 ) ;
#2266 = DIRECTION ( 'NONE',  ( 0.000000000000000000, 0.000000000000000000, -1.000000000000000000 ) ) ;
#2267 = EDGE_LOOP ( 'NONE', ( #2739, #198 ) ) ;
#2268 = DIRECTION ( 'NONE',  ( 0.000000000000000000, 1.000000000000000000, 0.000000000000000000 ) ) ;
#2269 = VECTOR ( 'NONE', #1931, 1000.000000000000000 ) ;
#2270 = VECTOR ( 'NONE', #2380, 1000.000000000000000 ) ;
#2271 = DIRECTION ( 'NONE',  ( 0.000000000000000000, -0.000000000000000000, -1.000000000000000000 ) ) ;
#2272 = CARTESIAN_POINT ( 'NONE',  ( 110.0000000000000000, 0.000000000000000000, -67.50000000000000000 ) ) ;
#2273 = APPROVAL_DATE_TIME ( #1072, #2745 ) ;
#2274 = AXIS2_PLACEMENT_3D ( 'NONE', #1211, #2683, #974 ) ;
#2275 = VECTOR ( 'NONE', #661, 1000.000000000000000 ) ;
#2276 = DIRECTION ( 'NONE',  ( 1.000000000000000000, 0.000000000000000000, 0.000000000000000000 ) ) ;
#2277 = ORIENTED_EDGE ( 'NONE', *, *, #1670, .F. ) ;
#2278 = ORIENTED_EDGE ( 'NONE', *, *, #2988, .F. ) ;
#2279 = ORIENTED_EDGE ( 'NONE', *, *, #2813, .T. ) ;
#2280 = ORIENTED_EDGE ( 'NONE', *, *, #1187, .F. ) ;
#2281 = CARTESIAN_POINT ( 'NONE',  ( -100.0000000000000000, -2.999999999999999112, 52.00000000000000000 ) ) ;
#2283 = ORIENTED_EDGE ( 'NONE', *, *, #669, .F. ) ;
#2282 = AXIS2_PLACEMENT_3D ( 'NONE', #64, #3024, #1041 ) ;
#2284 = LINE ( 'NONE', #92, #302 ) ;
#2285 = CARTESIAN_POINT ( 'NONE',  ( 0.000000000000000000, -4.000000000000000000, 0.000000000000000000 ) ) ;
#2286 = ORIENTED_EDGE ( 'NONE', *, *, #1608, .T. ) ;
#2287 = FACE_OUTER_BOUND ( 'NONE', #732, .T. ) ;
#2288 = EDGE_CURVE ( 'NONE', #3146, #2877, #1353, .T. ) ;
#2289 = EDGE_CURVE ( 'NONE', #2013, #2192, #1324, .T. ) ;
#2290 = CARTESIAN_POINT ( 'NONE',  ( -100.0000000000000000, -34.00000000000000000, 57.00000000000000000 ) ) ;
#2291 = CARTESIAN_POINT ( 'NONE',  ( 92.00000000000001421, -37.00000000000000000, 64.50000000000000000 ) ) ;
#2292 = FACE_OUTER_BOUND ( 'NONE', #2475, .T. ) ;
#2293 = ORIENTED_EDGE ( 'NONE', *, *, #1032, .T. ) ;
#2294 = DIRECTION ( 'NONE',  ( -0.000000000000000000, -0.000000000000000000, 1.000000000000000000 ) ) ;
#2295 = EDGE_LOOP ( 'NONE', ( #521, #827 ) ) ;
#2296 = DIRECTION ( 'NONE',  ( -1.000000000000000000, 0.000000000000000000, -0.000000000000000000 ) ) ;
#2297 = LINE ( 'NONE', #1094, #2570 ) ;
#2298 = ORIENTED_EDGE ( 'NONE', *, *, #510, .F. ) ;
#2299 = PLANE ( 'NONE',  #3080 ) ;
#2300 = CARTESIAN_POINT ( 'NONE',  ( 107.0000000000000000, -37.00000000000000000, 64.50000000000000000 ) ) ;
#2301 = ADVANCED_FACE ( 'NONE', ( #1339 ), #890, .T. ) ;
#2302 = ADVANCED_FACE ( 'NONE', ( #2586 ), #907, .F. ) ;
#2303 = CARTESIAN_POINT ( 'NONE',  ( 96.00000000000000000, -7.000000000000000000, 30.00000000000000000 ) ) ;
#2304 = CYLINDRICAL_SURFACE ( 'NONE', #3100, 1.600000000000000755 ) ;
#2305 = VECTOR ( 'NONE', #580, 1000.000000000000000 ) ;
#2306 = DIRECTION ( 'NONE',  ( 0.000000000000000000, 0.000000000000000000, 1.000000000000000000 ) ) ;
#2307 = ORIENTED_EDGE ( 'NONE', *, *, #1927, .F. ) ;
#2308 = PLANE ( 'NONE',  #1916 ) ;
#2309 = VERTEX_POINT ( 'NONE', #128 ) ;
#2310 = LINE ( 'NONE', #863, #2747 ) ;
#2311 = CARTESIAN_POINT ( 'NONE',  ( 0.000000000000000000, -3.000000000000000000, 31.59999999999999787 ) ) ;
#2312 = EDGE_LOOP ( 'NONE', ( #793, #293, #2901, #1905 ) ) ;
#2313 = FACE_OUTER_BOUND ( 'NONE', #316, .T. ) ;
#2314 = CARTESIAN_POINT ( 'NONE',  ( 107.0000000000000000, -37.00000000000000000, -64.50000000000000000 ) ) ;
#2315 = VECTOR ( 'NONE', #503, 1000.000000000000000 ) ;
#2316 = CARTESIAN_POINT ( 'NONE',  ( 69.00000000000000000, 0.000000000000000000, 43.29999999999999716 ) ) ;
#2317 = DIRECTION ( 'NONE',  ( 0.000000000000000000, 0.000000000000000000, 1.000000000000000000 ) ) ;
#2318 = APPROVAL_ROLE ( '' ) ;
#2319 = DIRECTION ( 'NONE',  ( 0.000000000000000000, 1.000000000000000000, 0.000000000000000000 ) ) ;
#2320 = ADVANCED_FACE ( 'NONE', ( #2332 ), #854, .F. ) ;
#2321 = EDGE_CURVE ( 'NONE', #2963, #2038, #1813, .T. ) ;
#2322 = DIRECTION ( 'NONE',  ( 0.000000000000000000, 0.000000000000000000, -1.000000000000000000 ) ) ;
#2323 = ORIENTED_EDGE ( 'NONE', *, *, #1743, .F. ) ;
#2324 = DIRECTION ( 'NONE',  ( 1.000000000000000000, 0.000000000000000000, 0.000000000000000000 ) ) ;
#2325 = EDGE_LOOP ( 'NONE', ( #2538, #538, #1982, #2260 ) ) ;
#2326 = DIRECTION ( 'NONE',  ( -0.000000000000000000, -0.000000000000000000, 1.000000000000000000 ) ) ;
#2327 = DIRECTION ( 'NONE',  ( 0.000000000000000000, 1.000000000000000000, 0.000000000000000000 ) ) ;
#2328 = ORIENTED_EDGE ( 'NONE', *, *, #435, .T. ) ;
#2329 = CARTESIAN_POINT ( 'NONE',  ( 92.00000000000001421, -3.000000000000000000, 0.000000000000000000 ) ) ;
#2330 = CARTESIAN_POINT ( 'NONE',  ( 96.00000000000000000, -7.000000000000000000, 28.39999999999999503 ) ) ;
#2331 = DIRECTION ( 'NONE',  ( 0.000000000000000000, 0.000000000000000000, -1.000000000000000000 ) ) ;
#2332 = FACE_OUTER_BOUND ( 'NONE', #1203, .T. ) ;
#2333 = LINE ( 'NONE', #2128, #3136 ) ;
#2334 = LINE ( 'NONE', #2797, #470 ) ;
#2335 = LINE ( 'NONE', #445, #414 ) ;
#2336 = ORIENTED_EDGE ( 'NONE', *, *, #608, .F. ) ;
#2337 = DIRECTION ( 'NONE',  ( -0.000000000000000000, -0.000000000000000000, 1.000000000000000000 ) ) ;
#2338 = EDGE_LOOP ( 'NONE', ( #2752, #1049, #2191, #1384 ) ) ;
#2339 = CARTESIAN_POINT ( 'NONE',  ( -110.0000000000000000, -3.000000000000000000, 67.50000000000000000 ) ) ;
#2340 = EDGE_CURVE ( 'NONE', #369, #348, #626, .T. ) ;
#2341 = CARTESIAN_POINT ( 'NONE',  ( 28.00000000000000000, -4.000000000000000000, -49.00000000000000000 ) ) ;
#2342 = CIRCLE ( 'NONE', #968, 5.000000000000004441 ) ;
#2343 = EDGE_CURVE ( 'NONE', #2595, #1754, #3057, .T. ) ;
#2344 = ORIENTED_EDGE ( 'NONE', *, *, #1166, .F. ) ;
#2345 = CARTESIAN_POINT ( 'NONE',  ( -100.0000000000000000, -34.00000000000000000, -55.64999999999999858 ) ) ;
#2346 = LINE ( 'NONE', #2634, #819 ) ;
#2347 = LINE ( 'NONE', #160, #2061 ) ;
#2348 = DIRECTION ( 'NONE',  ( 0.000000000000000000, 1.000000000000000000, 0.000000000000000000 ) ) ;
#2349 = LINE ( 'NONE', #27, #1745 ) ;
#2350 = FACE_OUTER_BOUND ( 'NONE', #1263, .T. ) ;
#2351 = PLANE ( 'NONE',  #1323 ) ;
#2352 = DIRECTION ( 'NONE',  ( 0.000000000000000000, 0.000000000000000000, 1.000000000000000000 ) ) ;
#2353 = VECTOR ( 'NONE', #1293, 1000.000000000000000 ) ;
#2354 = VERTEX_POINT ( 'NONE', #869 ) ;
#2355 = CARTESIAN_POINT ( 'NONE',  ( 92.00000000000001421, -37.00000000000000000, 67.50000000000000000 ) ) ;
#2356 = EDGE_LOOP ( 'NONE', ( #776, #2279, #1817, #2702 ) ) ;
#2357 = CARTESIAN_POINT ( 'NONE',  ( -107.0000000000000000, -37.00000000000000000, 67.50000000000000000 ) ) ;
#2358 = EDGE_CURVE ( 'NONE', #2354, #188, #408, .T. ) ;
#2359 = EDGE_CURVE ( 'NONE', #1362, #2595, #1590, .T. ) ;
#2361 = ORIENTED_EDGE ( 'NONE', *, *, #71, .F. ) ;
#2360 = AXIS2_PLACEMENT_3D ( 'NONE', #2102, #373, #1824 ) ;
#2362 = CARTESIAN_POINT ( 'NONE',  ( 69.00000000000000000, -4.000000000000000000, 46.70000000000000284 ) ) ;
#2363 = VECTOR ( 'NONE', #749, 1000.000000000000000 ) ;
#2364 = DIRECTION ( 'NONE',  ( 0.000000000000000000, 0.000000000000000000, 1.000000000000000000 ) ) ;
#2365 = LINE ( 'NONE', #1686, #2626 ) ;
#2366 = DIRECTION ( 'NONE',  ( 0.000000000000000000, 0.000000000000000000, 1.000000000000000000 ) ) ;
#2367 = LINE ( 'NONE', #2129, #1148 ) ;
#2368 = CARTESIAN_POINT ( 'NONE',  ( 77.00000000000000000, -3.000000000000000000, -0.000000000000000000 ) ) ;
#2369 = CARTESIAN_POINT ( 'NONE',  ( -22.00000000000000000, 0.000000000000000000, -4.299999999999999822 ) ) ;
#2370 = VECTOR ( 'NONE', #1267, 1000.000000000000000 ) ;
#2371 = AXIS2_PLACEMENT_3D ( 'NONE', #2382, #3106, #951 ) ;
#2372 = ORIENTED_EDGE ( 'NONE', *, *, #2436, .F. ) ;
#2373 = CARTESIAN_POINT ( 'NONE',  ( 95.00000000000000000, -4.000000000000000000, -31.00000000000000000 ) ) ;
#2374 = ORIENTED_EDGE ( 'NONE', *, *, #418, .F. ) ;
#2375 = DIRECTION ( 'NONE',  ( 0.000000000000000000, 0.000000000000000000, 1.000000000000000000 ) ) ;
#2376 = ORIENTED_EDGE ( 'NONE', *, *, #1669, .F. ) ;
#2377 = DIRECTION ( 'NONE',  ( -1.000000000000000000, 0.000000000000000000, -0.000000000000000000 ) ) ;
#2378 = EDGE_CURVE ( 'NONE', #3045, #1108, #572, .T. ) ;
#2379 = EDGE_CURVE ( 'NONE', #1820, #2694, #830, .T. ) ;
#2380 = DIRECTION ( 'NONE',  ( 0.000000000000000000, 1.000000000000000000, 0.000000000000000000 ) ) ;
#2381 = EDGE_CURVE ( 'NONE', #2444, #2617, #1526, .T. ) ;
#2382 = CARTESIAN_POINT ( 'NONE',  ( -93.00000000000000000, -7.000000000000000000, -63.00000000000000000 ) ) ;
#2383 = FACE_OUTER_BOUND ( 'NONE', #36, .T. ) ;
#2384 = CARTESIAN_POINT ( 'NONE',  ( 92.00000000000001421, -37.00000000000000000, 67.50000000000000000 ) ) ;
#2385 = EDGE_LOOP ( 'NONE', ( #381, #1028, #1188, #1613 ) ) ;
#2386 = CARTESIAN_POINT ( 'NONE',  ( 95.00000000000000000, -4.000000000000000000, -34.00000000000000000 ) ) ;
#2387 = ORIENTED_EDGE ( 'NONE', *, *, #3087, .T. ) ;
#2388 = DIRECTION ( 'NONE',  ( 0.000000000000000000, 1.000000000000000000, 0.000000000000000000 ) ) ;
#2389 = EDGE_LOOP ( 'NONE', ( #2998, #2463, #2734, #761 ) ) ;
#2390 = DIRECTION ( 'NONE',  ( 0.000000000000000000, 0.000000000000000000, -1.000000000000000000 ) ) ;
#2391 = CIRCLE ( 'NONE', #3115, 1.350000000000004086 ) ;
#2392 = AXIS2_PLACEMENT_3D ( 'NONE', #1286, #2050, #2970 ) ;
#2393 = PLANE ( 'NONE',  #390 ) ;
#2394 = AXIS2_PLACEMENT_3D ( 'NONE', #699, #2113, #616 ) ;
#2395 = CARTESIAN_POINT ( 'NONE',  ( -11.00000000000000000, 0.000000000000000000, 43.29999999999999716 ) ) ;
#2396 = EDGE_CURVE ( 'NONE', #2510, #1000, #472, .T. ) ;
#2398 = ADVANCED_FACE ( 'NONE', ( #2173 ), #1432, .F. ) ;
#2397 = VECTOR ( 'NONE', #2453, 1000.000000000000000 ) ;
#2399 = FACE_OUTER_BOUND ( 'NONE', #1262, .T. ) ;
#2400 = DIRECTION ( 'NONE',  ( 0.000000000000000000, 0.000000000000000000, 1.000000000000000000 ) ) ;
#2401 = VERTEX_POINT ( 'NONE', #3152 ) ;
#2402 = AXIS2_PLACEMENT_3D ( 'NONE', #610, #2568, #2073 ) ;
#2403 = VERTEX_POINT ( 'NONE', #485 ) ;
#2404 = VERTEX_POINT ( 'NONE', #193 ) ;
#2405 = CARTESIAN_POINT ( 'NONE',  ( -93.00000000000000000, -7.000000000000000000, -61.39999999999999858 ) ) ;
#2406 = ORIENTED_EDGE ( 'NONE', *, *, #1225, .F. ) ;
#2407 = ORIENTED_EDGE ( 'NONE', *, *, #1667, .F. ) ;
#2408 = LINE ( 'NONE', #2649, #1600 ) ;
#2409 = AXIS2_PLACEMENT_3D ( 'NONE', #606, #3019, #1843 ) ;
#2410 = CARTESIAN_POINT ( 'NONE',  ( -11.00000000000000000, 0.000000000000000000, 43.29999999999999716 ) ) ;
#2411 = DIRECTION ( 'NONE',  ( 0.000000000000000000, 1.000000000000000000, 0.000000000000000000 ) ) ;
#2412 = DIRECTION ( 'NONE',  ( 0.000000000000000000, 0.000000000000000000, -1.000000000000000000 ) ) ;
#2413 = FACE_OUTER_BOUND ( 'NONE', #1174, .T. ) ;
#2414 = EDGE_CURVE ( 'NONE', #567, #1537, #2761, .T. ) ;
#2415 = EDGE_CURVE ( 'NONE', #2153, #704, #2927, .T. ) ;
#2416 = VECTOR ( 'NONE', #1465, 1000.000000000000000 ) ;
#2417 = EDGE_LOOP ( 'NONE', ( #1046, #1481, #2871, #2939 ) ) ;
#2418 = ORIENTED_EDGE ( 'NONE', *, *, #2832, .F. ) ;
#2419 = ORIENTED_EDGE ( 'NONE', *, *, #2813, .F. ) ;
#2420 = DIRECTION ( 'NONE',  ( -0.000000000000000000, -1.000000000000000000, -0.000000000000000000 ) ) ;
#2421 = VECTOR ( 'NONE', #371, 1000.000000000000000 ) ;
#2422 = VECTOR ( 'NONE', #2924, 1000.000000000000000 ) ;
#2423 = VERTEX_POINT ( 'NONE', #223 ) ;
#2424 = LINE ( 'NONE', #963, #1858 ) ;
#2425 = CARTESIAN_POINT ( 'NONE',  ( -68.00000000000000000, 0.000000000000000000, -4.299999999999999822 ) ) ;
#2426 = DIRECTION ( 'NONE',  ( 0.000000000000000000, 0.000000000000000000, -1.000000000000000000 ) ) ;
#2427 = LINE ( 'NONE', #1214, #1986 ) ;
#2428 = CIRCLE ( 'NONE', #240, 1.600000000000004086 ) ;
#2429 = DIRECTION ( 'NONE',  ( 0.000000000000000000, 1.000000000000000000, 0.000000000000000000 ) ) ;
#2430 = CARTESIAN_POINT ( 'NONE',  ( 110.0000000000000000, -37.00000000000000000, -67.50000000000000000 ) ) ;
#2431 = ORIENTED_EDGE ( 'NONE', *, *, #416, .T. ) ;
#2432 = ORIENTED_EDGE ( 'NONE', *, *, #1808, .T. ) ;
#2433 = ORIENTED_EDGE ( 'NONE', *, *, #1359, .F. ) ;
#2434 = CARTESIAN_POINT ( 'NONE',  ( -107.0000000000000000, -37.00000000000000000, -64.50000000000000000 ) ) ;
#2435 = EDGE_CURVE ( 'NONE', #2905, #2976, #1647, .T. ) ;
#2436 = EDGE_CURVE ( 'NONE', #1252, #961, #1387, .T. ) ;
#2437 = EDGE_LOOP ( 'NONE', ( #685, #2283, #2696 ) ) ;
#2438 = CARTESIAN_POINT ( 'NONE',  ( -110.0000000000000000, -6.999999999999999112, -64.50000000000000000 ) ) ;
#2439 = CARTESIAN_POINT ( 'NONE',  ( -78.00000000000000000, -37.00000000000000000, 67.50000000000000000 ) ) ;
#2440 = PLANE ( 'NONE',  #1832 ) ;
#2441 = CARTESIAN_POINT ( 'NONE',  ( -78.00000000000000000, -37.00000000000000000, 67.50000000000000000 ) ) ;
#2442 = CARTESIAN_POINT ( 'NONE',  ( -0.000000000000000000, -3.000000000000000000, -64.50000000000000000 ) ) ;
#2443 = EDGE_LOOP ( 'NONE', ( #996, #1178, #1618, #1157 ) ) ;
#2444 = VERTEX_POINT ( 'NONE', #724 ) ;
#2445 = EDGE_LOOP ( 'NONE', ( #497, #20 ) ) ;
#2446 = CARTESIAN_POINT ( 'NONE',  ( 1.959434878635764984E-16, -3.000000000000000000, 28.39999999999999858 ) ) ;
#2447 = ORIENTED_EDGE ( 'NONE', *, *, #2025, .T. ) ;
#2448 = DIRECTION ( 'NONE',  ( 0.000000000000000000, 1.000000000000000000, 0.000000000000000000 ) ) ;
#2449 = DIRECTION ( 'NONE',  ( -0.000000000000000000, 1.000000000000000000, -0.000000000000000000 ) ) ;
#2450 = EDGE_CURVE ( 'NONE', #1061, #2694, #2365, .T. ) ;
#2451 = VECTOR ( 'NONE', #2943, 1000.000000000000000 ) ;
#2452 = EDGE_CURVE ( 'NONE', #2096, #1737, #178, .T. ) ;
#2453 = DIRECTION ( 'NONE',  ( -0.000000000000000000, -0.000000000000000000, 1.000000000000000000 ) ) ;
#2454 = FACE_OUTER_BOUND ( 'NONE', #1365, .T. ) ;
#2455 = DIRECTION ( 'NONE',  ( 1.000000000000000000, 0.000000000000000000, -0.000000000000000000 ) ) ;
#2456 = AXIS2_PLACEMENT_3D ( 'NONE', #1233, #1460, #2966 ) ;
#2457 = VERTEX_POINT ( 'NONE', #1449 ) ;
#2458 = VERTEX_POINT ( 'NONE', #2126 ) ;
#2459 = ORIENTED_EDGE ( 'NONE', *, *, #2289, .T. ) ;
#2460 = AXIS2_PLACEMENT_3D ( 'NONE', #2587, #2319, #2366 ) ;
#2461 = VERTEX_POINT ( 'NONE', #3104 ) ;
#2462 = CARTESIAN_POINT ( 'NONE',  ( 100.0000000000000000, -30.00000000000000000, -52.00000000000000000 ) ) ;
#2463 = ORIENTED_EDGE ( 'NONE', *, *, #2909, .F. ) ;
#2464 = CYLINDRICAL_SURFACE ( 'NONE', #2236, 5.000000000000004441 ) ;
#2465 = CIRCLE ( 'NONE', #1957, 1.350000000000004086 ) ;
#2466 = DIRECTION ( 'NONE',  ( -0.000000000000000000, 0.000000000000000000, 1.000000000000000000 ) ) ;
#2467 = APPROVAL ( #63, '未指定' ) ;
#2468 = ADVANCED_FACE ( 'NONE', ( #950, #1416 ), #242, .F. ) ;
#2469 = LINE ( 'NONE', #2201, #1425 ) ;
#2470 = EDGE_CURVE ( 'NONE', #3143, #1740, #1403, .T. ) ;
#2471 = EDGE_CURVE ( 'NONE', #1939, #2497, #1164, .T. ) ;
#2472 = CARTESIAN_POINT ( 'NONE',  ( -34.00000000000000000, -4.000000000000000000, -7.700000000000000178 ) ) ;
#2473 = VECTOR ( 'NONE', #2294, 1000.000000000000000 ) ;
#2474 = EDGE_LOOP ( 'NONE', ( #716, #2065 ) ) ;
#2475 = EDGE_LOOP ( 'NONE', ( #672, #140, #253, #2662 ) ) ;
#2476 = EDGE_LOOP ( 'NONE', ( #983, #2630, #957, #2997 ) ) ;
#2477 = EDGE_LOOP ( 'NONE', ( #483, #312, #969, #874 ) ) ;
#2478 = DIRECTION ( 'NONE',  ( 1.000000000000000000, 0.000000000000000000, 0.000000000000000000 ) ) ;
#2479 = ORIENTED_EDGE ( 'NONE', *, *, #2199, .F. ) ;
#2480 = LINE ( 'NONE', #1050, #252 ) ;
#2481 = DIRECTION ( 'NONE',  ( -0.000000000000000000, 1.000000000000000000, -0.000000000000000000 ) ) ;
#2482 = CARTESIAN_POINT ( 'NONE',  ( 81.00000000000000000, 0.000000000000000000, -29.69999999999999929 ) ) ;
#2483 = FACE_BOUND ( 'NONE', #462, .T. ) ;
#2484 = AXIS2_PLACEMENT_3D ( 'NONE', #2879, #3102, #2377 ) ;
#2485 = PLANE ( 'NONE',  #2198 ) ;
#2486 = COORDINATED_UNIVERSAL_TIME_OFFSET ( 8, 0, .AHEAD. ) ;
#2487 = DIRECTION ( 'NONE',  ( 1.000000000000000000, 0.000000000000000000, 0.000000000000000000 ) ) ;
#2488 = ADVANCED_FACE ( 'NONE', ( #3121 ), #2393, .T. ) ;
#2489 = EDGE_CURVE ( 'NONE', #1594, #981, #2880, .T. ) ;
#2490 = ORIENTED_EDGE ( 'NONE', *, *, #1031, .F. ) ;
#2491 = ORIENTED_EDGE ( 'NONE', *, *, #1669, .T. ) ;
#2492 = VECTOR ( 'NONE', #3139, 1000.000000000000000 ) ;
#2493 = ORIENTED_EDGE ( 'NONE', *, *, #1570, .F. ) ;
#2494 = ORIENTED_EDGE ( 'NONE', *, *, #1762, .F. ) ;
#2495 = LINE ( 'NONE', #2434, #2363 ) ;
#2496 = VECTOR ( 'NONE', #1558, 1000.000000000000000 ) ;
#2497 = VERTEX_POINT ( 'NONE', #1653 ) ;
#2498 = CARTESIAN_POINT ( 'NONE',  ( 100.0000000000000000, -34.00000000000000000, 58.35000000000000853 ) ) ;
#2499 = LINE ( 'NONE', #3033, #2169 ) ;
#2500 = ORIENTED_EDGE ( 'NONE', *, *, #1006, .T. ) ;
#2501 = CARTESIAN_POINT ( 'NONE',  ( -100.0000000000000000, -30.00000000000000000, -57.00000000000000000 ) ) ;
#2502 = DIRECTION ( 'NONE',  ( 0.000000000000000000, 1.000000000000000000, 0.000000000000000000 ) ) ;
#2503 = FACE_OUTER_BOUND ( 'NONE', #1856, .T. ) ;
#2504 = DIRECTION ( 'NONE',  ( 0.000000000000000000, 0.000000000000000000, -1.000000000000000000 ) ) ;
#2505 = AXIS2_PLACEMENT_3D ( 'NONE', #1191, #1860, #1646 ) ;
#2506 = ORIENTED_EDGE ( 'NONE', *, *, #1338, .T. ) ;
#2507 = EDGE_CURVE ( 'NONE', #1753, #1296, #208, .T. ) ;
#2508 = EDGE_CURVE ( 'NONE', #432, #1967, #2297, .T. ) ;
#2509 = ORIENTED_EDGE ( 'NONE', *, *, #2216, .T. ) ;
#2510 = VERTEX_POINT ( 'NONE', #352 ) ;
#2511 = ORIENTED_EDGE ( 'NONE', *, *, #50, .T. ) ;
#2512 = CARTESIAN_POINT ( 'NONE',  ( -100.0000000000000000, -34.00000000000000000, -57.00000000000000000 ) ) ;
#2513 = VECTOR ( 'NONE', #2388, 1000.000000000000000 ) ;
#2514 = ORIENTED_EDGE ( 'NONE', *, *, #434, .T. ) ;
#2515 = DIRECTION ( 'NONE',  ( 1.000000000000000000, 0.000000000000000000, 0.000000000000000000 ) ) ;
#2516 = CARTESIAN_POINT ( 'NONE',  ( 18.00000000000000355, -3.000000000000002665, 64.50000000000000000 ) ) ;
#2517 = EDGE_LOOP ( 'NONE', ( #1579, #1219 ) ) ;
#2518 = DIRECTION ( 'NONE',  ( -1.000000000000000000, -0.000000000000000000, -0.000000000000000000 ) ) ;
#2519 = AXIS2_PLACEMENT_3D ( 'NONE', #801, #1731, #1053 ) ;
#2520 = AXIS2_PLACEMENT_3D ( 'NONE', #1386, #143, #177 ) ;
#2521 = FACE_OUTER_BOUND ( 'NONE', #702, .T. ) ;
#2522 = PLANE ( 'NONE',  #1784 ) ;
#2523 = LINE ( 'NONE', #1024, #1710 ) ;
#2524 = VERTEX_POINT ( 'NONE', #1792 ) ;
#2525 = DIRECTION ( 'NONE',  ( 0.000000000000000000, 0.000000000000000000, -1.000000000000000000 ) ) ;
#2527 = VERTEX_POINT ( 'NONE', #322 ) ;
#2526 = AXIS2_PLACEMENT_3D ( 'NONE', #382, #1312, #635 ) ;
#2528 = DIRECTION ( 'NONE',  ( 0.000000000000000000, 0.000000000000000000, 1.000000000000000000 ) ) ;
#2529 = DIRECTION ( 'NONE',  ( 0.000000000000000000, 0.000000000000000000, -1.000000000000000000 ) ) ;
#2530 = VERTEX_POINT ( 'NONE', #1777 ) ;
#2531 = DIRECTION ( 'NONE',  ( 0.000000000000000000, 1.000000000000000000, 0.000000000000000000 ) ) ;
#2532 = ADVANCED_FACE ( 'NONE', ( #3051 ), #1051, .T. ) ;
#2533 = LINE ( 'NONE', #98, #1318 ) ;
#2534 = CARTESIAN_POINT ( 'NONE',  ( 100.0000000000000000, -30.00000000000000000, -57.00000000000000000 ) ) ;
#2535 = COORDINATED_UNIVERSAL_TIME_OFFSET ( 8, 0, .AHEAD. ) ;
#2536 = DIRECTION ( 'NONE',  ( 0.000000000000000000, 0.000000000000000000, 1.000000000000000000 ) ) ;
#2537 = DIRECTION ( 'NONE',  ( 0.000000000000000000, 0.000000000000000000, 1.000000000000000000 ) ) ;
#2538 = ORIENTED_EDGE ( 'NONE', *, *, #2508, .T. ) ;
#2539 = DIRECTION ( 'NONE',  ( 0.000000000000000000, 0.000000000000000000, -1.000000000000000000 ) ) ;
#2540 = VECTOR ( 'NONE', #2744, 1000.000000000000000 ) ;
#2541 = AXIS2_PLACEMENT_3D ( 'NONE', #1550, #781, #1741 ) ;
#2542 = LOCAL_TIME ( 17, 26, 4.000000000000000000, #2486 ) ;
#2543 = ORIENTED_EDGE ( 'NONE', *, *, #683, .T. ) ;
#2544 = DIRECTION ( 'NONE',  ( 0.000000000000000000, 0.000000000000000000, 1.000000000000000000 ) ) ;
#2545 = DIRECTION ( 'NONE',  ( -0.000000000000000000, 0.000000000000000000, 1.000000000000000000 ) ) ;
#2546 = ORIENTED_EDGE ( 'NONE', *, *, #1963, .T. ) ;
#2547 = LINE ( 'NONE', #2345, #1036 ) ;
#2548 = AXIS2_PLACEMENT_3D ( 'NONE', #148, #2131, #1392 ) ;
#2549 = VECTOR ( 'NONE', #61, 1000.000000000000000 ) ;
#2550 = EDGE_CURVE ( 'NONE', #432, #2497, #2499, .T. ) ;
#2551 = EDGE_CURVE ( 'NONE', #2720, #2798, #575, .T. ) ;
#2552 = FACE_BOUND ( 'NONE', #1581, .T. ) ;
#2553 = DIRECTION ( 'NONE',  ( -0.000000000000000000, -0.000000000000000000, 1.000000000000000000 ) ) ;
#2554 = DATE_TIME_ROLE ( 'creation_date' ) ;
#2555 = DIRECTION ( 'NONE',  ( -1.000000000000000000, -0.000000000000000000, -0.000000000000000000 ) ) ;
#2556 = CARTESIAN_POINT ( 'NONE',  ( -0.000000000000000000, -3.000000000000000000, 64.50000000000000000 ) ) ;
#2557 = VERTEX_POINT ( 'NONE', #816 ) ;
#2558 = CARTESIAN_POINT ( 'NONE',  ( 28.00000000000000000, -4.000000000000000000, -31.00000000000000000 ) ) ;
#2559 = ORIENTED_EDGE ( 'NONE', *, *, #458, .F. ) ;
#2560 = DIRECTION ( 'NONE',  ( 0.000000000000000000, 0.000000000000000000, -1.000000000000000000 ) ) ;
#2561 = FACE_OUTER_BOUND ( 'NONE', #1218, .T. ) ;
#2562 = ORIENTED_EDGE ( 'NONE', *, *, #151, .F. ) ;
#2563 = CARTESIAN_POINT ( 'NONE',  ( -110.0000000000000000, -37.00000000000000000, -67.50000000000000000 ) ) ;
#2564 = DIRECTION ( 'NONE',  ( 1.000000000000000000, 0.000000000000000000, 0.000000000000000000 ) ) ;
#2565 = VECTOR ( 'NONE', #1502, 1000.000000000000000 ) ;
#2566 = PLANE ( 'NONE',  #466 ) ;
#2567 = ADVANCED_FACE ( 'NONE', ( #105 ), #1332, .F. ) ;
#2568 = DIRECTION ( 'NONE',  ( 0.000000000000000000, 1.000000000000000000, 0.000000000000000000 ) ) ;
#2569 = CARTESIAN_POINT ( 'NONE',  ( 0.000000000000000000, -3.000000000000000000, -34.00000000000000000 ) ) ;
#2570 = VECTOR ( 'NONE', #2790, 1000.000000000000000 ) ;
#2571 = EDGE_CURVE ( 'NONE', #3146, #2632, #591, .T. ) ;
#2572 = EDGE_CURVE ( 'NONE', #981, #2013, #557, .T. ) ;
#2573 = VECTOR ( 'NONE', #1413, 1000.000000000000000 ) ;
#2574 = CYLINDRICAL_SURFACE ( 'NONE', #2810, 1.600000000000000755 ) ;
#2575 = CARTESIAN_POINT ( 'NONE',  ( 95.00000000000000000, -4.000000000000000000, -52.00000000000000000 ) ) ;
#2576 = ORIENTED_EDGE ( 'NONE', *, *, #3071, .T. ) ;
#2577 = CARTESIAN_POINT ( 'NONE',  ( -107.0000000000000000, -3.000000000000000000, 64.50000000000000000 ) ) ;
#2578 = VERTEX_POINT ( 'NONE', #2311 ) ;
#2579 = DIRECTION ( 'NONE',  ( -0.000000000000000000, -0.000000000000000000, 1.000000000000000000 ) ) ;
#2580 = LINE ( 'NONE', #2373, #1241 ) ;
#2581 = EDGE_LOOP ( 'NONE', ( #1194, #791, #2648, #48 ) ) ;
#2582 = CYLINDRICAL_SURFACE ( 'NONE', #2360, 5.000000000000004441 ) ;
#2583 = VECTOR ( 'NONE', #1508, 1000.000000000000000 ) ;
#2584 = DIRECTION ( 'NONE',  ( 0.000000000000000000, 1.000000000000000000, 0.000000000000000000 ) ) ;
#2585 = DIRECTION ( 'NONE',  ( 0.000000000000000000, 1.000000000000000000, 0.000000000000000000 ) ) ;
#2586 = FACE_OUTER_BOUND ( 'NONE', #67, .T. ) ;
#2587 = CARTESIAN_POINT ( 'NONE',  ( 96.00000000000000000, -7.000000000000000000, -12.00000000000000000 ) ) ;
#2588 = CARTESIAN_POINT ( 'NONE',  ( 0.000000000000000000, -7.000000000000000000, 31.59999999999999787 ) ) ;
#2589 = CARTESIAN_POINT ( 'NONE',  ( 81.00000000000000000, -4.000000000000000000, 46.70000000000000284 ) ) ;
#2590 = DIRECTION ( 'NONE',  ( 0.000000000000000000, 1.000000000000000000, 0.000000000000000000 ) ) ;
#2591 = EDGE_LOOP ( 'NONE', ( #692, #1771, #1810, #809 ) ) ;
#2592 = APPLICATION_CONTEXT ( 'configuration controlled 3d designs of mechanical parts and assemblies' ) ;
#2593 = EDGE_CURVE ( 'NONE', #2595, #973, #1551, .T. ) ;
#2594 = ADVANCED_FACE ( 'NONE', ( #2051 ), #2758, .T. ) ;
#2595 = VERTEX_POINT ( 'NONE', #849 ) ;
#2596 = FACE_OUTER_BOUND ( 'NONE', #1067, .T. ) ;
#2597 = VECTOR ( 'NONE', #886, 1000.000000000000000 ) ;
#2598 = EDGE_LOOP ( 'NONE', ( #246, #780, #998 ) ) ;
#2599 = CARTESIAN_POINT ( 'NONE',  ( -80.00000000000000000, -3.000000000000000000, -4.299999999999999822 ) ) ;
#2600 = ORIENTED_EDGE ( 'NONE', *, *, #3087, .F. ) ;
#2601 = CARTESIAN_POINT ( 'NONE',  ( -0.000000000000000000, -3.000000000000000000, -49.00000000000000000 ) ) ;
#2602 = LOCAL_TIME ( 17, 26, 4.000000000000000000, #2764 ) ;
#2603 = DIRECTION ( 'NONE',  ( 0.000000000000000000, 1.000000000000000000, 0.000000000000000000 ) ) ;
#2604 = LINE ( 'NONE', #2092, #2870 ) ;
#2605 = DIRECTION ( 'NONE',  ( 0.000000000000000000, 0.000000000000000000, 1.000000000000000000 ) ) ;
#2606 = LINE ( 'NONE', #2623, #1272 ) ;
#2607 = CARTESIAN_POINT ( 'NONE',  ( -48.00000000000000000, -7.000000000000000000, -61.40000000000000568 ) ) ;
#2608 = CARTESIAN_POINT ( 'NONE',  ( 28.00000000000000000, -4.000000000000000000, -34.00000000000000000 ) ) ;
#2609 = VECTOR ( 'NONE', #290, 1000.000000000000000 ) ;
#2610 = EDGE_CURVE ( 'NONE', #2178, #2735, #1490, .T. ) ;
#2611 = EDGE_CURVE ( 'NONE', #260, #2403, #949, .T. ) ;
#2612 = ORIENTED_EDGE ( 'NONE', *, *, #491, .T. ) ;
#2613 = CARTESIAN_POINT ( 'NONE',  ( 69.00000000000000000, 0.000000000000000000, 46.70000000000000284 ) ) ;
#2614 = VERTEX_POINT ( 'NONE', #1759 ) ;
#2615 = CARTESIAN_POINT ( 'NONE',  ( 1.959434878635764984E-16, -7.000000000000000000, 28.39999999999999858 ) ) ;
#2616 = ORIENTED_EDGE ( 'NONE', *, *, #337, .T. ) ;
#2617 = VERTEX_POINT ( 'NONE', #300 ) ;
#2618 = FACE_OUTER_BOUND ( 'NONE', #2591, .T. ) ;
#2619 = CIRCLE ( 'NONE', #1539, 1.350000000000004086 ) ;
#2620 = DIRECTION ( 'NONE',  ( 0.000000000000000000, 1.000000000000000000, 0.000000000000000000 ) ) ;
#2621 = VECTOR ( 'NONE', #2189, 1000.000000000000000 ) ;
#2622 = DIRECTION ( 'NONE',  ( -1.000000000000000000, 0.000000000000000000, 0.000000000000000000 ) ) ;
#2623 = CARTESIAN_POINT ( 'NONE',  ( 28.00000000000000000, -4.000000000000000000, -52.00000000000000000 ) ) ;
#2624 = CARTESIAN_POINT ( 'NONE',  ( 100.0000000000000000, -30.00000000000000000, 57.00000000000000000 ) ) ;
#2625 = CARTESIAN_POINT ( 'NONE',  ( -93.00000000000000000, -7.000000000000000000, -63.00000000000000000 ) ) ;
#2626 = VECTOR ( 'NONE', #1636, 1000.000000000000000 ) ;
#2627 = VECTOR ( 'NONE', #1638, 1000.000000000000000 ) ;
#2628 = ORIENTED_EDGE ( 'NONE', *, *, #960, .T. ) ;
#2629 = CARTESIAN_POINT ( 'NONE',  ( 1.000000000000000000, 0.000000000000000000, 46.70000000000000284 ) ) ;
#2630 = ORIENTED_EDGE ( 'NONE', *, *, #2241, .T. ) ;
#2631 = CARTESIAN_POINT ( 'NONE',  ( 1.959434878635765477E-16, -7.000000000000000000, -13.60000000000000142 ) ) ;
#2632 = VERTEX_POINT ( 'NONE', #1535 ) ;
#2633 = ORIENTED_EDGE ( 'NONE', *, *, #1727, .T. ) ;
#2634 = CARTESIAN_POINT ( 'NONE',  ( 95.00000000000000000, -3.000000000000000000, -0.000000000000000000 ) ) ;
#2635 = EDGE_CURVE ( 'NONE', #2877, #1296, #1517, .T. ) ;
#2636 = EDGE_CURVE ( 'NONE', #283, #33, #2984, .T. ) ;
#2637 = AXIS2_PLACEMENT_3D ( 'NONE', #135, #1774, #2324 ) ;
#2638 = DIRECTION ( 'NONE',  ( 0.000000000000000000, 0.000000000000000000, 1.000000000000000000 ) ) ;
#2639 = CARTESIAN_POINT ( 'NONE',  ( 28.00000000000000000, -4.000000000000000000, -34.00000000000000000 ) ) ;
#2640 = DIRECTION ( 'NONE',  ( 0.000000000000000000, 1.000000000000000000, 0.000000000000000000 ) ) ;
#2641 = CARTESIAN_POINT ( 'NONE',  ( 100.0000000000000000, -30.00000000000000000, -62.00000000000000711 ) ) ;
#2642 = ORIENTED_EDGE ( 'NONE', *, *, #1978, .F. ) ;
#2643 = FACE_OUTER_BOUND ( 'NONE', #25, .T. ) ;
#2644 = ORIENTED_EDGE ( 'NONE', *, *, #2852, .F. ) ;
#2645 = VERTEX_POINT ( 'NONE', #2516 ) ;
#2646 = LINE ( 'NONE', #673, #1692 ) ;
#2647 = ORIENTED_EDGE ( 'NONE', *, *, #2080, .T. ) ;
#2648 = ORIENTED_EDGE ( 'NONE', *, *, #707, .T. ) ;
#2649 = CARTESIAN_POINT ( 'NONE',  ( -110.0000000000000000, 0.000000000000000000, 67.50000000000000000 ) ) ;
#2650 = VECTOR ( 'NONE', #1796, 1000.000000000000000 ) ;
#2651 = VECTOR ( 'NONE', #1016, 1000.000000000000000 ) ;
#2652 = EDGE_CURVE ( 'NONE', #1769, #1445, #228, .T. ) ;
#2653 = EDGE_CURVE ( 'NONE', #184, #1584, #2465, .T. ) ;
#2654 = DIRECTION ( 'NONE',  ( 0.000000000000000000, 1.000000000000000000, 0.000000000000000000 ) ) ;
#2655 = CIRCLE ( 'NONE', #1422, 1.350000000000004086 ) ;
#2656 = CIRCLE ( 'NONE', #2701, 1.600000000000004086 ) ;
#2657 = LINE ( 'NONE', #426, #2627 ) ;
#2658 = AXIS2_PLACEMENT_3D ( 'NONE', #528, #28, #272 ) ;
#2659 = CARTESIAN_POINT ( 'NONE',  ( 100.0000000000000000, -34.00000000000000000, 57.00000000000000000 ) ) ;
#2660 = LINE ( 'NONE', #1257, #615 ) ;
#2661 = ORIENTED_EDGE ( 'NONE', *, *, #2572, .F. ) ;
#2662 = ORIENTED_EDGE ( 'NONE', *, *, #1338, .F. ) ;
#2663 = ORIENTED_EDGE ( 'NONE', *, *, #1360, .F. ) ;
#2664 = LINE ( 'NONE', #1662, #2926 ) ;
#2665 = VERTEX_POINT ( 'NONE', #403 ) ;
#2666 = FACE_OUTER_BOUND ( 'NONE', #279, .T. ) ;
#2667 = VECTOR ( 'NONE', #2420, 1000.000000000000000 ) ;
#2668 = DIRECTION ( 'NONE',  ( 0.000000000000000000, 1.000000000000000000, 0.000000000000000000 ) ) ;
#2669 = EDGE_CURVE ( 'NONE', #3111, #2736, #139, .T. ) ;
#2670 = CARTESIAN_POINT ( 'NONE',  ( -11.00000000000000000, -3.000000000000000000, 46.70000000000000284 ) ) ;
#2671 = CARTESIAN_POINT ( 'NONE',  ( 28.00000000000000000, -4.000000000000000000, -52.00000000000000000 ) ) ;
#2672 = LINE ( 'NONE', #2689, #1321 ) ;
#2673 = VECTOR ( 'NONE', #1118, 1000.000000000000000 ) ;
#2674 = EDGE_CURVE ( 'NONE', #1894, #1482, #2580, .T. ) ;
#2675 = EDGE_CURVE ( 'NONE', #66, #2000, #1380, .T. ) ;
#2676 = EDGE_LOOP ( 'NONE', ( #2888, #2418 ) ) ;
#2677 = ORIENTED_EDGE ( 'NONE', *, *, #1279, .T. ) ;
#2678 = EDGE_LOOP ( 'NONE', ( #2277, #3133, #1921, #1144 ) ) ;
#2679 = LINE ( 'NONE', #496, #1639 ) ;
#2680 = ORIENTED_EDGE ( 'NONE', *, *, #2340, .F. ) ;
#2681 = VECTOR ( 'NONE', #987, 1000.000000000000000 ) ;
#2682 = ORIENTED_EDGE ( 'NONE', *, *, #884, .T. ) ;
#2683 = DIRECTION ( 'NONE',  ( 0.000000000000000000, 0.000000000000000000, -1.000000000000000000 ) ) ;
#2684 = DIRECTION ( 'NONE',  ( 0.000000000000000000, 0.000000000000000000, 1.000000000000000000 ) ) ;
#2685 = DIRECTION ( 'NONE',  ( 0.000000000000000000, -1.000000000000000000, 0.000000000000000000 ) ) ;
#2686 = FACE_BOUND ( 'NONE', #810, .T. ) ;
#2687 = AXIS2_PLACEMENT_3D ( 'NONE', #113, #2487, #1798 ) ;
#2688 = CARTESIAN_POINT ( 'NONE',  ( -100.0000000000000000, -30.00000000000000000, -57.00000000000000000 ) ) ;
#2689 = CARTESIAN_POINT ( 'NONE',  ( 18.00000000000000355, -37.00000000000000000, 64.50000000000000000 ) ) ;
#2690 = ORIENTED_EDGE ( 'NONE', *, *, #802, .F. ) ;
#2691 = ADVANCED_FACE ( 'NONE', ( #1394 ), #898, .T. ) ;
#2692 = EDGE_CURVE ( 'NONE', #1407, #2404, #3128, .T. ) ;
#2693 = ORIENTED_EDGE ( 'NONE', *, *, #744, .T. ) ;
#2694 = VERTEX_POINT ( 'NONE', #1874 ) ;
#2695 = LINE ( 'NONE', #537, #170 ) ;
#2696 = ORIENTED_EDGE ( 'NONE', *, *, #3052, .F. ) ;
#2697 = DIRECTION ( 'NONE',  ( 0.000000000000000000, 0.000000000000000000, -1.000000000000000000 ) ) ;
#2698 = DIRECTION ( 'NONE',  ( 0.000000000000000000, 1.000000000000000000, 0.000000000000000000 ) ) ;
#2699 = CARTESIAN_POINT ( 'NONE',  ( -0.000000000000000000, -3.000000000000000000, -26.30000000000000071 ) ) ;
#2700 = CARTESIAN_POINT ( 'NONE',  ( 110.0000000000000000, -3.000000000000000000, 67.50000000000000000 ) ) ;
#2701 = AXIS2_PLACEMENT_3D ( 'NONE', #1611, #1870, #2322 ) ;
#2702 = ORIENTED_EDGE ( 'NONE', *, *, #3108, .T. ) ;
#2703 = ORIENTED_EDGE ( 'NONE', *, *, #336, .F. ) ;
#2704 = ORIENTED_EDGE ( 'NONE', *, *, #629, .T. ) ;
#2705 = ORIENTED_EDGE ( 'NONE', *, *, #13, .F. ) ;
#2706 = CARTESIAN_POINT ( 'NONE',  ( -34.00000000000000000, -4.000000000000000000, -4.299999999999999822 ) ) ;
#2707 = EDGE_CURVE ( 'NONE', #1189, #939, #913, .T. ) ;
#2708 = EDGE_CURVE ( 'NONE', #2947, #1113, #1822, .T. ) ;
#2709 = ORIENTED_EDGE ( 'NONE', *, *, #646, .F. ) ;
#2710 = PLANE ( 'NONE',  #2541 ) ;
#2711 = CARTESIAN_POINT ( 'NONE',  ( -78.00000000000000000, -3.000000000000000000, 67.50000000000000000 ) ) ;
#2712 = AXIS2_PLACEMENT_3D ( 'NONE', #358, #1083, #1575 ) ;
#2713 = EDGE_CURVE ( 'NONE', #2530, #218, #1364, .T. ) ;
#2714 = ADVANCED_FACE ( 'NONE', ( #2083 ), #417, .T. ) ;
#2715 = DIRECTION ( 'NONE',  ( -0.000000000000000000, 0.000000000000000000, 1.000000000000000000 ) ) ;
#2716 = FACE_OUTER_BOUND ( 'NONE', #2437, .T. ) ;
#2717 =( NAMED_UNIT ( * ) SI_UNIT ( $, .STERADIAN. ) SOLID_ANGLE_UNIT ( ) );
#2718 = ORIENTED_EDGE ( 'NONE', *, *, #2379, .F. ) ;
#2719 = VERTEX_POINT ( 'NONE', #2613 ) ;
#2720 = VERTEX_POINT ( 'NONE', #2858 ) ;
#2721 = VECTOR ( 'NONE', #1436, 1000.000000000000000 ) ;
#2722 = ORIENTED_EDGE ( 'NONE', *, *, #3069, .T. ) ;
#2723 = CARTESIAN_POINT ( 'NONE',  ( -48.00000000000000000, -7.000000000000000000, -63.00000000000000000 ) ) ;
#2724 = ORIENTED_EDGE ( 'NONE', *, *, #2635, .F. ) ;
#2725 = DIRECTION ( 'NONE',  ( 0.000000000000000000, 1.000000000000000000, 0.000000000000000000 ) ) ;
#2726 = CIRCLE ( 'NONE', #1855, 1.600000000000000755 ) ;
#2727 = LINE ( 'NONE', #2439, #486 ) ;
#2728 = EDGE_CURVE ( 'NONE', #734, #184, #169, .T. ) ;
#2729 = ADVANCED_FACE ( 'NONE', ( #2561 ), #155, .T. ) ;
#2730 = DIRECTION ( 'NONE',  ( 0.000000000000000000, 1.000000000000000000, 0.000000000000000000 ) ) ;
#2731 = DIRECTION ( 'NONE',  ( 0.000000000000000000, 1.000000000000000000, 0.000000000000000000 ) ) ;
#2732 = MECHANICAL_CONTEXT ( 'NONE', #2755, 'mechanical' ) ;
#2733 = FACE_OUTER_BOUND ( 'NONE', #2878, .T. ) ;
#2734 = ORIENTED_EDGE ( 'NONE', *, *, #2415, .F. ) ;
#2735 = VERTEX_POINT ( 'NONE', #1599 ) ;
#2736 = VERTEX_POINT ( 'NONE', #386 ) ;
#2737 = EDGE_LOOP ( 'NONE', ( #2134, #52, #3034, #2077 ) ) ;
#2738 = CARTESIAN_POINT ( 'NONE',  ( -34.00000000000000000, 0.000000000000000000, -4.299999999999999822 ) ) ;
#2739 = ORIENTED_EDGE ( 'NONE', *, *, #375, .F. ) ;
#2740 = CARTESIAN_POINT ( 'NONE',  ( -48.00000000000000000, -7.000000000000000000, -16.40000000000000213 ) ) ;
#2741 = DIRECTION ( 'NONE',  ( 0.000000000000000000, 1.000000000000000000, 0.000000000000000000 ) ) ;
#2742 = ORIENTED_EDGE ( 'NONE', *, *, #2199, .T. ) ;
#2743 = CARTESIAN_POINT ( 'NONE',  ( 110.0000000000000000, 0.000000000000000000, 67.50000000000000000 ) ) ;
#2744 = DIRECTION ( 'NONE',  ( -0.000000000000000000, 1.000000000000000000, -0.000000000000000000 ) ) ;
#2745 = APPROVAL ( #563, '未指定' ) ;
#2746 = EDGE_CURVE ( 'NONE', #1724, #2153, #1143, .T. ) ;
#2747 = VECTOR ( 'NONE', #1582, 1000.000000000000000 ) ;
#2748 = LINE ( 'NONE', #1244, #161 ) ;
#2749 = DIRECTION ( 'NONE',  ( 0.000000000000000000, 0.000000000000000000, -1.000000000000000000 ) ) ;
#2750 = VERTEX_POINT ( 'NONE', #880 ) ;
#2751 = ORIENTED_EDGE ( 'NONE', *, *, #3052, .T. ) ;
#2752 = ORIENTED_EDGE ( 'NONE', *, *, #1414, .T. ) ;
#2753 = VERTEX_POINT ( 'NONE', #1841 ) ;
#2754 = PLANE ( 'NONE',  #2526 ) ;
#2755 = APPLICATION_CONTEXT ( 'configuration controlled 3d designs of mechanical parts and assemblies' ) ;
#2756 = ORIENTED_EDGE ( 'NONE', *, *, #192, .T. ) ;
#2757 = LINE ( 'NONE', #2983, #872 ) ;
#2758 = PLANE ( 'NONE',  #790 ) ;
#2759 = VERTEX_POINT ( 'NONE', #1126 ) ;
#2760 = CARTESIAN_POINT ( 'NONE',  ( 107.0000000000000000, -3.000000000000000000, -64.50000000000000000 ) ) ;
#2761 = CIRCLE ( 'NONE', #261, 1.600000000000004086 ) ;
#2762 = DIRECTION ( 'NONE',  ( 0.000000000000000000, 0.000000000000000000, 1.000000000000000000 ) ) ;
#2763 = FACE_OUTER_BOUND ( 'NONE', #698, .T. ) ;
#2764 = COORDINATED_UNIVERSAL_TIME_OFFSET ( 8, 0, .AHEAD. ) ;
#2765 = CYLINDRICAL_SURFACE ( 'NONE', #3047, 5.000000000000004441 ) ;
#2766 = ORIENTED_EDGE ( 'NONE', *, *, #457, .T. ) ;
#2767 = EDGE_LOOP ( 'NONE', ( #2240, #817, #2323, #550 ) ) ;
#2768 = EDGE_CURVE ( 'NONE', #1444, #2137, #75, .T. ) ;
#2769 = EDGE_CURVE ( 'NONE', #1952, #2720, #2726, .T. ) ;
#2770 = DIRECTION ( 'NONE',  ( 0.000000000000000000, 0.000000000000000000, 1.000000000000000000 ) ) ;
#2771 = AXIS2_PLACEMENT_3D ( 'NONE', #2723, #318, #264 ) ;
#2772 = EDGE_LOOP ( 'NONE', ( #947, #1499, #756, #2166 ) ) ;
#2773 = LINE ( 'NONE', #539, #1171 ) ;
#2774 = CARTESIAN_POINT ( 'NONE',  ( -34.00000000000000000, -4.000000000000000000, -4.299999999999999822 ) ) ;
#2775 = ORIENTED_EDGE ( 'NONE', *, *, #474, .F. ) ;
#2776 = CARTESIAN_POINT ( 'NONE',  ( 81.00000000000000000, 0.000000000000000000, 46.70000000000000284 ) ) ;
#2777 = AXIS2_PLACEMENT_3D ( 'NONE', #2873, #686, #2100 ) ;
#2778 = VECTOR ( 'NONE', #1848, 1000.000000000000000 ) ;
#2779 = LINE ( 'NONE', #595, #1718 ) ;
#2780 = PLANE ( 'NONE',  #1130 ) ;
#2781 = PERSON_AND_ORGANIZATION ( #1627, #1270 ) ;
#2782 = DIRECTION ( 'NONE',  ( 0.000000000000000000, 1.000000000000000000, 0.000000000000000000 ) ) ;
#2783 = DIRECTION ( 'NONE',  ( 0.000000000000000000, 1.000000000000000000, 0.000000000000000000 ) ) ;
#2784 = VERTEX_POINT ( 'NONE', #1615 ) ;
#2785 = CARTESIAN_POINT ( 'NONE',  ( -100.0000000000000000, 0.000000000000000000, -58.35000000000000853 ) ) ;
#2786 = ADVANCED_FACE ( 'NONE', ( #2596 ), #3097, .T. ) ;
#2787 = EDGE_CURVE ( 'NONE', #3111, #384, #1934, .T. ) ;
#2788 = ORIENTED_EDGE ( 'NONE', *, *, #2652, .T. ) ;
#2789 = DIRECTION ( 'NONE',  ( 0.000000000000000000, 0.000000000000000000, -1.000000000000000000 ) ) ;
#2790 = DIRECTION ( 'NONE',  ( 1.000000000000000000, 0.000000000000000000, 0.000000000000000000 ) ) ;
#2791 = ORIENTED_EDGE ( 'NONE', *, *, #1589, .F. ) ;
#2792 = CARTESIAN_POINT ( 'NONE',  ( 96.00000000000000000, -7.000000000000000000, -10.39999999999999680 ) ) ;
#2793 = DIRECTION ( 'NONE',  ( -1.000000000000000000, 0.000000000000000000, -0.000000000000000000 ) ) ;
#2794 = DIRECTION ( 'NONE',  ( 1.000000000000000000, 0.000000000000000000, 0.000000000000000000 ) ) ;
#2795 = SECURITY_CLASSIFICATION_LEVEL ( 'unclassified' ) ;
#2796 = CARTESIAN_POINT ( 'NONE',  ( 100.0000000000000000, -2.999999999999999112, -62.00000000000000711 ) ) ;
#2797 = CARTESIAN_POINT ( 'NONE',  ( 30.00000000000000000, -4.000000000000000000, 46.70000000000000284 ) ) ;
#2798 = VERTEX_POINT ( 'NONE', #1904 ) ;
#2799 = CARTESIAN_POINT ( 'NONE',  ( 69.00000000000000000, 0.000000000000000000, -29.69999999999999929 ) ) ;
#2800 = VECTOR ( 'NONE', #1114, 1000.000000000000000 ) ;
#2801 = AXIS2_PLACEMENT_3D ( 'NONE', #1062, #3013, #1788 ) ;
#2802 = VECTOR ( 'NONE', #3155, 1000.000000000000000 ) ;
#2803 = ORIENTED_EDGE ( 'NONE', *, *, #2852, .T. ) ;
#2804 = DIRECTION ( 'NONE',  ( 0.000000000000000000, 0.000000000000000000, -1.000000000000000000 ) ) ;
#2805 = DIRECTION ( 'NONE',  ( 0.000000000000000000, 1.000000000000000000, 0.000000000000000000 ) ) ;
#2806 = ORIENTED_EDGE ( 'NONE', *, *, #2321, .F. ) ;
#2807 = DIRECTION ( 'NONE',  ( 1.000000000000000000, 0.000000000000000000, 0.000000000000000000 ) ) ;
#2808 = ADVANCED_FACE ( 'NONE', ( #2643 ), #2887, .T. ) ;
#2809 = EDGE_CURVE ( 'NONE', #2736, #2309, #1726, .T. ) ;
#2810 = AXIS2_PLACEMENT_3D ( 'NONE', #633, #396, #1356 ) ;
#2811 = AXIS2_PLACEMENT_3D ( 'NONE', #2639, #923, #211 ) ;
#2812 = CARTESIAN_POINT ( 'NONE',  ( -48.00000000000000000, -7.000000000000000000, -16.40000000000000213 ) ) ;
#2813 = EDGE_CURVE ( 'NONE', #2645, #2192, #364, .T. ) ;
#2814 = EDGE_CURVE ( 'NONE', #1221, #387, #2334, .T. ) ;
#2815 = FACE_BOUND ( 'NONE', #1461, .T. ) ;
#2816 = AXIS2_PLACEMENT_3D ( 'NONE', #162, #737, #2638 ) ;
#2817 = DIRECTION ( 'NONE',  ( 0.000000000000000000, 1.000000000000000000, 0.000000000000000000 ) ) ;
#2818 = FACE_OUTER_BOUND ( 'NONE', #1249, .T. ) ;
#2819 = FACE_OUTER_BOUND ( 'NONE', #1650, .T. ) ;
#2820 = ORIENTED_EDGE ( 'NONE', *, *, #1240, .T. ) ;
#2821 = CARTESIAN_POINT ( 'NONE',  ( 96.00000000000000000, -3.000000000000000000, 31.60000000000000142 ) ) ;
#2822 = VECTOR ( 'NONE', #2807, 1000.000000000000000 ) ;
#2823 = ORIENTED_EDGE ( 'NONE', *, *, #1105, .T. ) ;
#2824 = LINE ( 'NONE', #1347, #2032 ) ;
#2825 = DIRECTION ( 'NONE',  ( 1.000000000000000000, 0.000000000000000000, 0.000000000000000000 ) ) ;
#2826 = VERTEX_POINT ( 'NONE', #2076 ) ;
#2827 = LINE ( 'NONE', #2329, #2235 ) ;
#2828 = LINE ( 'NONE', #2601, #3160 ) ;
#2829 = VECTOR ( 'NONE', #920, 1000.000000000000000 ) ;
#2830 = CARTESIAN_POINT ( 'NONE',  ( 0.000000000000000000, -7.000000000000000000, 31.59999999999999787 ) ) ;
#2831 = EDGE_CURVE ( 'NONE', #2976, #1537, #427, .T. ) ;
#2832 = EDGE_CURVE ( 'NONE', #2750, #1440, #3068, .T. ) ;
#2833 = CARTESIAN_POINT ( 'NONE',  ( 77.00000000000000000, -37.00000000000000000, 64.50000000000000000 ) ) ;
#2834 = CARTESIAN_POINT ( 'NONE',  ( 92.00000000000001421, -37.00000000000000000, 64.50000000000000000 ) ) ;
#2835 = VECTOR ( 'NONE', #1644, 1000.000000000000000 ) ;
#2836 = DIRECTION ( 'NONE',  ( -0.000000000000000000, -0.000000000000000000, 1.000000000000000000 ) ) ;
#2837 = CIRCLE ( 'NONE', #80, 5.000000000000004441 ) ;
#2838 = CARTESIAN_POINT ( 'NONE',  ( -68.00000000000000000, -3.000000000000000000, -7.700000000000000178 ) ) ;
#2839 = CYLINDRICAL_SURFACE ( 'NONE', #2548, 1.350000000000004086 ) ;
#2840 = CIRCLE ( 'NONE', #1451, 1.600000000000004086 ) ;
#2841 = ORIENTED_EDGE ( 'NONE', *, *, #691, .T. ) ;
#2842 = ORIENTED_EDGE ( 'NONE', *, *, #1031, .T. ) ;
#2843 = DIRECTION ( 'NONE',  ( 0.000000000000000000, 1.000000000000000000, 0.000000000000000000 ) ) ;
#2844 = EDGE_LOOP ( 'NONE', ( #2068, #86, #1713, #3149 ) ) ;
#2845 = CARTESIAN_POINT ( 'NONE',  ( 100.0000000000000000, -2.999999999999999112, -57.00000000000000000 ) ) ;
#2846 = VECTOR ( 'NONE', #825, 1000.000000000000000 ) ;
#2847 = EDGE_LOOP ( 'NONE', ( #2647, #2116 ) ) ;
#2848 = CARTESIAN_POINT ( 'NONE',  ( 100.0000000000000000, -30.00000000000000000, 62.00000000000000711 ) ) ;
#2849 = DIRECTION ( 'NONE',  ( 1.000000000000000000, 0.000000000000000000, -0.000000000000000000 ) ) ;
#2850 = CARTESIAN_POINT ( 'NONE',  ( -80.00000000000000000, -4.000000000000000000, -4.299999999999999822 ) ) ;
#2851 = CYLINDRICAL_SURFACE ( 'NONE', #1292, 1.599999999999997202 ) ;
#2852 = EDGE_CURVE ( 'NONE', #1537, #1877, #2656, .T. ) ;
#2853 = EDGE_CURVE ( 'NONE', #1790, #1584, #2060, .T. ) ;
#2854 = DIRECTION ( 'NONE',  ( 0.000000000000000000, 0.000000000000000000, -1.000000000000000000 ) ) ;
#2855 = DIRECTION ( 'NONE',  ( -0.000000000000000000, 1.000000000000000000, -0.000000000000000000 ) ) ;
#2856 = CARTESIAN_POINT ( 'NONE',  ( 0.000000000000000000, -3.000000000000000000, 46.70000000000000284 ) ) ;
#2857 = ORIENTED_EDGE ( 'NONE', *, *, #336, .T. ) ;
#2858 = CARTESIAN_POINT ( 'NONE',  ( 0.000000000000000000, -7.000000000000000000, -10.40000000000000036 ) ) ;
#2859 = ORIENTED_EDGE ( 'NONE', *, *, #210, .F. ) ;
#2860 = DIRECTION ( 'NONE',  ( -1.000000000000000000, 0.000000000000000000, 0.000000000000000000 ) ) ;
#2861 = ORIENTED_EDGE ( 'NONE', *, *, #1011, .F. ) ;
#2862 = ORIENTED_EDGE ( 'NONE', *, *, #1070, .F. ) ;
#2863 = CARTESIAN_POINT ( 'NONE',  ( 100.0000000000000000, -30.00000000000000000, 55.64999999999999858 ) ) ;
#2864 = CARTESIAN_POINT ( 'NONE',  ( 28.00000000000000000, -4.000000000000000000, -49.00000000000000000 ) ) ;
#2865 = CARTESIAN_POINT ( 'NONE',  ( -78.00000000000000000, -37.00000000000000000, 64.50000000000000000 ) ) ;
#2866 = FACE_OUTER_BOUND ( 'NONE', #2476, .T. ) ;
#2867 = CARTESIAN_POINT ( 'NONE',  ( 69.00000000000000000, -4.000000000000000000, 43.29999999999999716 ) ) ;
#2868 = LINE ( 'NONE', #2146, #2269 ) ;
#2869 = CARTESIAN_POINT ( 'NONE',  ( 0.000000000000000000, -3.000000000000000000, 46.70000000000000284 ) ) ;
#2870 = VECTOR ( 'NONE', #1071, 1000.000000000000000 ) ;
#2871 = ORIENTED_EDGE ( 'NONE', *, *, #1901, .F. ) ;
#2872 = ADVANCED_FACE ( 'NONE', ( #1391 ), #3094, .T. ) ;
#2873 = CARTESIAN_POINT ( 'NONE',  ( -100.0000000000000000, 0.000000000000000000, -57.00000000000000000 ) ) ;
#2874 = ADVANCED_FACE ( 'NONE', ( #116 ), #2351, .T. ) ;
#2875 = ORIENTED_EDGE ( 'NONE', *, *, #191, .T. ) ;
#2876 = LINE ( 'NONE', #2631, #2513 ) ;
#2877 = VERTEX_POINT ( 'NONE', #2838 ) ;
#2878 = EDGE_LOOP ( 'NONE', ( #2889, #1289, #217, #576 ) ) ;
#2879 = CARTESIAN_POINT ( 'NONE',  ( -34.00000000000000000, -4.000000000000000000, -7.700000000000000178 ) ) ;
#2880 = LINE ( 'NONE', #694, #1397 ) ;
#2881 = AXIS2_PLACEMENT_3D ( 'NONE', #2671, #2412, #740 ) ;
#2882 = DIRECTION ( 'NONE',  ( -0.000000000000000000, 1.000000000000000000, -0.000000000000000000 ) ) ;
#2883 = CARTESIAN_POINT ( 'NONE',  ( -78.00000000000000000, -37.00000000000000000, 64.50000000000000000 ) ) ;
#2884 = FACE_OUTER_BOUND ( 'NONE', #1204, .T. ) ;
#2885 = VECTOR ( 'NONE', #2266, 1000.000000000000000 ) ;
#2886 = EDGE_LOOP ( 'NONE', ( #2031, #1439, #1264, #168 ) ) ;
#2887 = PLANE ( 'NONE',  #2394 ) ;
#2888 = ORIENTED_EDGE ( 'NONE', *, *, #1414, .F. ) ;
#2889 = ORIENTED_EDGE ( 'NONE', *, *, #1260, .F. ) ;
#2890 = DIRECTION ( 'NONE',  ( 0.000000000000000000, 0.000000000000000000, -1.000000000000000000 ) ) ;
#2891 = EDGE_CURVE ( 'NONE', #2192, #2826, #2130, .T. ) ;
#2892 = ADVANCED_FACE ( 'NONE', ( #910 ), #2094, .F. ) ;
#2893 = EDGE_LOOP ( 'NONE', ( #1559, #2861 ) ) ;
#2894 = EDGE_LOOP ( 'NONE', ( #1616, #2223, #878, #2307 ) ) ;
#2895 = PLANE ( 'NONE',  #1198 ) ;
#2896 = AXIS2_PLACEMENT_3D ( 'NONE', #2512, #1047, #368 ) ;
#2897 = CARTESIAN_POINT ( 'NONE',  ( -41.99999999999999289, -37.00000000000000000, 64.50000000000000000 ) ) ;
#2898 = LINE ( 'NONE', #1624, #311 ) ;
#2899 = CYLINDRICAL_SURFACE ( 'NONE', #1851, 5.000000000000004441 ) ;
#2900 = CARTESIAN_POINT ( 'NONE',  ( -12.00000000000000000, -3.000000000000002665, 64.50000000000000000 ) ) ;
#2901 = ORIENTED_EDGE ( 'NONE', *, *, #2968, .T. ) ;
#2902 = ORIENTED_EDGE ( 'NONE', *, *, #527, .F. ) ;
#2903 = ORIENTED_EDGE ( 'NONE', *, *, #2988, .T. ) ;
#2904 = DIRECTION ( 'NONE',  ( 0.000000000000000000, 1.000000000000000000, 0.000000000000000000 ) ) ;
#2905 = VERTEX_POINT ( 'NONE', #1625 ) ;
#2906 = AXIS2_PLACEMENT_3D ( 'NONE', #1862, #2584, #2138 ) ;
#2907 = EDGE_LOOP ( 'NONE', ( #570, #2210, #3118, #812 ) ) ;
#2908 = LINE ( 'NONE', #721, #2681 ) ;
#2909 = EDGE_CURVE ( 'NONE', #704, #2193, #893, .T. ) ;
#2910 = CARTESIAN_POINT ( 'NONE',  ( -48.00000000000000000, -7.000000000000000000, -63.00000000000000000 ) ) ;
#2911 = LOCAL_TIME ( 17, 26, 4.000000000000000000, #306 ) ;
#2912 = ADVANCED_FACE ( 'NONE', ( #842 ), #3059, .T. ) ;
#2913 = EDGE_CURVE ( 'NONE', #3027, #1411, #873, .T. ) ;
#2914 = VECTOR ( 'NONE', #196, 1000.000000000000000 ) ;
#2915 = CARTESIAN_POINT ( 'NONE',  ( -68.00000000000000000, -3.000000000000000000, -0.000000000000000000 ) ) ;
#2916 = CARTESIAN_POINT ( 'NONE',  ( -0.000000000000000000, -3.000000000000000000, 64.50000000000000000 ) ) ;
#2917 = DIRECTION ( 'NONE',  ( 0.000000000000000000, -0.000000000000000000, 1.000000000000000000 ) ) ;
#2918 = ORIENTED_EDGE ( 'NONE', *, *, #2814, .T. ) ;
#2919 = AXIS2_PLACEMENT_3D ( 'NONE', #1928, #2654, #2158 ) ;
#2920 = ORIENTED_EDGE ( 'NONE', *, *, #2079, .F. ) ;
#2921 = ORIENTED_EDGE ( 'NONE', *, *, #1013, .T. ) ;
#2922 = CARTESIAN_POINT ( 'NONE',  ( 107.0000000000000000, -37.00000000000000000, 64.50000000000000000 ) ) ;
#2923 = ORIENTED_EDGE ( 'NONE', *, *, #779, .F. ) ;
#2924 = DIRECTION ( 'NONE',  ( -1.000000000000000000, 0.000000000000000000, 0.000000000000000000 ) ) ;
#2925 = CARTESIAN_POINT ( 'NONE',  ( 1.000000000000000000, 0.000000000000000000, 46.70000000000000284 ) ) ;
#2926 = VECTOR ( 'NONE', #1442, 1000.000000000000000 ) ;
#2927 = LINE ( 'NONE', #2410, #2046 ) ;
#2928 = CIRCLE ( 'NONE', #2204, 5.000000000000004441 ) ;
#2929 = DIRECTION ( 'NONE',  ( -1.000000000000000000, 0.000000000000000000, 0.000000000000000000 ) ) ;
#2930 = ADVANCED_FACE ( 'NONE', ( #2819 ), #2574, .T. ) ;
#2931 = ADVANCED_FACE ( 'NONE', ( #1120 ), #3077, .F. ) ;
#2932 = CARTESIAN_POINT ( 'NONE',  ( 77.00000000000000000, -37.00000000000000000, 64.50000000000000000 ) ) ;
#2933 = CARTESIAN_POINT ( 'NONE',  ( -41.99999999999999289, -37.00000000000000000, 64.50000000000000000 ) ) ;
#2934 = ORIENTED_EDGE ( 'NONE', *, *, #526, .F. ) ;
#2935 = ORIENTED_EDGE ( 'NONE', *, *, #2450, .F. ) ;
#2936 = ORIENTED_EDGE ( 'NONE', *, *, #2025, .F. ) ;
#2937 = CARTESIAN_POINT ( 'NONE',  ( 0.000000000000000000, -37.00000000000000000, 0.000000000000000000 ) ) ;
#2938 = VECTOR ( 'NONE', #2882, 1000.000000000000000 ) ;
#2939 = ORIENTED_EDGE ( 'NONE', *, *, #566, .T. ) ;
#2940 = LINE ( 'NONE', #751, #1702 ) ;
#2941 = DIRECTION ( 'NONE',  ( 0.000000000000000000, 0.000000000000000000, 1.000000000000000000 ) ) ;
#2942 = PLANE ( 'NONE',  #2658 ) ;
#2943 = DIRECTION ( 'NONE',  ( 0.000000000000000000, 0.000000000000000000, -1.000000000000000000 ) ) ;
#2944 = CARTESIAN_POINT ( 'NONE',  ( -47.44322356371700522, -7.000000000000000000, -64.50000000000000000 ) ) ;
#2945 = EDGE_CURVE ( 'NONE', #1252, #156, #3110, .T. ) ;
#2946 = EDGE_CURVE ( 'NONE', #973, #1142, #1156, .T. ) ;
#2947 = VERTEX_POINT ( 'NONE', #938 ) ;
#2948 = ORIENTED_EDGE ( 'NONE', *, *, #905, .F. ) ;
#2949 = EDGE_LOOP ( 'NONE', ( #2081, #2766, #3098, #1304, #295, #700, #38, #2328, #2062, #2841, #479, #1313 ) ) ;
#2950 = ADVANCED_FACE ( 'NONE', ( #1121 ), #2839, .F. ) ;
#2951 = ORIENTED_EDGE ( 'NONE', *, *, #3125, .T. ) ;
#2952 = DIRECTION ( 'NONE',  ( 0.000000000000000000, 1.000000000000000000, 0.000000000000000000 ) ) ;
#2953 = ORIENTED_EDGE ( 'NONE', *, *, #1964, .F. ) ;
#2954 = CARTESIAN_POINT ( 'NONE',  ( 30.00000000000000000, -3.000000000000000000, 0.000000000000000000 ) ) ;
#2955 = CARTESIAN_POINT ( 'NONE',  ( 0.000000000000000000, -3.000000000000000000, -12.00000000000000000 ) ) ;
#2956 = VECTOR ( 'NONE', #579, 1000.000000000000000 ) ;
#2957 = VECTOR ( 'NONE', #2725, 1000.000000000000000 ) ;
#2958 = FACE_OUTER_BOUND ( 'NONE', #323, .T. ) ;
#2959 = CARTESIAN_POINT ( 'NONE',  ( -11.00000000000000000, 0.000000000000000000, 46.70000000000000284 ) ) ;
#2960 = CARTESIAN_POINT ( 'NONE',  ( 28.00000000000000000, -4.000000000000000000, -31.00000000000000000 ) ) ;
#2961 = AXIS2_PLACEMENT_3D ( 'NONE', #785, #754, #1747 ) ;
#2962 = ORIENTED_EDGE ( 'NONE', *, *, #1131, .F. ) ;
#2963 = VERTEX_POINT ( 'NONE', #1419 ) ;
#2964 = ORIENTED_EDGE ( 'NONE', *, *, #584, .T. ) ;
#2965 = ORIENTED_EDGE ( 'NONE', *, *, #2079, .T. ) ;
#2966 = DIRECTION ( 'NONE',  ( 0.000000000000000000, 0.000000000000000000, 1.000000000000000000 ) ) ;
#2967 = EDGE_CURVE ( 'NONE', #981, #2826, #1169, .T. ) ;
#2968 = EDGE_CURVE ( 'NONE', #233, #1888, #953, .T. ) ;
#2969 = ORIENTED_EDGE ( 'NONE', *, *, #114, .T. ) ;
#2970 = DIRECTION ( 'NONE',  ( -0.000000000000000000, 0.000000000000000000, 1.000000000000000000 ) ) ;
#2971 = LINE ( 'NONE', #513, #841 ) ;
#2972 = FACE_BOUND ( 'NONE', #1441, .T. ) ;
#2973 = CARTESIAN_POINT ( 'NONE',  ( -41.99999999999999289, -3.000000000000002665, 67.50000000000000000 ) ) ;
#2974 = DIRECTION ( 'NONE',  ( 0.000000000000000000, 1.000000000000000000, 0.000000000000000000 ) ) ;
#2975 = DIRECTION ( 'NONE',  ( 0.000000000000000000, 0.000000000000000000, 1.000000000000000000 ) ) ;
#2976 = VERTEX_POINT ( 'NONE', #412 ) ;
#2977 = ORIENTED_EDGE ( 'NONE', *, *, #1869, .T. ) ;
#2978 = ORIENTED_EDGE ( 'NONE', *, *, #2043, .T. ) ;
#2979 = AXIS2_PLACEMENT_3D ( 'NONE', #2688, #1200, #488 ) ;
#2980 = ORIENTED_EDGE ( 'NONE', *, *, #458, .T. ) ;
#2981 = FACE_OUTER_BOUND ( 'NONE', #720, .T. ) ;
#2982 = VERTEX_POINT ( 'NONE', #3095 ) ;
#2983 = CARTESIAN_POINT ( 'NONE',  ( -92.44322356371698390, -7.000000000000000000, -64.50000000000000000 ) ) ;
#2984 = LINE ( 'NONE', #799, #1596 ) ;
#2985 = VECTOR ( 'NONE', #2481, 1000.000000000000000 ) ;
#2986 = DIRECTION ( 'NONE',  ( -0.000000000000000000, 1.000000000000000000, -0.000000000000000000 ) ) ;
#2987 = EDGE_CURVE ( 'NONE', #188, #800, #1357, .T. ) ;
#2988 = EDGE_CURVE ( 'NONE', #2237, #970, #1899, .T. ) ;
#2989 = CIRCLE ( 'NONE', #1300, 1.599999999999997202 ) ;
#2990 = DIRECTION ( 'NONE',  ( 0.000000000000000000, 0.000000000000000000, -1.000000000000000000 ) ) ;
#2991 = LINE ( 'NONE', #1766, #2305 ) ;
#2992 = CALENDAR_DATE ( 2026, 26, 7 ) ;
#2993 = DIRECTION ( 'NONE',  ( 1.000000000000000000, 0.000000000000000000, 0.000000000000000000 ) ) ;
#2994 = VECTOR ( 'NONE', #2749, 1000.000000000000000 ) ;
#2995 = ORIENTED_EDGE ( 'NONE', *, *, #2508, .F. ) ;
#2996 = ORIENTED_EDGE ( 'NONE', *, *, #2853, .T. ) ;
#2997 = ORIENTED_EDGE ( 'NONE', *, *, #2359, .T. ) ;
#2998 = ORIENTED_EDGE ( 'NONE', *, *, #629, .F. ) ;
#2999 = LINE ( 'NONE', #2048, #2473 ) ;
#3000 = ORIENTED_EDGE ( 'NONE', *, *, #2452, .F. ) ;
#3001 = FACE_OUTER_BOUND ( 'NONE', #1012, .T. ) ;
#3002 = DIRECTION ( 'NONE',  ( 0.000000000000000000, 1.000000000000000000, 0.000000000000000000 ) ) ;
#3003 = ORIENTED_EDGE ( 'NONE', *, *, #628, .T. ) ;
#3004 = CARTESIAN_POINT ( 'NONE',  ( 28.00000000000000000, -4.000000000000000000, -52.00000000000000000 ) ) ;
#3005 = CARTESIAN_POINT ( 'NONE',  ( -68.00000000000000000, -4.000000000000000000, -4.299999999999999822 ) ) ;
#3006 = ADVANCED_FACE ( 'NONE', ( #1140 ), #667, .T. ) ;
#3007 = ADVANCED_FACE ( 'NONE', ( #2884 ), #682, .T. ) ;
#3008 = PLANE ( 'NONE',  #1892 ) ;
#3009 = FACE_OUTER_BOUND ( 'NONE', #2678, .T. ) ;
#3010 = ORIENTED_EDGE ( 'NONE', *, *, #1525, .T. ) ;
#3011 = APPROVAL_PERSON_ORGANIZATION ( #328, #2467, #2010 ) ;
#3012 = ORIENTED_EDGE ( 'NONE', *, *, #1006, .F. ) ;
#3013 = DIRECTION ( 'NONE',  ( 0.000000000000000000, -1.000000000000000000, 0.000000000000000000 ) ) ;
#3014 = DIRECTION ( 'NONE',  ( 0.000000000000000000, 0.000000000000000000, 1.000000000000000000 ) ) ;
#3015 = ORIENTED_EDGE ( 'NONE', *, *, #2891, .T. ) ;
#3016 = DIRECTION ( 'NONE',  ( 0.000000000000000000, 0.000000000000000000, -1.000000000000000000 ) ) ;
#3017 = DIRECTION ( 'NONE',  ( 0.000000000000000000, 1.000000000000000000, 0.000000000000000000 ) ) ;
#3018 = VERTEX_POINT ( 'NONE', #1626 ) ;
#3019 = DIRECTION ( 'NONE',  ( 0.000000000000000000, 1.000000000000000000, 0.000000000000000000 ) ) ;
#3020 = AXIS2_PLACEMENT_3D ( 'NONE', #2850, #1308, #3090 ) ;
#3021 = CARTESIAN_POINT ( 'NONE',  ( 77.00000000000000000, -37.00000000000000000, 67.50000000000000000 ) ) ;
#3022 = DIRECTION ( 'NONE',  ( 0.000000000000000000, 1.000000000000000000, 0.000000000000000000 ) ) ;
#3023 = PERSON_AND_ORGANIZATION_ROLE ( 'design_supplier' ) ;
#3024 = DIRECTION ( 'NONE',  ( -1.000000000000000000, 0.000000000000000000, -0.000000000000000000 ) ) ;
#3025 = EDGE_CURVE ( 'NONE', #186, #600, #1641, .T. ) ;
#3026 = EDGE_CURVE ( 'NONE', #773, #1753, #2335, .T. ) ;
#3027 = VERTEX_POINT ( 'NONE', #2900 ) ;
#3028 = CARTESIAN_POINT ( 'NONE',  ( -100.0000000000000000, -2.999999999999999112, -57.00000000000000000 ) ) ;
#3029 = VECTOR ( 'NONE', #1984, 1000.000000000000000 ) ;
#3031 = VERTEX_POINT ( 'NONE', #697 ) ;
#3030 = AXIS2_PLACEMENT_3D ( 'NONE', #2501, #2268, #1486 ) ;
#3032 = LINE ( 'NONE', #832, #203 ) ;
#3033 = CARTESIAN_POINT ( 'NONE',  ( 30.00000000000000000, -4.000000000000000000, 43.29999999999999716 ) ) ;
#3034 = ORIENTED_EDGE ( 'NONE', *, *, #3025, .T. ) ;
#3035 = DIRECTION ( 'NONE',  ( -1.000000000000000000, -0.000000000000000000, -0.000000000000000000 ) ) ;
#3036 = VECTOR ( 'NONE', #3065, 1000.000000000000000 ) ;
#3037 = VECTOR ( 'NONE', #680, 1000.000000000000000 ) ;
#3038 = DIRECTION ( 'NONE',  ( 0.000000000000000000, 1.000000000000000000, 0.000000000000000000 ) ) ;
#3039 = CARTESIAN_POINT ( 'NONE',  ( 81.00000000000000000, 0.000000000000000000, 43.29999999999999716 ) ) ;
#3040 = PERSON_AND_ORGANIZATION ( #1627, #1270 ) ;
#3041 = CARTESIAN_POINT ( 'NONE',  ( -107.0000000000000000, -37.00000000000000000, 64.50000000000000000 ) ) ;
#3042 = CARTESIAN_POINT ( 'NONE',  ( 0.000000000000000000, -37.00000000000000000, 0.000000000000000000 ) ) ;
#3043 = CC_DESIGN_PERSON_AND_ORGANIZATION_ASSIGNMENT ( #1100, #1814, ( #1433 ) ) ;
#3044 = EDGE_CURVE ( 'NONE', #1924, #1221, #1657, .T. ) ;
#3045 = VERTEX_POINT ( 'NONE', #2641 ) ;
#3046 = FACE_OUTER_BOUND ( 'NONE', #2325, .T. ) ;
#3047 = AXIS2_PLACEMENT_3D ( 'NONE', #2029, #583, #1543 ) ;
#3048 = ORIENTED_EDGE ( 'NONE', *, *, #783, .F. ) ;
#3049 = CARTESIAN_POINT ( 'NONE',  ( 95.00000000000000000, -4.000000000000000000, -49.00000000000000000 ) ) ;
#3050 = EDGE_CURVE ( 'NONE', #640, #2457, #1918, .T. ) ;
#3051 = FACE_OUTER_BOUND ( 'NONE', #88, .T. ) ;
#3052 = EDGE_CURVE ( 'NONE', #1398, #1189, #1981, .T. ) ;
#3053 = ORIENTED_EDGE ( 'NONE', *, *, #1054, .F. ) ;
#3054 = LINE ( 'NONE', #1538, #361 ) ;
#3055 = CARTESIAN_POINT ( 'NONE',  ( 107.0000000000000000, -37.00000000000000000, 67.50000000000000000 ) ) ;
#3056 = DIRECTION ( 'NONE',  ( 0.000000000000000000, 0.000000000000000000, -1.000000000000000000 ) ) ;
#3057 = LINE ( 'NONE', #663, #885 ) ;
#3058 = CARTESIAN_POINT ( 'NONE',  ( -41.99999999999999289, -3.000000000000002665, 64.50000000000000000 ) ) ;
#3059 = CYLINDRICAL_SURFACE ( 'NONE', #875, 1.599999999999997202 ) ;
#3060 = VERTEX_POINT ( 'NONE', #2575 ) ;
#3061 = FACE_OUTER_BOUND ( 'NONE', #132, .T. ) ;
#3062 = APPROVAL_PERSON_ORGANIZATION ( #2254, #2745, #2318 ) ;
#3063 = VERTEX_POINT ( 'NONE', #2608 ) ;
#3064 = LINE ( 'NONE', #2066, #1772 ) ;
#3065 = DIRECTION ( 'NONE',  ( 0.000000000000000000, 0.000000000000000000, -1.000000000000000000 ) ) ;
#3066 = ORIENTED_EDGE ( 'NONE', *, *, #2728, .F. ) ;
#3067 = LINE ( 'NONE', #577, #1017 ) ;
#3068 = CIRCLE ( 'NONE', #310, 5.000000000000004441 ) ;
#3069 = EDGE_CURVE ( 'NONE', #156, #186, #428, .T. ) ;
#3071 = EDGE_CURVE ( 'NONE', #2423, #2530, #397, .T. ) ;
#3070 = VECTOR ( 'NONE', #3137, 1000.000000000000000 ) ;
#3072 = LINE ( 'NONE', #2314, #560 ) ;
#3073 = DIRECTION ( 'NONE',  ( 0.000000000000000000, 0.000000000000000000, 1.000000000000000000 ) ) ;
#3074 = VECTOR ( 'NONE', #2553, 1000.000000000000000 ) ;
#3075 = FACE_OUTER_BOUND ( 'NONE', #982, .T. ) ;
#3076 = DIRECTION ( 'NONE',  ( 0.000000000000000000, 0.000000000000000000, 1.000000000000000000 ) ) ;
#3077 = PLANE ( 'NONE',  #2090 ) ;
#3078 = CARTESIAN_POINT ( 'NONE',  ( 81.00000000000000000, 0.000000000000000000, -26.30000000000000071 ) ) ;
#3079 = VERTEX_POINT ( 'NONE', #2430 ) ;
#3080 = AXIS2_PLACEMENT_3D ( 'NONE', #1096, #1081, #593 ) ;
#3081 = ORIENTED_EDGE ( 'NONE', *, *, #3071, .F. ) ;
#3082 = DIRECTION ( 'NONE',  ( 0.000000000000000000, -0.000000000000000000, -1.000000000000000000 ) ) ;
#3083 = EDGE_LOOP ( 'NONE', ( #1720, #296, #2722, #494 ) ) ;
#3084 = LINE ( 'NONE', #1617, #2667 ) ;
#3085 = DIRECTION ( 'NONE',  ( 0.000000000000000000, 0.000000000000000000, -1.000000000000000000 ) ) ;
#3086 = EDGE_CURVE ( 'NONE', #314, #2735, #2660, .T. ) ;
#3087 = EDGE_CURVE ( 'NONE', #348, #369, #1675, .T. ) ;
#3088 = CIRCLE ( 'NONE', #1192, 1.600000000000004086 ) ;
#3089 = PLANE ( 'NONE',  #1401 ) ;
#3090 = DIRECTION ( 'NONE',  ( 1.000000000000000000, 0.000000000000000000, 0.000000000000000000 ) ) ;
#3091 = PLANE ( 'NONE',  #2070 ) ;
#3092 = CARTESIAN_POINT ( 'NONE',  ( -92.44322356371698390, -3.000000000000000000, -64.50000000000000000 ) ) ;
#3093 = VECTOR ( 'NONE', #1195, 1000.000000000000000 ) ;
#3094 = PLANE ( 'NONE',  #3120 ) ;
#3095 = CARTESIAN_POINT ( 'NONE',  ( 28.00000000000000000, -3.000000000000000000, -49.00000000000000000 ) ) ;
#3096 = ORIENTED_EDGE ( 'NONE', *, *, #1359, .T. ) ;
#3097 = CYLINDRICAL_SURFACE ( 'NONE', #1271, 1.599999999999997202 ) ;
#3098 = ORIENTED_EDGE ( 'NONE', *, *, #1186, .F. ) ;
#3099 = CARTESIAN_POINT ( 'NONE',  ( -11.00000000000000000, -4.000000000000000000, 43.29999999999999716 ) ) ;
#3100 = AXIS2_PLACEMENT_3D ( 'NONE', #564, #1993, #2975 ) ;
#3101 = ORIENTED_EDGE ( 'NONE', *, *, #683, .F. ) ;
#3102 = DIRECTION ( 'NONE',  ( 0.000000000000000000, 0.000000000000000000, -1.000000000000000000 ) ) ;
#3103 = PLANE ( 'NONE',  #995 ) ;
#3104 = CARTESIAN_POINT ( 'NONE',  ( 100.0000000000000000, -2.999999999999999112, 52.00000000000000000 ) ) ;
#3105 = CARTESIAN_POINT ( 'NONE',  ( -80.00000000000000000, 0.000000000000000000, -7.700000000000000178 ) ) ;
#3106 = DIRECTION ( 'NONE',  ( 0.000000000000000000, 1.000000000000000000, 0.000000000000000000 ) ) ;
#3107 = EDGE_CURVE ( 'NONE', #3157, #1009, #1691, .T. ) ;
#3108 = EDGE_CURVE ( 'NONE', #2013, #589, #2672, .T. ) ;
#3109 = DIRECTION ( 'NONE',  ( -0.000000000000000000, 1.000000000000000000, -0.000000000000000000 ) ) ;
#3110 = LINE ( 'NONE', #712, #1173 ) ;
#3111 = VERTEX_POINT ( 'NONE', #504 ) ;
#3112 = CARTESIAN_POINT ( 'NONE',  ( 96.00000000000000000, -7.000000000000000000, -12.00000000000000000 ) ) ;
#3113 = ORIENTED_EDGE ( 'NONE', *, *, #2572, .T. ) ;
#3114 = LINE ( 'NONE', #1632, #167 ) ;
#3115 = AXIS2_PLACEMENT_3D ( 'NONE', #1082, #3038, #853 ) ;
#3116 = AXIS2_PLACEMENT_3D ( 'NONE', #1314, #1776, #104 ) ;
#3117 = ORIENTED_EDGE ( 'NONE', *, *, #151, .T. ) ;
#3118 = ORIENTED_EDGE ( 'NONE', *, *, #270, .F. ) ;
#3119 = DIRECTION ( 'NONE',  ( 0.000000000000000000, 0.000000000000000000, 1.000000000000000000 ) ) ;
#3120 = AXIS2_PLACEMENT_3D ( 'NONE', #1155, #1852, #1088 ) ;
#3121 = FACE_OUTER_BOUND ( 'NONE', #1683, .T. ) ;
#3122 = DIRECTION ( 'NONE',  ( 0.000000000000000000, 1.000000000000000000, 0.000000000000000000 ) ) ;
#3123 = DIRECTION ( 'NONE',  ( 0.000000000000000000, 1.000000000000000000, 0.000000000000000000 ) ) ;
#3124 = DIRECTION ( 'NONE',  ( 0.000000000000000000, 0.000000000000000000, -1.000000000000000000 ) ) ;
#3125 = EDGE_CURVE ( 'NONE', #1193, #1409, #2203, .T. ) ;
#3126 = ADVANCED_FACE ( 'NONE', ( #2413 ), #2231, .T. ) ;
#3127 = VERTEX_POINT ( 'NONE', #227 ) ;
#3128 = LINE ( 'NONE', #2386, #643 ) ;
#3129 = ORIENTED_EDGE ( 'NONE', *, *, #2593, .T. ) ;
#3130 = ORIENTED_EDGE ( 'NONE', *, *, #31, .T. ) ;
#3131 = DIRECTION ( 'NONE',  ( 0.000000000000000000, -1.000000000000000000, 0.000000000000000000 ) ) ;
#3132 = EDGE_LOOP ( 'NONE', ( #1994, #1247, #914, #2935 ) ) ;
#3133 = ORIENTED_EDGE ( 'NONE', *, *, #1225, .T. ) ;
#3134 = CARTESIAN_POINT ( 'NONE',  ( -48.00000000000000000, -7.000000000000000000, -63.00000000000000000 ) ) ;
#3135 = CARTESIAN_POINT ( 'NONE',  ( -110.0000000000000000, -3.000000000000000000, -67.50000000000000000 ) ) ;
#3136 = VECTOR ( 'NONE', #2185, 1000.000000000000000 ) ;
#3137 = DIRECTION ( 'NONE',  ( 0.000000000000000000, 1.000000000000000000, 0.000000000000000000 ) ) ;
#3138 = LINE ( 'NONE', #1640, #2621 ) ;
#3139 = DIRECTION ( 'NONE',  ( 0.000000000000000000, 0.000000000000000000, -1.000000000000000000 ) ) ;
#3140 = VECTOR ( 'NONE', #1152, 1000.000000000000000 ) ;
#3141 = EDGE_CURVE ( 'NONE', #3031, #567, #2219, .T. ) ;
#3142 = ORIENTED_EDGE ( 'NONE', *, *, #1402, .F. ) ;
#3143 = VERTEX_POINT ( 'NONE', #2933 ) ;
#3144 = ORIENTED_EDGE ( 'NONE', *, *, #1802, .T. ) ;
#3145 = FACE_OUTER_BOUND ( 'NONE', #463, .T. ) ;
#3146 = VERTEX_POINT ( 'NONE', #1974 ) ;
#3147 = EDGE_CURVE ( 'NONE', #1113, #567, #489, .T. ) ;
#3148 = ADVANCED_FACE ( 'NONE', ( #967 ), #259, .T. ) ;
#3149 = ORIENTED_EDGE ( 'NONE', *, *, #1456, .T. ) ;
#3150 = DIRECTION ( 'NONE',  ( 0.000000000000000000, 1.000000000000000000, 0.000000000000000000 ) ) ;
#3151 = VECTOR ( 'NONE', #2098, 1000.000000000000000 ) ;
#3152 = CARTESIAN_POINT ( 'NONE',  ( 95.00000000000000000, -3.000000000000000000, -49.00000000000000000 ) ) ;
#3153 = DIRECTION ( 'NONE',  ( 0.000000000000000000, 1.000000000000000000, 0.000000000000000000 ) ) ;
#3154 = DIRECTION ( 'NONE',  ( 0.000000000000000000, 0.000000000000000000, 1.000000000000000000 ) ) ;
#3155 = DIRECTION ( 'NONE',  ( -1.000000000000000000, 0.000000000000000000, 0.000000000000000000 ) ) ;
#3156 = VERTEX_POINT ( 'NONE', #1229 ) ;
#3157 = VERTEX_POINT ( 'NONE', #275 ) ;
#3158 = ORIENTED_EDGE ( 'NONE', *, *, #2381, .T. ) ;
#3159 = FACE_OUTER_BOUND ( 'NONE', #2598, .T. ) ;
#3160 = VECTOR ( 'NONE', #1651, 1000.000000000000000 ) ;
#3161 = ORIENTED_EDGE ( 'NONE', *, *, #2746, .T. ) ;
#3162 = CYLINDRICAL_SURFACE ( 'NONE', #742, 1.600000000000004086 ) ;
#3163 = DIRECTION ( 'NONE',  ( -1.000000000000000000, 0.000000000000000000, 0.000000000000000000 ) ) ;
#3164 = EDGE_CURVE ( 'NONE', #734, #1790, #2655, .T. ) ;
#3165 = ADVANCED_FACE ( 'NONE', ( #1673 ), #1932, .F. ) ;
#3166 = DIRECTION ( 'NONE',  ( 0.000000000000000000, 1.000000000000000000, 0.000000000000000000 ) ) ;
#3167 = CC_DESIGN_APPROVAL ( #2467, ( #926 ) ) ;
ENDSEC;
END-ISO-10303-21;
