ISO-10303-21;
HEADER;
FILE_DESCRIPTION (( 'STEP AP203' ),
    '1' );
FILE_NAME ('mars_lander_control_box_base_v1p2.step',
    '2026-07-26T09:24:00',
    ( '' ),
    ( '' ),
    'SwSTEP 2.0',
    'SolidWorks 2022',
    '' );
FILE_SCHEMA (( 'CONFIG_CONTROL_DESIGN' ));
ENDSEC;

DATA;
#1 = EDGE_LOOP ( 'NONE', ( #127, #1312 ) ) ;
#2 = CARTESIAN_POINT ( 'NONE',  ( 0.000000000000000000, -3.000000000000000000, 46.70000000000000284 ) ) ;
#3 = ADVANCED_FACE ( 'NONE', ( #220 ), #2371, .F. ) ;
#4 = DIRECTION ( 'NONE',  ( -0.000000000000000000, -0.000000000000000000, 1.000000000000000000 ) ) ;
#5 = ORIENTED_EDGE ( 'NONE', *, *, #1847, .F. ) ;
#6 = FACE_OUTER_BOUND ( 'NONE', #2859, .T. ) ;
#7 = LINE ( 'NONE', #2144, #2273 ) ;
#8 = EDGE_CURVE ( 'NONE', #731, #2096, #479, .T. ) ;
#9 = LINE ( 'NONE', #263, #1455 ) ;
#10 = VERTEX_POINT ( 'NONE', #2390 ) ;
#11 = ORIENTED_EDGE ( 'NONE', *, *, #1868, .F. ) ;
#12 = DIRECTION ( 'NONE',  ( 0.000000000000000000, 0.000000000000000000, -1.000000000000000000 ) ) ;
#13 = CIRCLE ( 'NONE', #1150, 1.350000000000004086 ) ;
#14 = PLANE ( 'NONE',  #2941 ) ;
#15 = CIRCLE ( 'NONE', #425, 5.000000000000004441 ) ;
#16 = ORIENTED_EDGE ( 'NONE', *, *, #1094, .T. ) ;
#17 = DIRECTION ( 'NONE',  ( -0.000000000000000000, 1.000000000000000000, -0.000000000000000000 ) ) ;
#18 = PLANE ( 'NONE',  #1212 ) ;
#19 = AXIS2_PLACEMENT_3D ( 'NONE', #1356, #1303, #1815 ) ;
#20 = ORIENTED_EDGE ( 'NONE', *, *, #1003, .T. ) ;
#21 =( GEOMETRIC_REPRESENTATION_CONTEXT ( 3 ) GLOBAL_UNCERTAINTY_ASSIGNED_CONTEXT ( ( #2861 ) ) GLOBAL_UNIT_ASSIGNED_CONTEXT ( ( #1284, #2269, #1008 ) ) REPRESENTATION_CONTEXT ( 'NONE', 'WORKASPACE' ) );
#22 = DIRECTION ( 'NONE',  ( 0.000000000000000000, 1.000000000000000000, 0.000000000000000000 ) ) ;
#23 = VECTOR ( 'NONE', #1036, 1000.000000000000000 ) ;
#24 = EDGE_CURVE ( 'NONE', #1808, #1498, #1163, .T. ) ;
#25 = DIRECTION ( 'NONE',  ( 0.000000000000000000, 1.000000000000000000, 0.000000000000000000 ) ) ;
#26 = CARTESIAN_POINT ( 'NONE',  ( 77.00000000000000000, -3.000000000000000000, -0.000000000000000000 ) ) ;
#27 = VERTEX_POINT ( 'NONE', #1081 ) ;
#28 = VERTEX_POINT ( 'NONE', #1818 ) ;
#29 = ORIENTED_EDGE ( 'NONE', *, *, #2406, .T. ) ;
#30 = LINE ( 'NONE', #1728, #2382 ) ;
#31 = CIRCLE ( 'NONE', #2589, 5.000000000000004441 ) ;
#32 = EDGE_CURVE ( 'NONE', #373, #1232, #56, .T. ) ;
#33 = PLANE ( 'NONE',  #2789 ) ;
#34 = PERSON_AND_ORGANIZATION_ROLE ( 'creator' ) ;
#35 = EDGE_LOOP ( 'NONE', ( #1226, #408, #2616, #57 ) ) ;
#36 = FACE_OUTER_BOUND ( 'NONE', #2925, .T. ) ;
#37 = LINE ( 'NONE', #1028, #1114 ) ;
#38 = ORIENTED_EDGE ( 'NONE', *, *, #2505, .F. ) ;
#39 = VERTEX_POINT ( 'NONE', #1805 ) ;
#40 = CARTESIAN_POINT ( 'NONE',  ( -78.00000000000000000, -37.00000000000000000, 67.50000000000000000 ) ) ;
#41 = LINE ( 'NONE', #513, #2116 ) ;
#42 = LINE ( 'NONE', #1481, #2160 ) ;
#43 = ORIENTED_EDGE ( 'NONE', *, *, #2014, .T. ) ;
#44 = ORIENTED_EDGE ( 'NONE', *, *, #1639, .F. ) ;
#45 = ORIENTED_EDGE ( 'NONE', *, *, #720, .F. ) ;
#46 = CARTESIAN_POINT ( 'NONE',  ( -93.00000000000000000, -7.000000000000000000, -61.39999999999999858 ) ) ;
#47 = ADVANCED_FACE ( 'NONE', ( #574 ), #2761, .F. ) ;
#48 = LINE ( 'NONE', #364, #1540 ) ;
#49 = APPLICATION_PROTOCOL_DEFINITION ( 'international standard', 'config_control_design', 1994, #2730 ) ;
#50 = EDGE_CURVE ( 'NONE', #739, #1067, #1559, .T. ) ;
#51 = DIRECTION ( 'NONE',  ( 0.000000000000000000, 0.000000000000000000, -1.000000000000000000 ) ) ;
#52 = DIRECTION ( 'NONE',  ( 0.000000000000000000, 1.000000000000000000, 0.000000000000000000 ) ) ;
#53 = ORIENTED_EDGE ( 'NONE', *, *, #1996, .T. ) ;
#54 = DIRECTION ( 'NONE',  ( -0.000000000000000000, -0.000000000000000000, 1.000000000000000000 ) ) ;
#55 = LINE ( 'NONE', #3000, #2325 ) ;
#56 = LINE ( 'NONE', #2529, #1986 ) ;
#57 = ORIENTED_EDGE ( 'NONE', *, *, #2673, .F. ) ;
#58 = ORIENTED_EDGE ( 'NONE', *, *, #2147, .F. ) ;
#59 = VERTEX_POINT ( 'NONE', #2731 ) ;
#60 = ORIENTED_EDGE ( 'NONE', *, *, #289, .T. ) ;
#61 = EDGE_CURVE ( 'NONE', #406, #3084, #802, .T. ) ;
#62 = CYLINDRICAL_SURFACE ( 'NONE', #2475, 5.000000000000004441 ) ;
#63 = CYLINDRICAL_SURFACE ( 'NONE', #1730, 1.350000000000004086 ) ;
#64 = AXIS2_PLACEMENT_3D ( 'NONE', #2244, #230, #2193 ) ;
#65 = AXIS2_PLACEMENT_3D ( 'NONE', #419, #2854, #1649 ) ;
#66 = ORIENTED_EDGE ( 'NONE', *, *, #1609, .T. ) ;
#67 = DIRECTION ( 'NONE',  ( 0.000000000000000000, 0.000000000000000000, 1.000000000000000000 ) ) ;
#68 = VECTOR ( 'NONE', #1504, 1000.000000000000000 ) ;
#69 = ADVANCED_FACE ( 'NONE', ( #832 ), #2499, .F. ) ;
#70 = CARTESIAN_POINT ( 'NONE',  ( -100.0000000000000000, -34.00000000000000000, -57.00000000000000000 ) ) ;
#71 = FACE_OUTER_BOUND ( 'NONE', #2149, .T. ) ;
#72 = FACE_BOUND ( 'NONE', #2084, .T. ) ;
#73 = ADVANCED_FACE ( 'NONE', ( #2779 ), #3002, .F. ) ;
#74 = CIRCLE ( 'NONE', #2484, 5.000000000000004441 ) ;
#75 = CYLINDRICAL_SURFACE ( 'NONE', #19, 5.000000000000004441 ) ;
#76 = EDGE_CURVE ( 'NONE', #449, #2100, #31, .T. ) ;
#77 = VECTOR ( 'NONE', #1835, 1000.000000000000000 ) ;
#78 = CARTESIAN_POINT ( 'NONE',  ( -48.00000000000000000, -7.000000000000000000, -18.00000000000000000 ) ) ;
#79 = ORIENTED_EDGE ( 'NONE', *, *, #1980, .T. ) ;
#80 = VECTOR ( 'NONE', #2151, 1000.000000000000000 ) ;
#81 = ORIENTED_EDGE ( 'NONE', *, *, #2619, .F. ) ;
#82 = VECTOR ( 'NONE', #1978, 1000.000000000000000 ) ;
#83 = ORIENTED_EDGE ( 'NONE', *, *, #2114, .F. ) ;
#84 = ORIENTED_EDGE ( 'NONE', *, *, #339, .T. ) ;
#85 = LINE ( 'NONE', #1777, #82 ) ;
#86 = ORIENTED_EDGE ( 'NONE', *, *, #1362, .F. ) ;
#87 = AXIS2_PLACEMENT_3D ( 'NONE', #559, #261, #497 ) ;
#88 = DIRECTION ( 'NONE',  ( 0.000000000000000000, 0.000000000000000000, 1.000000000000000000 ) ) ;
#89 = FACE_OUTER_BOUND ( 'NONE', #1294, .T. ) ;
#90 = CC_DESIGN_PERSON_AND_ORGANIZATION_ASSIGNMENT ( #2980, #34, ( #1701 ) ) ;
#91 = CYLINDRICAL_SURFACE ( 'NONE', #838, 1.599999999999997202 ) ;
#92 = FACE_BOUND ( 'NONE', #2308, .T. ) ;
#93 = DIRECTION ( 'NONE',  ( 0.000000000000000000, 0.000000000000000000, 1.000000000000000000 ) ) ;
#94 = CARTESIAN_POINT ( 'NONE',  ( 69.00000000000000000, -4.000000000000000000, 46.70000000000000284 ) ) ;
#95 = EDGE_CURVE ( 'NONE', #1965, #2096, #1066, .T. ) ;
#96 = EDGE_LOOP ( 'NONE', ( #1637, #1577, #2202, #1852 ) ) ;
#97 = ORIENTED_EDGE ( 'NONE', *, *, #2753, .F. ) ;
#98 = EDGE_LOOP ( 'NONE', ( #596, #2911, #684, #646 ) ) ;
#99 = PLANE ( 'NONE',  #1419 ) ;
#100 = VERTEX_POINT ( 'NONE', #296 ) ;
#101 = LINE ( 'NONE', #3025, #954 ) ;
#102 = PERSON_AND_ORGANIZATION ( #869, #178 ) ;
#103 = CARTESIAN_POINT ( 'NONE',  ( -48.55677643628300189, -7.000000000000000000, -64.50000000000000000 ) ) ;
#104 = FACE_BOUND ( 'NONE', #762, .T. ) ;
#105 = CARTESIAN_POINT ( 'NONE',  ( 96.00000000000000000, -3.000000000000000000, 28.39999999999999503 ) ) ;
#106 = CARTESIAN_POINT ( 'NONE',  ( -100.0000000000000000, -30.00000000000000000, -55.64999999999999858 ) ) ;
#107 = CARTESIAN_POINT ( 'NONE',  ( 100.0000000000000000, -30.00000000000000000, -62.00000000000000711 ) ) ;
#108 = ADVANCED_FACE ( 'NONE', ( #1328 ), #1290, .T. ) ;
#109 = CARTESIAN_POINT ( 'NONE',  ( 18.00000000000000355, -37.00000000000000000, 64.50000000000000000 ) ) ;
#110 = VERTEX_POINT ( 'NONE', #346 ) ;
#111 = ORIENTED_EDGE ( 'NONE', *, *, #1096, .T. ) ;
#112 = VERTEX_POINT ( 'NONE', #1343 ) ;
#113 = LINE ( 'NONE', #2578, #2990 ) ;
#114 = EDGE_CURVE ( 'NONE', #526, #2267, #2521, .T. ) ;
#115 = ORIENTED_EDGE ( 'NONE', *, *, #1289, .T. ) ;
#116 = ORIENTED_EDGE ( 'NONE', *, *, #1723, .T. ) ;
#117 = CYLINDRICAL_SURFACE ( 'NONE', #1269, 1.350000000000004086 ) ;
#118 = VECTOR ( 'NONE', #2128, 1000.000000000000000 ) ;
#119 = DIRECTION ( 'NONE',  ( 0.000000000000000000, 0.000000000000000000, 1.000000000000000000 ) ) ;
#120 = DIRECTION ( 'NONE',  ( 0.000000000000000000, 1.000000000000000000, 0.000000000000000000 ) ) ;
#121 = CARTESIAN_POINT ( 'NONE',  ( 100.0000000000000000, -2.999999999999999112, 57.00000000000000000 ) ) ;
#122 = CIRCLE ( 'NONE', #941, 1.350000000000004086 ) ;
#123 = DIRECTION ( 'NONE',  ( 0.000000000000000000, 0.000000000000000000, -1.000000000000000000 ) ) ;
#124 = VECTOR ( 'NONE', #1644, 1000.000000000000000 ) ;
#125 = CARTESIAN_POINT ( 'NONE',  ( -100.0000000000000000, -30.00000000000000000, 57.00000000000000000 ) ) ;
#126 = EDGE_LOOP ( 'NONE', ( #2933, #1721, #2309, #1914 ) ) ;
#127 = ORIENTED_EDGE ( 'NONE', *, *, #766, .F. ) ;
#128 = APPROVAL ( #1380, '未指定' ) ;
#129 = CARTESIAN_POINT ( 'NONE',  ( -93.00000000000000000, -7.000000000000000000, -18.00000000000000000 ) ) ;
#130 = VECTOR ( 'NONE', #2756, 1000.000000000000000 ) ;
#131 = VECTOR ( 'NONE', #2758, 1000.000000000000000 ) ;
#132 = CIRCLE ( 'NONE', #1975, 1.600000000000000755 ) ;
#133 = ORIENTED_EDGE ( 'NONE', *, *, #1524, .T. ) ;
#134 = FACE_BOUND ( 'NONE', #2148, .T. ) ;
#135 = VECTOR ( 'NONE', #2053, 1000.000000000000000 ) ;
#136 = DATE_AND_TIME ( #3062, #3138 ) ;
#137 = ADVANCED_FACE ( 'NONE', ( #2306 ), #1542, .F. ) ;
#138 = CARTESIAN_POINT ( 'NONE',  ( 96.00000000000000000, -7.000000000000000000, -10.39999999999999680 ) ) ;
#139 = FACE_OUTER_BOUND ( 'NONE', #98, .T. ) ;
#140 = CARTESIAN_POINT ( 'NONE',  ( 1.000000000000000000, -3.000000000000000000, 43.29999999999999716 ) ) ;
#141 = VERTEX_POINT ( 'NONE', #2035 ) ;
#142 = DIRECTION ( 'NONE',  ( 0.000000000000000000, 0.000000000000000000, -1.000000000000000000 ) ) ;
#143 = DIRECTION ( 'NONE',  ( 0.000000000000000000, 0.000000000000000000, 1.000000000000000000 ) ) ;
#144 = ORIENTED_EDGE ( 'NONE', *, *, #1788, .F. ) ;
#145 = EDGE_LOOP ( 'NONE', ( #1088, #1246 ) ) ;
#146 = LINE ( 'NONE', #1135, #135 ) ;
#147 = ORIENTED_EDGE ( 'NONE', *, *, #1097, .F. ) ;
#148 = ORIENTED_EDGE ( 'NONE', *, *, #1918, .F. ) ;
#149 = CALENDAR_DATE ( 2026, 26, 7 ) ;
#150 = DIRECTION ( 'NONE',  ( 0.000000000000000000, 1.000000000000000000, 0.000000000000000000 ) ) ;
#151 = FACE_OUTER_BOUND ( 'NONE', #2164, .T. ) ;
#152 = EDGE_CURVE ( 'NONE', #406, #466, #3035, .T. ) ;
#153 = LINE ( 'NONE', #1140, #1659 ) ;
#154 = LINE ( 'NONE', #1634, #1374 ) ;
#155 = DIRECTION ( 'NONE',  ( -1.000000000000000000, 0.000000000000000000, 0.000000000000000000 ) ) ;
#156 = VERTEX_POINT ( 'NONE', #608 ) ;
#157 = ORIENTED_EDGE ( 'NONE', *, *, #1362, .T. ) ;
#158 = LINE ( 'NONE', #3085, #594 ) ;
#159 = FACE_OUTER_BOUND ( 'NONE', #2450, .T. ) ;
#160 = EDGE_CURVE ( 'NONE', #1526, #2262, #314, .T. ) ;
#161 = DIRECTION ( 'NONE',  ( 0.000000000000000000, 0.000000000000000000, -1.000000000000000000 ) ) ;
#162 = CARTESIAN_POINT ( 'NONE',  ( -93.00000000000000000, -3.000000000000000000, -61.39999999999999858 ) ) ;
#163 = DIRECTION ( 'NONE',  ( 0.000000000000000000, 1.000000000000000000, 0.000000000000000000 ) ) ;
#164 = AXIS2_PLACEMENT_3D ( 'NONE', #3087, #2495, #292 ) ;
#165 = EDGE_CURVE ( 'NONE', #567, #653, #1149, .T. ) ;
#166 = CARTESIAN_POINT ( 'NONE',  ( -12.00000000000000000, -37.00000000000000000, 67.50000000000000000 ) ) ;
#167 = CIRCLE ( 'NONE', #1562, 1.600000000000004086 ) ;
#168 = CARTESIAN_POINT ( 'NONE',  ( -93.00000000000000000, -7.000000000000000000, -19.60000000000000142 ) ) ;
#169 = ORIENTED_EDGE ( 'NONE', *, *, #1732, .T. ) ;
#170 = EDGE_LOOP ( 'NONE', ( #2549, #2021 ) ) ;
#171 = EDGE_CURVE ( 'NONE', #2574, #1134, #2111, .T. ) ;
#172 = DIRECTION ( 'NONE',  ( 0.000000000000000000, 1.000000000000000000, 0.000000000000000000 ) ) ;
#173 = VECTOR ( 'NONE', #586, 1000.000000000000000 ) ;
#174 = CIRCLE ( 'NONE', #636, 1.599999999999997202 ) ;
#175 = DIRECTION ( 'NONE',  ( -0.000000000000000000, 1.000000000000000000, -0.000000000000000000 ) ) ;
#176 = LINE ( 'NONE', #481, #1782 ) ;
#177 = VECTOR ( 'NONE', #2274, 1000.000000000000000 ) ;
#178 = ORGANIZATION ( '未指定', '未指定', '' ) ;
#179 = AXIS2_PLACEMENT_3D ( 'NONE', #1567, #863, #316 ) ;
#180 = VECTOR ( 'NONE', #202, 1000.000000000000000 ) ;
#181 = CARTESIAN_POINT ( 'NONE',  ( -100.0000000000000000, -2.999999999999999112, 57.00000000000000000 ) ) ;
#182 = CARTESIAN_POINT ( 'NONE',  ( 18.00000000000000355, -37.00000000000000000, 67.50000000000000000 ) ) ;
#183 = CARTESIAN_POINT ( 'NONE',  ( 81.00000000000000000, -4.000000000000000000, -29.69999999999999929 ) ) ;
#184 = CYLINDRICAL_SURFACE ( 'NONE', #2281, 1.600000000000004086 ) ;
#185 = CIRCLE ( 'NONE', #1167, 1.600000000000004086 ) ;
#186 = CARTESIAN_POINT ( 'NONE',  ( 69.00000000000000000, 0.000000000000000000, -26.30000000000000071 ) ) ;
#187 = ORIENTED_EDGE ( 'NONE', *, *, #655, .F. ) ;
#188 = VERTEX_POINT ( 'NONE', #665 ) ;
#189 = CARTESIAN_POINT ( 'NONE',  ( -48.00000000000000000, -7.000000000000000000, -18.00000000000000000 ) ) ;
#190 = PLANE ( 'NONE',  #628 ) ;
#191 = ADVANCED_FACE ( 'NONE', ( #2840 ), #1848, .T. ) ;
#192 = CARTESIAN_POINT ( 'NONE',  ( 100.0000000000000000, -34.00000000000000000, 58.35000000000000853 ) ) ;
#193 = DIRECTION ( 'NONE',  ( -0.000000000000000000, 1.000000000000000000, -0.000000000000000000 ) ) ;
#194 = VERTEX_POINT ( 'NONE', #168 ) ;
#195 = ORIENTED_EDGE ( 'NONE', *, *, #1618, .F. ) ;
#196 = DIRECTION ( 'NONE',  ( 0.000000000000000000, 0.000000000000000000, 1.000000000000000000 ) ) ;
#197 = CARTESIAN_POINT ( 'NONE',  ( 100.0000000000000000, -30.00000000000000000, 52.00000000000000000 ) ) ;
#198 = FACE_OUTER_BOUND ( 'NONE', #311, .T. ) ;
#199 = FACE_OUTER_BOUND ( 'NONE', #1921, .T. ) ;
#200 = ORIENTED_EDGE ( 'NONE', *, *, #1287, .F. ) ;
#201 = VERTEX_POINT ( 'NONE', #2573 ) ;
#202 = DIRECTION ( 'NONE',  ( 0.000000000000000000, 0.000000000000000000, 1.000000000000000000 ) ) ;
#203 = EDGE_CURVE ( 'NONE', #2037, #2228, #1157, .T. ) ;
#204 = CARTESIAN_POINT ( 'NONE',  ( -0.000000000000000000, -3.000000000000000000, 64.50000000000000000 ) ) ;
#205 = ORIENTED_EDGE ( 'NONE', *, *, #1485, .F. ) ;
#206 = CYLINDRICAL_SURFACE ( 'NONE', #3090, 1.600000000000004086 ) ;
#207 = EDGE_CURVE ( 'NONE', #1330, #315, #926, .T. ) ;
#208 = ORIENTED_EDGE ( 'NONE', *, *, #1876, .F. ) ;
#209 = LINE ( 'NONE', #2426, #334 ) ;
#210 = PLANE ( 'NONE',  #430 ) ;
#211 = ORIENTED_EDGE ( 'NONE', *, *, #2905, .T. ) ;
#212 = DIRECTION ( 'NONE',  ( 0.000000000000000000, 1.000000000000000000, 0.000000000000000000 ) ) ;
#213 = DIRECTION ( 'NONE',  ( -0.000000000000000000, 1.000000000000000000, -0.000000000000000000 ) ) ;
#214 = AXIS2_PLACEMENT_3D ( 'NONE', #786, #818, #561 ) ;
#215 = LINE ( 'NONE', #3142, #2723 ) ;
#216 = CARTESIAN_POINT ( 'NONE',  ( -107.0000000000000000, -3.000000000000000000, 0.000000000000000000 ) ) ;
#217 = AXIS2_PLACEMENT_3D ( 'NONE', #507, #3154, #2695 ) ;
#218 = CARTESIAN_POINT ( 'NONE',  ( -80.00000000000000000, -4.000000000000000000, -7.700000000000000178 ) ) ;
#219 = LINE ( 'NONE', #2665, #3078 ) ;
#220 = FACE_OUTER_BOUND ( 'NONE', #351, .T. ) ;
#221 = CARTESIAN_POINT ( 'NONE',  ( -100.0000000000000000, -30.00000000000000000, -57.00000000000000000 ) ) ;
#222 = VECTOR ( 'NONE', #504, 1000.000000000000000 ) ;
#223 = ORIENTED_EDGE ( 'NONE', *, *, #2542, .T. ) ;
#224 = DIRECTION ( 'NONE',  ( 0.000000000000000000, 0.000000000000000000, -1.000000000000000000 ) ) ;
#225 = CARTESIAN_POINT ( 'NONE',  ( -78.00000000000000000, -3.000000000000000000, 0.000000000000000000 ) ) ;
#226 = ADVANCED_FACE ( 'NONE', ( #1904 ), #638, .F. ) ;
#227 = VECTOR ( 'NONE', #726, 1000.000000000000000 ) ;
#228 = AXIS2_PLACEMENT_3D ( 'NONE', #407, #1445, #2131 ) ;
#229 = ORIENTED_EDGE ( 'NONE', *, *, #1080, .F. ) ;
#230 = DIRECTION ( 'NONE',  ( 0.000000000000000000, 0.000000000000000000, 1.000000000000000000 ) ) ;
#231 = FACE_OUTER_BOUND ( 'NONE', #1512, .T. ) ;
#232 = VECTOR ( 'NONE', #1228, 1000.000000000000000 ) ;
#233 = DIRECTION ( 'NONE',  ( 1.000000000000000000, -0.000000000000000000, 0.000000000000000000 ) ) ;
#234 = LINE ( 'NONE', #1229, #2569 ) ;
#235 = VERTEX_POINT ( 'NONE', #3055 ) ;
#236 = VERTEX_POINT ( 'NONE', #2098 ) ;
#237 = CARTESIAN_POINT ( 'NONE',  ( 96.00000000000000000, -7.000000000000000000, -12.00000000000000000 ) ) ;
#238 = ADVANCED_FACE ( 'NONE', ( #1877 ), #2628, .F. ) ;
#239 = ORIENTED_EDGE ( 'NONE', *, *, #2478, .T. ) ;
#240 = DIRECTION ( 'NONE',  ( 0.000000000000000000, 0.000000000000000000, 1.000000000000000000 ) ) ;
#241 = DIRECTION ( 'NONE',  ( 1.000000000000000000, -0.000000000000000000, 0.000000000000000000 ) ) ;
#242 = VERTEX_POINT ( 'NONE', #1173 ) ;
#243 = CYLINDRICAL_SURFACE ( 'NONE', #217, 5.000000000000004441 ) ;
#244 = DIRECTION ( 'NONE',  ( 0.000000000000000000, 0.000000000000000000, 1.000000000000000000 ) ) ;
#245 = EDGE_CURVE ( 'NONE', #500, #956, #1604, .T. ) ;
#246 = LINE ( 'NONE', #295, #1725 ) ;
#247 = CARTESIAN_POINT ( 'NONE',  ( 28.00000000000000000, -4.000000000000000000, -34.00000000000000000 ) ) ;
#248 = DIRECTION ( 'NONE',  ( -0.000000000000000000, -1.000000000000000000, -0.000000000000000000 ) ) ;
#249 = VERTEX_POINT ( 'NONE', #377 ) ;
#250 = ORIENTED_EDGE ( 'NONE', *, *, #2114, .T. ) ;
#251 = VERTEX_POINT ( 'NONE', #886 ) ;
#252 = LINE ( 'NONE', #518, #1010 ) ;
#253 = EDGE_CURVE ( 'NONE', #521, #2037, #3100, .T. ) ;
#254 = DIRECTION ( 'NONE',  ( 1.000000000000000000, 0.000000000000000000, 0.000000000000000000 ) ) ;
#255 = EDGE_CURVE ( 'NONE', #1420, #1181, #2868, .T. ) ;
#256 = ORIENTED_EDGE ( 'NONE', *, *, #2384, .T. ) ;
#257 = DIRECTION ( 'NONE',  ( -0.000000000000000000, 0.000000000000000000, 1.000000000000000000 ) ) ;
#258 = FACE_OUTER_BOUND ( 'NONE', #2293, .T. ) ;
#259 = ORIENTED_EDGE ( 'NONE', *, *, #417, .T. ) ;
#260 = EDGE_LOOP ( 'NONE', ( #396, #1698, #379, #38 ) ) ;
#261 = DIRECTION ( 'NONE',  ( 0.000000000000000000, 1.000000000000000000, 0.000000000000000000 ) ) ;
#262 = CARTESIAN_POINT ( 'NONE',  ( -110.0000000000000000, -3.000000000000000000, 67.50000000000000000 ) ) ;
#263 = CARTESIAN_POINT ( 'NONE',  ( 28.00000000000000000, -4.000000000000000000, -34.00000000000000000 ) ) ;
#264 = ADVANCED_FACE ( 'NONE', ( #2399 ), #2341, .T. ) ;
#265 = ORIENTED_EDGE ( 'NONE', *, *, #1172, .T. ) ;
#266 = ORIENTED_EDGE ( 'NONE', *, *, #519, .T. ) ;
#267 = AXIS2_PLACEMENT_3D ( 'NONE', #1860, #2083, #143 ) ;
#268 = EDGE_LOOP ( 'NONE', ( #624, #1376, #2424, #2785 ) ) ;
#269 = FACE_OUTER_BOUND ( 'NONE', #1992, .T. ) ;
#270 = VECTOR ( 'NONE', #1192, 1000.000000000000000 ) ;
#271 = CARTESIAN_POINT ( 'NONE',  ( 100.0000000000000000, -34.00000000000000000, 57.00000000000000000 ) ) ;
#272 = VECTOR ( 'NONE', #1126, 1000.000000000000000 ) ;
#273 = DIRECTION ( 'NONE',  ( 0.000000000000000000, 0.000000000000000000, 1.000000000000000000 ) ) ;
#274 = ORIENTED_EDGE ( 'NONE', *, *, #1553, .F. ) ;
#275 = CARTESIAN_POINT ( 'NONE',  ( 69.00000000000000000, -4.000000000000000000, 46.70000000000000284 ) ) ;
#276 = EDGE_CURVE ( 'NONE', #2004, #473, #2611, .T. ) ;
#277 = DIRECTION ( 'NONE',  ( 0.000000000000000000, 1.000000000000000000, 0.000000000000000000 ) ) ;
#278 = VECTOR ( 'NONE', #355, 1000.000000000000000 ) ;
#279 = AXIS2_PLACEMENT_3D ( 'NONE', #2884, #2644, #416 ) ;
#280 = VECTOR ( 'NONE', #2056, 1000.000000000000000 ) ;
#281 = CARTESIAN_POINT ( 'NONE',  ( 92.00000000000001421, -37.00000000000000000, 64.50000000000000000 ) ) ;
#282 = AXIS2_PLACEMENT_3D ( 'NONE', #288, #1548, #2491 ) ;
#283 = DIRECTION ( 'NONE',  ( 1.000000000000000000, 0.000000000000000000, 0.000000000000000000 ) ) ;
#284 = ORIENTED_EDGE ( 'NONE', *, *, #867, .F. ) ;
#285 = EDGE_LOOP ( 'NONE', ( #45, #3023 ) ) ;
#286 = ORIENTED_EDGE ( 'NONE', *, *, #655, .T. ) ;
#287 = ORIENTED_EDGE ( 'NONE', *, *, #2742, .T. ) ;
#288 = CARTESIAN_POINT ( 'NONE',  ( -80.00000000000000000, -4.000000000000000000, -4.299999999999999822 ) ) ;
#289 = EDGE_CURVE ( 'NONE', #2574, #944, #1411, .T. ) ;
#290 = PLANE ( 'NONE',  #3073 ) ;
#291 = DIRECTION ( 'NONE',  ( 0.000000000000000000, 1.000000000000000000, 0.000000000000000000 ) ) ;
#292 = DIRECTION ( 'NONE',  ( 0.000000000000000000, 0.000000000000000000, 1.000000000000000000 ) ) ;
#293 = CARTESIAN_POINT ( 'NONE',  ( 28.00000000000000000, -4.000000000000000000, -31.00000000000000000 ) ) ;
#294 = VERTEX_POINT ( 'NONE', #1666 ) ;
#295 = CARTESIAN_POINT ( 'NONE',  ( 30.00000000000000000, 0.000000000000000000, 46.70000000000000284 ) ) ;
#296 = CARTESIAN_POINT ( 'NONE',  ( 110.0000000000000000, 0.000000000000000000, -67.50000000000000000 ) ) ;
#297 = ORIENTED_EDGE ( 'NONE', *, *, #356, .F. ) ;
#298 = VERTEX_POINT ( 'NONE', #438 ) ;
#299 = ORIENTED_EDGE ( 'NONE', *, *, #647, .F. ) ;
#300 = ORIENTED_EDGE ( 'NONE', *, *, #2865, .F. ) ;
#301 = ADVANCED_FACE ( 'NONE', ( #199 ), #1429, .T. ) ;
#302 = DIRECTION ( 'NONE',  ( -1.000000000000000000, 0.000000000000000000, -0.000000000000000000 ) ) ;
#303 = CARTESIAN_POINT ( 'NONE',  ( 30.00000000000000000, 0.000000000000000000, 46.70000000000000284 ) ) ;
#304 = ADVANCED_FACE ( 'NONE', ( #871 ), #2588, .T. ) ;
#305 = FACE_OUTER_BOUND ( 'NONE', #887, .T. ) ;
#306 = FACE_BOUND ( 'NONE', #688, .T. ) ;
#307 = DIRECTION ( 'NONE',  ( 0.000000000000000000, 1.000000000000000000, 0.000000000000000000 ) ) ;
#308 = DIRECTION ( 'NONE',  ( -0.000000000000000000, 1.000000000000000000, -0.000000000000000000 ) ) ;
#309 = ORIENTED_EDGE ( 'NONE', *, *, #671, .T. ) ;
#310 = VERTEX_POINT ( 'NONE', #732 ) ;
#311 = EDGE_LOOP ( 'NONE', ( #2343, #1606, #1658, #997 ) ) ;
#312 = DIRECTION ( 'NONE',  ( 0.000000000000000000, 0.000000000000000000, -1.000000000000000000 ) ) ;
#313 = EDGE_CURVE ( 'NONE', #917, #2326, #1766, .T. ) ;
#314 = CIRCLE ( 'NONE', #939, 5.000000000000004441 ) ;
#315 = VERTEX_POINT ( 'NONE', #942 ) ;
#316 = DIRECTION ( 'NONE',  ( 0.000000000000000000, 0.000000000000000000, 1.000000000000000000 ) ) ;
#317 = VECTOR ( 'NONE', #2292, 1000.000000000000000 ) ;
#318 = PERSON_AND_ORGANIZATION_ROLE ( 'design_owner' ) ;
#319 = DIRECTION ( 'NONE',  ( 0.000000000000000000, 0.000000000000000000, -1.000000000000000000 ) ) ;
#320 = DIRECTION ( 'NONE',  ( 0.000000000000000000, 1.000000000000000000, 0.000000000000000000 ) ) ;
#321 = AXIS2_PLACEMENT_3D ( 'NONE', #1584, #340, #319 ) ;
#322 = EDGE_CURVE ( 'NONE', #2945, #1053, #1186, .T. ) ;
#323 = VECTOR ( 'NONE', #778, 1000.000000000000000 ) ;
#324 = ORIENTED_EDGE ( 'NONE', *, *, #2995, .F. ) ;
#325 = LINE ( 'NONE', #2048, #1872 ) ;
#326 = DIRECTION ( 'NONE',  ( -1.000000000000000000, -0.000000000000000000, -0.000000000000000000 ) ) ;
#327 = CARTESIAN_POINT ( 'NONE',  ( 77.00000000000000000, -37.00000000000000000, 64.50000000000000000 ) ) ;
#328 = ORIENTED_EDGE ( 'NONE', *, *, #2643, .F. ) ;
#329 = AXIS2_PLACEMENT_3D ( 'NONE', #121, #1139, #605 ) ;
#330 = VECTOR ( 'NONE', #1652, 1000.000000000000000 ) ;
#331 = VERTEX_POINT ( 'NONE', #1204 ) ;
#332 = EDGE_LOOP ( 'NONE', ( #1346, #2278 ) ) ;
#333 = CARTESIAN_POINT ( 'NONE',  ( -93.00000000000000000, -7.000000000000000000, -19.60000000000000142 ) ) ;
#334 = VECTOR ( 'NONE', #2220, 1000.000000000000000 ) ;
#335 = EDGE_CURVE ( 'NONE', #242, #658, #1442, .T. ) ;
#336 = VERTEX_POINT ( 'NONE', #2414 ) ;
#337 = VECTOR ( 'NONE', #213, 1000.000000000000000 ) ;
#338 = DIRECTION ( 'NONE',  ( 0.000000000000000000, 1.000000000000000000, 0.000000000000000000 ) ) ;
#339 = EDGE_CURVE ( 'NONE', #449, #2974, #1702, .T. ) ;
#340 = DIRECTION ( 'NONE',  ( 0.000000000000000000, -1.000000000000000000, 0.000000000000000000 ) ) ;
#341 = PRODUCT_DEFINITION_SHAPE ( 'NONE', 'NONE',  #1701 ) ;
#342 = FACE_OUTER_BOUND ( 'NONE', #2502, .T. ) ;
#343 = VERTEX_POINT ( 'NONE', #2172 ) ;
#344 = EDGE_CURVE ( 'NONE', #1820, #1245, #1719, .T. ) ;
#345 = CARTESIAN_POINT ( 'NONE',  ( 100.0000000000000000, -30.00000000000000000, 57.00000000000000000 ) ) ;
#346 = CARTESIAN_POINT ( 'NONE',  ( 100.0000000000000000, -30.00000000000000000, -58.35000000000000853 ) ) ;
#347 = ORIENTED_EDGE ( 'NONE', *, *, #509, .T. ) ;
#348 = ORIENTED_EDGE ( 'NONE', *, *, #1214, .F. ) ;
#349 = VERTEX_POINT ( 'NONE', #697 ) ;
#350 = DIRECTION ( 'NONE',  ( 1.000000000000000000, 0.000000000000000000, 0.000000000000000000 ) ) ;
#351 = EDGE_LOOP ( 'NONE', ( #2841, #448 ) ) ;
#352 = FACE_OUTER_BOUND ( 'NONE', #1029, .T. ) ;
#353 = DIRECTION ( 'NONE',  ( 0.000000000000000000, 0.000000000000000000, 1.000000000000000000 ) ) ;
#354 = DIRECTION ( 'NONE',  ( 0.000000000000000000, 0.000000000000000000, 1.000000000000000000 ) ) ;
#355 = DIRECTION ( 'NONE',  ( 1.000000000000000000, 0.000000000000000000, 0.000000000000000000 ) ) ;
#356 = EDGE_CURVE ( 'NONE', #2461, #2037, #976, .T. ) ;
#357 = CARTESIAN_POINT ( 'NONE',  ( 28.00000000000000000, -3.000000000000000000, 0.000000000000000000 ) ) ;
#358 = DIRECTION ( 'NONE',  ( 0.000000000000000000, 0.000000000000000000, 1.000000000000000000 ) ) ;
#359 = ORIENTED_EDGE ( 'NONE', *, *, #1063, .F. ) ;
#360 = ORIENTED_EDGE ( 'NONE', *, *, #3014, .T. ) ;
#361 = DIRECTION ( 'NONE',  ( -0.000000000000000000, -0.000000000000000000, 1.000000000000000000 ) ) ;
#362 = EDGE_CURVE ( 'NONE', #141, #343, #215, .T. ) ;
#363 = VERTEX_POINT ( 'NONE', #721 ) ;
#364 = CARTESIAN_POINT ( 'NONE',  ( 42.00000000000000000, 0.000000000000000000, 46.70000000000000284 ) ) ;
#365 = AXIS2_PLACEMENT_3D ( 'NONE', #1691, #1897, #669 ) ;
#366 = CALENDAR_DATE ( 2026, 26, 7 ) ;
#367 = VECTOR ( 'NONE', #1448, 1000.000000000000000 ) ;
#368 = CARTESIAN_POINT ( 'NONE',  ( 30.00000000000000000, -4.000000000000000000, 46.70000000000000284 ) ) ;
#369 = PLANE ( 'NONE',  #2370 ) ;
#370 = CARTESIAN_POINT ( 'NONE',  ( 81.00000000000000000, -4.000000000000000000, 46.70000000000000284 ) ) ;
#371 = VECTOR ( 'NONE', #1427, 1000.000000000000000 ) ;
#372 = EDGE_CURVE ( 'NONE', #3105, #739, #9, .T. ) ;
#373 = VERTEX_POINT ( 'NONE', #499 ) ;
#374 = CARTESIAN_POINT ( 'NONE',  ( -41.99999999999999289, -37.00000000000000000, 67.50000000000000000 ) ) ;
#375 = AXIS2_PLACEMENT_3D ( 'NONE', #674, #1660, #2104 ) ;
#376 = EDGE_CURVE ( 'NONE', #1820, #2517, #459, .T. ) ;
#377 = CARTESIAN_POINT ( 'NONE',  ( 96.00000000000000000, -7.000000000000000000, -13.60000000000000497 ) ) ;
#378 = EDGE_LOOP ( 'NONE', ( #1331, #1047, #2297, #1703 ) ) ;
#379 = ORIENTED_EDGE ( 'NONE', *, *, #245, .T. ) ;
#380 = DIRECTION ( 'NONE',  ( 0.000000000000000000, 1.000000000000000000, 0.000000000000000000 ) ) ;
#381 = VECTOR ( 'NONE', #1395, 1000.000000000000000 ) ;
#382 = VECTOR ( 'NONE', #753, 1000.000000000000000 ) ;
#383 = CIRCLE ( 'NONE', #2179, 1.599999999999997202 ) ;
#384 = ORIENTED_EDGE ( 'NONE', *, *, #503, .F. ) ;
#385 = EDGE_CURVE ( 'NONE', #1757, #2827, #1208, .T. ) ;
#386 = VECTOR ( 'NONE', #2602, 1000.000000000000000 ) ;
#387 = LINE ( 'NONE', #2605, #1771 ) ;
#388 = DIRECTION ( 'NONE',  ( -0.000000000000000000, 0.000000000000000000, 1.000000000000000000 ) ) ;
#389 = FACE_BOUND ( 'NONE', #698, .T. ) ;
#390 = CARTESIAN_POINT ( 'NONE',  ( 30.00000000000000000, -3.000000000000000000, 43.29999999999999716 ) ) ;
#391 = CARTESIAN_POINT ( 'NONE',  ( -11.00000000000000000, 0.000000000000000000, 46.70000000000000284 ) ) ;
#392 = VERTEX_POINT ( 'NONE', #1230 ) ;
#393 = ORIENTED_EDGE ( 'NONE', *, *, #1490, .F. ) ;
#394 = LINE ( 'NONE', #2632, #330 ) ;
#395 = EDGE_CURVE ( 'NONE', #1641, #188, #219, .T. ) ;
#396 = ORIENTED_EDGE ( 'NONE', *, *, #637, .T. ) ;
#397 = CARTESIAN_POINT ( 'NONE',  ( -93.00000000000000000, -7.000000000000000000, -16.39999999999999503 ) ) ;
#398 = EDGE_CURVE ( 'NONE', #249, #39, #42, .T. ) ;
#399 = LINE ( 'NONE', #2848, #1568 ) ;
#400 = FACE_OUTER_BOUND ( 'NONE', #872, .T. ) ;
#401 = LINE ( 'NONE', #2362, #2175 ) ;
#402 = EDGE_CURVE ( 'NONE', #819, #336, #2214, .T. ) ;
#403 = DIRECTION ( 'NONE',  ( 0.000000000000000000, 1.000000000000000000, 0.000000000000000000 ) ) ;
#404 = DIRECTION ( 'NONE',  ( 0.000000000000000000, 1.000000000000000000, 0.000000000000000000 ) ) ;
#405 = EDGE_LOOP ( 'NONE', ( #274, #511, #2748, #2446 ) ) ;
#406 = VERTEX_POINT ( 'NONE', #1276 ) ;
#407 = CARTESIAN_POINT ( 'NONE',  ( -11.00000000000000000, -4.000000000000000000, 46.70000000000000284 ) ) ;
#408 = ORIENTED_EDGE ( 'NONE', *, *, #1553, .T. ) ;
#409 = EDGE_CURVE ( 'NONE', #3084, #2532, #1742, .T. ) ;
#410 = CARTESIAN_POINT ( 'NONE',  ( 42.00000000000000000, -4.000000000000000000, 46.70000000000000284 ) ) ;
#411 = EDGE_CURVE ( 'NONE', #10, #2827, #2904, .T. ) ;
#412 = LINE ( 'NONE', #1408, #1778 ) ;
#413 = DIRECTION ( 'NONE',  ( 0.000000000000000000, 0.000000000000000000, -1.000000000000000000 ) ) ;
#414 = AXIS2_PLACEMENT_3D ( 'NONE', #908, #795, #2300 ) ;
#415 = VECTOR ( 'NONE', #1387, 1000.000000000000000 ) ;
#416 = DIRECTION ( 'NONE',  ( 0.000000000000000000, 0.000000000000000000, 1.000000000000000000 ) ) ;
#417 = EDGE_CURVE ( 'NONE', #392, #1965, #996, .T. ) ;
#418 = CIRCLE ( 'NONE', #994, 1.350000000000004086 ) ;
#419 = CARTESIAN_POINT ( 'NONE',  ( 0.000000000000000000, -37.00000000000000000, 0.000000000000000000 ) ) ;
#420 = VERTEX_POINT ( 'NONE', #2701 ) ;
#421 = VERTEX_POINT ( 'NONE', #2182 ) ;
#422 = DIRECTION ( 'NONE',  ( 1.000000000000000000, 0.000000000000000000, 0.000000000000000000 ) ) ;
#423 = PLANE ( 'NONE',  #1912 ) ;
#424 = VERTEX_POINT ( 'NONE', #1496 ) ;
#425 = AXIS2_PLACEMENT_3D ( 'NONE', #181, #1631, #2135 ) ;
#426 = LINE ( 'NONE', #723, #3042 ) ;
#427 = AXIS2_PLACEMENT_3D ( 'NONE', #897, #403, #2152 ) ;
#428 = ORIENTED_EDGE ( 'NONE', *, *, #411, .F. ) ;
#429 = ORIENTED_EDGE ( 'NONE', *, *, #1153, .F. ) ;
#430 = AXIS2_PLACEMENT_3D ( 'NONE', #988, #2377, #1917 ) ;
#431 = VECTOR ( 'NONE', #1552, 1000.000000000000000 ) ;
#432 = VECTOR ( 'NONE', #1851, 1000.000000000000000 ) ;
#433 = CARTESIAN_POINT ( 'NONE',  ( -22.00000000000000000, -3.000000000000000000, -7.700000000000000178 ) ) ;
#434 = EDGE_CURVE ( 'NONE', #1220, #1019, #992, .T. ) ;
#435 = CARTESIAN_POINT ( 'NONE',  ( -107.0000000000000000, -37.00000000000000000, 67.50000000000000000 ) ) ;
#436 = ADVANCED_FACE ( 'NONE', ( #1941 ), #2957, .T. ) ;
#437 = DIRECTION ( 'NONE',  ( 0.000000000000000000, 0.000000000000000000, -1.000000000000000000 ) ) ;
#438 = CARTESIAN_POINT ( 'NONE',  ( -92.44322356371698390, -3.000000000000000000, -64.50000000000000000 ) ) ;
#439 = ADVANCED_FACE ( 'NONE', ( #2232 ), #1018, .F. ) ;
#440 = VECTOR ( 'NONE', #2019, 1000.000000000000000 ) ;
#441 = ORIENTED_EDGE ( 'NONE', *, *, #884, .T. ) ;
#442 = EDGE_LOOP ( 'NONE', ( #3006, #667, #2173, #1400 ) ) ;
#443 = FACE_BOUND ( 'NONE', #145, .T. ) ;
#444 = CARTESIAN_POINT ( 'NONE',  ( 81.00000000000000000, 0.000000000000000000, 46.70000000000000284 ) ) ;
#445 = ORIENTED_EDGE ( 'NONE', *, *, #1446, .T. ) ;
#446 = ORIENTED_EDGE ( 'NONE', *, *, #470, .T. ) ;
#447 = CARTESIAN_POINT ( 'NONE',  ( -100.0000000000000000, -30.00000000000000000, 58.35000000000000853 ) ) ;
#448 = ORIENTED_EDGE ( 'NONE', *, *, #2239, .F. ) ;
#449 = VERTEX_POINT ( 'NONE', #1032 ) ;
#450 = DIRECTION ( 'NONE',  ( 0.000000000000000000, 0.000000000000000000, 1.000000000000000000 ) ) ;
#451 = FACE_OUTER_BOUND ( 'NONE', #460, .T. ) ;
#452 = EDGE_LOOP ( 'NONE', ( #2634, #229 ) ) ;
#453 = LINE ( 'NONE', #696, #3041 ) ;
#454 = CARTESIAN_POINT ( 'NONE',  ( 100.0000000000000000, 0.000000000000000000, -57.00000000000000000 ) ) ;
#455 = ORIENTED_EDGE ( 'NONE', *, *, #362, .T. ) ;
#456 = ORIENTED_EDGE ( 'NONE', *, *, #1475, .T. ) ;
#457 = FACE_OUTER_BOUND ( 'NONE', #544, .T. ) ;
#458 = DIRECTION ( 'NONE',  ( 0.000000000000000000, 1.000000000000000000, 0.000000000000000000 ) ) ;
#459 = LINE ( 'NONE', #2420, #367 ) ;
#460 = EDGE_LOOP ( 'NONE', ( #1274, #1957, #2821, #517 ) ) ;
#461 = PLANE ( 'NONE',  #3089 ) ;
#462 = ADVANCED_FACE ( 'NONE', ( #2003 ), #703, .F. ) ;
#463 = ORIENTED_EDGE ( 'NONE', *, *, #2631, .T. ) ;
#464 = LINE ( 'NONE', #725, #2186 ) ;
#465 = CARTESIAN_POINT ( 'NONE',  ( 107.0000000000000000, -37.00000000000000000, 64.50000000000000000 ) ) ;
#466 = VERTEX_POINT ( 'NONE', #686 ) ;
#467 = LINE ( 'NONE', #2, #2480 ) ;
#468 = CARTESIAN_POINT ( 'NONE',  ( -48.00000000000000000, -7.000000000000000000, -61.40000000000000568 ) ) ;
#469 = VECTOR ( 'NONE', #538, 1000.000000000000000 ) ;
#470 = EDGE_CURVE ( 'NONE', #1513, #805, #1480, .T. ) ;
#471 = VECTOR ( 'NONE', #2645, 1000.000000000000000 ) ;
#472 = CARTESIAN_POINT ( 'NONE',  ( -100.0000000000000000, -30.00000000000000000, 62.00000000000000711 ) ) ;
#473 = VERTEX_POINT ( 'NONE', #478 ) ;
#474 = VERTEX_POINT ( 'NONE', #1465 ) ;
#475 = LINE ( 'NONE', #2417, #2029 ) ;
#476 = CIRCLE ( 'NONE', #1866, 1.600000000000004086 ) ;
#477 = ADVANCED_FACE ( 'NONE', ( #498 ), #190, .F. ) ;
#478 = CARTESIAN_POINT ( 'NONE',  ( -110.0000000000000000, -37.00000000000000000, 67.50000000000000000 ) ) ;
#479 = LINE ( 'NONE', #1640, #1333 ) ;
#480 = ORIENTED_EDGE ( 'NONE', *, *, #2643, .T. ) ;
#481 = CARTESIAN_POINT ( 'NONE',  ( -34.00000000000000000, 0.000000000000000000, -7.700000000000000178 ) ) ;
#482 = AXIS2_PLACEMENT_3D ( 'NONE', #1801, #353, #845 ) ;
#483 = VECTOR ( 'NONE', #844, 1000.000000000000000 ) ;
#484 = VERTEX_POINT ( 'NONE', #1706 ) ;
#485 = EDGE_CURVE ( 'NONE', #3057, #242, #1043, .T. ) ;
#486 = AXIS2_PLACEMENT_3D ( 'NONE', #1859, #1846, #1603 ) ;
#487 = DIRECTION ( 'NONE',  ( 1.000000000000000000, 0.000000000000000000, 0.000000000000000000 ) ) ;
#488 = AXIS2_PLACEMENT_3D ( 'NONE', #221, #2373, #2860 ) ;
#489 = LINE ( 'NONE', #465, #2535 ) ;
#490 = CIRCLE ( 'NONE', #2739, 1.600000000000004086 ) ;
#491 = ORIENTED_EDGE ( 'NONE', *, *, #1900, .T. ) ;
#492 = CARTESIAN_POINT ( 'NONE',  ( 28.00000000000000000, -3.000000000000000000, -31.00000000000000000 ) ) ;
#493 = CARTESIAN_POINT ( 'NONE',  ( -107.0000000000000000, -3.000000000000000000, 64.50000000000000000 ) ) ;
#494 = VERTEX_POINT ( 'NONE', #1973 ) ;
#495 = VECTOR ( 'NONE', #2203, 1000.000000000000000 ) ;
#496 = EDGE_LOOP ( 'NONE', ( #2324, #2856, #2200, #1260 ) ) ;
#497 = DIRECTION ( 'NONE',  ( 0.000000000000000000, 0.000000000000000000, 1.000000000000000000 ) ) ;
#498 = FACE_OUTER_BOUND ( 'NONE', #2102, .T. ) ;
#499 = CARTESIAN_POINT ( 'NONE',  ( 95.00000000000000000, -3.000000000000000000, -52.00000000000000000 ) ) ;
#500 = VERTEX_POINT ( 'NONE', #444 ) ;
#501 = ORIENTED_EDGE ( 'NONE', *, *, #2708, .T. ) ;
#502 = PLANE ( 'NONE',  #957 ) ;
#503 = EDGE_CURVE ( 'NONE', #466, #2500, #2452, .T. ) ;
#504 = DIRECTION ( 'NONE',  ( -0.000000000000000000, 1.000000000000000000, -0.000000000000000000 ) ) ;
#505 = DIRECTION ( 'NONE',  ( 0.000000000000000000, 0.000000000000000000, 1.000000000000000000 ) ) ;
#506 = ADVANCED_FACE ( 'NONE', ( #2664 ), #2180, .F. ) ;
#507 = CARTESIAN_POINT ( 'NONE',  ( -100.0000000000000000, -30.00000000000000000, 57.00000000000000000 ) ) ;
#508 = LINE ( 'NONE', #1751, #1780 ) ;
#509 = EDGE_CURVE ( 'NONE', #1668, #1117, #2419, .T. ) ;
#510 = ORIENTED_EDGE ( 'NONE', *, *, #1300, .F. ) ;
#511 = ORIENTED_EDGE ( 'NONE', *, *, #2239, .T. ) ;
#512 = LINE ( 'NONE', #40, #1058 ) ;
#513 = CARTESIAN_POINT ( 'NONE',  ( 95.00000000000000000, -4.000000000000000000, -34.00000000000000000 ) ) ;
#514 = DIRECTION ( 'NONE',  ( -1.000000000000000000, -0.000000000000000000, -0.000000000000000000 ) ) ;
#515 = ORIENTED_EDGE ( 'NONE', *, *, #824, .T. ) ;
#516 = VERTEX_POINT ( 'NONE', #3160 ) ;
#517 = ORIENTED_EDGE ( 'NONE', *, *, #1827, .T. ) ;
#518 = CARTESIAN_POINT ( 'NONE',  ( -68.00000000000000000, -4.000000000000000000, -7.700000000000000178 ) ) ;
#519 = EDGE_CURVE ( 'NONE', #2517, #112, #234, .T. ) ;
#520 = DIRECTION ( 'NONE',  ( -0.000000000000000000, 1.000000000000000000, -0.000000000000000000 ) ) ;
#521 = VERTEX_POINT ( 'NONE', #2873 ) ;
#522 = DIRECTION ( 'NONE',  ( 0.000000000000000000, 1.000000000000000000, 0.000000000000000000 ) ) ;
#523 = CARTESIAN_POINT ( 'NONE',  ( 100.0000000000000000, -30.00000000000000000, 57.00000000000000000 ) ) ;
#524 = EDGE_LOOP ( 'NONE', ( #2050, #3153, #2469, #705 ) ) ;
#525 = ORIENTED_EDGE ( 'NONE', *, *, #1913, .F. ) ;
#526 = VERTEX_POINT ( 'NONE', #2940 ) ;
#527 = ADVANCED_FACE ( 'NONE', ( #1433 ), #423, .F. ) ;
#528 = CYLINDRICAL_SURFACE ( 'NONE', #2784, 1.600000000000004086 ) ;
#529 = ORIENTED_EDGE ( 'NONE', *, *, #3119, .F. ) ;
#530 = VECTOR ( 'NONE', #737, 1000.000000000000000 ) ;
#531 = ORIENTED_EDGE ( 'NONE', *, *, #1158, .F. ) ;
#532 = CARTESIAN_POINT ( 'NONE',  ( 0.000000000000000000, -7.000000000000000000, -12.00000000000000000 ) ) ;
#533 = VECTOR ( 'NONE', #2747, 1000.000000000000000 ) ;
#534 = LINE ( 'NONE', #3151, #856 ) ;
#535 = VECTOR ( 'NONE', #1614, 1000.000000000000000 ) ;
#536 = CARTESIAN_POINT ( 'NONE',  ( 100.0000000000000000, -30.00000000000000000, -57.00000000000000000 ) ) ;
#537 = VECTOR ( 'NONE', #150, 1000.000000000000000 ) ;
#538 = DIRECTION ( 'NONE',  ( 0.000000000000000000, 0.000000000000000000, 1.000000000000000000 ) ) ;
#539 = DIRECTION ( 'NONE',  ( 0.000000000000000000, 1.000000000000000000, 0.000000000000000000 ) ) ;
#540 = SECURITY_CLASSIFICATION ( '', '', #1630 ) ;
#541 = VECTOR ( 'NONE', #2496, 1000.000000000000000 ) ;
#542 = AXIS2_PLACEMENT_3D ( 'NONE', #2405, #933, #2669 ) ;
#543 = EDGE_CURVE ( 'NONE', #835, #2714, #1954, .T. ) ;
#544 = EDGE_LOOP ( 'NONE', ( #1087, #455, #2972, #1234 ) ) ;
#545 = DIRECTION ( 'NONE',  ( 0.000000000000000000, 1.000000000000000000, 0.000000000000000000 ) ) ;
#546 = AXIS2_PLACEMENT_3D ( 'NONE', #2871, #902, #3115 ) ;
#547 = EDGE_CURVE ( 'NONE', #805, #1033, #476, .T. ) ;
#548 = CARTESIAN_POINT ( 'NONE',  ( -80.00000000000000000, 0.000000000000000000, -4.299999999999999822 ) ) ;
#549 = EDGE_LOOP ( 'NONE', ( #2368, #978 ) ) ;
#550 = ORIENTED_EDGE ( 'NONE', *, *, #982, .F. ) ;
#551 = VERTEX_POINT ( 'NONE', #1672 ) ;
#552 = ORIENTED_EDGE ( 'NONE', *, *, #255, .F. ) ;
#553 = DIRECTION ( 'NONE',  ( 0.000000000000000000, 0.000000000000000000, 1.000000000000000000 ) ) ;
#554 = DIRECTION ( 'NONE',  ( 1.000000000000000000, 0.000000000000000000, 0.000000000000000000 ) ) ;
#555 = MECHANICAL_CONTEXT ( 'NONE', #2730, 'mechanical' ) ;
#556 = DIRECTION ( 'NONE',  ( 0.000000000000000000, 1.000000000000000000, 0.000000000000000000 ) ) ;
#557 = CARTESIAN_POINT ( 'NONE',  ( 0.000000000000000000, -7.000000000000000000, 30.00000000000000000 ) ) ;
#558 = LINE ( 'NONE', #1302, #272 ) ;
#559 = CARTESIAN_POINT ( 'NONE',  ( -93.00000000000000000, -7.000000000000000000, -63.00000000000000000 ) ) ;
#560 = CARTESIAN_POINT ( 'NONE',  ( -100.0000000000000000, -2.999999999999999112, 57.00000000000000000 ) ) ;
#561 = DIRECTION ( 'NONE',  ( 0.000000000000000000, 0.000000000000000000, 1.000000000000000000 ) ) ;
#562 = ORIENTED_EDGE ( 'NONE', *, *, #1180, .T. ) ;
#563 = ORIENTED_EDGE ( 'NONE', *, *, #2742, .F. ) ;
#564 = ORIENTED_EDGE ( 'NONE', *, *, #2158, .T. ) ;
#565 = ORIENTED_EDGE ( 'NONE', *, *, #2345, .F. ) ;
#566 = CARTESIAN_POINT ( 'NONE',  ( -110.0000000000000000, -37.00000000000000000, -67.50000000000000000 ) ) ;
#567 = VERTEX_POINT ( 'NONE', #2682 ) ;
#568 = ADVANCED_FACE ( 'NONE', ( #2633 ), #1177, .T. ) ;
#569 = CARTESIAN_POINT ( 'NONE',  ( -78.00000000000000000, -3.000000000000000000, 67.50000000000000000 ) ) ;
#570 = DIRECTION ( 'NONE',  ( 0.000000000000000000, 0.000000000000000000, -1.000000000000000000 ) ) ;
#571 = DIRECTION ( 'NONE',  ( 0.000000000000000000, 0.000000000000000000, 1.000000000000000000 ) ) ;
#572 = LINE ( 'NONE', #796, #1314 ) ;
#573 = DIRECTION ( 'NONE',  ( 0.000000000000000000, 1.000000000000000000, 0.000000000000000000 ) ) ;
#574 = FACE_OUTER_BOUND ( 'NONE', #1491, .T. ) ;
#575 = ORIENTED_EDGE ( 'NONE', *, *, #3024, .F. ) ;
#576 = EDGE_LOOP ( 'NONE', ( #2719, #2660 ) ) ;
#577 = ORIENTED_EDGE ( 'NONE', *, *, #1647, .F. ) ;
#578 = DIRECTION ( 'NONE',  ( 0.000000000000000000, 1.000000000000000000, 0.000000000000000000 ) ) ;
#579 = EDGE_CURVE ( 'NONE', #3056, #2532, #7, .T. ) ;
#580 = VECTOR ( 'NONE', #248, 1000.000000000000000 ) ;
#581 = ORIENTED_EDGE ( 'NONE', *, *, #1723, .F. ) ;
#582 = CARTESIAN_POINT ( 'NONE',  ( -100.0000000000000000, -30.00000000000000000, 57.00000000000000000 ) ) ;
#583 = VECTOR ( 'NONE', #1495, 1000.000000000000000 ) ;
#584 = EDGE_CURVE ( 'NONE', #2714, #27, #2403, .T. ) ;
#585 = LINE ( 'NONE', #2031, #1867 ) ;
#586 = DIRECTION ( 'NONE',  ( -0.000000000000000000, -0.000000000000000000, 1.000000000000000000 ) ) ;
#587 = VECTOR ( 'NONE', #1039, 1000.000000000000000 ) ;
#588 = CYLINDRICAL_SURFACE ( 'NONE', #2831, 1.600000000000004086 ) ;
#589 = VECTOR ( 'NONE', #1342, 1000.000000000000000 ) ;
#590 = CIRCLE ( 'NONE', #1007, 1.350000000000004086 ) ;
#591 = ORIENTED_EDGE ( 'NONE', *, *, #2210, .T. ) ;
#592 = AXIS2_PLACEMENT_3D ( 'NONE', #3052, #866, #1384 ) ;
#593 = AXIS2_PLACEMENT_3D ( 'NONE', #2493, #1316, #1336 ) ;
#594 = VECTOR ( 'NONE', #2857, 1000.000000000000000 ) ;
#595 = ORIENTED_EDGE ( 'NONE', *, *, #2983, .F. ) ;
#596 = ORIENTED_EDGE ( 'NONE', *, *, #2187, .T. ) ;
#597 = DIRECTION ( 'NONE',  ( 0.000000000000000000, 0.000000000000000000, -1.000000000000000000 ) ) ;
#598 = ORIENTED_EDGE ( 'NONE', *, *, #1759, .T. ) ;
#599 = VECTOR ( 'NONE', #635, 1000.000000000000000 ) ;
#600 = CARTESIAN_POINT ( 'NONE',  ( -34.00000000000000000, -4.000000000000000000, -4.299999999999999822 ) ) ;
#601 = EDGE_CURVE ( 'NONE', #424, #392, #3128, .T. ) ;
#602 = CARTESIAN_POINT ( 'NONE',  ( -11.00000000000000000, -4.000000000000000000, 43.29999999999999716 ) ) ;
#603 = FACE_OUTER_BOUND ( 'NONE', #2464, .T. ) ;
#604 = DIRECTION ( 'NONE',  ( -0.000000000000000000, 1.000000000000000000, -0.000000000000000000 ) ) ;
#605 = DIRECTION ( 'NONE',  ( 0.000000000000000000, 0.000000000000000000, -1.000000000000000000 ) ) ;
#606 = CARTESIAN_POINT ( 'NONE',  ( 69.00000000000000000, 0.000000000000000000, 46.70000000000000284 ) ) ;
#607 = EDGE_CURVE ( 'NONE', #421, #373, #702, .T. ) ;
#608 = CARTESIAN_POINT ( 'NONE',  ( -22.00000000000000000, 0.000000000000000000, -7.700000000000000178 ) ) ;
#609 = ORIENTED_EDGE ( 'NONE', *, *, #385, .F. ) ;
#610 = ORIENTED_EDGE ( 'NONE', *, *, #1847, .T. ) ;
#611 = ORIENTED_EDGE ( 'NONE', *, *, #867, .T. ) ;
#612 = CARTESIAN_POINT ( 'NONE',  ( 92.00000000000001421, -37.00000000000000000, 67.50000000000000000 ) ) ;
#613 = ORIENTED_EDGE ( 'NONE', *, *, #3119, .T. ) ;
#614 = DIRECTION ( 'NONE',  ( 0.000000000000000000, 1.000000000000000000, 0.000000000000000000 ) ) ;
#615 = EDGE_CURVE ( 'NONE', #1232, #1726, #2259, .T. ) ;
#616 = PERSON_AND_ORGANIZATION_ROLE ( 'classification_officer' ) ;
#617 = FACE_OUTER_BOUND ( 'NONE', #2629, .T. ) ;
#618 = CARTESIAN_POINT ( 'NONE',  ( 18.00000000000000355, -37.00000000000000000, 67.50000000000000000 ) ) ;
#619 = EDGE_CURVE ( 'NONE', #349, #343, #2985, .T. ) ;
#620 = CARTESIAN_POINT ( 'NONE',  ( 81.00000000000000000, 0.000000000000000000, -26.30000000000000071 ) ) ;
#621 = LINE ( 'NONE', #374, #851 ) ;
#622 = CARTESIAN_POINT ( 'NONE',  ( -48.00000000000000000, -7.000000000000000000, -63.00000000000000000 ) ) ;
#623 = EDGE_CURVE ( 'NONE', #249, #494, #167, .T. ) ;
#624 = ORIENTED_EDGE ( 'NONE', *, *, #2485, .T. ) ;
#625 = ORIENTED_EDGE ( 'NONE', *, *, #1803, .T. ) ;
#626 = DIRECTION ( 'NONE',  ( 0.000000000000000000, -1.000000000000000000, 0.000000000000000000 ) ) ;
#627 = ORIENTED_EDGE ( 'NONE', *, *, #335, .T. ) ;
#628 = AXIS2_PLACEMENT_3D ( 'NONE', #2199, #2389, #2157 ) ;
#629 = VECTOR ( 'NONE', #2527, 1000.000000000000000 ) ;
#630 = CARTESIAN_POINT ( 'NONE',  ( 81.00000000000000000, -4.000000000000000000, 43.29999999999999716 ) ) ;
#631 = PLANE ( 'NONE',  #842 ) ;
#632 = DIRECTION ( 'NONE',  ( 0.000000000000000000, 1.000000000000000000, 0.000000000000000000 ) ) ;
#633 = LINE ( 'NONE', #1617, #1257 ) ;
#634 = ORIENTED_EDGE ( 'NONE', *, *, #673, .F. ) ;
#635 = DIRECTION ( 'NONE',  ( 1.000000000000000000, 0.000000000000000000, 0.000000000000000000 ) ) ;
#636 = AXIS2_PLACEMENT_3D ( 'NONE', #2522, #2117, #1301 ) ;
#637 = EDGE_CURVE ( 'NONE', #2393, #916, #1772, .T. ) ;
#638 = PLANE ( 'NONE',  #3127 ) ;
#639 = ORIENTED_EDGE ( 'NONE', *, *, #1623, .T. ) ;
#640 = ORIENTED_EDGE ( 'NONE', *, *, #1521, .T. ) ;
#641 = DIRECTION ( 'NONE',  ( -1.000000000000000000, -0.000000000000000000, -0.000000000000000000 ) ) ;
#642 = EDGE_CURVE ( 'NONE', #2826, #1795, #55, .T. ) ;
#643 = AXIS2_PLACEMENT_3D ( 'NONE', #2675, #1681, #2136 ) ;
#644 = VECTOR ( 'NONE', #1505, 1000.000000000000000 ) ;
#645 = AXIS2_PLACEMENT_3D ( 'NONE', #2369, #1689, #1206 ) ;
#646 = ORIENTED_EDGE ( 'NONE', *, *, #1321, .F. ) ;
#647 = EDGE_CURVE ( 'NONE', #3105, #934, #41, .T. ) ;
#648 = CIRCLE ( 'NONE', #2440, 1.600000000000004086 ) ;
#649 = LINE ( 'NONE', #1854, #2071 ) ;
#650 = CARTESIAN_POINT ( 'NONE',  ( 69.00000000000000000, -3.000000000000000000, -29.69999999999999929 ) ) ;
#651 = DIRECTION ( 'NONE',  ( -0.000000000000000000, 1.000000000000000000, -0.000000000000000000 ) ) ;
#652 = CARTESIAN_POINT ( 'NONE',  ( 28.00000000000000000, -4.000000000000000000, -49.00000000000000000 ) ) ;
#653 = VERTEX_POINT ( 'NONE', #1804 ) ;
#654 = ORIENTED_EDGE ( 'NONE', *, *, #601, .F. ) ;
#655 = EDGE_CURVE ( 'NONE', #658, #2576, #2223, .T. ) ;
#656 = CARTESIAN_POINT ( 'NONE',  ( 0.000000000000000000, -7.000000000000000000, 31.59999999999999787 ) ) ;
#657 = ORIENTED_EDGE ( 'NONE', *, *, #1282, .T. ) ;
#658 = VERTEX_POINT ( 'NONE', #2018 ) ;
#659 = CARTESIAN_POINT ( 'NONE',  ( 92.00000000000001421, -37.00000000000000000, 64.50000000000000000 ) ) ;
#660 = EDGE_CURVE ( 'NONE', #100, #2721, #801, .T. ) ;
#661 = FACE_OUTER_BOUND ( 'NONE', #1636, .T. ) ;
#662 = CARTESIAN_POINT ( 'NONE',  ( -100.0000000000000000, -2.999999999999999112, -57.00000000000000000 ) ) ;
#663 = FACE_OUTER_BOUND ( 'NONE', #452, .T. ) ;
#664 = PLANE ( 'NONE',  #2988 ) ;
#665 = CARTESIAN_POINT ( 'NONE',  ( 110.0000000000000000, -37.00000000000000000, 67.50000000000000000 ) ) ;
#666 = ORIENTED_EDGE ( 'NONE', *, *, #889, .T. ) ;
#667 = ORIENTED_EDGE ( 'NONE', *, *, #2459, .T. ) ;
#668 = CARTESIAN_POINT ( 'NONE',  ( 0.000000000000000000, -3.000000000000000000, -7.700000000000000178 ) ) ;
#669 = DIRECTION ( 'NONE',  ( 0.000000000000000000, -0.000000000000000000, 1.000000000000000000 ) ) ;
#670 = ORIENTED_EDGE ( 'NONE', *, *, #647, .T. ) ;
#671 = EDGE_CURVE ( 'NONE', #683, #2974, #1964, .T. ) ;
#672 = FACE_OUTER_BOUND ( 'NONE', #1884, .T. ) ;
#673 = EDGE_CURVE ( 'NONE', #1019, #2354, #2760, .T. ) ;
#674 = CARTESIAN_POINT ( 'NONE',  ( -22.00000000000000000, -4.000000000000000000, -4.299999999999999822 ) ) ;
#675 = LINE ( 'NONE', #2167, #2833 ) ;
#676 = EDGE_CURVE ( 'NONE', #2532, #835, #3017, .T. ) ;
#677 = CARTESIAN_POINT ( 'NONE',  ( 69.00000000000000000, -4.000000000000000000, -26.30000000000000071 ) ) ;
#678 = CIRCLE ( 'NONE', #2832, 5.000000000000004441 ) ;
#679 = AXIS2_PLACEMENT_3D ( 'NONE', #3161, #1991, #2716 ) ;
#680 = CARTESIAN_POINT ( 'NONE',  ( -0.000000000000000000, -3.000000000000000000, -26.30000000000000071 ) ) ;
#681 = VECTOR ( 'NONE', #1935, 1000.000000000000000 ) ;
#682 = DIRECTION ( 'NONE',  ( 0.000000000000000000, 1.000000000000000000, 0.000000000000000000 ) ) ;
#683 = VERTEX_POINT ( 'NONE', #1962 ) ;
#684 = ORIENTED_EDGE ( 'NONE', *, *, #1868, .T. ) ;
#685 = LINE ( 'NONE', #1925, #2586 ) ;
#686 = CARTESIAN_POINT ( 'NONE',  ( 18.00000000000000355, -37.00000000000000000, 64.50000000000000000 ) ) ;
#687 = VERTEX_POINT ( 'NONE', #2395 ) ;
#688 = EDGE_LOOP ( 'NONE', ( #963, #1308, #900, #1227 ) ) ;
#689 = DIRECTION ( 'NONE',  ( 0.000000000000000000, 0.000000000000000000, -1.000000000000000000 ) ) ;
#690 = CIRCLE ( 'NONE', #1729, 1.600000000000000755 ) ;
#691 = CIRCLE ( 'NONE', #2488, 1.350000000000004086 ) ;
#692 = EDGE_LOOP ( 'NONE', ( #187, #1651 ) ) ;
#693 = CARTESIAN_POINT ( 'NONE',  ( 18.00000000000000355, -3.000000000000002665, 64.50000000000000000 ) ) ;
#694 = CARTESIAN_POINT ( 'NONE',  ( 81.00000000000000000, -4.000000000000000000, -26.30000000000000071 ) ) ;
#695 = ORIENTED_EDGE ( 'NONE', *, *, #2251, .F. ) ;
#696 = CARTESIAN_POINT ( 'NONE',  ( 1.000000000000000000, -4.000000000000000000, 43.29999999999999716 ) ) ;
#697 = CARTESIAN_POINT ( 'NONE',  ( 1.000000000000000000, 0.000000000000000000, 43.29999999999999716 ) ) ;
#698 = EDGE_LOOP ( 'NONE', ( #147, #510 ) ) ;
#699 = ORIENTED_EDGE ( 'NONE', *, *, #1158, .T. ) ;
#700 = ADVANCED_FACE ( 'NONE', ( #139 ), #369, .F. ) ;
#701 = CARTESIAN_POINT ( 'NONE',  ( -0.000000000000000000, -3.000000000000000000, -64.50000000000000000 ) ) ;
#702 = LINE ( 'NONE', #1690, #2067 ) ;
#703 = PLANE ( 'NONE',  #365 ) ;
#704 = ORIENTED_EDGE ( 'NONE', *, *, #2108, .T. ) ;
#705 = ORIENTED_EDGE ( 'NONE', *, *, #171, .F. ) ;
#706 = FACE_BOUND ( 'NONE', #170, .T. ) ;
#707 = ORIENTED_EDGE ( 'NONE', *, *, #2282, .T. ) ;
#708 = EDGE_CURVE ( 'NONE', #1808, #2515, #122, .T. ) ;
#709 = DIRECTION ( 'NONE',  ( 0.000000000000000000, 0.000000000000000000, 1.000000000000000000 ) ) ;
#710 = DIRECTION ( 'NONE',  ( 0.000000000000000000, 0.000000000000000000, -1.000000000000000000 ) ) ;
#711 = VERTEX_POINT ( 'NONE', #1127 ) ;
#712 = LINE ( 'NONE', #2657, #1509 ) ;
#713 = ADVANCED_FACE ( 'NONE', ( #1340 ), #631, .F. ) ;
#714 = DIRECTION ( 'NONE',  ( -0.000000000000000000, 1.000000000000000000, -0.000000000000000000 ) ) ;
#715 = DIRECTION ( 'NONE',  ( -0.000000000000000000, 1.000000000000000000, -0.000000000000000000 ) ) ;
#716 = ORIENTED_EDGE ( 'NONE', *, *, #660, .F. ) ;
#717 = EDGE_LOOP ( 'NONE', ( #563, #2442 ) ) ;
#718 = CARTESIAN_POINT ( 'NONE',  ( -78.00000000000000000, -3.000000000000000000, 64.50000000000000000 ) ) ;
#719 = DIRECTION ( 'NONE',  ( -1.000000000000000000, -0.000000000000000000, -0.000000000000000000 ) ) ;
#720 = EDGE_CURVE ( 'NONE', #2262, #1526, #789, .T. ) ;
#721 = CARTESIAN_POINT ( 'NONE',  ( -78.00000000000000000, -37.00000000000000000, 64.50000000000000000 ) ) ;
#722 = EDGE_LOOP ( 'NONE', ( #2489, #1774, #2283, #1650 ) ) ;
#723 = CARTESIAN_POINT ( 'NONE',  ( -80.00000000000000000, 0.000000000000000000, -7.700000000000000178 ) ) ;
#724 = EDGE_LOOP ( 'NONE', ( #775, #2888 ) ) ;
#725 = CARTESIAN_POINT ( 'NONE',  ( 110.0000000000000000, -3.000000000000000000, 67.50000000000000000 ) ) ;
#726 = DIRECTION ( 'NONE',  ( 0.000000000000000000, 0.000000000000000000, 1.000000000000000000 ) ) ;
#727 = VERTEX_POINT ( 'NONE', #162 ) ;
#728 = CARTESIAN_POINT ( 'NONE',  ( 28.00000000000000000, -3.000000000000000000, -34.00000000000000000 ) ) ;
#729 = DIRECTION ( 'NONE',  ( 0.000000000000000000, 0.000000000000000000, -1.000000000000000000 ) ) ;
#730 = VECTOR ( 'NONE', #915, 1000.000000000000000 ) ;
#731 = VERTEX_POINT ( 'NONE', #3092 ) ;
#732 = CARTESIAN_POINT ( 'NONE',  ( 100.0000000000000000, -30.00000000000000000, -52.00000000000000000 ) ) ;
#733 = VERTEX_POINT ( 'NONE', #2317 ) ;
#734 = DIRECTION ( 'NONE',  ( -1.000000000000000000, -0.000000000000000000, -0.000000000000000000 ) ) ;
#735 = VECTOR ( 'NONE', #604, 1000.000000000000000 ) ;
#736 = EDGE_CURVE ( 'NONE', #1261, #2326, #1383, .T. ) ;
#737 = DIRECTION ( 'NONE',  ( 0.000000000000000000, 0.000000000000000000, -1.000000000000000000 ) ) ;
#738 = DIRECTION ( 'NONE',  ( 0.000000000000000000, 0.000000000000000000, 1.000000000000000000 ) ) ;
#739 = VERTEX_POINT ( 'NONE', #1645 ) ;
#740 = VERTEX_POINT ( 'NONE', #1587 ) ;
#741 = PLANE ( 'NONE',  #1270 ) ;
#742 = EDGE_CURVE ( 'NONE', #2354, #484, #418, .T. ) ;
#743 = AXIS2_PLACEMENT_3D ( 'NONE', #2773, #2256, #1570 ) ;
#744 = ORIENTED_EDGE ( 'NONE', *, *, #50, .F. ) ;
#745 = ADVANCED_FACE ( 'NONE', ( #1353 ), #1855, .T. ) ;
#746 = AXIS2_PLACEMENT_3D ( 'NONE', #345, #573, #2033 ) ;
#747 = CARTESIAN_POINT ( 'NONE',  ( -22.00000000000000000, 0.000000000000000000, -4.299999999999999822 ) ) ;
#748 = DIRECTION ( 'NONE',  ( -0.000000000000000000, -0.000000000000000000, 1.000000000000000000 ) ) ;
#749 = VECTOR ( 'NONE', #2427, 1000.000000000000000 ) ;
#750 = AXIS2_PLACEMENT_3D ( 'NONE', #1939, #918, #2902 ) ;
#751 = ORIENTED_EDGE ( 'NONE', *, *, #1300, .T. ) ;
#752 = LINE ( 'NONE', #2678, #681 ) ;
#753 = DIRECTION ( 'NONE',  ( 0.000000000000000000, 1.000000000000000000, 0.000000000000000000 ) ) ;
#754 = CIRCLE ( 'NONE', #2234, 1.350000000000004086 ) ;
#755 = ORIENTED_EDGE ( 'NONE', *, *, #3014, .F. ) ;
#756 = DIRECTION ( 'NONE',  ( 0.000000000000000000, 0.000000000000000000, 1.000000000000000000 ) ) ;
#757 = ADVANCED_FACE ( 'NONE', ( #2818 ), #2554, .T. ) ;
#758 = DIRECTION ( 'NONE',  ( 0.000000000000000000, 1.000000000000000000, 0.000000000000000000 ) ) ;
#759 = CARTESIAN_POINT ( 'NONE',  ( 1.959434878635765477E-16, -7.000000000000000000, 28.39999999999999858 ) ) ;
#760 = EDGE_CURVE ( 'NONE', #989, #2826, #2092, .T. ) ;
#761 = ORIENTED_EDGE ( 'NONE', *, *, #2905, .F. ) ;
#762 = EDGE_LOOP ( 'NONE', ( #2249, #2416 ) ) ;
#763 = CARTESIAN_POINT ( 'NONE',  ( 100.0000000000000000, -30.00000000000000000, 57.00000000000000000 ) ) ;
#764 = DIRECTION ( 'NONE',  ( 0.000000000000000000, 0.000000000000000000, -1.000000000000000000 ) ) ;
#765 = COORDINATED_UNIVERSAL_TIME_OFFSET ( 8, 0, .AHEAD. ) ;
#766 = EDGE_CURVE ( 'NONE', #1838, #39, #2776, .T. ) ;
#767 = EDGE_LOOP ( 'NONE', ( #825, #1014, #3005, #2687 ) ) ;
#768 = FACE_OUTER_BOUND ( 'NONE', #968, .T. ) ;
#769 = LINE ( 'NONE', #2227, #2883 ) ;
#770 = ORIENTED_EDGE ( 'NONE', *, *, #3068, .F. ) ;
#771 = FACE_OUTER_BOUND ( 'NONE', #1188, .T. ) ;
#772 = DIRECTION ( 'NONE',  ( -1.000000000000000000, 0.000000000000000000, 0.000000000000000000 ) ) ;
#773 = ORIENTED_EDGE ( 'NONE', *, *, #615, .F. ) ;
#774 = ORIENTED_EDGE ( 'NONE', *, *, #2103, .F. ) ;
#775 = ORIENTED_EDGE ( 'NONE', *, *, #2009, .F. ) ;
#776 = CARTESIAN_POINT ( 'NONE',  ( -100.0000000000000000, -30.00000000000000000, -57.00000000000000000 ) ) ;
#777 = DIRECTION ( 'NONE',  ( 0.000000000000000000, 1.000000000000000000, 0.000000000000000000 ) ) ;
#778 = DIRECTION ( 'NONE',  ( -0.000000000000000000, 1.000000000000000000, -0.000000000000000000 ) ) ;
#779 = EDGE_CURVE ( 'NONE', #2385, #2088, #894, .T. ) ;
#780 = APPROVAL_ROLE ( '' ) ;
#781 = DIRECTION ( 'NONE',  ( 0.000000000000000000, 0.000000000000000000, 1.000000000000000000 ) ) ;
#782 = DIRECTION ( 'NONE',  ( 0.000000000000000000, 0.000000000000000000, -1.000000000000000000 ) ) ;
#783 = FACE_OUTER_BOUND ( 'NONE', #1391, .T. ) ;
#784 = EDGE_CURVE ( 'NONE', #466, #2154, #1368, .T. ) ;
#785 = CARTESIAN_POINT ( 'NONE',  ( -110.0000000000000000, -37.00000000000000000, -64.50000000000000000 ) ) ;
#786 = CARTESIAN_POINT ( 'NONE',  ( -100.0000000000000000, -30.00000000000000000, -57.00000000000000000 ) ) ;
#787 = ORIENTED_EDGE ( 'NONE', *, *, #1097, .T. ) ;
#788 = ORIENTED_EDGE ( 'NONE', *, *, #402, .F. ) ;
#789 = CIRCLE ( 'NONE', #2979, 5.000000000000004441 ) ;
#790 = ORIENTED_EDGE ( 'NONE', *, *, #3061, .F. ) ;
#791 = LINE ( 'NONE', #1000, #2492 ) ;
#792 = AXIS2_PLACEMENT_3D ( 'NONE', #677, #1662, #1170 ) ;
#793 = CARTESIAN_POINT ( 'NONE',  ( 110.0000000000000000, -3.000000000000000000, -67.50000000000000000 ) ) ;
#794 = CARTESIAN_POINT ( 'NONE',  ( 1.959434878635764984E-16, -7.000000000000000000, 28.39999999999999858 ) ) ;
#795 = DIRECTION ( 'NONE',  ( 0.000000000000000000, 1.000000000000000000, 0.000000000000000000 ) ) ;
#796 = CARTESIAN_POINT ( 'NONE',  ( -68.00000000000000000, -3.000000000000000000, -0.000000000000000000 ) ) ;
#797 = CIRCLE ( 'NONE', #643, 1.599999999999997202 ) ;
#798 = AXIS2_PLACEMENT_3D ( 'NONE', #2696, #1012, #244 ) ;
#799 = DIRECTION ( 'NONE',  ( 0.000000000000000000, 0.000000000000000000, -1.000000000000000000 ) ) ;
#800 = AXIS2_PLACEMENT_3D ( 'NONE', #2344, #2766, #3007 ) ;
#801 = LINE ( 'NONE', #1790, #2423 ) ;
#802 = LINE ( 'NONE', #327, #1017 ) ;
#803 = ADVANCED_FACE ( 'NONE', ( #1632, #400 ), #911, .F. ) ;
#804 = ORIENTED_EDGE ( 'NONE', *, *, #2054, .F. ) ;
#805 = VERTEX_POINT ( 'NONE', #105 ) ;
#806 = ORIENTED_EDGE ( 'NONE', *, *, #1041, .T. ) ;
#807 = ORIENTED_EDGE ( 'NONE', *, *, #2304, .F. ) ;
#808 = CARTESIAN_POINT ( 'NONE',  ( -11.00000000000000000, 0.000000000000000000, 46.70000000000000284 ) ) ;
#809 = AXIS2_PLACEMENT_3D ( 'NONE', #1773, #2796, #1576 ) ;
#810 = ORIENTED_EDGE ( 'NONE', *, *, #2017, .T. ) ;
#811 = DIRECTION ( 'NONE',  ( 0.000000000000000000, 0.000000000000000000, 1.000000000000000000 ) ) ;
#812 = CALENDAR_DATE ( 2026, 26, 7 ) ;
#813 = LINE ( 'NONE', #2757, #469 ) ;
#814 = DIRECTION ( 'NONE',  ( -1.000000000000000000, 0.000000000000000000, -0.000000000000000000 ) ) ;
#815 = EDGE_CURVE ( 'NONE', #1019, #1220, #13, .T. ) ;
#816 = FACE_OUTER_BOUND ( 'NONE', #524, .T. ) ;
#817 = CARTESIAN_POINT ( 'NONE',  ( -11.00000000000000000, 0.000000000000000000, 43.29999999999999716 ) ) ;
#818 = DIRECTION ( 'NONE',  ( 0.000000000000000000, 1.000000000000000000, 0.000000000000000000 ) ) ;
#819 = VERTEX_POINT ( 'NONE', #794 ) ;
#820 = ORIENTED_EDGE ( 'NONE', *, *, #736, .F. ) ;
#821 = ORIENTED_EDGE ( 'NONE', *, *, #2693, .F. ) ;
#822 = ORIENTED_EDGE ( 'NONE', *, *, #2968, .T. ) ;
#823 = DIRECTION ( 'NONE',  ( 1.000000000000000000, 0.000000000000000000, 0.000000000000000000 ) ) ;
#824 = EDGE_CURVE ( 'NONE', #3057, #2576, #1783, .T. ) ;
#825 = ORIENTED_EDGE ( 'NONE', *, *, #2365, .T. ) ;
#826 = PLANE ( 'NONE',  #593 ) ;
#827 = DATE_AND_TIME ( #812, #1265 ) ;
#828 = CYLINDRICAL_SURFACE ( 'NONE', #1864, 5.000000000000004441 ) ;
#829 = FACE_OUTER_BOUND ( 'NONE', #1581, .T. ) ;
#830 = DIRECTION ( 'NONE',  ( 0.000000000000000000, -1.000000000000000000, 0.000000000000000000 ) ) ;
#831 = DIRECTION ( 'NONE',  ( 0.000000000000000000, 0.000000000000000000, -1.000000000000000000 ) ) ;
#832 = FACE_OUTER_BOUND ( 'NONE', #260, .T. ) ;
#833 = VERTEX_POINT ( 'NONE', #1537 ) ;
#834 = ORIENTED_EDGE ( 'NONE', *, *, #2465, .F. ) ;
#835 = VERTEX_POINT ( 'NONE', #1129 ) ;
#836 = EDGE_CURVE ( 'NONE', #1291, #2714, #2851, .T. ) ;
#837 = CARTESIAN_POINT ( 'NONE',  ( -41.99999999999999289, -37.00000000000000000, 64.50000000000000000 ) ) ;
#838 = AXIS2_PLACEMENT_3D ( 'NONE', #557, #2981, #1075 ) ;
#839 = EDGE_CURVE ( 'NONE', #251, #1053, #3129, .T. ) ;
#840 = VECTOR ( 'NONE', #2659, 1000.000000000000000 ) ;
#841 = CARTESIAN_POINT ( 'NONE',  ( 100.0000000000000000, -30.00000000000000000, -57.00000000000000000 ) ) ;
#842 = AXIS2_PLACEMENT_3D ( 'NONE', #2806, #2792, #388 ) ;
#843 = ADVANCED_FACE ( 'NONE', ( #2866 ), #3096, .F. ) ;
#844 = DIRECTION ( 'NONE',  ( -1.000000000000000000, 0.000000000000000000, 0.000000000000000000 ) ) ;
#845 = DIRECTION ( 'NONE',  ( 1.000000000000000000, 0.000000000000000000, -0.000000000000000000 ) ) ;
#846 = CARTESIAN_POINT ( 'NONE',  ( -100.0000000000000000, 0.000000000000000000, 57.00000000000000000 ) ) ;
#847 = CARTESIAN_POINT ( 'NONE',  ( -48.00000000000000000, -3.000000000000000000, -18.00000000000000000 ) ) ;
#848 = AXIS2_PLACEMENT_3D ( 'NONE', #1151, #2120, #1182 ) ;
#849 = DIRECTION ( 'NONE',  ( 0.000000000000000000, 0.000000000000000000, -1.000000000000000000 ) ) ;
#850 = AXIS2_PLACEMENT_3D ( 'NONE', #1616, #1601, #1856 ) ;
#851 = VECTOR ( 'NONE', #885, 1000.000000000000000 ) ;
#852 = VECTOR ( 'NONE', #1708, 1000.000000000000000 ) ;
#853 = DIRECTION ( 'NONE',  ( 0.000000000000000000, 0.000000000000000000, -1.000000000000000000 ) ) ;
#854 = ORIENTED_EDGE ( 'NONE', *, *, #2425, .F. ) ;
#855 = PRODUCT_DEFINITION_FORMATION_WITH_SPECIFIED_SOURCE ( '任何', '', #2110, .NOT_KNOWN. ) ;
#856 = VECTOR ( 'NONE', #487, 1000.000000000000000 ) ;
#857 = VECTOR ( 'NONE', #2472, 1000.000000000000000 ) ;
#858 = ORIENTED_EDGE ( 'NONE', *, *, #3068, .T. ) ;
#859 = ORIENTED_EDGE ( 'NONE', *, *, #3150, .F. ) ;
#860 = DIRECTION ( 'NONE',  ( -1.000000000000000000, -0.000000000000000000, -0.000000000000000000 ) ) ;
#861 = PRODUCT_RELATED_PRODUCT_CATEGORY ( 'detail', '', ( #2110 ) ) ;
#862 = VERTEX_POINT ( 'NONE', #2808 ) ;
#863 = DIRECTION ( 'NONE',  ( -1.000000000000000000, 0.000000000000000000, 0.000000000000000000 ) ) ;
#864 = LINE ( 'NONE', #2523, #1968 ) ;
#865 = CARTESIAN_POINT ( 'NONE',  ( -41.99999999999999289, -37.00000000000000000, 67.50000000000000000 ) ) ;
#866 = DIRECTION ( 'NONE',  ( 0.000000000000000000, 1.000000000000000000, 0.000000000000000000 ) ) ;
#867 = EDGE_CURVE ( 'NONE', #2562, #1145, #1397, .T. ) ;
#868 = CARTESIAN_POINT ( 'NONE',  ( 100.0000000000000000, 0.000000000000000000, -58.35000000000000853 ) ) ;
#869 = PERSON ( '未指定', '未指定', '未指定', ('未指定'), ('未指定'), ('未指定') ) ;
#870 = CARTESIAN_POINT ( 'NONE',  ( -110.0000000000000000, -37.00000000000000000, 67.50000000000000000 ) ) ;
#871 = FACE_OUTER_BOUND ( 'NONE', #378, .T. ) ;
#872 = EDGE_LOOP ( 'NONE', ( #1034, #888 ) ) ;
#873 = ORIENTED_EDGE ( 'NONE', *, *, #547, .T. ) ;
#874 = CARTESIAN_POINT ( 'NONE',  ( -41.99999999999999289, -37.00000000000000000, 67.50000000000000000 ) ) ;
#875 = EDGE_LOOP ( 'NONE', ( #2298, #666, #2618, #1676 ) ) ;
#876 = DIRECTION ( 'NONE',  ( 0.000000000000000000, 0.000000000000000000, -1.000000000000000000 ) ) ;
#877 = APPROVAL_ROLE ( '' ) ;
#878 = EDGE_CURVE ( 'NONE', #1841, #1181, #2107, .T. ) ;
#879 = CARTESIAN_POINT ( 'NONE',  ( 28.00000000000000000, -4.000000000000000000, -49.00000000000000000 ) ) ;
#880 = CARTESIAN_POINT ( 'NONE',  ( 100.0000000000000000, -30.00000000000000000, -57.00000000000000000 ) ) ;
#881 = LINE ( 'NONE', #370, #1061 ) ;
#882 = CARTESIAN_POINT ( 'NONE',  ( -22.00000000000000000, -3.000000000000000000, -0.000000000000000000 ) ) ;
#883 = ORIENTED_EDGE ( 'NONE', *, *, #2572, .T. ) ;
#884 = EDGE_CURVE ( 'NONE', #1053, #251, #2615, .T. ) ;
#885 = DIRECTION ( 'NONE',  ( -0.000000000000000000, -0.000000000000000000, 1.000000000000000000 ) ) ;
#886 = CARTESIAN_POINT ( 'NONE',  ( -100.0000000000000000, 0.000000000000000000, -58.35000000000000853 ) ) ;
#887 = EDGE_LOOP ( 'NONE', ( #359, #1082, #1492, #491 ) ) ;
#888 = ORIENTED_EDGE ( 'NONE', *, *, #2847, .F. ) ;
#889 = EDGE_CURVE ( 'NONE', #474, #1879, #2622, .T. ) ;
#890 = LINE ( 'NONE', #1865, #1928 ) ;
#891 = AXIS2_PLACEMENT_3D ( 'NONE', #2915, #1685, #2900 ) ;
#892 = VECTOR ( 'NONE', #2835, 1000.000000000000000 ) ;
#893 = DIRECTION ( 'NONE',  ( 1.000000000000000000, 0.000000000000000000, 0.000000000000000000 ) ) ;
#894 = LINE ( 'NONE', #1870, #892 ) ;
#895 = CARTESIAN_POINT ( 'NONE',  ( -0.000000000000000000, -3.000000000000000000, -4.299999999999999822 ) ) ;
#896 = CLOSED_SHELL ( 'NONE', ( #1296, #2558, #2923, #2520, #436, #2143, #108, #1886, #1451, #2839, #3132, #1989, #2713, #1752, #2322, #949, #2579, #2670, #2266, #1052, #2876, #2418, #757, #2794, #1861, #2663, #1602, #3001, #1665, #1550, #1705, #264, #2744, #1355, #3111, #1534, #745, #2441, #2804, #1629, #73, #2290, #1434, #2768, #931, #1251, #137, #1124, #803, #1709, #1763, #3, #1746, #238, #301, #1023, #1811, #226, #1120, #2948, #1881, #2765, #1414, #2650, #2069, #462, #506, #527, #2195, #1381, #2853, #3107, #2577, #439, #1682, #1189, #1086, #477, #700, #2205, #1317, #2445, #713, #2706, #69, #47, #843, #1325, #3049, #2094, #1191, #568, #1057, #2350, #1972, #191, #1357, #1235, #3137, #304 ) ) ;
#897 = CARTESIAN_POINT ( 'NONE',  ( 96.00000000000000000, -7.000000000000000000, 30.00000000000000000 ) ) ;
#898 = DIRECTION ( 'NONE',  ( 0.000000000000000000, 1.000000000000000000, 0.000000000000000000 ) ) ;
#899 = ORIENTED_EDGE ( 'NONE', *, *, #2215, .T. ) ;
#900 = ORIENTED_EDGE ( 'NONE', *, *, #619, .F. ) ;
#901 = VECTOR ( 'NONE', #980, 1000.000000000000000 ) ;
#902 = DIRECTION ( 'NONE',  ( 0.000000000000000000, 1.000000000000000000, 0.000000000000000000 ) ) ;
#903 = EDGE_CURVE ( 'NONE', #526, #2262, #633, .T. ) ;
#904 = AXIS2_PLACEMENT_3D ( 'NONE', #2255, #2474, #1056 ) ;
#905 = VECTOR ( 'NONE', #860, 1000.000000000000000 ) ;
#906 = ORIENTED_EDGE ( 'NONE', *, *, #2036, .T. ) ;
#907 = ORIENTED_EDGE ( 'NONE', *, *, #3082, .T. ) ;
#908 = CARTESIAN_POINT ( 'NONE',  ( 0.000000000000000000, -7.000000000000000000, -12.00000000000000000 ) ) ;
#909 = VECTOR ( 'NONE', #2810, 1000.000000000000000 ) ;
#910 = CARTESIAN_POINT ( 'NONE',  ( 100.0000000000000000, -30.00000000000000000, 55.64999999999999858 ) ) ;
#911 = PLANE ( 'NONE',  #1915 ) ;
#912 = CARTESIAN_POINT ( 'NONE',  ( 0.000000000000000000, -3.000000000000000000, 46.70000000000000284 ) ) ;
#913 = LINE ( 'NONE', #166, #2076 ) ;
#914 = EDGE_CURVE ( 'NONE', #1134, #3105, #1111, .T. ) ;
#915 = DIRECTION ( 'NONE',  ( -0.000000000000000000, 1.000000000000000000, -0.000000000000000000 ) ) ;
#916 = VERTEX_POINT ( 'NONE', #3053 ) ;
#917 = VERTEX_POINT ( 'NONE', #868 ) ;
#918 = DIRECTION ( 'NONE',  ( 1.000000000000000000, -0.000000000000000000, 0.000000000000000000 ) ) ;
#919 = ORIENTED_EDGE ( 'NONE', *, *, #1003, .F. ) ;
#920 = DIRECTION ( 'NONE',  ( 0.000000000000000000, 0.000000000000000000, -1.000000000000000000 ) ) ;
#921 = EDGE_CURVE ( 'NONE', #363, #1707, #153, .T. ) ;
#922 = LINE ( 'NONE', #1887, #535 ) ;
#923 = CARTESIAN_POINT ( 'NONE',  ( -100.0000000000000000, -30.00000000000000000, 52.00000000000000000 ) ) ;
#924 = CARTESIAN_POINT ( 'NONE',  ( -100.0000000000000000, 0.000000000000000000, -57.00000000000000000 ) ) ;
#925 = DIRECTION ( 'NONE',  ( 0.000000000000000000, 1.000000000000000000, 0.000000000000000000 ) ) ;
#926 = LINE ( 'NONE', #391, #1558 ) ;
#927 = ORIENTED_EDGE ( 'NONE', *, *, #1104, .F. ) ;
#928 = ORIENTED_EDGE ( 'NONE', *, *, #1955, .F. ) ;
#929 = FACE_OUTER_BOUND ( 'NONE', #2243, .T. ) ;
#930 = DIRECTION ( 'NONE',  ( 0.000000000000000000, 1.000000000000000000, 0.000000000000000000 ) ) ;
#931 = ADVANCED_FACE ( 'NONE', ( #2264 ), #62, .T. ) ;
#932 = ORIENTED_EDGE ( 'NONE', *, *, #2014, .F. ) ;
#933 = DIRECTION ( 'NONE',  ( 0.000000000000000000, 1.000000000000000000, 0.000000000000000000 ) ) ;
#934 = VERTEX_POINT ( 'NONE', #2477 ) ;
#935 = ORIENTED_EDGE ( 'NONE', *, *, #376, .T. ) ;
#936 = DIRECTION ( 'NONE',  ( -1.000000000000000000, 0.000000000000000000, 0.000000000000000000 ) ) ;
#937 = CARTESIAN_POINT ( 'NONE',  ( 95.00000000000000000, -4.000000000000000000, -34.00000000000000000 ) ) ;
#938 = EDGE_CURVE ( 'NONE', #2651, #251, #752, .T. ) ;
#939 = AXIS2_PLACEMENT_3D ( 'NONE', #1591, #2557, #2323 ) ;
#940 = LINE ( 'NONE', #1891, #337 ) ;
#941 = AXIS2_PLACEMENT_3D ( 'NONE', #2361, #2584, #1138 ) ;
#942 = CARTESIAN_POINT ( 'NONE',  ( 1.000000000000000000, 0.000000000000000000, 46.70000000000000284 ) ) ;
#943 = ORIENTED_EDGE ( 'NONE', *, *, #878, .F. ) ;
#944 = VERTEX_POINT ( 'NONE', #492 ) ;
#945 = LINE ( 'NONE', #1671, #386 ) ;
#946 = AXIS2_PLACEMENT_3D ( 'NONE', #1869, #2091, #450 ) ;
#947 = CARTESIAN_POINT ( 'NONE',  ( -80.00000000000000000, -4.000000000000000000, -7.700000000000000178 ) ) ;
#948 = ORIENTED_EDGE ( 'NONE', *, *, #2858, .T. ) ;
#949 = ADVANCED_FACE ( 'NONE', ( #1966 ), #243, .T. ) ;
#950 = VECTOR ( 'NONE', #1024, 1000.000000000000000 ) ;
#951 = EDGE_LOOP ( 'NONE', ( #2698, #515, #2159, #2307 ) ) ;
#952 = DIRECTION ( 'NONE',  ( 0.000000000000000000, 1.000000000000000000, 0.000000000000000000 ) ) ;
#953 = CC_DESIGN_APPROVAL ( #2686, ( #855 ) ) ;
#954 = VECTOR ( 'NONE', #614, 1000.000000000000000 ) ;
#955 = VECTOR ( 'NONE', #52, 1000.000000000000000 ) ;
#956 = VERTEX_POINT ( 'NONE', #1488 ) ;
#957 = AXIS2_PLACEMENT_3D ( 'NONE', #2007, #12, #2922 ) ;
#958 = CARTESIAN_POINT ( 'NONE',  ( -48.00000000000000000, -3.000000000000000000, -16.40000000000000213 ) ) ;
#959 = CARTESIAN_POINT ( 'NONE',  ( -34.00000000000000000, 0.000000000000000000, -7.700000000000000178 ) ) ;
#960 = CARTESIAN_POINT ( 'NONE',  ( -93.00000000000000000, -7.000000000000000000, -63.00000000000000000 ) ) ;
#961 = CARTESIAN_POINT ( 'NONE',  ( 100.0000000000000000, -30.00000000000000000, -52.00000000000000000 ) ) ;
#962 = EDGE_CURVE ( 'NONE', #2250, #740, #1737, .T. ) ;
#963 = ORIENTED_EDGE ( 'NONE', *, *, #207, .F. ) ;
#964 = FACE_OUTER_BOUND ( 'NONE', #1858, .T. ) ;
#965 = DIRECTION ( 'NONE',  ( -1.000000000000000000, 0.000000000000000000, -0.000000000000000000 ) ) ;
#966 = CARTESIAN_POINT ( 'NONE',  ( -80.00000000000000000, 0.000000000000000000, -4.299999999999999822 ) ) ;
#967 = DIRECTION ( 'NONE',  ( -1.000000000000000000, -0.000000000000000000, -0.000000000000000000 ) ) ;
#968 = EDGE_LOOP ( 'NONE', ( #609, #2197, #3009 ) ) ;
#969 = CARTESIAN_POINT ( 'NONE',  ( -34.00000000000000000, -4.000000000000000000, -4.299999999999999822 ) ) ;
#970 = DIRECTION ( 'NONE',  ( 0.000000000000000000, -1.000000000000000000, 0.000000000000000000 ) ) ;
#971 = EDGE_CURVE ( 'NONE', #1205, #1956, #1027, .T. ) ;
#972 = EDGE_LOOP ( 'NONE', ( #1810, #2497, #2992, #2038, #1423, #2277, #144, #755, #1863, #2781, #1756, #2801 ) ) ;
#973 = PLANE ( 'NONE',  #3086 ) ;
#974 = DIRECTION ( 'NONE',  ( -1.000000000000000000, 0.000000000000000000, -0.000000000000000000 ) ) ;
#975 = ORIENTED_EDGE ( 'NONE', *, *, #409, .T. ) ;
#976 = LINE ( 'NONE', #1462, #471 ) ;
#977 = EDGE_CURVE ( 'NONE', #474, #687, #2462, .T. ) ;
#978 = ORIENTED_EDGE ( 'NONE', *, *, #671, .F. ) ;
#979 = ORIENTED_EDGE ( 'NONE', *, *, #2732, .T. ) ;
#980 = DIRECTION ( 'NONE',  ( 1.000000000000000000, 0.000000000000000000, 0.000000000000000000 ) ) ;
#981 = DIRECTION ( 'NONE',  ( 0.000000000000000000, 0.000000000000000000, -1.000000000000000000 ) ) ;
#982 = EDGE_CURVE ( 'NONE', #1692, #862, #1250, .T. ) ;
#983 = ORIENTED_EDGE ( 'NONE', *, *, #2406, .F. ) ;
#984 = ORIENTED_EDGE ( 'NONE', *, *, #1021, .T. ) ;
#985 = CARTESIAN_POINT ( 'NONE',  ( 100.0000000000000000, -2.999999999999999112, -57.00000000000000000 ) ) ;
#986 = ORIENTED_EDGE ( 'NONE', *, *, #1609, .F. ) ;
#987 = LINE ( 'NONE', #2190, #323 ) ;
#988 = CARTESIAN_POINT ( 'NONE',  ( -78.00000000000000000, -37.00000000000000000, 67.50000000000000000 ) ) ;
#989 = VERTEX_POINT ( 'NONE', #3140 ) ;
#990 = CARTESIAN_POINT ( 'NONE',  ( 95.00000000000000000, -4.000000000000000000, -31.00000000000000000 ) ) ;
#991 = CYLINDRICAL_SURFACE ( 'NONE', #2735, 5.000000000000004441 ) ;
#992 = CIRCLE ( 'NONE', #2011, 1.350000000000004086 ) ;
#993 = CYLINDRICAL_SURFACE ( 'NONE', #1882, 1.600000000000004086 ) ;
#994 = AXIS2_PLACEMENT_3D ( 'NONE', #846, #120, #2596 ) ;
#995 = DIRECTION ( 'NONE',  ( 0.000000000000000000, 0.000000000000000000, 1.000000000000000000 ) ) ;
#996 = LINE ( 'NONE', #966, #2163 ) ;
#997 = ORIENTED_EDGE ( 'NONE', *, *, #766, .T. ) ;
#998 = ORIENTED_EDGE ( 'NONE', *, *, #1618, .T. ) ;
#999 = ORIENTED_EDGE ( 'NONE', *, *, #1525, .T. ) ;
#1000 = CARTESIAN_POINT ( 'NONE',  ( 95.00000000000000000, -4.000000000000000000, -31.00000000000000000 ) ) ;
#1001 = AXIS2_PLACEMENT_3D ( 'NONE', #368, #1599, #2565 ) ;
#1002 = AXIS2_PLACEMENT_3D ( 'NONE', #960, #212, #2430 ) ;
#1003 = EDGE_CURVE ( 'NONE', #1359, #1965, #712, .T. ) ;
#1004 = AXIS2_PLACEMENT_3D ( 'NONE', #1394, #2360, #196 ) ;
#1005 = CIRCLE ( 'NONE', #427, 1.600000000000004086 ) ;
#1006 = CARTESIAN_POINT ( 'NONE',  ( -93.00000000000000000, -7.000000000000000000, -16.39999999999999503 ) ) ;
#1007 = AXIS2_PLACEMENT_3D ( 'NONE', #1436, #2422, #3164 ) ;
#1008 =( NAMED_UNIT ( * ) SI_UNIT ( $, .STERADIAN. ) SOLID_ANGLE_UNIT ( ) );
#1009 = LOCAL_TIME ( 17, 24, 0.000000000000000000, #1762 ) ;
#1010 = VECTOR ( 'NONE', #1247, 1000.000000000000000 ) ;
#1011 = CARTESIAN_POINT ( 'NONE',  ( 0.000000000000000000, -3.000000000000000000, -7.700000000000000178 ) ) ;
#1012 = DIRECTION ( 'NONE',  ( 0.000000000000000000, 1.000000000000000000, 0.000000000000000000 ) ) ;
#1013 = ORIENTED_EDGE ( 'NONE', *, *, #344, .F. ) ;
#1014 = ORIENTED_EDGE ( 'NONE', *, *, #8, .T. ) ;
#1015 = CARTESIAN_POINT ( 'NONE',  ( 107.0000000000000000, -37.00000000000000000, 67.50000000000000000 ) ) ;
#1016 = EDGE_CURVE ( 'NONE', #2943, #2562, #2170, .T. ) ;
#1017 = VECTOR ( 'NONE', #2275, 1000.000000000000000 ) ;
#1018 = PLANE ( 'NONE',  #679 ) ;
#1019 = VERTEX_POINT ( 'NONE', #2207 ) ;
#1020 = ORIENTED_EDGE ( 'NONE', *, *, #2138, .T. ) ;
#1021 = EDGE_CURVE ( 'NONE', #916, #1205, #467, .T. ) ;
#1022 = CARTESIAN_POINT ( 'NONE',  ( 100.0000000000000000, -34.00000000000000000, -57.00000000000000000 ) ) ;
#1023 = ADVANCED_FACE ( 'NONE', ( #768 ), #2711, .F. ) ;
#1024 = DIRECTION ( 'NONE',  ( -0.000000000000000000, 1.000000000000000000, -0.000000000000000000 ) ) ;
#1025 = DIRECTION ( 'NONE',  ( 0.000000000000000000, 1.000000000000000000, 0.000000000000000000 ) ) ;
#1026 = ORIENTED_EDGE ( 'NONE', *, *, #2538, .F. ) ;
#1027 = LINE ( 'NONE', #275, #68 ) ;
#1028 = CARTESIAN_POINT ( 'NONE',  ( -12.00000000000000000, -37.00000000000000000, 67.50000000000000000 ) ) ;
#1029 = EDGE_LOOP ( 'NONE', ( #1837, #1560, #1679, #3124 ) ) ;
#1030 = ORIENTED_EDGE ( 'NONE', *, *, #1502, .F. ) ;
#1031 = CARTESIAN_POINT ( 'NONE',  ( -47.44322356371700522, -7.000000000000000000, -64.50000000000000000 ) ) ;
#1032 = CARTESIAN_POINT ( 'NONE',  ( -100.0000000000000000, -30.00000000000000000, 62.00000000000000711 ) ) ;
#1033 = VERTEX_POINT ( 'NONE', #1221 ) ;
#1034 = ORIENTED_EDGE ( 'NONE', *, *, #2485, .F. ) ;
#1035 = ORIENTED_EDGE ( 'NONE', *, *, #203, .T. ) ;
#1036 = DIRECTION ( 'NONE',  ( 0.000000000000000000, 0.000000000000000000, -1.000000000000000000 ) ) ;
#1037 = DIRECTION ( 'NONE',  ( 0.000000000000000000, 1.000000000000000000, 0.000000000000000000 ) ) ;
#1038 = DIRECTION ( 'NONE',  ( -0.000000000000000000, 1.000000000000000000, -0.000000000000000000 ) ) ;
#1039 = DIRECTION ( 'NONE',  ( -0.000000000000000000, 1.000000000000000000, -0.000000000000000000 ) ) ;
#1040 = CARTESIAN_POINT ( 'NONE',  ( 100.0000000000000000, 0.000000000000000000, 57.00000000000000000 ) ) ;
#1041 = EDGE_CURVE ( 'NONE', #1452, #2188, #1750, .T. ) ;
#1042 = FACE_OUTER_BOUND ( 'NONE', #951, .T. ) ;
#1043 = CIRCLE ( 'NONE', #2221, 5.000000000000004441 ) ;
#1044 = DIRECTION ( 'NONE',  ( 0.000000000000000000, -1.000000000000000000, 0.000000000000000000 ) ) ;
#1045 = DIRECTION ( 'NONE',  ( 0.000000000000000000, 0.000000000000000000, 1.000000000000000000 ) ) ;
#1046 = EDGE_LOOP ( 'NONE', ( #804, #2113, #2908, #1174, #2560, #2642, #1099, #2668, #834, #2000, #429, #1030, #2099, #1377, #3125, #1566, #1716, #577, #208, #2754, #2217, #1404 ) ) ;
#1047 = ORIENTED_EDGE ( 'NONE', *, *, #779, .F. ) ;
#1048 = VERTEX_POINT ( 'NONE', #1272 ) ;
#1049 = AXIS2_PLACEMENT_3D ( 'NONE', #2105, #3064, #1844 ) ;
#1050 = ORIENTED_EDGE ( 'NONE', *, *, #607, .T. ) ;
#1051 = DIRECTION ( 'NONE',  ( 0.000000000000000000, 0.000000000000000000, 1.000000000000000000 ) ) ;
#1052 = ADVANCED_FACE ( 'NONE', ( #1440 ), #1764, .T. ) ;
#1053 = VERTEX_POINT ( 'NONE', #1477 ) ;
#1054 = AXIS2_PLACEMENT_3D ( 'NONE', #1538, #1786, #2540 ) ;
#1055 = CYLINDRICAL_SURFACE ( 'NONE', #2939, 5.000000000000004441 ) ;
#1056 = DIRECTION ( 'NONE',  ( 1.000000000000000000, 0.000000000000000000, 0.000000000000000000 ) ) ;
#1057 = ADVANCED_FACE ( 'NONE', ( #36 ), #973, .T. ) ;
#1058 = VECTOR ( 'NONE', #799, 1000.000000000000000 ) ;
#1059 = CARTESIAN_POINT ( 'NONE',  ( 100.0000000000000000, -30.00000000000000000, -57.00000000000000000 ) ) ;
#1060 = LINE ( 'NONE', #2774, #131 ) ;
#1061 = VECTOR ( 'NONE', #2607, 1000.000000000000000 ) ;
#1062 = AXIS2_PLACEMENT_3D ( 'NONE', #129, #578, #3022 ) ;
#1063 = EDGE_CURVE ( 'NONE', #1942, #1878, #2411, .T. ) ;
#1064 = CARTESIAN_POINT ( 'NONE',  ( 100.0000000000000000, 0.000000000000000000, 55.64999999999999858 ) ) ;
#1065 = DIRECTION ( 'NONE',  ( -1.000000000000000000, 0.000000000000000000, 0.000000000000000000 ) ) ;
#1066 = LINE ( 'NONE', #548, #1223 ) ;
#1067 = VERTEX_POINT ( 'NONE', #728 ) ;
#1068 = ORIENTED_EDGE ( 'NONE', *, *, #1759, .F. ) ;
#1069 = VERTEX_POINT ( 'NONE', #1717 ) ;
#1070 = ORIENTED_EDGE ( 'NONE', *, *, #411, .T. ) ;
#1071 = LINE ( 'NONE', #612, #1116 ) ;
#1072 = EDGE_LOOP ( 'NONE', ( #3070, #1360, #200, #932 ) ) ;
#1073 = CYLINDRICAL_SURFACE ( 'NONE', #1470, 5.000000000000004441 ) ;
#1074 = PERSON_AND_ORGANIZATION ( #869, #178 ) ;
#1075 = DIRECTION ( 'NONE',  ( 0.000000000000000000, 0.000000000000000000, 1.000000000000000000 ) ) ;
#1076 = FACE_BOUND ( 'NONE', #1401, .T. ) ;
#1077 = EDGE_CURVE ( 'NONE', #294, #315, #2447, .T. ) ;
#1078 = CARTESIAN_POINT ( 'NONE',  ( -93.00000000000000000, -3.000000000000000000, -19.60000000000000142 ) ) ;
#1079 = CARTESIAN_POINT ( 'NONE',  ( 100.0000000000000000, -2.999999999999999112, 57.00000000000000000 ) ) ;
#1080 = EDGE_CURVE ( 'NONE', #819, #1731, #174, .T. ) ;
#1081 = CARTESIAN_POINT ( 'NONE',  ( 107.0000000000000000, -3.000000000000000000, 64.50000000000000000 ) ) ;
#1082 = ORIENTED_EDGE ( 'NONE', *, *, #2847, .T. ) ;
#1083 = ORIENTED_EDGE ( 'NONE', *, *, #3134, .F. ) ;
#1084 = ORIENTED_EDGE ( 'NONE', *, *, #878, .T. ) ;
#1085 = CARTESIAN_POINT ( 'NONE',  ( -48.00000000000000000, -7.000000000000000000, -16.40000000000000213 ) ) ;
#1086 = ADVANCED_FACE ( 'NONE', ( #2743 ), #2270, .F. ) ;
#1087 = ORIENTED_EDGE ( 'NONE', *, *, #1918, .T. ) ;
#1088 = ORIENTED_EDGE ( 'NONE', *, *, #434, .T. ) ;
#1089 = DIRECTION ( 'NONE',  ( -0.000000000000000000, 1.000000000000000000, -0.000000000000000000 ) ) ;
#1090 = LINE ( 'NONE', #1522, #1148 ) ;
#1091 = FACE_BOUND ( 'NONE', #2548, .T. ) ;
#1092 = DIRECTION ( 'NONE',  ( 0.000000000000000000, -1.000000000000000000, 0.000000000000000000 ) ) ;
#1093 = LINE ( 'NONE', #620, #749 ) ;
#1094 = EDGE_CURVE ( 'NONE', #653, #567, #1463, .T. ) ;
#1095 = PLANE ( 'NONE',  #2534 ) ;
#1096 = EDGE_CURVE ( 'NONE', #2088, #421, #585, .T. ) ;
#1097 = EDGE_CURVE ( 'NONE', #733, #336, #1969, .T. ) ;
#1098 = DIRECTION ( 'NONE',  ( 1.000000000000000000, 0.000000000000000000, 0.000000000000000000 ) ) ;
#1099 = ORIENTED_EDGE ( 'NONE', *, *, #409, .F. ) ;
#1100 = ORIENTED_EDGE ( 'NONE', *, *, #160, .T. ) ;
#1101 = CARTESIAN_POINT ( 'NONE',  ( -110.0000000000000000, -37.00000000000000000, 64.50000000000000000 ) ) ;
#1102 = VECTOR ( 'NONE', #2453, 1000.000000000000000 ) ;
#1103 = ORIENTED_EDGE ( 'NONE', *, *, #485, .T. ) ;
#1104 = EDGE_CURVE ( 'NONE', #420, #1937, #2829, .T. ) ;
#1105 = CARTESIAN_POINT ( 'NONE',  ( -47.44322356371700522, -7.000000000000000000, -64.50000000000000000 ) ) ;
#1106 = AXIS2_PLACEMENT_3D ( 'NONE', #1079, #1044, #2034 ) ;
#1107 = DIRECTION ( 'NONE',  ( 0.000000000000000000, -0.000000000000000000, -1.000000000000000000 ) ) ;
#1108 = VECTOR ( 'NONE', #320, 1000.000000000000000 ) ;
#1109 = DIRECTION ( 'NONE',  ( -1.000000000000000000, 0.000000000000000000, 0.000000000000000000 ) ) ;
#1110 = CARTESIAN_POINT ( 'NONE',  ( -12.00000000000000000, -37.00000000000000000, 67.50000000000000000 ) ) ;
#1111 = LINE ( 'NONE', #2081, #2165 ) ;
#1112 = CARTESIAN_POINT ( 'NONE',  ( 69.00000000000000000, -3.000000000000000000, 0.000000000000000000 ) ) ;
#1113 = CIRCLE ( 'NONE', #1373, 1.600000000000004086 ) ;
#1114 = VECTOR ( 'NONE', #1999, 1000.000000000000000 ) ;
#1115 = DIRECTION ( 'NONE',  ( 1.000000000000000000, 0.000000000000000000, 0.000000000000000000 ) ) ;
#1116 = VECTOR ( 'NONE', #2561, 1000.000000000000000 ) ;
#1117 = VERTEX_POINT ( 'NONE', #2287 ) ;
#1118 = ORIENTED_EDGE ( 'NONE', *, *, #543, .T. ) ;
#1119 = DIRECTION ( 'NONE',  ( 0.000000000000000000, 0.000000000000000000, -1.000000000000000000 ) ) ;
#1120 = ADVANCED_FACE ( 'NONE', ( #71 ), #91, .T. ) ;
#1121 = ORIENTED_EDGE ( 'NONE', *, *, #2304, .T. ) ;
#1122 = FACE_BOUND ( 'NONE', #1625, .T. ) ;
#1123 = DATE_AND_TIME ( #149, #1923 ) ;
#1124 = ADVANCED_FACE ( 'NONE', ( #305 ), #828, .T. ) ;
#1125 = AXIS2_PLACEMENT_3D ( 'NONE', #94, #2511, #1115 ) ;
#1126 = DIRECTION ( 'NONE',  ( -0.000000000000000000, 1.000000000000000000, -0.000000000000000000 ) ) ;
#1127 = CARTESIAN_POINT ( 'NONE',  ( -68.00000000000000000, -3.000000000000000000, -7.700000000000000178 ) ) ;
#1128 = CARTESIAN_POINT ( 'NONE',  ( 0.000000000000000000, -7.000000000000000000, 30.00000000000000000 ) ) ;
#1129 = CARTESIAN_POINT ( 'NONE',  ( 92.00000000000001421, -3.000000000000000000, 67.50000000000000000 ) ) ;
#1130 = ORIENTED_EDGE ( 'NONE', *, *, #344, .T. ) ;
#1131 = CARTESIAN_POINT ( 'NONE',  ( -93.00000000000000000, -7.000000000000000000, -63.00000000000000000 ) ) ;
#1132 = DIRECTION ( 'NONE',  ( 0.000000000000000000, -0.000000000000000000, 1.000000000000000000 ) ) ;
#1133 = ORIENTED_EDGE ( 'NONE', *, *, #1096, .F. ) ;
#1134 = VERTEX_POINT ( 'NONE', #1285 ) ;
#1135 = CARTESIAN_POINT ( 'NONE',  ( 95.00000000000000000, -3.000000000000000000, -0.000000000000000000 ) ) ;
#1136 = EDGE_LOOP ( 'NONE', ( #1767, #1893, #2346, #2869 ) ) ;
#1137 = CARTESIAN_POINT ( 'NONE',  ( 28.00000000000000000, -4.000000000000000000, -31.00000000000000000 ) ) ;
#1138 = DIRECTION ( 'NONE',  ( 0.000000000000000000, 0.000000000000000000, 1.000000000000000000 ) ) ;
#1139 = DIRECTION ( 'NONE',  ( 0.000000000000000000, -1.000000000000000000, 0.000000000000000000 ) ) ;
#1140 = CARTESIAN_POINT ( 'NONE',  ( -78.00000000000000000, -37.00000000000000000, 64.50000000000000000 ) ) ;
#1141 = DIRECTION ( 'NONE',  ( 0.000000000000000000, -1.000000000000000000, 0.000000000000000000 ) ) ;
#1142 = EDGE_CURVE ( 'NONE', #110, #1261, #3027, .T. ) ;
#1143 = CARTESIAN_POINT ( 'NONE',  ( -48.00000000000000000, -7.000000000000000000, -18.00000000000000000 ) ) ;
#1144 = EDGE_LOOP ( 'NONE', ( #575, #2415, #84, #223 ) ) ;
#1145 = VERTEX_POINT ( 'NONE', #2045 ) ;
#1146 = PLANE ( 'NONE',  #228 ) ;
#1147 = PLANE ( 'NONE',  #164 ) ;
#1148 = VECTOR ( 'NONE', #2058, 1000.000000000000000 ) ;
#1149 = CIRCLE ( 'NONE', #1657, 1.600000000000000755 ) ;
#1150 = AXIS2_PLACEMENT_3D ( 'NONE', #2060, #3031, #781 ) ;
#1151 = CARTESIAN_POINT ( 'NONE',  ( 0.000000000000000000, -7.000000000000000000, -12.00000000000000000 ) ) ;
#1152 = DIRECTION ( 'NONE',  ( -0.000000000000000000, -0.000000000000000000, 1.000000000000000000 ) ) ;
#1153 = EDGE_CURVE ( 'NONE', #1379, #1048, #813, .T. ) ;
#1154 = CARTESIAN_POINT ( 'NONE',  ( -48.00000000000000000, -3.000000000000000000, -18.00000000000000000 ) ) ;
#1155 = CARTESIAN_POINT ( 'NONE',  ( 30.00000000000000000, -3.000000000000000000, 0.000000000000000000 ) ) ;
#1156 = AXIS2_PLACEMENT_3D ( 'NONE', #2907, #952, #1694 ) ;
#1157 = LINE ( 'NONE', #186, #118 ) ;
#1158 = EDGE_CURVE ( 'NONE', #2216, #1841, #1304, .T. ) ;
#1159 = EDGE_LOOP ( 'NONE', ( #53, #2958, #1507, #2870 ) ) ;
#1160 = VECTOR ( 'NONE', #734, 1000.000000000000000 ) ;
#1161 = PLANE ( 'NONE',  #750 ) ;
#1162 = AXIS2_PLACEMENT_3D ( 'NONE', #2705, #2689, #302 ) ;
#1163 = LINE ( 'NONE', #192, #440 ) ;
#1164 = CARTESIAN_POINT ( 'NONE',  ( 0.000000000000000000, -3.000000000000000000, 30.00000000000000000 ) ) ;
#1165 = AXIS2_PLACEMENT_3D ( 'NONE', #1196, #1267, #1236 ) ;
#1166 = AXIS2_PLACEMENT_3D ( 'NONE', #1256, #1740, #1494 ) ;
#1167 = AXIS2_PLACEMENT_3D ( 'NONE', #2016, #2984, #1789 ) ;
#1168 = DIRECTION ( 'NONE',  ( -0.000000000000000000, 1.000000000000000000, -0.000000000000000000 ) ) ;
#1169 = CARTESIAN_POINT ( 'NONE',  ( -93.00000000000000000, -3.000000000000000000, -18.00000000000000000 ) ) ;
#1170 = DIRECTION ( 'NONE',  ( -0.000000000000000000, 0.000000000000000000, 1.000000000000000000 ) ) ;
#1171 = CARTESIAN_POINT ( 'NONE',  ( 69.00000000000000000, -4.000000000000000000, -26.30000000000000071 ) ) ;
#1172 = EDGE_CURVE ( 'NONE', #298, #727, #1711, .T. ) ;
#1173 = CARTESIAN_POINT ( 'NONE',  ( 100.0000000000000000, -30.00000000000000000, 62.00000000000000711 ) ) ;
#1174 = ORIENTED_EDGE ( 'NONE', *, *, #584, .F. ) ;
#1175 = EDGE_LOOP ( 'NONE', ( #2248, #1983, #2025, #347 ) ) ;
#1176 = LINE ( 'NONE', #701, #2127 ) ;
#1177 = PLANE ( 'NONE',  #2571 ) ;
#1178 = ORIENTED_EDGE ( 'NONE', *, *, #395, .T. ) ;
#1179 = FACE_OUTER_BOUND ( 'NONE', #875, .T. ) ;
#1180 = EDGE_CURVE ( 'NONE', #731, #1359, #2507, .T. ) ;
#1181 = VERTEX_POINT ( 'NONE', #103 ) ;
#1182 = DIRECTION ( 'NONE',  ( 0.000000000000000000, 0.000000000000000000, 1.000000000000000000 ) ) ;
#1183 = DIRECTION ( 'NONE',  ( 0.000000000000000000, 1.000000000000000000, 0.000000000000000000 ) ) ;
#1184 = DIRECTION ( 'NONE',  ( -0.000000000000000000, 1.000000000000000000, -0.000000000000000000 ) ) ;
#1185 = EDGE_CURVE ( 'NONE', #1117, #1795, #1090, .T. ) ;
#1186 = LINE ( 'NONE', #2196, #2977 ) ;
#1187 = VERTEX_POINT ( 'NONE', #397 ) ;
#1188 = EDGE_LOOP ( 'NONE', ( #2955, #699, #948, #2514 ) ) ;
#1189 = ADVANCED_FACE ( 'NONE', ( #3029 ), #1829, .F. ) ;
#1190 = DIRECTION ( 'NONE',  ( -1.000000000000000000, 0.000000000000000000, 0.000000000000000000 ) ) ;
#1191 = ADVANCED_FACE ( 'NONE', ( #159 ), #1147, .T. ) ;
#1192 = DIRECTION ( 'NONE',  ( 1.000000000000000000, 0.000000000000000000, 0.000000000000000000 ) ) ;
#1193 = DIRECTION ( 'NONE',  ( 0.000000000000000000, -1.000000000000000000, 0.000000000000000000 ) ) ;
#1194 = ORIENTED_EDGE ( 'NONE', *, *, #114, .F. ) ;
#1195 = EDGE_CURVE ( 'NONE', #2051, #1498, #2528, .T. ) ;
#1196 = CARTESIAN_POINT ( 'NONE',  ( 0.000000000000000000, -7.000000000000000000, -12.00000000000000000 ) ) ;
#1197 = VECTOR ( 'NONE', #1624, 1000.000000000000000 ) ;
#1198 = LINE ( 'NONE', #923, #1620 ) ;
#1199 = VECTOR ( 'NONE', #1065, 1000.000000000000000 ) ;
#1200 = ORIENTED_EDGE ( 'NONE', *, *, #2329, .T. ) ;
#1201 = CARTESIAN_POINT ( 'NONE',  ( 100.0000000000000000, -30.00000000000000000, -62.00000000000000711 ) ) ;
#1202 = CARTESIAN_POINT ( 'NONE',  ( -100.0000000000000000, -30.00000000000000000, -57.00000000000000000 ) ) ;
#1203 = AXIS2_PLACEMENT_3D ( 'NONE', #841, #1826, #2787 ) ;
#1204 = CARTESIAN_POINT ( 'NONE',  ( -107.0000000000000000, -3.000000000000000000, -64.50000000000000000 ) ) ;
#1205 = VERTEX_POINT ( 'NONE', #2604 ) ;
#1206 = DIRECTION ( 'NONE',  ( 0.000000000000000000, 0.000000000000000000, 1.000000000000000000 ) ) ;
#1207 = CARTESIAN_POINT ( 'NONE',  ( 100.0000000000000000, -30.00000000000000000, 57.00000000000000000 ) ) ;
#1208 = LINE ( 'NONE', #2942, #1608 ) ;
#1209 = CARTESIAN_POINT ( 'NONE',  ( -93.00000000000000000, -7.000000000000000000, -18.00000000000000000 ) ) ;
#1210 = DIRECTION ( 'NONE',  ( -1.000000000000000000, -0.000000000000000000, -0.000000000000000000 ) ) ;
#1211 = VECTOR ( 'NONE', #570, 1000.000000000000000 ) ;
#1212 = AXIS2_PLACEMENT_3D ( 'NONE', #1460, #2953, #974 ) ;
#1213 = AXIS2_PLACEMENT_3D ( 'NONE', #532, #2738, #553 ) ;
#1214 = EDGE_CURVE ( 'NONE', #1878, #201, #678, .T. ) ;
#1215 = ORIENTED_EDGE ( 'NONE', *, *, #921, .F. ) ;
#1216 = AXIS2_PLACEMENT_3D ( 'NONE', #1911, #2636, #1484 ) ;
#1217 = CARTESIAN_POINT ( 'NONE',  ( -110.0000000000000000, 0.000000000000000000, -67.50000000000000000 ) ) ;
#1218 = CARTESIAN_POINT ( 'NONE',  ( 28.00000000000000000, -3.000000000000000000, 0.000000000000000000 ) ) ;
#1219 = DIRECTION ( 'NONE',  ( 0.000000000000000000, 1.000000000000000000, 0.000000000000000000 ) ) ;
#1220 = VERTEX_POINT ( 'NONE', #447 ) ;
#1221 = CARTESIAN_POINT ( 'NONE',  ( 96.00000000000000000, -3.000000000000000000, 31.60000000000000142 ) ) ;
#1222 = CARTESIAN_POINT ( 'NONE',  ( -110.0000000000000000, -3.000000000000000000, -67.50000000000000000 ) ) ;
#1223 = VECTOR ( 'NONE', #1358, 1000.000000000000000 ) ;
#1224 = EDGE_CURVE ( 'NONE', #1695, #3036, #132, .T. ) ;
#1225 = DIRECTION ( 'NONE',  ( 0.000000000000000000, 0.000000000000000000, 1.000000000000000000 ) ) ;
#1226 = ORIENTED_EDGE ( 'NONE', *, *, #1511, .T. ) ;
#1227 = ORIENTED_EDGE ( 'NONE', *, *, #2449, .F. ) ;
#1228 = DIRECTION ( 'NONE',  ( -0.000000000000000000, -0.000000000000000000, 1.000000000000000000 ) ) ;
#1229 = CARTESIAN_POINT ( 'NONE',  ( 30.00000000000000000, 0.000000000000000000, 43.29999999999999716 ) ) ;
#1230 = CARTESIAN_POINT ( 'NONE',  ( -80.00000000000000000, 0.000000000000000000, -7.700000000000000178 ) ) ;
#1231 = ORIENTED_EDGE ( 'NONE', *, *, #760, .T. ) ;
#1232 = VERTEX_POINT ( 'NONE', #1450 ) ;
#1233 = DIRECTION ( 'NONE',  ( 0.000000000000000000, 0.000000000000000000, -1.000000000000000000 ) ) ;
#1234 = ORIENTED_EDGE ( 'NONE', *, *, #2138, .F. ) ;
#1235 = ADVANCED_FACE ( 'NONE', ( #2892 ), #461, .T. ) ;
#1236 = DIRECTION ( 'NONE',  ( 0.000000000000000000, -0.000000000000000000, 1.000000000000000000 ) ) ;
#1237 = DIRECTION ( 'NONE',  ( 0.000000000000000000, 0.000000000000000000, -1.000000000000000000 ) ) ;
#1238 = ORIENTED_EDGE ( 'NONE', *, *, #1281, .T. ) ;
#1239 = CARTESIAN_POINT ( 'NONE',  ( 1.000000000000000000, -4.000000000000000000, 46.70000000000000284 ) ) ;
#1240 = PLANE ( 'NONE',  #2582 ) ;
#1241 = EDGE_CURVE ( 'NONE', #2407, #392, #426, .T. ) ;
#1242 = CARTESIAN_POINT ( 'NONE',  ( 81.00000000000000000, 0.000000000000000000, -29.69999999999999929 ) ) ;
#1243 = DIRECTION ( 'NONE',  ( 0.000000000000000000, 0.000000000000000000, -1.000000000000000000 ) ) ;
#1244 = DIRECTION ( 'NONE',  ( -0.000000000000000000, -0.000000000000000000, 1.000000000000000000 ) ) ;
#1245 = VERTEX_POINT ( 'NONE', #3117 ) ;
#1246 = ORIENTED_EDGE ( 'NONE', *, *, #815, .T. ) ;
#1247 = DIRECTION ( 'NONE',  ( -0.000000000000000000, 1.000000000000000000, -0.000000000000000000 ) ) ;
#1248 = CARTESIAN_POINT ( 'NONE',  ( -100.0000000000000000, -30.00000000000000000, -58.35000000000000853 ) ) ;
#1249 = PERSON_AND_ORGANIZATION ( #869, #178 ) ;
#1250 = LINE ( 'NONE', #2226, #3080 ) ;
#1251 = ADVANCED_FACE ( 'NONE', ( #706, #672 ), #1677, .F. ) ;
#1252 = DIRECTION ( 'NONE',  ( 0.000000000000000000, 1.000000000000000000, 0.000000000000000000 ) ) ;
#1253 = VECTOR ( 'NONE', #2353, 1000.000000000000000 ) ;
#1254 = ORIENTED_EDGE ( 'NONE', *, *, #2074, .F. ) ;
#1255 = EDGE_LOOP ( 'NONE', ( #2476, #1084, #552, #2404, #1678, #1347, #428, #1497, #1592, #1653, #858, #2798 ) ) ;
#1256 = CARTESIAN_POINT ( 'NONE',  ( 100.0000000000000000, -30.00000000000000000, 57.00000000000000000 ) ) ;
#1257 = VECTOR ( 'NONE', #2397, 1000.000000000000000 ) ;
#1258 = EDGE_CURVE ( 'NONE', #2651, #2945, #590, .T. ) ;
#1259 = DIRECTION ( 'NONE',  ( 0.000000000000000000, 0.000000000000000000, 1.000000000000000000 ) ) ;
#1260 = ORIENTED_EDGE ( 'NONE', *, *, #1446, .F. ) ;
#1261 = VERTEX_POINT ( 'NONE', #3131 ) ;
#1262 = ORIENTED_EDGE ( 'NONE', *, *, #2594, .F. ) ;
#1263 = FACE_OUTER_BOUND ( 'NONE', #1593, .T. ) ;
#1264 = VECTOR ( 'NONE', #1787, 1000.000000000000000 ) ;
#1265 = LOCAL_TIME ( 17, 24, 0.000000000000000000, #1299 ) ;
#1266 = VECTOR ( 'NONE', #545, 1000.000000000000000 ) ;
#1267 = DIRECTION ( 'NONE',  ( 0.000000000000000000, 1.000000000000000000, 0.000000000000000000 ) ) ;
#1268 = DIRECTION ( 'NONE',  ( 1.000000000000000000, 0.000000000000000000, -0.000000000000000000 ) ) ;
#1269 = AXIS2_PLACEMENT_3D ( 'NONE', #2073, #1089, #88 ) ;
#1270 = AXIS2_PLACEMENT_3D ( 'NONE', #763, #2265, #1745 ) ;
#1271 = EDGE_LOOP ( 'NONE', ( #613, #1309, #384, #2969 ) ) ;
#1272 = CARTESIAN_POINT ( 'NONE',  ( -11.99999999999999645, -3.000000000000000000, 67.50000000000000000 ) ) ;
#1273 = DIRECTION ( 'NONE',  ( 0.000000000000000000, 1.000000000000000000, 0.000000000000000000 ) ) ;
#1274 = ORIENTED_EDGE ( 'NONE', *, *, #921, .T. ) ;
#1275 = CARTESIAN_POINT ( 'NONE',  ( 100.0000000000000000, -30.00000000000000000, 58.35000000000000853 ) ) ;
#1276 = CARTESIAN_POINT ( 'NONE',  ( 77.00000000000000000, -37.00000000000000000, 64.50000000000000000 ) ) ;
#1277 = EDGE_LOOP ( 'NONE', ( #2006, #1403 ) ) ;
#1278 = EDGE_LOOP ( 'NONE', ( #2944, #2638, #1100, #2072 ) ) ;
#1279 = ORIENTED_EDGE ( 'NONE', *, *, #2184, .T. ) ;
#1280 = CARTESIAN_POINT ( 'NONE',  ( -12.00000000000000000, -3.000000000000002665, 64.50000000000000000 ) ) ;
#1281 = EDGE_CURVE ( 'NONE', #862, #100, #1655, .T. ) ;
#1282 = EDGE_CURVE ( 'NONE', #1452, #1611, #1926, .T. ) ;
#1283 = DIRECTION ( 'NONE',  ( 0.000000000000000000, 1.000000000000000000, 0.000000000000000000 ) ) ;
#1284 =( LENGTH_UNIT ( ) NAMED_UNIT ( * ) SI_UNIT ( .MILLI., .METRE. ) );
#1285 = CARTESIAN_POINT ( 'NONE',  ( 95.00000000000000000, -4.000000000000000000, -31.00000000000000000 ) ) ;
#1286 = DIRECTION ( 'NONE',  ( 0.000000000000000000, 0.000000000000000000, 1.000000000000000000 ) ) ;
#1287 = EDGE_CURVE ( 'NONE', #156, #3021, #176, .T. ) ;
#1288 = CARTESIAN_POINT ( 'NONE',  ( -107.0000000000000000, -37.00000000000000000, 67.50000000000000000 ) ) ;
#1289 = EDGE_CURVE ( 'NONE', #1611, #1452, #383, .T. ) ;
#1290 = CYLINDRICAL_SURFACE ( 'NONE', #2667, 1.599999999999997202 ) ;
#1291 = VERTEX_POINT ( 'NONE', #659 ) ;
#1292 = ORIENTED_EDGE ( 'NONE', *, *, #1910, .T. ) ;
#1293 = ORIENTED_EDGE ( 'NONE', *, *, #2771, .F. ) ;
#1294 = EDGE_LOOP ( 'NONE', ( #2133, #1822, #2237, #564 ) ) ;
#1295 = FACE_OUTER_BOUND ( 'NONE', #724, .T. ) ;
#1296 = ADVANCED_FACE ( 'NONE', ( #1899 ), #206, .T. ) ;
#1297 = ORIENTED_EDGE ( 'NONE', *, *, #1389, .T. ) ;
#1298 = DIRECTION ( 'NONE',  ( 0.000000000000000000, 0.000000000000000000, 1.000000000000000000 ) ) ;
#1299 = COORDINATED_UNIVERSAL_TIME_OFFSET ( 8, 0, .AHEAD. ) ;
#1300 = EDGE_CURVE ( 'NONE', #336, #733, #1875, .T. ) ;
#1301 = DIRECTION ( 'NONE',  ( 0.000000000000000000, 0.000000000000000000, 1.000000000000000000 ) ) ;
#1302 = CARTESIAN_POINT ( 'NONE',  ( 69.00000000000000000, -4.000000000000000000, 43.29999999999999716 ) ) ;
#1303 = DIRECTION ( 'NONE',  ( 0.000000000000000000, 1.000000000000000000, 0.000000000000000000 ) ) ;
#1304 = CIRCLE ( 'NONE', #2428, 1.599999999999997202 ) ;
#1305 = VECTOR ( 'NONE', #2153, 1000.000000000000000 ) ;
#1306 = DIRECTION ( 'NONE',  ( 0.000000000000000000, -1.000000000000000000, 0.000000000000000000 ) ) ;
#1307 = DIRECTION ( 'NONE',  ( 0.000000000000000000, 0.000000000000000000, 1.000000000000000000 ) ) ;
#1308 = ORIENTED_EDGE ( 'NONE', *, *, #1453, .F. ) ;
#1309 = ORIENTED_EDGE ( 'NONE', *, *, #2465, .T. ) ;
#1310 = ORIENTED_EDGE ( 'NONE', *, *, #3082, .F. ) ;
#1311 = VECTOR ( 'NONE', #257, 1000.000000000000000 ) ;
#1312 = ORIENTED_EDGE ( 'NONE', *, *, #1583, .F. ) ;
#1313 = PLANE ( 'NONE',  #1162 ) ;
#1314 = VECTOR ( 'NONE', #1339, 1000.000000000000000 ) ;
#1315 = ORIENTED_EDGE ( 'NONE', *, *, #584, .T. ) ;
#1316 = DIRECTION ( 'NONE',  ( 0.000000000000000000, -1.000000000000000000, 0.000000000000000000 ) ) ;
#1317 = ADVANCED_FACE ( 'NONE', ( #2201 ), #1642, .F. ) ;
#1318 = APPROVAL_STATUS ( 'not_yet_approved' ) ;
#1319 = CARTESIAN_POINT ( 'NONE',  ( 1.000000000000000000, -4.000000000000000000, 46.70000000000000284 ) ) ;
#1320 = DIRECTION ( 'NONE',  ( 0.000000000000000000, 0.000000000000000000, -1.000000000000000000 ) ) ;
#1321 = EDGE_CURVE ( 'NONE', #1069, #28, #3106, .T. ) ;
#1322 = VECTOR ( 'NONE', #1439, 1000.000000000000000 ) ;
#1323 = AXIS2_PLACEMENT_3D ( 'NONE', #1332, #626, #1607 ) ;
#1324 = DIRECTION ( 'NONE',  ( 0.000000000000000000, -1.000000000000000000, 0.000000000000000000 ) ) ;
#1325 = ADVANCED_FACE ( 'NONE', ( #1179 ), #2146, .F. ) ;
#1326 = CARTESIAN_POINT ( 'NONE',  ( -100.0000000000000000, -34.00000000000000000, 55.64999999999999858 ) ) ;
#1327 = AXIS2_PLACEMENT_3D ( 'NONE', #1171, #2610, #1903 ) ;
#1328 = FACE_OUTER_BOUND ( 'NONE', #2672, .T. ) ;
#1329 = ORIENTED_EDGE ( 'NONE', *, *, #3099, .T. ) ;
#1330 = VERTEX_POINT ( 'NONE', #2238 ) ;
#1331 = ORIENTED_EDGE ( 'NONE', *, *, #2897, .F. ) ;
#1332 = CARTESIAN_POINT ( 'NONE',  ( 96.00000000000000000, -3.000000000000000000, -12.00000000000000000 ) ) ;
#1333 = VECTOR ( 'NONE', #175, 1000.000000000000000 ) ;
#1334 = EDGE_LOOP ( 'NONE', ( #2218, #348 ) ) ;
#1335 = ORIENTED_EDGE ( 'NONE', *, *, #165, .F. ) ;
#1336 = DIRECTION ( 'NONE',  ( 0.000000000000000000, -0.000000000000000000, -1.000000000000000000 ) ) ;
#1337 = CC_DESIGN_PERSON_AND_ORGANIZATION_ASSIGNMENT ( #2564, #616, ( #540 ) ) ;
#1338 = CARTESIAN_POINT ( 'NONE',  ( -0.000000000000000000, -3.000000000000000000, -4.299999999999999822 ) ) ;
#1339 = DIRECTION ( 'NONE',  ( -0.000000000000000000, 0.000000000000000000, 1.000000000000000000 ) ) ;
#1340 = FACE_OUTER_BOUND ( 'NONE', #2780, .T. ) ;
#1341 = FACE_OUTER_BOUND ( 'NONE', #1046, .T. ) ;
#1342 = DIRECTION ( 'NONE',  ( 0.000000000000000000, 0.000000000000000000, -1.000000000000000000 ) ) ;
#1343 = CARTESIAN_POINT ( 'NONE',  ( 30.00000000000000000, 0.000000000000000000, 43.29999999999999716 ) ) ;
#1344 = EDGE_CURVE ( 'NONE', #188, #235, #30, .T. ) ;
#1345 = EDGE_LOOP ( 'NONE', ( #1931, #1693, #44, #2020 ) ) ;
#1346 = ORIENTED_EDGE ( 'NONE', *, *, #2874, .F. ) ;
#1347 = ORIENTED_EDGE ( 'NONE', *, *, #385, .T. ) ;
#1348 = FACE_OUTER_BOUND ( 'NONE', #2206, .T. ) ;
#1349 = ORIENTED_EDGE ( 'NONE', *, *, #2319, .F. ) ;
#1350 = VERTEX_POINT ( 'NONE', #46 ) ;
#1351 = LINE ( 'NONE', #793, #2935 ) ;
#1352 = DIRECTION ( 'NONE',  ( 0.000000000000000000, 1.000000000000000000, 0.000000000000000000 ) ) ;
#1353 = FACE_OUTER_BOUND ( 'NONE', #1792, .T. ) ;
#1354 = CYLINDRICAL_SURFACE ( 'NONE', #592, 1.600000000000004086 ) ;
#1355 = ADVANCED_FACE ( 'NONE', ( #2457 ), #1313, .T. ) ;
#1356 = CARTESIAN_POINT ( 'NONE',  ( -100.0000000000000000, -30.00000000000000000, -57.00000000000000000 ) ) ;
#1357 = ADVANCED_FACE ( 'NONE', ( #2280 ), #502, .T. ) ;
#1358 = DIRECTION ( 'NONE',  ( 1.000000000000000000, 0.000000000000000000, 0.000000000000000000 ) ) ;
#1359 = VERTEX_POINT ( 'NONE', #2504 ) ;
#1360 = ORIENTED_EDGE ( 'NONE', *, *, #1524, .F. ) ;
#1361 = LINE ( 'NONE', #1595, #2537 ) ;
#1362 = EDGE_CURVE ( 'NONE', #1641, #835, #2975, .T. ) ;
#1363 = AXIS2_PLACEMENT_3D ( 'NONE', #1528, #308, #1307 ) ;
#1364 = ORIENTED_EDGE ( 'NONE', *, *, #2820, .T. ) ;
#1365 = DIRECTION ( 'NONE',  ( 0.000000000000000000, 0.000000000000000000, -1.000000000000000000 ) ) ;
#1366 = VECTOR ( 'NONE', #2363, 1000.000000000000000 ) ;
#1367 = LINE ( 'NONE', #2013, #1264 ) ;
#1368 = LINE ( 'NONE', #618, #2824 ) ;
#1369 = LINE ( 'NONE', #2555, #278 ) ;
#1370 = DIRECTION ( 'NONE',  ( 0.000000000000000000, 0.000000000000000000, -1.000000000000000000 ) ) ;
#1371 = ORIENTED_EDGE ( 'NONE', *, *, #207, .T. ) ;
#1372 = DIRECTION ( 'NONE',  ( 0.000000000000000000, 0.000000000000000000, 1.000000000000000000 ) ) ;
#1373 = AXIS2_PLACEMENT_3D ( 'NONE', #1169, #970, #3167 ) ;
#1374 = VECTOR ( 'NONE', #1398, 1000.000000000000000 ) ;
#1375 = CARTESIAN_POINT ( 'NONE',  ( -48.55677643628300189, -7.000000000000000000, -64.50000000000000000 ) ) ;
#1376 = ORIENTED_EDGE ( 'NONE', *, *, #1063, .T. ) ;
#1377 = ORIENTED_EDGE ( 'NONE', *, *, #1585, .F. ) ;
#1378 = PLANE ( 'NONE',  #800 ) ;
#1379 = VERTEX_POINT ( 'NONE', #1280 ) ;
#1380 = APPROVAL_STATUS ( 'not_yet_approved' ) ;
#1381 = ADVANCED_FACE ( 'NONE', ( #269 ), #2516, .F. ) ;
#1382 = DIRECTION ( 'NONE',  ( 1.000000000000000000, 0.000000000000000000, 0.000000000000000000 ) ) ;
#1383 = LINE ( 'NONE', #2566, #735 ) ;
#1384 = DIRECTION ( 'NONE',  ( 0.000000000000000000, 0.000000000000000000, 1.000000000000000000 ) ) ;
#1385 = DIRECTION ( 'NONE',  ( 0.000000000000000000, 1.000000000000000000, 0.000000000000000000 ) ) ;
#1386 = DIRECTION ( 'NONE',  ( 0.000000000000000000, 1.000000000000000000, 0.000000000000000000 ) ) ;
#1387 = DIRECTION ( 'NONE',  ( 0.000000000000000000, 0.000000000000000000, -1.000000000000000000 ) ) ;
#1388 = ORIENTED_EDGE ( 'NONE', *, *, #402, .T. ) ;
#1389 = EDGE_CURVE ( 'NONE', #1134, #1628, #791, .T. ) ;
#1390 = CARTESIAN_POINT ( 'NONE',  ( 69.00000000000000000, -3.000000000000000000, 43.29999999999999716 ) ) ;
#1391 = EDGE_LOOP ( 'NONE', ( #2295, #2130, #2429, #2471 ) ) ;
#1392 = EDGE_CURVE ( 'NONE', #653, #3036, #85, .T. ) ;
#1393 = DIRECTION ( 'NONE',  ( 0.000000000000000000, 0.000000000000000000, -1.000000000000000000 ) ) ;
#1394 = CARTESIAN_POINT ( 'NONE',  ( 0.000000000000000000, -7.000000000000000000, 30.00000000000000000 ) ) ;
#1395 = DIRECTION ( 'NONE',  ( -1.000000000000000000, 0.000000000000000000, 0.000000000000000000 ) ) ;
#1396 = EDGE_CURVE ( 'NONE', #236, #2385, #2720, .T. ) ;
#1397 = LINE ( 'NONE', #882, #2725 ) ;
#1398 = DIRECTION ( 'NONE',  ( 0.000000000000000000, 0.000000000000000000, -1.000000000000000000 ) ) ;
#1399 = DIRECTION ( 'NONE',  ( 0.000000000000000000, 1.000000000000000000, 0.000000000000000000 ) ) ;
#1400 = ORIENTED_EDGE ( 'NONE', *, *, #152, .T. ) ;
#1401 = EDGE_LOOP ( 'NONE', ( #2762, #2989, #2367, #2612 ) ) ;
#1402 = PLANE ( 'NONE',  #645 ) ;
#1403 = ORIENTED_EDGE ( 'NONE', *, *, #547, .F. ) ;
#1404 = ORIENTED_EDGE ( 'NONE', *, *, #2168, .F. ) ;
#1405 = DIRECTION ( 'NONE',  ( 1.000000000000000000, 0.000000000000000000, 0.000000000000000000 ) ) ;
#1406 = AXIS2_PLACEMENT_3D ( 'NONE', #1143, #1399, #1892 ) ;
#1407 = EDGE_CURVE ( 'NONE', #711, #2407, #252, .T. ) ;
#1408 = CARTESIAN_POINT ( 'NONE',  ( -107.0000000000000000, -37.00000000000000000, -64.50000000000000000 ) ) ;
#1409 = LINE ( 'NONE', #182, #2284 ) ;
#1410 = DIRECTION ( 'NONE',  ( 0.000000000000000000, 0.000000000000000000, -1.000000000000000000 ) ) ;
#1411 = LINE ( 'NONE', #2383, #2822 ) ;
#1412 = EDGE_LOOP ( 'NONE', ( #1952, #501, #133, #81 ) ) ;
#1413 = ORIENTED_EDGE ( 'NONE', *, *, #3039, .T. ) ;
#1414 = ADVANCED_FACE ( 'NONE', ( #2961 ), #2252, .T. ) ;
#1415 = VECTOR ( 'NONE', #2109, 1000.000000000000000 ) ;
#1416 = CYLINDRICAL_SURFACE ( 'NONE', #2129, 1.599999999999997202 ) ;
#1417 = DIRECTION ( 'NONE',  ( -0.000000000000000000, 0.000000000000000000, 1.000000000000000000 ) ) ;
#1418 = AXIS2_PLACEMENT_3D ( 'NONE', #2709, #273, #1268 ) ;
#1419 = AXIS2_PLACEMENT_3D ( 'NONE', #837, #597, #2533 ) ;
#1420 = VERTEX_POINT ( 'NONE', #2946 ) ;
#1421 = ORIENTED_EDGE ( 'NONE', *, *, #619, .T. ) ;
#1422 = CARTESIAN_POINT ( 'NONE',  ( 30.00000000000000000, -4.000000000000000000, 46.70000000000000284 ) ) ;
#1423 = ORIENTED_EDGE ( 'NONE', *, *, #1824, .F. ) ;
#1424 = FACE_OUTER_BOUND ( 'NONE', #1905, .T. ) ;
#1425 = DIRECTION ( 'NONE',  ( -1.000000000000000000, -0.000000000000000000, -0.000000000000000000 ) ) ;
#1426 = VECTOR ( 'NONE', #2986, 1000.000000000000000 ) ;
#1427 = DIRECTION ( 'NONE',  ( -0.000000000000000000, 1.000000000000000000, -0.000000000000000000 ) ) ;
#1428 = LINE ( 'NONE', #3122, #1735 ) ;
#1429 = CYLINDRICAL_SURFACE ( 'NONE', #267, 1.600000000000004086 ) ;
#1430 = ORIENTED_EDGE ( 'NONE', *, *, #1876, .T. ) ;
#1431 = EDGE_LOOP ( 'NONE', ( #1121, #250, #1421, #2161 ) ) ;
#1432 = PLANE ( 'NONE',  #546 ) ;
#1433 = FACE_OUTER_BOUND ( 'NONE', #3149, .T. ) ;
#1434 = ADVANCED_FACE ( 'NONE', ( #1533, #1295 ), #741, .F. ) ;
#1435 = ORIENTED_EDGE ( 'NONE', *, *, #824, .F. ) ;
#1436 = CARTESIAN_POINT ( 'NONE',  ( -100.0000000000000000, -30.00000000000000000, -57.00000000000000000 ) ) ;
#1437 = ORIENTED_EDGE ( 'NONE', *, *, #1041, .F. ) ;
#1438 = CYLINDRICAL_SURFACE ( 'NONE', #848, 1.600000000000000755 ) ;
#1439 = DIRECTION ( 'NONE',  ( 0.000000000000000000, 0.000000000000000000, -1.000000000000000000 ) ) ;
#1440 = FACE_OUTER_BOUND ( 'NONE', #3059, .T. ) ;
#1441 = DIRECTION ( 'NONE',  ( 0.000000000000000000, 0.000000000000000000, 1.000000000000000000 ) ) ;
#1442 = LINE ( 'NONE', #1920, #840 ) ;
#1443 = ORIENTED_EDGE ( 'NONE', *, *, #736, .T. ) ;
#1444 = ORIENTED_EDGE ( 'NONE', *, *, #579, .T. ) ;
#1445 = DIRECTION ( 'NONE',  ( -1.000000000000000000, 0.000000000000000000, -0.000000000000000000 ) ) ;
#1446 = EDGE_CURVE ( 'NONE', #2154, #3056, #2024, .T. ) ;
#1447 = CARTESIAN_POINT ( 'NONE',  ( -80.00000000000000000, -4.000000000000000000, -4.299999999999999822 ) ) ;
#1448 = DIRECTION ( 'NONE',  ( -0.000000000000000000, 1.000000000000000000, -0.000000000000000000 ) ) ;
#1449 = ORIENTED_EDGE ( 'NONE', *, *, #32, .F. ) ;
#1450 = CARTESIAN_POINT ( 'NONE',  ( 95.00000000000000000, -3.000000000000000000, -49.00000000000000000 ) ) ;
#1451 = ADVANCED_FACE ( 'NONE', ( #1263 ), #63, .F. ) ;
#1452 = VERTEX_POINT ( 'NONE', #1515 ) ;
#1453 = EDGE_CURVE ( 'NONE', #343, #1330, #2993, .T. ) ;
#1454 = CARTESIAN_POINT ( 'NONE',  ( 107.0000000000000000, -37.00000000000000000, 67.50000000000000000 ) ) ;
#1455 = VECTOR ( 'NONE', #514, 1000.000000000000000 ) ;
#1456 = DIRECTION ( 'NONE',  ( -1.000000000000000000, 0.000000000000000000, -0.000000000000000000 ) ) ;
#1457 = VECTOR ( 'NONE', #556, 1000.000000000000000 ) ;
#1458 = EDGE_LOOP ( 'NONE', ( #716, #1293, #456, #899 ) ) ;
#1459 = CARTESIAN_POINT ( 'NONE',  ( -48.00000000000000000, -7.000000000000000000, -19.59999999999999432 ) ) ;
#1460 = CARTESIAN_POINT ( 'NONE',  ( 30.00000000000000000, -4.000000000000000000, 43.29999999999999716 ) ) ;
#1461 = VECTOR ( 'NONE', #2077, 1000.000000000000000 ) ;
#1462 = CARTESIAN_POINT ( 'NONE',  ( 69.00000000000000000, 0.000000000000000000, -26.30000000000000071 ) ) ;
#1463 = CIRCLE ( 'NONE', #414, 1.600000000000000755 ) ;
#1464 = CARTESIAN_POINT ( 'NONE',  ( 100.0000000000000000, -34.00000000000000000, -57.00000000000000000 ) ) ;
#1465 = CARTESIAN_POINT ( 'NONE',  ( 81.00000000000000000, -3.000000000000000000, -29.69999999999999929 ) ) ;
#1466 = ORIENTED_EDGE ( 'NONE', *, *, #1195, .T. ) ;
#1467 = ORIENTED_EDGE ( 'NONE', *, *, #2215, .F. ) ;
#1468 = DIRECTION ( 'NONE',  ( 0.000000000000000000, 0.000000000000000000, -1.000000000000000000 ) ) ;
#1469 = CIRCLE ( 'NONE', #329, 5.000000000000004441 ) ;
#1470 = AXIS2_PLACEMENT_3D ( 'NONE', #582, #2008, #67 ) ;
#1471 = ORIENTED_EDGE ( 'NONE', *, *, #1281, .F. ) ;
#1472 = CARTESIAN_POINT ( 'NONE',  ( -22.00000000000000000, -4.000000000000000000, -4.299999999999999822 ) ) ;
#1473 = LINE ( 'NONE', #2864, #2026 ) ;
#1474 = AXIS2_PLACEMENT_3D ( 'NONE', #1131, #2544, #2062 ) ;
#1475 = EDGE_CURVE ( 'NONE', #235, #2004, #2752, .T. ) ;
#1476 = ORIENTED_EDGE ( 'NONE', *, *, #2619, .T. ) ;
#1477 = CARTESIAN_POINT ( 'NONE',  ( -100.0000000000000000, 0.000000000000000000, -55.64999999999999858 ) ) ;
#1478 = FACE_OUTER_BOUND ( 'NONE', #1743, .T. ) ;
#1479 = CARTESIAN_POINT ( 'NONE',  ( 96.00000000000000000, -3.000000000000000000, -10.39999999999999680 ) ) ;
#1480 = LINE ( 'NONE', #1927, #1817 ) ;
#1481 = CARTESIAN_POINT ( 'NONE',  ( 96.00000000000000000, -7.000000000000000000, -13.60000000000000497 ) ) ;
#1482 = ORIENTED_EDGE ( 'NONE', *, *, #1289, .F. ) ;
#1483 = ORIENTED_EDGE ( 'NONE', *, *, #2168, .T. ) ;
#1484 = DIRECTION ( 'NONE',  ( -1.000000000000000000, 0.000000000000000000, -0.000000000000000000 ) ) ;
#1485 = EDGE_CURVE ( 'NONE', #1879, #2461, #1361, .T. ) ;
#1486 = LINE ( 'NONE', #1500, #2121 ) ;
#1487 = CARTESIAN_POINT ( 'NONE',  ( -34.00000000000000000, -3.000000000000000000, -0.000000000000000000 ) ) ;
#1488 = CARTESIAN_POINT ( 'NONE',  ( 81.00000000000000000, 0.000000000000000000, 43.29999999999999716 ) ) ;
#1489 = DIRECTION ( 'NONE',  ( -0.000000000000000000, 1.000000000000000000, -0.000000000000000000 ) ) ;
#1490 = EDGE_CURVE ( 'NONE', #1611, #2600, #1564, .T. ) ;
#1491 = EDGE_LOOP ( 'NONE', ( #984, #2342, #2174, #3165 ) ) ;
#1492 = ORIENTED_EDGE ( 'NONE', *, *, #2086, .T. ) ;
#1493 = ORIENTED_EDGE ( 'NONE', *, *, #938, .F. ) ;
#1494 = DIRECTION ( 'NONE',  ( 0.000000000000000000, 0.000000000000000000, 1.000000000000000000 ) ) ;
#1495 = DIRECTION ( 'NONE',  ( 1.000000000000000000, 0.000000000000000000, 0.000000000000000000 ) ) ;
#1496 = CARTESIAN_POINT ( 'NONE',  ( -80.00000000000000000, -3.000000000000000000, -7.700000000000000178 ) ) ;
#1497 = ORIENTED_EDGE ( 'NONE', *, *, #1647, .T. ) ;
#1498 = VERTEX_POINT ( 'NONE', #2828 ) ;
#1499 = CARTESIAN_POINT ( 'NONE',  ( 18.00000000000000355, -37.00000000000000000, 67.50000000000000000 ) ) ;
#1500 = CARTESIAN_POINT ( 'NONE',  ( -0.000000000000000000, -3.000000000000000000, 64.50000000000000000 ) ) ;
#1501 = APPLICATION_PROTOCOL_DEFINITION ( 'international standard', 'config_control_design', 1994, #2208 ) ;
#1502 = EDGE_CURVE ( 'NONE', #1795, #1379, #1840, .T. ) ;
#1503 = ORIENTED_EDGE ( 'NONE', *, *, #2147, .T. ) ;
#1504 = DIRECTION ( 'NONE',  ( -0.000000000000000000, 1.000000000000000000, -0.000000000000000000 ) ) ;
#1505 = DIRECTION ( 'NONE',  ( 1.000000000000000000, 0.000000000000000000, 0.000000000000000000 ) ) ;
#1506 = VECTOR ( 'NONE', #719, 1000.000000000000000 ) ;
#1507 = ORIENTED_EDGE ( 'NONE', *, *, #356, .T. ) ;
#1508 = DIRECTION ( 'NONE',  ( 0.000000000000000000, 0.000000000000000000, 1.000000000000000000 ) ) ;
#1509 = VECTOR ( 'NONE', #17, 1000.000000000000000 ) ;
#1510 = DIRECTION ( 'NONE',  ( 0.000000000000000000, 1.000000000000000000, 0.000000000000000000 ) ) ;
#1511 = EDGE_CURVE ( 'NONE', #1187, #194, #2788, .T. ) ;
#1512 = EDGE_LOOP ( 'NONE', ( #2085, #935, #266, #2261 ) ) ;
#1513 = VERTEX_POINT ( 'NONE', #2800 ) ;
#1514 = EDGE_LOOP ( 'NONE', ( #2501, #774, #2845, #2512 ) ) ;
#1515 = CARTESIAN_POINT ( 'NONE',  ( -48.00000000000000000, -7.000000000000000000, -19.59999999999999432 ) ) ;
#1516 = AXIS2_PLACEMENT_3D ( 'NONE', #1814, #1320, #814 ) ;
#1517 = AXIS2_PLACEMENT_3D ( 'NONE', #2444, #241, #1237 ) ;
#1518 = CIRCLE ( 'NONE', #1833, 1.350000000000004086 ) ;
#1519 = DIRECTION ( 'NONE',  ( 0.000000000000000000, 1.000000000000000000, 0.000000000000000000 ) ) ;
#1520 = ADVANCED_BREP_SHAPE_REPRESENTATION ( 'mars_lander_control_box_base_v1p2', ( #2357, #904 ), #21 ) ;
#1521 = EDGE_CURVE ( 'NONE', #1033, #805, #490, .T. ) ;
#1522 = CARTESIAN_POINT ( 'NONE',  ( -41.99999999999999289, -37.00000000000000000, 64.50000000000000000 ) ) ;
#1523 = CARTESIAN_POINT ( 'NONE',  ( -78.00000000000000000, -37.00000000000000000, 67.50000000000000000 ) ) ;
#1524 = EDGE_CURVE ( 'NONE', #3021, #2066, #2356, .T. ) ;
#1525 = EDGE_CURVE ( 'NONE', #1291, #1641, #1071, .T. ) ;
#1526 = VERTEX_POINT ( 'NONE', #2070 ) ;
#1527 = LINE ( 'NONE', #785, #901 ) ;
#1528 = CARTESIAN_POINT ( 'NONE',  ( -100.0000000000000000, -34.00000000000000000, -57.00000000000000000 ) ) ;
#1529 = ORIENTED_EDGE ( 'NONE', *, *, #579, .F. ) ;
#1530 = ORIENTED_EDGE ( 'NONE', *, *, #1016, .F. ) ;
#1531 = ORIENTED_EDGE ( 'NONE', *, *, #171, .T. ) ;
#1532 = ORIENTED_EDGE ( 'NONE', *, *, #779, .T. ) ;
#1533 = FACE_BOUND ( 'NONE', #2635, .T. ) ;
#1534 = ADVANCED_FACE ( 'NONE', ( #3058 ), #1378, .T. ) ;
#1535 = DIRECTION ( 'NONE',  ( -1.000000000000000000, 0.000000000000000000, -0.000000000000000000 ) ) ;
#1536 = FACE_OUTER_BOUND ( 'NONE', #126, .T. ) ;
#1537 = CARTESIAN_POINT ( 'NONE',  ( 107.0000000000000000, -37.00000000000000000, -64.50000000000000000 ) ) ;
#1538 = CARTESIAN_POINT ( 'NONE',  ( -93.00000000000000000, -3.000000000000000000, -63.00000000000000000 ) ) ;
#1539 = CARTESIAN_POINT ( 'NONE',  ( 81.00000000000000000, -3.000000000000000000, 43.29999999999999716 ) ) ;
#1540 = VECTOR ( 'NONE', #1365, 1000.000000000000000 ) ;
#1541 = LINE ( 'NONE', #2509, #177 ) ;
#1542 = CYLINDRICAL_SURFACE ( 'NONE', #1363, 1.350000000000004086 ) ;
#1543 = ORIENTED_EDGE ( 'NONE', *, *, #322, .T. ) ;
#1544 = ORIENTED_EDGE ( 'NONE', *, *, #2603, .F. ) ;
#1545 = VERTEX_POINT ( 'NONE', #1390 ) ;
#1546 = EDGE_LOOP ( 'NONE', ( #1310, #1279, #770, #2613 ) ) ;
#1547 = EDGE_CURVE ( 'NONE', #989, #2951, #1580, .T. ) ;
#1548 = DIRECTION ( 'NONE',  ( -0.000000000000000000, 0.000000000000000000, 1.000000000000000000 ) ) ;
#1549 = EDGE_LOOP ( 'NONE', ( #3045, #1388, #751, #2155 ) ) ;
#1550 = ADVANCED_FACE ( 'NONE', ( #1809 ), #99, .T. ) ;
#1551 = ORIENTED_EDGE ( 'NONE', *, *, #2036, .F. ) ;
#1552 = DIRECTION ( 'NONE',  ( 0.000000000000000000, 1.000000000000000000, 0.000000000000000000 ) ) ;
#1553 = EDGE_CURVE ( 'NONE', #194, #1937, #2296, .T. ) ;
#1554 = DIRECTION ( 'NONE',  ( 0.000000000000000000, 1.000000000000000000, 0.000000000000000000 ) ) ;
#1555 = LINE ( 'NONE', #3050, #173 ) ;
#1556 = LINE ( 'NONE', #2291, #589 ) ;
#1557 = AXIS2_PLACEMENT_3D ( 'NONE', #602, #1393, #2358 ) ;
#1558 = VECTOR ( 'NONE', #3081, 1000.000000000000000 ) ;
#1559 = LINE ( 'NONE', #3018, #1426 ) ;
#1560 = ORIENTED_EDGE ( 'NONE', *, *, #708, .F. ) ;
#1561 = EDGE_LOOP ( 'NONE', ( #111, #1050, #97, #1532 ) ) ;
#1562 = AXIS2_PLACEMENT_3D ( 'NONE', #2700, #2049, #2467 ) ;
#1563 = EDGE_LOOP ( 'NONE', ( #1675, #3066, #2601, #1749 ) ) ;
#1564 = LINE ( 'NONE', #1085, #2627 ) ;
#1565 = APPROVAL ( #1318, '未指定' ) ;
#1566 = ORIENTED_EDGE ( 'NONE', *, *, #2631, .F. ) ;
#1567 = CARTESIAN_POINT ( 'NONE',  ( 18.00000000000000355, -37.00000000000000000, 67.50000000000000000 ) ) ;
#1568 = VECTOR ( 'NONE', #2640, 1000.000000000000000 ) ;
#1569 = VECTOR ( 'NONE', #123, 1000.000000000000000 ) ;
#1570 = DIRECTION ( 'NONE',  ( 0.000000000000000000, 0.000000000000000000, 1.000000000000000000 ) ) ;
#1571 = FACE_BOUND ( 'NONE', #717, .T. ) ;
#1572 = EDGE_CURVE ( 'NONE', #1731, #733, #3038, .T. ) ;
#1573 = AXIS2_PLACEMENT_3D ( 'NONE', #70, #1038, #2519 ) ;
#1574 = CARTESIAN_POINT ( 'NONE',  ( -93.00000000000000000, -7.000000000000000000, -18.00000000000000000 ) ) ;
#1575 = AXIS2_PLACEMENT_3D ( 'NONE', #3159, #2230, #1508 ) ;
#1576 = DIRECTION ( 'NONE',  ( 0.000000000000000000, 0.000000000000000000, 1.000000000000000000 ) ) ;
#1577 = ORIENTED_EDGE ( 'NONE', *, *, #1180, .F. ) ;
#1578 = ORIENTED_EDGE ( 'NONE', *, *, #2253, .F. ) ;
#1579 = ORIENTED_EDGE ( 'NONE', *, *, #660, .T. ) ;
#1580 = LINE ( 'NONE', #874, #3047 ) ;
#1581 = EDGE_LOOP ( 'NONE', ( #2991, #1315, #907, #2454 ) ) ;
#1582 = DIRECTION ( 'NONE',  ( -0.000000000000000000, 0.000000000000000000, 1.000000000000000000 ) ) ;
#1583 = EDGE_CURVE ( 'NONE', #39, #1838, #1674, .T. ) ;
#1584 = CARTESIAN_POINT ( 'NONE',  ( 0.000000000000000000, -3.000000000000000000, 30.00000000000000000 ) ) ;
#1585 = EDGE_CURVE ( 'NONE', #2733, #2826, #113, .T. ) ;
#1586 = CARTESIAN_POINT ( 'NONE',  ( -0.000000000000000000, -3.000000000000000000, -64.50000000000000000 ) ) ;
#1587 = CARTESIAN_POINT ( 'NONE',  ( -47.44322356371700522, -3.000000000000000000, -64.50000000000000000 ) ) ;
#1588 = PLANE ( 'NONE',  #850 ) ;
#1589 = EDGE_CURVE ( 'NONE', #934, #1628, #146, .T. ) ;
#1590 = CARTESIAN_POINT ( 'NONE',  ( -80.00000000000000000, 0.000000000000000000, -4.299999999999999822 ) ) ;
#1591 = CARTESIAN_POINT ( 'NONE',  ( -100.0000000000000000, -2.999999999999999112, -57.00000000000000000 ) ) ;
#1592 = ORIENTED_EDGE ( 'NONE', *, *, #2572, .F. ) ;
#1593 = EDGE_LOOP ( 'NONE', ( #2813, #2513, #1688, #820 ) ) ;
#1594 = ORIENTED_EDGE ( 'NONE', *, *, #95, .T. ) ;
#1595 = CARTESIAN_POINT ( 'NONE',  ( 69.00000000000000000, 0.000000000000000000, -29.69999999999999929 ) ) ;
#1596 = ORIENTED_EDGE ( 'NONE', *, *, #2830, .T. ) ;
#1597 = DIRECTION ( 'NONE',  ( 0.000000000000000000, -1.000000000000000000, 0.000000000000000000 ) ) ;
#1598 = APPROVAL_DATE_TIME ( #136, #128 ) ;
#1599 = DIRECTION ( 'NONE',  ( -0.000000000000000000, 0.000000000000000000, 1.000000000000000000 ) ) ;
#1600 = CARTESIAN_POINT ( 'NONE',  ( 92.00000000000001421, -37.00000000000000000, 67.50000000000000000 ) ) ;
#1601 = DIRECTION ( 'NONE',  ( 0.000000000000000000, -1.000000000000000000, 0.000000000000000000 ) ) ;
#1602 = ADVANCED_FACE ( 'NONE', ( #1348 ), #2310, .T. ) ;
#1603 = DIRECTION ( 'NONE',  ( 0.000000000000000000, 0.000000000000000000, 1.000000000000000000 ) ) ;
#1604 = LINE ( 'NONE', #3069, #415 ) ;
#1605 = ORIENTED_EDGE ( 'NONE', *, *, #2897, .T. ) ;
#1606 = ORIENTED_EDGE ( 'NONE', *, *, #623, .T. ) ;
#1607 = DIRECTION ( 'NONE',  ( 0.000000000000000000, 0.000000000000000000, -1.000000000000000000 ) ) ;
#1608 = VECTOR ( 'NONE', #772, 1000.000000000000000 ) ;
#1609 = EDGE_CURVE ( 'NONE', #473, #1692, #890, .T. ) ;
#1610 = AXIS2_PLACEMENT_3D ( 'NONE', #1890, #2609, #2378 ) ;
#1611 = VERTEX_POINT ( 'NONE', #2041 ) ;
#1612 = ORIENTED_EDGE ( 'NONE', *, *, #2998, .F. ) ;
#1613 = PERSON_AND_ORGANIZATION ( #869, #178 ) ;
#1614 = DIRECTION ( 'NONE',  ( 1.000000000000000000, 0.000000000000000000, 0.000000000000000000 ) ) ;
#1615 = DIRECTION ( 'NONE',  ( -1.000000000000000000, 0.000000000000000000, -0.000000000000000000 ) ) ;
#1616 = CARTESIAN_POINT ( 'NONE',  ( 0.000000000000000000, -3.000000000000000000, 0.000000000000000000 ) ) ;
#1617 = CARTESIAN_POINT ( 'NONE',  ( -100.0000000000000000, -30.00000000000000000, -52.00000000000000000 ) ) ;
#1618 = EDGE_CURVE ( 'NONE', #567, #1695, #394, .T. ) ;
#1619 = CARTESIAN_POINT ( 'NONE',  ( -48.00000000000000000, -3.000000000000000000, -63.00000000000000000 ) ) ;
#1620 = VECTOR ( 'NONE', #3109, 1000.000000000000000 ) ;
#1621 = AXIS2_PLACEMENT_3D ( 'NONE', #2658, #539, #1286 ) ;
#1622 = VECTOR ( 'NONE', #172, 1000.000000000000000 ) ;
#1623 = EDGE_CURVE ( 'NONE', #2216, #3037, #945, .T. ) ;
#1624 = DIRECTION ( 'NONE',  ( -0.000000000000000000, -0.000000000000000000, 1.000000000000000000 ) ) ;
#1625 = EDGE_LOOP ( 'NONE', ( #3113, #2763, #1013, #2973 ) ) ;
#1626 = EDGE_LOOP ( 'NONE', ( #1364, #2112, #625, #2530 ) ) ;
#1627 = CARTESIAN_POINT ( 'NONE',  ( -0.000000000000000000, -3.000000000000000000, 64.50000000000000000 ) ) ;
#1628 = VERTEX_POINT ( 'NONE', #1704 ) ;
#1629 = ADVANCED_FACE ( 'NONE', ( #443, #2890 ), #1432, .F. ) ;
#1630 = SECURITY_CLASSIFICATION_LEVEL ( 'unclassified' ) ;
#1631 = DIRECTION ( 'NONE',  ( 0.000000000000000000, -1.000000000000000000, 0.000000000000000000 ) ) ;
#1632 = FACE_BOUND ( 'NONE', #1794, .T. ) ;
#1633 = FACE_BOUND ( 'NONE', #2717, .T. ) ;
#1634 = CARTESIAN_POINT ( 'NONE',  ( 107.0000000000000000, -3.000000000000000000, 0.000000000000000000 ) ) ;
#1635 = CARTESIAN_POINT ( 'NONE',  ( 69.00000000000000000, -4.000000000000000000, -26.30000000000000071 ) ) ;
#1636 = EDGE_LOOP ( 'NONE', ( #16, #998, #2656, #1970 ) ) ;
#1637 = ORIENTED_EDGE ( 'NONE', *, *, #3158, .F. ) ;
#1638 = LINE ( 'NONE', #668, #2437 ) ;
#1639 = EDGE_CURVE ( 'NONE', #236, #1232, #685, .T. ) ;
#1640 = CARTESIAN_POINT ( 'NONE',  ( -68.00000000000000000, -4.000000000000000000, -4.299999999999999822 ) ) ;
#1641 = VERTEX_POINT ( 'NONE', #2115 ) ;
#1642 = PLANE ( 'NONE',  #2181 ) ;
#1643 = EDGE_CURVE ( 'NONE', #331, #2211, #2614, .T. ) ;
#1644 = DIRECTION ( 'NONE',  ( 1.000000000000000000, 0.000000000000000000, 0.000000000000000000 ) ) ;
#1645 = CARTESIAN_POINT ( 'NONE',  ( 28.00000000000000000, -4.000000000000000000, -34.00000000000000000 ) ) ;
#1646 = DIRECTION ( 'NONE',  ( -1.000000000000000000, 0.000000000000000000, 0.000000000000000000 ) ) ;
#1647 = EDGE_CURVE ( 'NONE', #10, #331, #1176, .T. ) ;
#1648 = CARTESIAN_POINT ( 'NONE',  ( -68.00000000000000000, -4.000000000000000000, -4.299999999999999822 ) ) ;
#1649 = DIRECTION ( 'NONE',  ( 0.000000000000000000, -0.000000000000000000, -1.000000000000000000 ) ) ;
#1650 = ORIENTED_EDGE ( 'NONE', *, *, #889, .F. ) ;
#1651 = ORIENTED_EDGE ( 'NONE', *, *, #2938, .F. ) ;
#1652 = DIRECTION ( 'NONE',  ( 0.000000000000000000, 1.000000000000000000, 0.000000000000000000 ) ) ;
#1653 = ORIENTED_EDGE ( 'NONE', *, *, #1788, .T. ) ;
#1654 = EDGE_CURVE ( 'NONE', #2267, #1526, #2156, .T. ) ;
#1655 = LINE ( 'NONE', #2185, #852 ) ;
#1656 = VECTOR ( 'NONE', #522, 1000.000000000000000 ) ;
#1657 = AXIS2_PLACEMENT_3D ( 'NONE', #2599, #404, #2811 ) ;
#1658 = ORIENTED_EDGE ( 'NONE', *, *, #2425, .T. ) ;
#1659 = VECTOR ( 'NONE', #1219, 1000.000000000000000 ) ;
#1660 = DIRECTION ( 'NONE',  ( 1.000000000000000000, 0.000000000000000000, 0.000000000000000000 ) ) ;
#1661 = DIRECTION ( 'NONE',  ( 0.000000000000000000, -1.000000000000000000, 0.000000000000000000 ) ) ;
#1662 = DIRECTION ( 'NONE',  ( -1.000000000000000000, 0.000000000000000000, -0.000000000000000000 ) ) ;
#1663 = AXIS2_PLACEMENT_3D ( 'NONE', #2727, #714, #1700 ) ;
#1664 = FACE_OUTER_BOUND ( 'NONE', #1898, .T. ) ;
#1665 = ADVANCED_FACE ( 'NONE', ( #2387 ), #1402, .T. ) ;
#1666 = CARTESIAN_POINT ( 'NONE',  ( 1.000000000000000000, -3.000000000000000000, 46.70000000000000284 ) ) ;
#1667 = ORIENTED_EDGE ( 'NONE', *, *, #1407, .T. ) ;
#1668 = VERTEX_POINT ( 'NONE', #2648 ) ;
#1669 = AXIS2_PLACEMENT_3D ( 'NONE', #2641, #710, #1456 ) ;
#1670 = CIRCLE ( 'NONE', #1982, 5.000000000000004441 ) ;
#1671 = CARTESIAN_POINT ( 'NONE',  ( -48.00000000000000000, -7.000000000000000000, -61.40000000000000568 ) ) ;
#1672 = CARTESIAN_POINT ( 'NONE',  ( -107.0000000000000000, -37.00000000000000000, 64.50000000000000000 ) ) ;
#1673 = VECTOR ( 'NONE', #554, 1000.000000000000000 ) ;
#1674 = CIRCLE ( 'NONE', #1323, 1.600000000000004086 ) ;
#1675 = ORIENTED_EDGE ( 'NONE', *, *, #3016, .F. ) ;
#1676 = ORIENTED_EDGE ( 'NONE', *, *, #2608, .F. ) ;
#1677 = PLANE ( 'NONE',  #488 ) ;
#1678 = ORIENTED_EDGE ( 'NONE', *, *, #2830, .F. ) ;
#1679 = ORIENTED_EDGE ( 'NONE', *, *, #24, .T. ) ;
#1680 = CARTESIAN_POINT ( 'NONE',  ( -110.0000000000000000, -3.000000000000000000, 67.50000000000000000 ) ) ;
#1681 = DIRECTION ( 'NONE',  ( 0.000000000000000000, 1.000000000000000000, 0.000000000000000000 ) ) ;
#1682 = ADVANCED_FACE ( 'NONE', ( #457 ), #1146, .F. ) ;
#1683 = ORIENTED_EDGE ( 'NONE', *, *, #2983, .T. ) ;
#1684 = CARTESIAN_POINT ( 'NONE',  ( -34.00000000000000000, -3.000000000000000000, -4.299999999999999822 ) ) ;
#1685 = DIRECTION ( 'NONE',  ( 0.000000000000000000, -1.000000000000000000, 0.000000000000000000 ) ) ;
#1686 = EDGE_CURVE ( 'NONE', #2515, #2051, #475, .T. ) ;
#1687 = ORIENTED_EDGE ( 'NONE', *, *, #708, .T. ) ;
#1688 = ORIENTED_EDGE ( 'NONE', *, *, #313, .T. ) ;
#1689 = DIRECTION ( 'NONE',  ( -1.000000000000000000, 0.000000000000000000, 0.000000000000000000 ) ) ;
#1690 = CARTESIAN_POINT ( 'NONE',  ( 0.000000000000000000, -3.000000000000000000, -52.00000000000000000 ) ) ;
#1691 = CARTESIAN_POINT ( 'NONE',  ( 96.00000000000000000, -7.000000000000000000, -12.00000000000000000 ) ) ;
#1692 = VERTEX_POINT ( 'NONE', #3143 ) ;
#1693 = ORIENTED_EDGE ( 'NONE', *, *, #32, .T. ) ;
#1694 = DIRECTION ( 'NONE',  ( 0.000000000000000000, 0.000000000000000000, 1.000000000000000000 ) ) ;
#1695 = VERTEX_POINT ( 'NONE', #2843 ) ;
#1696 = LINE ( 'NONE', #1733, #2333 ) ;
#1697 = CARTESIAN_POINT ( 'NONE',  ( 69.00000000000000000, -3.000000000000000000, 0.000000000000000000 ) ) ;
#1698 = ORIENTED_EDGE ( 'NONE', *, *, #2962, .T. ) ;
#1699 = CARTESIAN_POINT ( 'NONE',  ( 81.00000000000000000, -3.000000000000000000, 0.000000000000000000 ) ) ;
#1700 = DIRECTION ( 'NONE',  ( 0.000000000000000000, 0.000000000000000000, 1.000000000000000000 ) ) ;
#1701 = PRODUCT_DEFINITION ( '未知', '', #855, #3148 ) ;
#1702 = LINE ( 'NONE', #472, #2772 ) ;
#1703 = ORIENTED_EDGE ( 'NONE', *, *, #2158, .F. ) ;
#1704 = CARTESIAN_POINT ( 'NONE',  ( 95.00000000000000000, -3.000000000000000000, -31.00000000000000000 ) ) ;
#1705 = ADVANCED_FACE ( 'NONE', ( #964 ), #1161, .T. ) ;
#1706 = CARTESIAN_POINT ( 'NONE',  ( -100.0000000000000000, 0.000000000000000000, 58.35000000000000853 ) ) ;
#1707 = VERTEX_POINT ( 'NONE', #718 ) ;
#1708 = DIRECTION ( 'NONE',  ( 0.000000000000000000, 0.000000000000000000, -1.000000000000000000 ) ) ;
#1709 = ADVANCED_FACE ( 'NONE', ( #3102 ), #1896, .F. ) ;
#1710 = ORIENTED_EDGE ( 'NONE', *, *, #836, .F. ) ;
#1711 = CIRCLE ( 'NONE', #1054, 1.600000000000004086 ) ;
#1712 = PLANE ( 'NONE',  #2886 ) ;
#1713 = VECTOR ( 'NONE', #1510, 1000.000000000000000 ) ;
#1714 = CARTESIAN_POINT ( 'NONE',  ( 77.00000000000000000, -37.00000000000000000, 67.50000000000000000 ) ) ;
#1715 = VECTOR ( 'NONE', #1984, 1000.000000000000000 ) ;
#1716 = ORIENTED_EDGE ( 'NONE', *, *, #1643, .F. ) ;
#1717 = CARTESIAN_POINT ( 'NONE',  ( 30.00000000000000000, -3.000000000000000000, 46.70000000000000284 ) ) ;
#1718 = CARTESIAN_POINT ( 'NONE',  ( -22.00000000000000000, -4.000000000000000000, -7.700000000000000178 ) ) ;
#1719 = LINE ( 'NONE', #2887, #1305 ) ;
#1720 = AXIS2_PLACEMENT_3D ( 'NONE', #1319, #1813, #51 ) ;
#1721 = ORIENTED_EDGE ( 'NONE', *, *, #938, .T. ) ;
#1722 = CYLINDRICAL_SURFACE ( 'NONE', #2543, 1.599999999999997202 ) ;
#1723 = EDGE_CURVE ( 'NONE', #1067, #934, #158, .T. ) ;
#1724 = DIRECTION ( 'NONE',  ( -1.000000000000000000, -0.000000000000000000, -0.000000000000000000 ) ) ;
#1725 = VECTOR ( 'NONE', #54, 1000.000000000000000 ) ;
#1726 = VERTEX_POINT ( 'NONE', #1880 ) ;
#1727 = ORIENTED_EDGE ( 'NONE', *, *, #1643, .T. ) ;
#1728 = CARTESIAN_POINT ( 'NONE',  ( 110.0000000000000000, -37.00000000000000000, -64.50000000000000000 ) ) ;
#1729 = AXIS2_PLACEMENT_3D ( 'NONE', #2563, #1597, #876 ) ;
#1730 = AXIS2_PLACEMENT_3D ( 'NONE', #1022, #1994, #1051 ) ;
#1731 = VERTEX_POINT ( 'NONE', #656 ) ;
#1732 = EDGE_CURVE ( 'NONE', #424, #711, #1638, .T. ) ;
#1733 = CARTESIAN_POINT ( 'NONE',  ( -34.00000000000000000, -4.000000000000000000, -7.700000000000000178 ) ) ;
#1734 = PLANE ( 'NONE',  #1669 ) ;
#1735 = VECTOR ( 'NONE', #651, 1000.000000000000000 ) ;
#1736 = ORIENTED_EDGE ( 'NONE', *, *, #2809, .F. ) ;
#1737 = LINE ( 'NONE', #2726, #2015 ) ;
#1738 = CARTESIAN_POINT ( 'NONE',  ( 81.00000000000000000, 0.000000000000000000, -26.30000000000000071 ) ) ;
#1739 = ORIENTED_EDGE ( 'NONE', *, *, #2286, .T. ) ;
#1740 = DIRECTION ( 'NONE',  ( 0.000000000000000000, 1.000000000000000000, 0.000000000000000000 ) ) ;
#1741 = CARTESIAN_POINT ( 'NONE',  ( 96.00000000000000000, -3.000000000000000000, 30.00000000000000000 ) ) ;
#1742 = LINE ( 'NONE', #26, #1102 ) ;
#1743 = EDGE_LOOP ( 'NONE', ( #2590, #1471, #821, #2694 ) ) ;
#1744 = ORIENTED_EDGE ( 'NONE', *, *, #1321, .T. ) ;
#1745 = DIRECTION ( 'NONE',  ( 0.000000000000000000, -0.000000000000000000, 1.000000000000000000 ) ) ;
#1746 = ADVANCED_FACE ( 'NONE', ( #929 ), #1416, .T. ) ;
#1747 = CARTESIAN_POINT ( 'NONE',  ( 96.00000000000000000, -7.000000000000000000, 31.60000000000000142 ) ) ;
#1748 = LINE ( 'NONE', #2010, #1211 ) ;
#1749 = ORIENTED_EDGE ( 'NONE', *, *, #2820, .F. ) ;
#1750 = LINE ( 'NONE', #1459, #1656 ) ;
#1751 = CARTESIAN_POINT ( 'NONE',  ( 96.00000000000000000, -7.000000000000000000, 31.60000000000000142 ) ) ;
#1752 = ADVANCED_FACE ( 'NONE', ( #1042 ), #2451, .T. ) ;
#1753 = DIRECTION ( 'NONE',  ( 0.000000000000000000, 1.000000000000000000, 0.000000000000000000 ) ) ;
#1754 = CARTESIAN_POINT ( 'NONE',  ( -93.55677643628301610, -7.000000000000000000, -64.50000000000000000 ) ) ;
#1755 = EDGE_LOOP ( 'NONE', ( #195, #2750, #2906, #2313 ) ) ;
#1756 = ORIENTED_EDGE ( 'NONE', *, *, #2017, .F. ) ;
#1757 = VERTEX_POINT ( 'NONE', #2729 ) ;
#1758 = DIRECTION ( 'NONE',  ( 0.000000000000000000, 1.000000000000000000, 0.000000000000000000 ) ) ;
#1759 = EDGE_CURVE ( 'NONE', #1181, #2216, #2539, .T. ) ;
#1760 = CC_DESIGN_PERSON_AND_ORGANIZATION_ASSIGNMENT ( #1074, #318, ( #2110 ) ) ;
#1761 = DIRECTION ( 'NONE',  ( -1.000000000000000000, 0.000000000000000000, -0.000000000000000000 ) ) ;
#1762 = COORDINATED_UNIVERSAL_TIME_OFFSET ( 8, 0, .AHEAD. ) ;
#1763 = ADVANCED_FACE ( 'NONE', ( #2956 ), #528, .T. ) ;
#1764 = PLANE ( 'NONE',  #64 ) ;
#1765 = CYLINDRICAL_SURFACE ( 'NONE', #1663, 1.350000000000004086 ) ;
#1766 = CIRCLE ( 'NONE', #1961, 1.350000000000004086 ) ;
#1767 = ORIENTED_EDGE ( 'NONE', *, *, #1016, .T. ) ;
#1768 = EDGE_CURVE ( 'NONE', #833, #2482, #2466, .T. ) ;
#1769 = CARTESIAN_POINT ( 'NONE',  ( -107.0000000000000000, -37.00000000000000000, 64.50000000000000000 ) ) ;
#1770 = AXIS2_PLACEMENT_3D ( 'NONE', #560, #1306, #831 ) ;
#1771 = VECTOR ( 'NONE', #1382, 1000.000000000000000 ) ;
#1772 = LINE ( 'NONE', #1990, #629 ) ;
#1773 = CARTESIAN_POINT ( 'NONE',  ( -100.0000000000000000, -34.00000000000000000, 57.00000000000000000 ) ) ;
#1774 = ORIENTED_EDGE ( 'NONE', *, *, #1955, .T. ) ;
#1775 = ORIENTED_EDGE ( 'NONE', *, *, #255, .T. ) ;
#1776 = EDGE_LOOP ( 'NONE', ( #565, #1083, #1443, #287 ) ) ;
#1777 = CARTESIAN_POINT ( 'NONE',  ( 0.000000000000000000, -7.000000000000000000, -10.40000000000000036 ) ) ;
#1778 = VECTOR ( 'NONE', #1901, 1000.000000000000000 ) ;
#1779 = CIRCLE ( 'NONE', #2487, 1.599999999999997202 ) ;
#1780 = VECTOR ( 'NONE', #2679, 1000.000000000000000 ) ;
#1781 = CARTESIAN_POINT ( 'NONE',  ( 100.0000000000000000, 0.000000000000000000, -57.00000000000000000 ) ) ;
#1782 = VECTOR ( 'NONE', #967, 1000.000000000000000 ) ;
#1783 = LINE ( 'NONE', #2741, #1457 ) ;
#1784 = CIRCLE ( 'NONE', #2683, 1.350000000000004086 ) ;
#1785 = AXIS2_PLACEMENT_3D ( 'NONE', #1101, #2101, #3072 ) ;
#1786 = DIRECTION ( 'NONE',  ( 0.000000000000000000, -1.000000000000000000, 0.000000000000000000 ) ) ;
#1787 = DIRECTION ( 'NONE',  ( 0.000000000000000000, 0.000000000000000000, -1.000000000000000000 ) ) ;
#1788 = EDGE_CURVE ( 'NONE', #59, #833, #1527, .T. ) ;
#1789 = DIRECTION ( 'NONE',  ( 0.000000000000000000, 0.000000000000000000, -1.000000000000000000 ) ) ;
#1790 = CARTESIAN_POINT ( 'NONE',  ( -110.0000000000000000, 0.000000000000000000, -67.50000000000000000 ) ) ;
#1791 = CARTESIAN_POINT ( 'NONE',  ( 81.00000000000000000, -4.000000000000000000, 46.70000000000000284 ) ) ;
#1792 = EDGE_LOOP ( 'NONE', ( #157, #1118, #1710, #999 ) ) ;
#1793 = ORIENTED_EDGE ( 'NONE', *, *, #1589, .T. ) ;
#1794 = EDGE_LOOP ( 'NONE', ( #2959, #2372 ) ) ;
#1795 = VERTEX_POINT ( 'NONE', #1988 ) ;
#1796 = DIRECTION ( 'NONE',  ( -0.000000000000000000, -0.000000000000000000, 1.000000000000000000 ) ) ;
#1797 = EDGE_CURVE ( 'NONE', #1350, #1757, #2388, .T. ) ;
#1798 = FACE_OUTER_BOUND ( 'NONE', #1959, .T. ) ;
#1799 = CALENDAR_DATE ( 2026, 26, 7 ) ;
#1800 = CARTESIAN_POINT ( 'NONE',  ( -48.00000000000000000, -7.000000000000000000, -63.00000000000000000 ) ) ;
#1801 = CARTESIAN_POINT ( 'NONE',  ( 28.00000000000000000, -4.000000000000000000, -31.00000000000000000 ) ) ;
#1802 = CARTESIAN_POINT ( 'NONE',  ( -48.00000000000000000, -3.000000000000000000, -63.00000000000000000 ) ) ;
#1803 = EDGE_CURVE ( 'NONE', #956, #3118, #1953, .T. ) ;
#1804 = CARTESIAN_POINT ( 'NONE',  ( 0.000000000000000000, -7.000000000000000000, -10.40000000000000036 ) ) ;
#1805 = CARTESIAN_POINT ( 'NONE',  ( 96.00000000000000000, -3.000000000000000000, -13.60000000000000497 ) ) ;
#1806 = ORIENTED_EDGE ( 'NONE', *, *, #2693, .T. ) ;
#1807 = ORIENTED_EDGE ( 'NONE', *, *, #2603, .T. ) ;
#1808 = VERTEX_POINT ( 'NONE', #1275 ) ;
#1809 = FACE_OUTER_BOUND ( 'NONE', #1175, .T. ) ;
#1810 = ORIENTED_EDGE ( 'NONE', *, *, #1475, .F. ) ;
#1811 = ADVANCED_FACE ( 'NONE', ( #771 ), #1722, .T. ) ;
#1812 = FACE_OUTER_BOUND ( 'NONE', #1271, .T. ) ;
#1813 = DIRECTION ( 'NONE',  ( 1.000000000000000000, 0.000000000000000000, 0.000000000000000000 ) ) ;
#1814 = CARTESIAN_POINT ( 'NONE',  ( 92.00000000000001421, -37.00000000000000000, 64.50000000000000000 ) ) ;
#1815 = DIRECTION ( 'NONE',  ( 0.000000000000000000, 0.000000000000000000, 1.000000000000000000 ) ) ;
#1816 = VECTOR ( 'NONE', #1948, 1000.000000000000000 ) ;
#1817 = VECTOR ( 'NONE', #458, 1000.000000000000000 ) ;
#1818 = CARTESIAN_POINT ( 'NONE',  ( 30.00000000000000000, 0.000000000000000000, 46.70000000000000284 ) ) ;
#1819 = VERTEX_POINT ( 'NONE', #2715 ) ;
#1820 = VERTEX_POINT ( 'NONE', #2483 ) ;
#1821 = VECTOR ( 'NONE', #1385, 1000.000000000000000 ) ;
#1822 = ORIENTED_EDGE ( 'NONE', *, *, #615, .T. ) ;
#1823 = CARTESIAN_POINT ( 'NONE',  ( 96.00000000000000000, -3.000000000000000000, 30.00000000000000000 ) ) ;
#1824 = EDGE_CURVE ( 'NONE', #2482, #1291, #2434, .T. ) ;
#1825 = EDGE_LOOP ( 'NONE', ( #1231, #2637, #2005, #906 ) ) ;
#1826 = DIRECTION ( 'NONE',  ( 0.000000000000000000, 1.000000000000000000, 0.000000000000000000 ) ) ;
#1827 = EDGE_CURVE ( 'NONE', #2653, #363, #512, .T. ) ;
#1828 = VECTOR ( 'NONE', #2412, 1000.000000000000000 ) ;
#1829 = PLANE ( 'NONE',  #1557 ) ;
#1830 = CARTESIAN_POINT ( 'NONE',  ( 96.00000000000000000, -7.000000000000000000, 30.00000000000000000 ) ) ;
#1831 = FACE_BOUND ( 'NONE', #1334, .T. ) ;
#1832 = CC_DESIGN_APPROVAL ( #1565, ( #1701 ) ) ;
#1833 = AXIS2_PLACEMENT_3D ( 'NONE', #1781, #338, #1298 ) ;
#1834 = VECTOR ( 'NONE', #2327, 1000.000000000000000 ) ;
#1835 = DIRECTION ( 'NONE',  ( 0.000000000000000000, 0.000000000000000000, -1.000000000000000000 ) ) ;
#1836 = DIRECTION ( 'NONE',  ( 0.000000000000000000, 1.000000000000000000, 0.000000000000000000 ) ) ;
#1837 = ORIENTED_EDGE ( 'NONE', *, *, #1686, .F. ) ;
#1838 = VERTEX_POINT ( 'NONE', #1479 ) ;
#1839 = EDGE_LOOP ( 'NONE', ( #2068, #975, #1529, #2710 ) ) ;
#1840 = LINE ( 'NONE', #1627, #1834 ) ;
#1841 = VERTEX_POINT ( 'NONE', #1031 ) ;
#1842 = LINE ( 'NONE', #303, #1673 ) ;
#1843 = CARTESIAN_POINT ( 'NONE',  ( -68.00000000000000000, 0.000000000000000000, -7.700000000000000178 ) ) ;
#1844 = DIRECTION ( 'NONE',  ( 0.000000000000000000, 0.000000000000000000, -1.000000000000000000 ) ) ;
#1845 = LINE ( 'NONE', #895, #381 ) ;
#1846 = DIRECTION ( 'NONE',  ( 0.000000000000000000, 1.000000000000000000, 0.000000000000000000 ) ) ;
#1847 = EDGE_CURVE ( 'NONE', #551, #2211, #2002, .T. ) ;
#1848 = PLANE ( 'NONE',  #2920 ) ;
#1849 = ORIENTED_EDGE ( 'NONE', *, *, #2103, .T. ) ;
#1850 = EDGE_LOOP ( 'NONE', ( #525, #324, #2894, #581 ) ) ;
#1851 = DIRECTION ( 'NONE',  ( 0.000000000000000000, 1.000000000000000000, 0.000000000000000000 ) ) ;
#1852 = ORIENTED_EDGE ( 'NONE', *, *, #1732, .F. ) ;
#1853 = FACE_BOUND ( 'NONE', #1563, .T. ) ;
#1854 = CARTESIAN_POINT ( 'NONE',  ( -0.000000000000000000, -3.000000000000000000, 64.50000000000000000 ) ) ;
#1855 = PLANE ( 'NONE',  #3033 ) ;
#1856 = DIRECTION ( 'NONE',  ( 0.000000000000000000, -0.000000000000000000, -1.000000000000000000 ) ) ;
#1857 = CARTESIAN_POINT ( 'NONE',  ( -110.0000000000000000, -6.999999999999999112, -64.50000000000000000 ) ) ;
#1858 = EDGE_LOOP ( 'NONE', ( #2862, #2844, #1349, #1929 ) ) ;
#1859 = CARTESIAN_POINT ( 'NONE',  ( 100.0000000000000000, -30.00000000000000000, 57.00000000000000000 ) ) ;
#1860 = CARTESIAN_POINT ( 'NONE',  ( -93.00000000000000000, -7.000000000000000000, -63.00000000000000000 ) ) ;
#1861 = ADVANCED_FACE ( 'NONE', ( #2498 ), #2746, .T. ) ;
#1862 = ORIENTED_EDGE ( 'NONE', *, *, #2968, .F. ) ;
#1863 = ORIENTED_EDGE ( 'NONE', *, *, #3008, .F. ) ;
#1864 = AXIS2_PLACEMENT_3D ( 'NONE', #1059, #1885, #2593 ) ;
#1865 = CARTESIAN_POINT ( 'NONE',  ( -110.0000000000000000, -3.000000000000000000, 67.50000000000000000 ) ) ;
#1866 = AXIS2_PLACEMENT_3D ( 'NONE', #1741, #1940, #2903 ) ;
#1867 = VECTOR ( 'NONE', #1554, 1000.000000000000000 ) ;
#1868 = EDGE_CURVE ( 'NONE', #112, #28, #246, .T. ) ;
#1869 = CARTESIAN_POINT ( 'NONE',  ( 100.0000000000000000, -30.00000000000000000, -57.00000000000000000 ) ) ;
#1870 = CARTESIAN_POINT ( 'NONE',  ( 28.00000000000000000, -4.000000000000000000, -52.00000000000000000 ) ) ;
#1871 = CARTESIAN_POINT ( 'NONE',  ( 28.00000000000000000, -4.000000000000000000, -49.00000000000000000 ) ) ;
#1872 = VECTOR ( 'NONE', #2999, 1000.000000000000000 ) ;
#1873 = CARTESIAN_POINT ( 'NONE',  ( 28.00000000000000000, -4.000000000000000000, -49.00000000000000000 ) ) ;
#1874 = CIRCLE ( 'NONE', #2581, 1.350000000000004086 ) ;
#1875 = CIRCLE ( 'NONE', #2338, 1.600000000000000755 ) ;
#1876 = EDGE_CURVE ( 'NONE', #727, #10, #185, .T. ) ;
#1877 = FACE_OUTER_BOUND ( 'NONE', #2235, .T. ) ;
#1878 = VERTEX_POINT ( 'NONE', #2198 ) ;
#1879 = VERTEX_POINT ( 'NONE', #1242 ) ;
#1880 = CARTESIAN_POINT ( 'NONE',  ( 28.00000000000000000, -3.000000000000000000, -49.00000000000000000 ) ) ;
#1881 = ADVANCED_FACE ( 'NONE', ( #6 ), #993, .T. ) ;
#1882 = AXIS2_PLACEMENT_3D ( 'NONE', #1971, #2936, #93 ) ;
#1883 = ORIENTED_EDGE ( 'NONE', *, *, #1797, .T. ) ;
#1884 = EDGE_LOOP ( 'NONE', ( #1194, #58 ) ) ;
#1885 = DIRECTION ( 'NONE',  ( 0.000000000000000000, 1.000000000000000000, 0.000000000000000000 ) ) ;
#1886 = ADVANCED_FACE ( 'NONE', ( #2570 ), #588, .T. ) ;
#1887 = CARTESIAN_POINT ( 'NONE',  ( 0.000000000000000000, -3.000000000000000000, -29.69999999999999929 ) ) ;
#1888 = DIRECTION ( 'NONE',  ( 0.000000000000000000, 1.000000000000000000, 0.000000000000000000 ) ) ;
#1889 = CARTESIAN_POINT ( 'NONE',  ( -100.0000000000000000, -2.999999999999999112, 62.00000000000000711 ) ) ;
#1890 = CARTESIAN_POINT ( 'NONE',  ( -100.0000000000000000, 0.000000000000000000, -57.00000000000000000 ) ) ;
#1891 = CARTESIAN_POINT ( 'NONE',  ( -11.00000000000000000, -4.000000000000000000, 46.70000000000000284 ) ) ;
#1892 = DIRECTION ( 'NONE',  ( 0.000000000000000000, -0.000000000000000000, 1.000000000000000000 ) ) ;
#1893 = ORIENTED_EDGE ( 'NONE', *, *, #2251, .T. ) ;
#1894 = ORIENTED_EDGE ( 'NONE', *, *, #1547, .T. ) ;
#1895 = CC_DESIGN_DATE_AND_TIME_ASSIGNMENT ( #827, #2692, ( #1701 ) ) ;
#1896 = CYLINDRICAL_SURFACE ( 'NONE', #2684, 1.350000000000004086 ) ;
#1897 = DIRECTION ( 'NONE',  ( 0.000000000000000000, 1.000000000000000000, 0.000000000000000000 ) ) ;
#1898 = EDGE_LOOP ( 'NONE', ( #1849, #2040, #1035, #928 ) ) ;
#1899 = FACE_OUTER_BOUND ( 'NONE', #2718, .T. ) ;
#1900 = EDGE_CURVE ( 'NONE', #201, #1878, #2947, .T. ) ;
#1901 = DIRECTION ( 'NONE',  ( 0.000000000000000000, 1.000000000000000000, 0.000000000000000000 ) ) ;
#1902 = LINE ( 'NONE', #225, #227 ) ;
#1903 = DIRECTION ( 'NONE',  ( 1.000000000000000000, 0.000000000000000000, 0.000000000000000000 ) ) ;
#1904 = FACE_OUTER_BOUND ( 'NONE', #1997, .T. ) ;
#1905 = EDGE_LOOP ( 'NONE', ( #2929, #66, #2141, #1467 ) ) ;
#1906 = ORIENTED_EDGE ( 'NONE', *, *, #50, .T. ) ;
#1907 = DIRECTION ( 'NONE',  ( 0.000000000000000000, 1.000000000000000000, 0.000000000000000000 ) ) ;
#1908 = CARTESIAN_POINT ( 'NONE',  ( 18.00000000000000355, -37.00000000000000000, 64.50000000000000000 ) ) ;
#1909 = ORIENTED_EDGE ( 'NONE', *, *, #95, .F. ) ;
#1910 = EDGE_CURVE ( 'NONE', #2515, #1808, #2124, .T. ) ;
#1911 = CARTESIAN_POINT ( 'NONE',  ( 69.00000000000000000, -4.000000000000000000, -29.69999999999999929 ) ) ;
#1912 = AXIS2_PLACEMENT_3D ( 'NONE', #218, #981, #965 ) ;
#1913 = EDGE_CURVE ( 'NONE', #944, #1067, #2082, .T. ) ;
#1914 = ORIENTED_EDGE ( 'NONE', *, *, #322, .F. ) ;
#1915 = AXIS2_PLACEMENT_3D ( 'NONE', #880, #1888, #2302 ) ;
#1916 = DIRECTION ( 'NONE',  ( 0.000000000000000000, 0.000000000000000000, 1.000000000000000000 ) ) ;
#1917 = DIRECTION ( 'NONE',  ( 0.000000000000000000, 0.000000000000000000, -1.000000000000000000 ) ) ;
#1918 = EDGE_CURVE ( 'NONE', #2782, #141, #1556, .T. ) ;
#1919 = FACE_OUTER_BOUND ( 'NONE', #1976, .T. ) ;
#1920 = CARTESIAN_POINT ( 'NONE',  ( 100.0000000000000000, -30.00000000000000000, 62.00000000000000711 ) ) ;
#1921 = EDGE_LOOP ( 'NONE', ( #2842, #1883, #1596, #265 ) ) ;
#1922 = EDGE_LOOP ( 'NONE', ( #3003, #2661, #309, #2042 ) ) ;
#1923 = LOCAL_TIME ( 17, 24, 0.000000000000000000, #765 ) ;
#1924 = VECTOR ( 'NONE', #2852, 1000.000000000000000 ) ;
#1925 = CARTESIAN_POINT ( 'NONE',  ( 95.00000000000000000, -4.000000000000000000, -49.00000000000000000 ) ) ;
#1926 = CIRCLE ( 'NONE', #542, 1.599999999999997202 ) ;
#1927 = CARTESIAN_POINT ( 'NONE',  ( 96.00000000000000000, -7.000000000000000000, 28.39999999999999503 ) ) ;
#1928 = VECTOR ( 'NONE', #2592, 1000.000000000000000 ) ;
#1929 = ORIENTED_EDGE ( 'NONE', *, *, #2074, .T. ) ;
#1930 = CARTESIAN_POINT ( 'NONE',  ( 0.000000000000000000, -3.000000000000000000, -12.00000000000000000 ) ) ;
#1931 = ORIENTED_EDGE ( 'NONE', *, *, #2753, .T. ) ;
#1932 = CC_DESIGN_PERSON_AND_ORGANIZATION_ASSIGNMENT ( #1613, #2057, ( #855 ) ) ;
#1933 = CARTESIAN_POINT ( 'NONE',  ( 69.00000000000000000, -4.000000000000000000, 43.29999999999999716 ) ) ;
#1934 = LINE ( 'NONE', #1218, #80 ) ;
#1935 = DIRECTION ( 'NONE',  ( -0.000000000000000000, 1.000000000000000000, -0.000000000000000000 ) ) ;
#1936 = CARTESIAN_POINT ( 'NONE',  ( 28.00000000000000000, -4.000000000000000000, -49.00000000000000000 ) ) ;
#1937 = VERTEX_POINT ( 'NONE', #1078 ) ;
#1938 = EDGE_CURVE ( 'NONE', #2945, #2651, #754, .T. ) ;
#1939 = CARTESIAN_POINT ( 'NONE',  ( -12.00000000000000000, -37.00000000000000000, 67.50000000000000000 ) ) ;
#1940 = DIRECTION ( 'NONE',  ( 0.000000000000000000, -1.000000000000000000, 0.000000000000000000 ) ) ;
#1941 = FACE_OUTER_BOUND ( 'NONE', #2736, .T. ) ;
#1942 = VERTEX_POINT ( 'NONE', #107 ) ;
#1943 = DIRECTION ( 'NONE',  ( 0.000000000000000000, 0.000000000000000000, 1.000000000000000000 ) ) ;
#1944 = ORIENTED_EDGE ( 'NONE', *, *, #1080, .T. ) ;
#1945 = DIRECTION ( 'NONE',  ( 0.000000000000000000, 0.000000000000000000, 1.000000000000000000 ) ) ;
#1946 = FACE_OUTER_BOUND ( 'NONE', #1839, .T. ) ;
#1947 = ORIENTED_EDGE ( 'NONE', *, *, #2272, .T. ) ;
#1948 = DIRECTION ( 'NONE',  ( 0.000000000000000000, 1.000000000000000000, 0.000000000000000000 ) ) ;
#1949 = CARTESIAN_POINT ( 'NONE',  ( -93.00000000000000000, -7.000000000000000000, -61.39999999999999858 ) ) ;
#1950 = ORIENTED_EDGE ( 'NONE', *, *, #2329, .F. ) ;
#1951 = DIRECTION ( 'NONE',  ( -0.000000000000000000, 1.000000000000000000, -0.000000000000000000 ) ) ;
#1952 = ORIENTED_EDGE ( 'NONE', *, *, #3150, .T. ) ;
#1953 = LINE ( 'NONE', #2916, #1160 ) ;
#1954 = LINE ( 'NONE', #2917, #530 ) ;
#1955 = EDGE_CURVE ( 'NONE', #687, #2228, #325, .T. ) ;
#1956 = VERTEX_POINT ( 'NONE', #606 ) ;
#1957 = ORIENTED_EDGE ( 'NONE', *, *, #3043, .T. ) ;
#1958 = CARTESIAN_POINT ( 'NONE',  ( 95.00000000000000000, -4.000000000000000000, -49.00000000000000000 ) ) ;
#1959 = EDGE_LOOP ( 'NONE', ( #2039, #2591 ) ) ;
#1960 = DIRECTION ( 'NONE',  ( 0.000000000000000000, 1.000000000000000000, 0.000000000000000000 ) ) ;
#1961 = AXIS2_PLACEMENT_3D ( 'NONE', #454, #3123, #1225 ) ;
#1962 = CARTESIAN_POINT ( 'NONE',  ( -100.0000000000000000, -2.999999999999999112, 52.00000000000000000 ) ) ;
#1963 = LINE ( 'NONE', #1697, #2882 ) ;
#1964 = CIRCLE ( 'NONE', #1770, 5.000000000000004441 ) ;
#1965 = VERTEX_POINT ( 'NONE', #1590 ) ;
#1966 = FACE_OUTER_BOUND ( 'NONE', #1922, .T. ) ;
#1967 = DIRECTION ( 'NONE',  ( 0.000000000000000000, 0.000000000000000000, 1.000000000000000000 ) ) ;
#1968 = VECTOR ( 'NONE', #2288, 1000.000000000000000 ) ;
#1969 = CIRCLE ( 'NONE', #321, 1.600000000000000755 ) ;
#1970 = ORIENTED_EDGE ( 'NONE', *, *, #1392, .F. ) ;
#1971 = CARTESIAN_POINT ( 'NONE',  ( 96.00000000000000000, -7.000000000000000000, 30.00000000000000000 ) ) ;
#1972 = ADVANCED_FACE ( 'NONE', ( #816 ), #1095, .T. ) ;
#1973 = CARTESIAN_POINT ( 'NONE',  ( 96.00000000000000000, -7.000000000000000000, -10.39999999999999680 ) ) ;
#1974 = ORIENTED_EDGE ( 'NONE', *, *, #519, .F. ) ;
#1975 = AXIS2_PLACEMENT_3D ( 'NONE', #1930, #2652, #689 ) ;
#1976 = EDGE_LOOP ( 'NONE', ( #79, #2055, #1430, #1070 ) ) ;
#1977 = ORIENTED_EDGE ( 'NONE', *, *, #1585, .T. ) ;
#1978 = DIRECTION ( 'NONE',  ( 0.000000000000000000, 1.000000000000000000, 0.000000000000000000 ) ) ;
#1979 = VECTOR ( 'NONE', #2079, 1000.000000000000000 ) ;
#1980 = EDGE_CURVE ( 'NONE', #2827, #1350, #2932, .T. ) ;
#1981 = CARTESIAN_POINT ( 'NONE',  ( -100.0000000000000000, 0.000000000000000000, 57.00000000000000000 ) ) ;
#1982 = AXIS2_PLACEMENT_3D ( 'NONE', #1202, #1386, #2837 ) ;
#1983 = ORIENTED_EDGE ( 'NONE', *, *, #1502, .T. ) ;
#1984 = DIRECTION ( 'NONE',  ( 1.000000000000000000, 0.000000000000000000, 0.000000000000000000 ) ) ;
#1985 = CARTESIAN_POINT ( 'NONE',  ( -0.000000000000000000, -3.000000000000000000, 43.29999999999999716 ) ) ;
#1986 = VECTOR ( 'NONE', #358, 1000.000000000000000 ) ;
#1987 = ORIENTED_EDGE ( 'NONE', *, *, #2253, .T. ) ;
#1988 = CARTESIAN_POINT ( 'NONE',  ( -41.99999999999999289, -3.000000000000002665, 64.50000000000000000 ) ) ;
#1989 = ADVANCED_FACE ( 'NONE', ( #2097 ), #75, .T. ) ;
#1990 = CARTESIAN_POINT ( 'NONE',  ( 81.00000000000000000, -3.000000000000000000, 0.000000000000000000 ) ) ;
#1991 = DIRECTION ( 'NONE',  ( -0.000000000000000000, 0.000000000000000000, 1.000000000000000000 ) ) ;
#1992 = EDGE_LOOP ( 'NONE', ( #562, #20, #1594, #2145 ) ) ;
#1993 = ORIENTED_EDGE ( 'NONE', *, *, #1282, .F. ) ;
#1994 = DIRECTION ( 'NONE',  ( -0.000000000000000000, 1.000000000000000000, -0.000000000000000000 ) ) ;
#1995 = DIRECTION ( 'NONE',  ( -0.000000000000000000, 1.000000000000000000, -0.000000000000000000 ) ) ;
#1996 = EDGE_CURVE ( 'NONE', #521, #2960, #3034, .T. ) ;
#1997 = EDGE_LOOP ( 'NONE', ( #943, #531, #1068 ) ) ;
#1998 = DIRECTION ( 'NONE',  ( 0.000000000000000000, 1.000000000000000000, 0.000000000000000000 ) ) ;
#1999 = DIRECTION ( 'NONE',  ( 0.000000000000000000, 1.000000000000000000, 0.000000000000000000 ) ) ;
#2000 = ORIENTED_EDGE ( 'NONE', *, *, #2478, .F. ) ;
#2001 = EDGE_LOOP ( 'NONE', ( #480, #2236, #2410, #83 ) ) ;
#2002 = LINE ( 'NONE', #1769, #1266 ) ;
#2003 = FACE_OUTER_BOUND ( 'NONE', #576, .T. ) ;
#2004 = VERTEX_POINT ( 'NONE', #2320 ) ;
#2005 = ORIENTED_EDGE ( 'NONE', *, *, #1185, .F. ) ;
#2006 = ORIENTED_EDGE ( 'NONE', *, *, #1521, .F. ) ;
#2007 = CARTESIAN_POINT ( 'NONE',  ( 28.00000000000000000, -4.000000000000000000, -52.00000000000000000 ) ) ;
#2008 = DIRECTION ( 'NONE',  ( 0.000000000000000000, 1.000000000000000000, 0.000000000000000000 ) ) ;
#2009 = EDGE_CURVE ( 'NONE', #242, #3057, #3098, .T. ) ;
#2010 = CARTESIAN_POINT ( 'NONE',  ( -80.00000000000000000, -3.000000000000000000, -0.000000000000000000 ) ) ;
#2011 = AXIS2_PLACEMENT_3D ( 'NONE', #2486, #2468, #1259 ) ;
#2012 = DIRECTION ( 'NONE',  ( 0.000000000000000000, 0.000000000000000000, -1.000000000000000000 ) ) ;
#2013 = CARTESIAN_POINT ( 'NONE',  ( 1.000000000000000000, 0.000000000000000000, 46.70000000000000284 ) ) ;
#2014 = EDGE_CURVE ( 'NONE', #2677, #156, #3054, .T. ) ;
#2015 = VECTOR ( 'NONE', #2912, 1000.000000000000000 ) ;
#2016 = CARTESIAN_POINT ( 'NONE',  ( -93.00000000000000000, -3.000000000000000000, -63.00000000000000000 ) ) ;
#2017 = EDGE_CURVE ( 'NONE', #473, #2653, #3067, .T. ) ;
#2018 = CARTESIAN_POINT ( 'NONE',  ( 100.0000000000000000, -2.999999999999999112, 62.00000000000000711 ) ) ;
#2019 = DIRECTION ( 'NONE',  ( -0.000000000000000000, 1.000000000000000000, -0.000000000000000000 ) ) ;
#2020 = ORIENTED_EDGE ( 'NONE', *, *, #1396, .T. ) ;
#2021 = ORIENTED_EDGE ( 'NONE', *, *, #1258, .T. ) ;
#2022 = ORIENTED_EDGE ( 'NONE', *, *, #914, .T. ) ;
#2023 = ORIENTED_EDGE ( 'NONE', *, *, #1389, .F. ) ;
#2024 = LINE ( 'NONE', #1499, #857 ) ;
#2025 = ORIENTED_EDGE ( 'NONE', *, *, #2976, .F. ) ;
#2026 = VECTOR ( 'NONE', #1183, 1000.000000000000000 ) ;
#2027 = CIRCLE ( 'NONE', #1621, 1.600000000000004086 ) ;
#2028 = CARTESIAN_POINT ( 'NONE',  ( 100.0000000000000000, -30.00000000000000000, -57.00000000000000000 ) ) ;
#2029 = VECTOR ( 'NONE', #2178, 1000.000000000000000 ) ;
#2030 = DATE_AND_TIME ( #1799, #1009 ) ;
#2031 = CARTESIAN_POINT ( 'NONE',  ( 28.00000000000000000, -4.000000000000000000, -52.00000000000000000 ) ) ;
#2032 = CARTESIAN_POINT ( 'NONE',  ( 95.00000000000000000, -4.000000000000000000, -52.00000000000000000 ) ) ;
#2033 = DIRECTION ( 'NONE',  ( 0.000000000000000000, 0.000000000000000000, 1.000000000000000000 ) ) ;
#2034 = DIRECTION ( 'NONE',  ( 0.000000000000000000, 0.000000000000000000, -1.000000000000000000 ) ) ;
#2035 = CARTESIAN_POINT ( 'NONE',  ( -11.00000000000000000, -3.000000000000000000, 43.29999999999999716 ) ) ;
#2036 = EDGE_CURVE ( 'NONE', #1117, #989, #621, .T. ) ;
#2037 = VERTEX_POINT ( 'NONE', #2823 ) ;
#2038 = ORIENTED_EDGE ( 'NONE', *, *, #1525, .F. ) ;
#2039 = ORIENTED_EDGE ( 'NONE', *, *, #2376, .F. ) ;
#2040 = ORIENTED_EDGE ( 'NONE', *, *, #253, .T. ) ;
#2041 = CARTESIAN_POINT ( 'NONE',  ( -48.00000000000000000, -7.000000000000000000, -16.40000000000000213 ) ) ;
#2042 = ORIENTED_EDGE ( 'NONE', *, *, #339, .F. ) ;
#2043 = CARTESIAN_POINT ( 'NONE',  ( -0.000000000000000000, -3.000000000000000000, 43.29999999999999716 ) ) ;
#2044 = PERSON_AND_ORGANIZATION ( #869, #178 ) ;
#2045 = CARTESIAN_POINT ( 'NONE',  ( -22.00000000000000000, -3.000000000000000000, -4.299999999999999822 ) ) ;
#2046 = FACE_BOUND ( 'NONE', #1072, .T. ) ;
#2047 = EDGE_CURVE ( 'NONE', #3056, #406, #1541, .T. ) ;
#2048 = CARTESIAN_POINT ( 'NONE',  ( 81.00000000000000000, -4.000000000000000000, -26.30000000000000071 ) ) ;
#2049 = DIRECTION ( 'NONE',  ( 0.000000000000000000, 1.000000000000000000, 0.000000000000000000 ) ) ;
#2050 = ORIENTED_EDGE ( 'NONE', *, *, #2272, .F. ) ;
#2051 = VERTEX_POINT ( 'NONE', #1064 ) ;
#2052 = ORIENTED_EDGE ( 'NONE', *, *, #1654, .F. ) ;
#2053 = DIRECTION ( 'NONE',  ( 0.000000000000000000, 0.000000000000000000, 1.000000000000000000 ) ) ;
#2054 = EDGE_CURVE ( 'NONE', #740, #3037, #2379, .T. ) ;
#2055 = ORIENTED_EDGE ( 'NONE', *, *, #2224, .T. ) ;
#2056 = DIRECTION ( 'NONE',  ( 1.000000000000000000, 0.000000000000000000, 0.000000000000000000 ) ) ;
#2057 = PERSON_AND_ORGANIZATION_ROLE ( 'creator' ) ;
#2058 = DIRECTION ( 'NONE',  ( 0.000000000000000000, 1.000000000000000000, 0.000000000000000000 ) ) ;
#2059 = PLANE ( 'NONE',  #2778 ) ;
#2060 = CARTESIAN_POINT ( 'NONE',  ( -100.0000000000000000, -30.00000000000000000, 57.00000000000000000 ) ) ;
#2061 = FACE_BOUND ( 'NONE', #549, .T. ) ;
#2062 = DIRECTION ( 'NONE',  ( 0.000000000000000000, 0.000000000000000000, 1.000000000000000000 ) ) ;
#2063 = AXIS2_PLACEMENT_3D ( 'NONE', #2918, #3145, #738 ) ;
#2064 = DIRECTION ( 'NONE',  ( -1.000000000000000000, -0.000000000000000000, -0.000000000000000000 ) ) ;
#2065 = VERTEX_POINT ( 'NONE', #1684 ) ;
#2066 = VERTEX_POINT ( 'NONE', #2380 ) ;
#2067 = VECTOR ( 'NONE', #2649, 1000.000000000000000 ) ;
#2068 = ORIENTED_EDGE ( 'NONE', *, *, #61, .T. ) ;
#2069 = ADVANCED_FACE ( 'NONE', ( #198 ), #184, .T. ) ;
#2070 = CARTESIAN_POINT ( 'NONE',  ( -100.0000000000000000, -2.999999999999999112, -62.00000000000000711 ) ) ;
#2071 = VECTOR ( 'NONE', #893, 1000.000000000000000 ) ;
#2072 = ORIENTED_EDGE ( 'NONE', *, *, #903, .F. ) ;
#2073 = CARTESIAN_POINT ( 'NONE',  ( 100.0000000000000000, -34.00000000000000000, 57.00000000000000000 ) ) ;
#2074 = EDGE_CURVE ( 'NONE', #2951, #1668, #913, .T. ) ;
#2075 = VECTOR ( 'NONE', #2318, 1000.000000000000000 ) ;
#2076 = VECTOR ( 'NONE', #437, 1000.000000000000000 ) ;
#2077 = DIRECTION ( 'NONE',  ( -0.000000000000000000, 1.000000000000000000, -0.000000000000000000 ) ) ;
#2078 = DIRECTION ( 'NONE',  ( 0.000000000000000000, 0.000000000000000000, 1.000000000000000000 ) ) ;
#2079 = DIRECTION ( 'NONE',  ( -1.000000000000000000, 0.000000000000000000, 0.000000000000000000 ) ) ;
#2080 = VECTOR ( 'NONE', #777, 1000.000000000000000 ) ;
#2081 = CARTESIAN_POINT ( 'NONE',  ( 95.00000000000000000, -4.000000000000000000, -31.00000000000000000 ) ) ;
#2082 = LINE ( 'NONE', #357, #77 ) ;
#2083 = DIRECTION ( 'NONE',  ( 0.000000000000000000, 1.000000000000000000, 0.000000000000000000 ) ) ;
#2084 = EDGE_LOOP ( 'NONE', ( #1736, #11, #1974, #300 ) ) ;
#2085 = ORIENTED_EDGE ( 'NONE', *, *, #2885, .T. ) ;
#2086 = EDGE_CURVE ( 'NONE', #310, #201, #2867, .T. ) ;
#2087 = CARTESIAN_POINT ( 'NONE',  ( -34.00000000000000000, 0.000000000000000000, -4.299999999999999822 ) ) ;
#2088 = VERTEX_POINT ( 'NONE', #3079 ) ;
#2089 = FACE_BOUND ( 'NONE', #1850, .T. ) ;
#2090 = DATE_AND_TIME ( #366, #2332 ) ;
#2091 = DIRECTION ( 'NONE',  ( 0.000000000000000000, 1.000000000000000000, 0.000000000000000000 ) ) ;
#2092 = LINE ( 'NONE', #865, #2524 ) ;
#2093 = FACE_BOUND ( 'NONE', #332, .T. ) ;
#2094 = ADVANCED_FACE ( 'NONE', ( #1664 ), #2625, .F. ) ;
#2095 = DIRECTION ( 'NONE',  ( -0.000000000000000000, 0.000000000000000000, 1.000000000000000000 ) ) ;
#2096 = VERTEX_POINT ( 'NONE', #2398 ) ;
#2097 = FACE_OUTER_BOUND ( 'NONE', #1278, .T. ) ;
#2098 = CARTESIAN_POINT ( 'NONE',  ( 95.00000000000000000, -4.000000000000000000, -49.00000000000000000 ) ) ;
#2099 = ORIENTED_EDGE ( 'NONE', *, *, #642, .F. ) ;
#2100 = VERTEX_POINT ( 'NONE', #2352 ) ;
#2101 = DIRECTION ( 'NONE',  ( 0.000000000000000000, 0.000000000000000000, -1.000000000000000000 ) ) ;
#2102 = EDGE_LOOP ( 'NONE', ( #1200, #1020, #1371, #2767 ) ) ;
#2103 = EDGE_CURVE ( 'NONE', #687, #521, #3110, .T. ) ;
#2104 = DIRECTION ( 'NONE',  ( 0.000000000000000000, 0.000000000000000000, -1.000000000000000000 ) ) ;
#2105 = CARTESIAN_POINT ( 'NONE',  ( 96.00000000000000000, -3.000000000000000000, -12.00000000000000000 ) ) ;
#2106 = DIRECTION ( 'NONE',  ( 0.000000000000000000, -0.000000000000000000, 1.000000000000000000 ) ) ;
#2107 = LINE ( 'NONE', #1857, #1366 ) ;
#2108 = EDGE_CURVE ( 'NONE', #1513, #2704, #1005, .T. ) ;
#2109 = DIRECTION ( 'NONE',  ( -1.000000000000000000, 0.000000000000000000, 0.000000000000000000 ) ) ;
#2110 = PRODUCT ( 'mars_lander_control_box_base_v1p2', 'mars_lander_control_box_base_v1p2', '', ( #555 ) ) ;
#2111 = LINE ( 'NONE', #2366, #1253 ) ;
#2112 = ORIENTED_EDGE ( 'NONE', *, *, #2505, .T. ) ;
#2113 = ORIENTED_EDGE ( 'NONE', *, *, #962, .F. ) ;
#2114 = EDGE_CURVE ( 'NONE', #2921, #349, #453, .T. ) ;
#2115 = CARTESIAN_POINT ( 'NONE',  ( 92.00000000000001421, -37.00000000000000000, 67.50000000000000000 ) ) ;
#2116 = VECTOR ( 'NONE', #25, 1000.000000000000000 ) ;
#2117 = DIRECTION ( 'NONE',  ( 0.000000000000000000, 1.000000000000000000, 0.000000000000000000 ) ) ;
#2118 = AXIS2_PLACEMENT_3D ( 'NONE', #1209, #3146, #2666 ) ;
#2119 = AXIS2_PLACEMENT_3D ( 'NONE', #3012, #2996, #2012 ) ;
#2120 = DIRECTION ( 'NONE',  ( 0.000000000000000000, 1.000000000000000000, 0.000000000000000000 ) ) ;
#2121 = VECTOR ( 'NONE', #254, 1000.000000000000000 ) ;
#2122 = DIRECTION ( 'NONE',  ( 0.000000000000000000, 0.000000000000000000, -1.000000000000000000 ) ) ;
#2123 = DIRECTION ( 'NONE',  ( 0.000000000000000000, -1.000000000000000000, 0.000000000000000000 ) ) ;
#2124 = CIRCLE ( 'NONE', #746, 1.350000000000004086 ) ;
#2125 = CARTESIAN_POINT ( 'NONE',  ( -48.00000000000000000, -3.000000000000000000, -19.59999999999999432 ) ) ;
#2126 = VECTOR ( 'NONE', #1646, 1000.000000000000000 ) ;
#2127 = VECTOR ( 'NONE', #1190, 1000.000000000000000 ) ;
#2128 = DIRECTION ( 'NONE',  ( 1.000000000000000000, 0.000000000000000000, 0.000000000000000000 ) ) ;
#2129 = AXIS2_PLACEMENT_3D ( 'NONE', #189, #1907, #756 ) ;
#2130 = ORIENTED_EDGE ( 'NONE', *, *, #673, .T. ) ;
#2131 = DIRECTION ( 'NONE',  ( -0.000000000000000000, 0.000000000000000000, 1.000000000000000000 ) ) ;
#2132 = EDGE_CURVE ( 'NONE', #2169, #112, #1428, .T. ) ;
#2133 = ORIENTED_EDGE ( 'NONE', *, *, #1639, .T. ) ;
#2134 = DIRECTION ( 'NONE',  ( 0.000000000000000000, 0.000000000000000000, -1.000000000000000000 ) ) ;
#2135 = DIRECTION ( 'NONE',  ( 0.000000000000000000, 0.000000000000000000, -1.000000000000000000 ) ) ;
#2136 = DIRECTION ( 'NONE',  ( 0.000000000000000000, 0.000000000000000000, 1.000000000000000000 ) ) ;
#2137 = CARTESIAN_POINT ( 'NONE',  ( 96.00000000000000000, -7.000000000000000000, -12.00000000000000000 ) ) ;
#2138 = EDGE_CURVE ( 'NONE', #2782, #1330, #940, .T. ) ;
#2139 = DIRECTION ( 'NONE',  ( -0.000000000000000000, -1.000000000000000000, -0.000000000000000000 ) ) ;
#2140 = VERTEX_POINT ( 'NONE', #1873 ) ;
#2141 = ORIENTED_EDGE ( 'NONE', *, *, #2384, .F. ) ;
#2142 = DIRECTION ( 'NONE',  ( -0.000000000000000000, 1.000000000000000000, -0.000000000000000000 ) ) ;
#2143 = ADVANCED_FACE ( 'NONE', ( #1919 ), #2598, .T. ) ;
#2144 = CARTESIAN_POINT ( 'NONE',  ( 77.00000000000000000, -37.00000000000000000, 67.50000000000000000 ) ) ;
#2145 = ORIENTED_EDGE ( 'NONE', *, *, #8, .F. ) ;
#2146 = PLANE ( 'NONE',  #1216 ) ;
#2147 = EDGE_CURVE ( 'NONE', #2267, #526, #1670, .T. ) ;
#2148 = EDGE_LOOP ( 'NONE', ( #859, #1862, #284, #1530 ) ) ;
#2149 = EDGE_LOOP ( 'NONE', ( #788, #1944, #3004, #787 ) ) ;
#2150 = PLANE ( 'NONE',  #2676 ) ;
#2151 = DIRECTION ( 'NONE',  ( 0.000000000000000000, 0.000000000000000000, -1.000000000000000000 ) ) ;
#2152 = DIRECTION ( 'NONE',  ( 0.000000000000000000, 0.000000000000000000, 1.000000000000000000 ) ) ;
#2153 = DIRECTION ( 'NONE',  ( -0.000000000000000000, 0.000000000000000000, 1.000000000000000000 ) ) ;
#2154 = VERTEX_POINT ( 'NONE', #2171 ) ;
#2155 = ORIENTED_EDGE ( 'NONE', *, *, #1572, .F. ) ;
#2156 = LINE ( 'NONE', #3126, #1622 ) ;
#2157 = DIRECTION ( 'NONE',  ( 1.000000000000000000, 0.000000000000000000, 0.000000000000000000 ) ) ;
#2158 = EDGE_CURVE ( 'NONE', #2140, #236, #3141, .T. ) ;
#2159 = ORIENTED_EDGE ( 'NONE', *, *, #2938, .T. ) ;
#2160 = VECTOR ( 'NONE', #2685, 1000.000000000000000 ) ;
#2161 = ORIENTED_EDGE ( 'NONE', *, *, #362, .F. ) ;
#2162 = DIRECTION ( 'NONE',  ( 1.000000000000000000, -0.000000000000000000, 0.000000000000000000 ) ) ;
#2163 = VECTOR ( 'NONE', #1244, 1000.000000000000000 ) ;
#2164 = EDGE_LOOP ( 'NONE', ( #2630, #446, #873, #1578 ) ) ;
#2165 = VECTOR ( 'NONE', #1370, 1000.000000000000000 ) ;
#2166 = CARTESIAN_POINT ( 'NONE',  ( -78.00000000000000000, -37.00000000000000000, 67.50000000000000000 ) ) ;
#2167 = CARTESIAN_POINT ( 'NONE',  ( -110.0000000000000000, -37.00000000000000000, 64.50000000000000000 ) ) ;
#2168 = EDGE_CURVE ( 'NONE', #3037, #1420, #648, .T. ) ;
#2169 = VERTEX_POINT ( 'NONE', #390 ) ;
#2170 = LINE ( 'NONE', #1011, #1715 ) ;
#2171 = CARTESIAN_POINT ( 'NONE',  ( 18.00000000000000355, -37.00000000000000000, 67.50000000000000000 ) ) ;
#2172 = CARTESIAN_POINT ( 'NONE',  ( -11.00000000000000000, 0.000000000000000000, 43.29999999999999716 ) ) ;
#2173 = ORIENTED_EDGE ( 'NONE', *, *, #61, .F. ) ;
#2174 = ORIENTED_EDGE ( 'NONE', *, *, #2510, .T. ) ;
#2175 = VECTOR ( 'NONE', #163, 1000.000000000000000 ) ;
#2176 = AXIS2_PLACEMENT_3D ( 'NONE', #271, #1995, #2964 ) ;
#2177 = VECTOR ( 'NONE', #1273, 1000.000000000000000 ) ;
#2178 = DIRECTION ( 'NONE',  ( -0.000000000000000000, 1.000000000000000000, -0.000000000000000000 ) ) ;
#2179 = AXIS2_PLACEMENT_3D ( 'NONE', #3147, #2391, #2846 ) ;
#2180 = PLANE ( 'NONE',  #2872 ) ;
#2181 = AXIS2_PLACEMENT_3D ( 'NONE', #410, #1405, #2134 ) ;
#2182 = CARTESIAN_POINT ( 'NONE',  ( 28.00000000000000000, -3.000000000000000000, -52.00000000000000000 ) ) ;
#2183 = ORIENTED_EDGE ( 'NONE', *, *, #1938, .F. ) ;
#2184 = EDGE_CURVE ( 'NONE', #27, #2250, #154, .T. ) ;
#2185 = CARTESIAN_POINT ( 'NONE',  ( 110.0000000000000000, 0.000000000000000000, 67.50000000000000000 ) ) ;
#2186 = VECTOR ( 'NONE', #2949, 1000.000000000000000 ) ;
#2187 = EDGE_CURVE ( 'NONE', #1069, #2169, #2364, .T. ) ;
#2188 = VERTEX_POINT ( 'NONE', #2125 ) ;
#2189 = AXIS2_PLACEMENT_3D ( 'NONE', #1791, #1098, #853 ) ;
#2190 = CARTESIAN_POINT ( 'NONE',  ( 69.00000000000000000, -4.000000000000000000, -29.69999999999999929 ) ) ;
#2191 = PLANE ( 'NONE',  #2381 ) ;
#2192 = ORIENTED_EDGE ( 'NONE', *, *, #1241, .T. ) ;
#2193 = DIRECTION ( 'NONE',  ( 1.000000000000000000, 0.000000000000000000, -0.000000000000000000 ) ) ;
#2194 = CARTESIAN_POINT ( 'NONE',  ( 107.0000000000000000, -3.000000000000000000, -64.50000000000000000 ) ) ;
#2195 = ADVANCED_FACE ( 'NONE', ( #3097 ), #664, .F. ) ;
#2196 = CARTESIAN_POINT ( 'NONE',  ( -100.0000000000000000, -34.00000000000000000, -55.64999999999999858 ) ) ;
#2197 = ORIENTED_EDGE ( 'NONE', *, *, #1797, .F. ) ;
#2198 = CARTESIAN_POINT ( 'NONE',  ( 100.0000000000000000, -2.999999999999999112, -62.00000000000000711 ) ) ;
#2199 = CARTESIAN_POINT ( 'NONE',  ( -11.00000000000000000, -4.000000000000000000, 46.70000000000000284 ) ) ;
#2200 = ORIENTED_EDGE ( 'NONE', *, *, #2047, .F. ) ;
#2201 = FACE_OUTER_BOUND ( 'NONE', #2954, .T. ) ;
#2202 = ORIENTED_EDGE ( 'NONE', *, *, #2365, .F. ) ;
#2203 = DIRECTION ( 'NONE',  ( 0.000000000000000000, 1.000000000000000000, 0.000000000000000000 ) ) ;
#2204 = CARTESIAN_POINT ( 'NONE',  ( 69.00000000000000000, 0.000000000000000000, 43.29999999999999716 ) ) ;
#2205 = ADVANCED_FACE ( 'NONE', ( #231 ), #18, .F. ) ;
#2206 = EDGE_LOOP ( 'NONE', ( #610, #463, #1215, #2697 ) ) ;
#2207 = CARTESIAN_POINT ( 'NONE',  ( -100.0000000000000000, -30.00000000000000000, 55.64999999999999858 ) ) ;
#2208 = APPLICATION_CONTEXT ( 'configuration controlled 3d designs of mechanical parts and assemblies' ) ;
#2209 = LINE ( 'NONE', #293, #2334 ) ;
#2210 = EDGE_CURVE ( 'NONE', #1220, #484, #769, .T. ) ;
#2211 = VERTEX_POINT ( 'NONE', #493 ) ;
#2212 = DIRECTION ( 'NONE',  ( 0.000000000000000000, 0.000000000000000000, -1.000000000000000000 ) ) ;
#2213 = DIRECTION ( 'NONE',  ( -1.000000000000000000, 0.000000000000000000, -0.000000000000000000 ) ) ;
#2214 = LINE ( 'NONE', #759, #1713 ) ;
#2215 = EDGE_CURVE ( 'NONE', #2004, #2721, #2931, .T. ) ;
#2216 = VERTEX_POINT ( 'NONE', #468 ) ;
#2217 = ORIENTED_EDGE ( 'NONE', *, *, #2413, .F. ) ;
#2218 = ORIENTED_EDGE ( 'NONE', *, *, #1900, .F. ) ;
#2219 = CARTESIAN_POINT ( 'NONE',  ( 92.00000000000001421, -37.00000000000000000, 67.50000000000000000 ) ) ;
#2220 = DIRECTION ( 'NONE',  ( -0.000000000000000000, 0.000000000000000000, 1.000000000000000000 ) ) ;
#2221 = AXIS2_PLACEMENT_3D ( 'NONE', #1207, #2436, #995 ) ;
#2222 = APPROVAL_ROLE ( '' ) ;
#2223 = CIRCLE ( 'NONE', #1106, 5.000000000000004441 ) ;
#2224 = EDGE_CURVE ( 'NONE', #1350, #727, #3155, .T. ) ;
#2225 = ORIENTED_EDGE ( 'NONE', *, *, #760, .F. ) ;
#2226 = CARTESIAN_POINT ( 'NONE',  ( -110.0000000000000000, 0.000000000000000000, 67.50000000000000000 ) ) ;
#2227 = CARTESIAN_POINT ( 'NONE',  ( -100.0000000000000000, -34.00000000000000000, 58.35000000000000853 ) ) ;
#2228 = VERTEX_POINT ( 'NONE', #1738 ) ;
#2229 = ORIENTED_EDGE ( 'NONE', *, *, #203, .F. ) ;
#2230 = DIRECTION ( 'NONE',  ( 0.000000000000000000, 1.000000000000000000, 0.000000000000000000 ) ) ;
#2231 = DIRECTION ( 'NONE',  ( 0.000000000000000000, 0.000000000000000000, -1.000000000000000000 ) ) ;
#2232 = FACE_OUTER_BOUND ( 'NONE', #2260, .T. ) ;
#2233 = APPROVAL_PERSON_ORGANIZATION ( #1249, #2686, #2222 ) ;
#2234 = AXIS2_PLACEMENT_3D ( 'NONE', #2795, #2340, #2305 ) ;
#2235 = EDGE_LOOP ( 'NONE', ( #1482, #1993 ) ) ;
#2236 = ORIENTED_EDGE ( 'NONE', *, *, #1077, .T. ) ;
#2237 = ORIENTED_EDGE ( 'NONE', *, *, #2545, .F. ) ;
#2238 = CARTESIAN_POINT ( 'NONE',  ( -11.00000000000000000, 0.000000000000000000, 46.70000000000000284 ) ) ;
#2239 = EDGE_CURVE ( 'NONE', #194, #1187, #3139, .T. ) ;
#2240 = VECTOR ( 'NONE', #748, 1000.000000000000000 ) ;
#2241 = VECTOR ( 'NONE', #361, 1000.000000000000000 ) ;
#2242 = FACE_OUTER_BOUND ( 'NONE', #2551, .T. ) ;
#2243 = EDGE_LOOP ( 'NONE', ( #1437, #657, #3163, #211 ) ) ;
#2244 = CARTESIAN_POINT ( 'NONE',  ( -110.0000000000000000, -3.000000000000000000, 67.50000000000000000 ) ) ;
#2245 = CARTESIAN_POINT ( 'NONE',  ( 110.0000000000000000, -3.000000000000000000, 67.50000000000000000 ) ) ;
#2246 = DIRECTION ( 'NONE',  ( -1.000000000000000000, -0.000000000000000000, -0.000000000000000000 ) ) ;
#2247 = CARTESIAN_POINT ( 'NONE',  ( -0.000000000000000000, -3.000000000000000000, -49.00000000000000000 ) ) ;
#2248 = ORIENTED_EDGE ( 'NONE', *, *, #1185, .T. ) ;
#2249 = ORIENTED_EDGE ( 'NONE', *, *, #884, .F. ) ;
#2250 = VERTEX_POINT ( 'NONE', #2194 ) ;
#2251 = EDGE_CURVE ( 'NONE', #2562, #156, #2431, .T. ) ;
#2252 = CYLINDRICAL_SURFACE ( 'NONE', #1213, 1.600000000000000755 ) ;
#2253 = EDGE_CURVE ( 'NONE', #2704, #1033, #508, .T. ) ;
#2254 = FACE_OUTER_BOUND ( 'NONE', #268, .T. ) ;
#2255 = CARTESIAN_POINT ( 'NONE',  ( 0.000000000000000000, 0.000000000000000000, 0.000000000000000000 ) ) ;
#2256 = DIRECTION ( 'NONE',  ( 0.000000000000000000, 1.000000000000000000, 0.000000000000000000 ) ) ;
#2257 = LINE ( 'NONE', #1523, #955 ) ;
#2258 = CARTESIAN_POINT ( 'NONE',  ( -93.00000000000000000, -7.000000000000000000, -18.00000000000000000 ) ) ;
#2259 = LINE ( 'NONE', #2247, #1199 ) ;
#2260 = EDGE_LOOP ( 'NONE', ( #822, #1476, #979, #1544 ) ) ;
#2261 = ORIENTED_EDGE ( 'NONE', *, *, #2132, .F. ) ;
#2262 = VERTEX_POINT ( 'NONE', #2913 ) ;
#2263 = ORIENTED_EDGE ( 'NONE', *, *, #1094, .F. ) ;
#2264 = FACE_OUTER_BOUND ( 'NONE', #2703, .T. ) ;
#2265 = DIRECTION ( 'NONE',  ( 0.000000000000000000, 1.000000000000000000, 0.000000000000000000 ) ) ;
#2266 = ADVANCED_FACE ( 'NONE', ( #1478 ), #1240, .T. ) ;
#2267 = VERTEX_POINT ( 'NONE', #2479 ) ;
#2268 = FACE_OUTER_BOUND ( 'NONE', #1144, .T. ) ;
#2269 =( NAMED_UNIT ( * ) PLANE_ANGLE_UNIT ( ) SI_UNIT ( $, .RADIAN. ) );
#2270 = PLANE ( 'NONE',  #1720 ) ;
#2271 = PLANE ( 'NONE',  #482 ) ;
#2272 = EDGE_CURVE ( 'NONE', #739, #2574, #2209, .T. ) ;
#2273 = VECTOR ( 'NONE', #930, 1000.000000000000000 ) ;
#2274 = DIRECTION ( 'NONE',  ( 0.000000000000000000, 0.000000000000000000, -1.000000000000000000 ) ) ;
#2275 = DIRECTION ( 'NONE',  ( 0.000000000000000000, 1.000000000000000000, 0.000000000000000000 ) ) ;
#2276 = ORIENTED_EDGE ( 'NONE', *, *, #376, .F. ) ;
#2277 = ORIENTED_EDGE ( 'NONE', *, *, #1768, .F. ) ;
#2278 = ORIENTED_EDGE ( 'NONE', *, *, #1224, .F. ) ;
#2279 = ORIENTED_EDGE ( 'NONE', *, *, #1913, .T. ) ;
#2280 = FACE_OUTER_BOUND ( 'NONE', #1561, .T. ) ;
#2281 = AXIS2_PLACEMENT_3D ( 'NONE', #2137, #925, #1441 ) ;
#2282 = EDGE_CURVE ( 'NONE', #494, #249, #2027, .T. ) ;
#2283 = ORIENTED_EDGE ( 'NONE', *, *, #2998, .T. ) ;
#2284 = VECTOR ( 'NONE', #1025, 1000.000000000000000 ) ;
#2285 = CARTESIAN_POINT ( 'NONE',  ( 95.00000000000000000, -4.000000000000000000, -52.00000000000000000 ) ) ;
#2286 = EDGE_CURVE ( 'NONE', #2653, #2733, #2257, .T. ) ;
#2287 = CARTESIAN_POINT ( 'NONE',  ( -41.99999999999999289, -37.00000000000000000, 64.50000000000000000 ) ) ;
#2288 = DIRECTION ( 'NONE',  ( -0.000000000000000000, 1.000000000000000000, -0.000000000000000000 ) ) ;
#2289 = VECTOR ( 'NONE', #849, 1000.000000000000000 ) ;
#2290 = ADVANCED_FACE ( 'NONE', ( #258 ), #991, .T. ) ;
#2291 = CARTESIAN_POINT ( 'NONE',  ( -11.00000000000000000, -3.000000000000000000, -0.000000000000000000 ) ) ;
#2292 = DIRECTION ( 'NONE',  ( -0.000000000000000000, 1.000000000000000000, -0.000000000000000000 ) ) ;
#2293 = EDGE_LOOP ( 'NONE', ( #1435, #1103, #627, #286 ) ) ;
#2294 = EDGE_LOOP ( 'NONE', ( #927, #790 ) ) ;
#2295 = ORIENTED_EDGE ( 'NONE', *, *, #815, .F. ) ;
#2296 = LINE ( 'NONE', #333, #432 ) ;
#2297 = ORIENTED_EDGE ( 'NONE', *, *, #1396, .F. ) ;
#2298 = ORIENTED_EDGE ( 'NONE', *, *, #2481, .T. ) ;
#2299 = LINE ( 'NONE', #2043, #280 ) ;
#2300 = DIRECTION ( 'NONE',  ( 0.000000000000000000, 0.000000000000000000, 1.000000000000000000 ) ) ;
#2301 = LINE ( 'NONE', #1586, #2374 ) ;
#2302 = DIRECTION ( 'NONE',  ( 0.000000000000000000, -0.000000000000000000, 1.000000000000000000 ) ) ;
#2303 = FACE_BOUND ( 'NONE', #692, .T. ) ;
#2304 = EDGE_CURVE ( 'NONE', #141, #2921, #2967, .T. ) ;
#2305 = DIRECTION ( 'NONE',  ( 0.000000000000000000, 0.000000000000000000, 1.000000000000000000 ) ) ;
#2306 = FACE_OUTER_BOUND ( 'NONE', #3162, .T. ) ;
#2307 = ORIENTED_EDGE ( 'NONE', *, *, #335, .F. ) ;
#2308 = EDGE_LOOP ( 'NONE', ( #2229, #297, #205, #1612 ) ) ;
#2309 = ORIENTED_EDGE ( 'NONE', *, *, #839, .T. ) ;
#2310 = PLANE ( 'NONE',  #1785 ) ;
#2311 = EDGE_CURVE ( 'NONE', #1498, #2051, #691, .T. ) ;
#2312 = ORIENTED_EDGE ( 'NONE', *, *, #76, .F. ) ;
#2313 = ORIENTED_EDGE ( 'NONE', *, *, #2874, .T. ) ;
#2314 = LINE ( 'NONE', #1105, #2775 ) ;
#2315 = PERSON_AND_ORGANIZATION_ROLE ( 'design_supplier' ) ;
#2316 = PLANE ( 'NONE',  #1001 ) ;
#2317 = CARTESIAN_POINT ( 'NONE',  ( 0.000000000000000000, -3.000000000000000000, 31.59999999999999787 ) ) ;
#2318 = DIRECTION ( 'NONE',  ( -0.000000000000000000, -0.000000000000000000, 1.000000000000000000 ) ) ;
#2319 = EDGE_CURVE ( 'NONE', #2951, #1048, #37, .T. ) ;
#2320 = CARTESIAN_POINT ( 'NONE',  ( -110.0000000000000000, -37.00000000000000000, -67.50000000000000000 ) ) ;
#2321 = VECTOR ( 'NONE', #2139, 1000.000000000000000 ) ;
#2322 = ADVANCED_FACE ( 'NONE', ( #783 ), #1765, .F. ) ;
#2323 = DIRECTION ( 'NONE',  ( 0.000000000000000000, 0.000000000000000000, -1.000000000000000000 ) ) ;
#2324 = ORIENTED_EDGE ( 'NONE', *, *, #784, .F. ) ;
#2325 = VECTOR ( 'NONE', #2231, 1000.000000000000000 ) ;
#2326 = VERTEX_POINT ( 'NONE', #3013 ) ;
#2327 = DIRECTION ( 'NONE',  ( 1.000000000000000000, 0.000000000000000000, 0.000000000000000000 ) ) ;
#2328 = CIRCLE ( 'NONE', #946, 5.000000000000004441 ) ;
#2329 = EDGE_CURVE ( 'NONE', #294, #2782, #1060, .T. ) ;
#2330 = FACE_BOUND ( 'NONE', #2438, .T. ) ;
#2331 = PERSON_AND_ORGANIZATION ( #869, #178 ) ;
#2332 = LOCAL_TIME ( 17, 24, 0.000000000000000000, #2803 ) ;
#2333 = VECTOR ( 'NONE', #520, 1000.000000000000000 ) ;
#2334 = VECTOR ( 'NONE', #4, 1000.000000000000000 ) ;
#2335 = LINE ( 'NONE', #2982, #1461 ) ;
#2336 = DIRECTION ( 'NONE',  ( -0.000000000000000000, 0.000000000000000000, 1.000000000000000000 ) ) ;
#2337 = FACE_BOUND ( 'NONE', #1277, .T. ) ;
#2338 = AXIS2_PLACEMENT_3D ( 'NONE', #1164, #1193, #1233 ) ;
#2339 = EDGE_LOOP ( 'NONE', ( #1906, #116, #299, #2355 ) ) ;
#2340 = DIRECTION ( 'NONE',  ( 0.000000000000000000, 1.000000000000000000, 0.000000000000000000 ) ) ;
#2341 = PLANE ( 'NONE',  #65 ) ;
#2342 = ORIENTED_EDGE ( 'NONE', *, *, #971, .T. ) ;
#2343 = ORIENTED_EDGE ( 'NONE', *, *, #398, .F. ) ;
#2344 = CARTESIAN_POINT ( 'NONE',  ( 0.000000000000000000, -37.00000000000000000, 0.000000000000000000 ) ) ;
#2345 = EDGE_CURVE ( 'NONE', #110, #917, #2335, .T. ) ;
#2346 = ORIENTED_EDGE ( 'NONE', *, *, #1287, .T. ) ;
#2347 = LINE ( 'NONE', #630, #2728 ) ;
#2348 = CARTESIAN_POINT ( 'NONE',  ( -110.0000000000000000, -37.00000000000000000, -64.50000000000000000 ) ) ;
#2349 = FACE_BOUND ( 'NONE', #2294, .T. ) ;
#2350 = ADVANCED_FACE ( 'NONE', ( #617 ), #2271, .T. ) ;
#2351 = DIRECTION ( 'NONE',  ( 0.000000000000000000, 0.000000000000000000, 1.000000000000000000 ) ) ;
#2352 = CARTESIAN_POINT ( 'NONE',  ( -100.0000000000000000, -30.00000000000000000, 52.00000000000000000 ) ) ;
#2353 = DIRECTION ( 'NONE',  ( 1.000000000000000000, 0.000000000000000000, 0.000000000000000000 ) ) ;
#2354 = VERTEX_POINT ( 'NONE', #2508 ) ;
#2355 = ORIENTED_EDGE ( 'NONE', *, *, #372, .T. ) ;
#2356 = LINE ( 'NONE', #2087, #2241 ) ;
#2357 = MANIFOLD_SOLID_BREP ( 'Adjustable_Sensor_Rail_2', #896 ) ;
#2358 = DIRECTION ( 'NONE',  ( -1.000000000000000000, 0.000000000000000000, -0.000000000000000000 ) ) ;
#2359 = CC_DESIGN_DATE_AND_TIME_ASSIGNMENT ( #2090, #2770, ( #540 ) ) ;
#2360 = DIRECTION ( 'NONE',  ( 0.000000000000000000, 1.000000000000000000, 0.000000000000000000 ) ) ;
#2361 = CARTESIAN_POINT ( 'NONE',  ( 100.0000000000000000, -30.00000000000000000, 57.00000000000000000 ) ) ;
#2362 = CARTESIAN_POINT ( 'NONE',  ( -12.00000000000000000, -37.00000000000000000, 64.50000000000000000 ) ) ;
#2363 = DIRECTION ( 'NONE',  ( -1.000000000000000000, 0.000000000000000000, 0.000000000000000000 ) ) ;
#2364 = LINE ( 'NONE', #1155, #1924 ) ;
#2365 = EDGE_CURVE ( 'NONE', #711, #731, #572, .T. ) ;
#2366 = CARTESIAN_POINT ( 'NONE',  ( 28.00000000000000000, -4.000000000000000000, -31.00000000000000000 ) ) ;
#2367 = ORIENTED_EDGE ( 'NONE', *, *, #1803, .F. ) ;
#2368 = ORIENTED_EDGE ( 'NONE', *, *, #2542, .F. ) ;
#2369 = CARTESIAN_POINT ( 'NONE',  ( -41.99999999999999289, -37.00000000000000000, 67.50000000000000000 ) ) ;
#2370 = AXIS2_PLACEMENT_3D ( 'NONE', #2849, #1615, #2336 ) ;
#2371 = PLANE ( 'NONE',  #2118 ) ;
#2372 = ORIENTED_EDGE ( 'NONE', *, *, #1142, .T. ) ;
#2373 = DIRECTION ( 'NONE',  ( 0.000000000000000000, 1.000000000000000000, 0.000000000000000000 ) ) ;
#2374 = VECTOR ( 'NONE', #2791, 1000.000000000000000 ) ;
#2375 = CARTESIAN_POINT ( 'NONE',  ( 18.00000000000000355, -3.000000000000000000, 0.000000000000000000 ) ) ;
#2376 = EDGE_CURVE ( 'NONE', #2704, #1513, #2526, .T. ) ;
#2377 = DIRECTION ( 'NONE',  ( 1.000000000000000000, -0.000000000000000000, 0.000000000000000000 ) ) ;
#2378 = DIRECTION ( 'NONE',  ( 0.000000000000000000, 0.000000000000000000, 1.000000000000000000 ) ) ;
#2379 = CIRCLE ( 'NONE', #2690, 1.600000000000004086 ) ;
#2380 = CARTESIAN_POINT ( 'NONE',  ( -34.00000000000000000, 0.000000000000000000, -4.299999999999999822 ) ) ;
#2381 = AXIS2_PLACEMENT_3D ( 'NONE', #694, #2409, #413 ) ;
#2382 = VECTOR ( 'NONE', #312, 1000.000000000000000 ) ;
#2383 = CARTESIAN_POINT ( 'NONE',  ( 28.00000000000000000, -4.000000000000000000, -31.00000000000000000 ) ) ;
#2384 = EDGE_CURVE ( 'NONE', #2721, #1692, #1555, .T. ) ;
#2385 = VERTEX_POINT ( 'NONE', #2032 ) ;
#2386 = ORIENTED_EDGE ( 'NONE', *, *, #1195, .F. ) ;
#2387 = FACE_OUTER_BOUND ( 'NONE', #1825, .T. ) ;
#2388 = CIRCLE ( 'NONE', #87, 1.600000000000004086 ) ;
#2389 = DIRECTION ( 'NONE',  ( -0.000000000000000000, 0.000000000000000000, 1.000000000000000000 ) ) ;
#2390 = CARTESIAN_POINT ( 'NONE',  ( -93.55677643628301610, -3.000000000000001776, -64.50000000000000000 ) ) ;
#2391 = DIRECTION ( 'NONE',  ( 0.000000000000000000, 1.000000000000000000, 0.000000000000000000 ) ) ;
#2392 = EDGE_LOOP ( 'NONE', ( #634, #2934, #591, #2812 ) ) ;
#2393 = VERTEX_POINT ( 'NONE', #1539 ) ;
#2394 = FACE_OUTER_BOUND ( 'NONE', #3130, .T. ) ;
#2395 = CARTESIAN_POINT ( 'NONE',  ( 81.00000000000000000, -3.000000000000000000, -26.30000000000000071 ) ) ;
#2396 = CARTESIAN_POINT ( 'NONE',  ( -48.00000000000000000, -3.000000000000000000, -61.40000000000000568 ) ) ;
#2397 = DIRECTION ( 'NONE',  ( 0.000000000000000000, 1.000000000000000000, 0.000000000000000000 ) ) ;
#2398 = CARTESIAN_POINT ( 'NONE',  ( -68.00000000000000000, 0.000000000000000000, -4.299999999999999822 ) ) ;
#2399 = FACE_OUTER_BOUND ( 'NONE', #2751, .T. ) ;
#2400 = ORIENTED_EDGE ( 'NONE', *, *, #24, .F. ) ;
#2401 = ORIENTED_EDGE ( 'NONE', *, *, #971, .F. ) ;
#2402 = DIRECTION ( 'NONE',  ( 0.000000000000000000, 1.000000000000000000, 0.000000000000000000 ) ) ;
#2403 = LINE ( 'NONE', #204, #270 ) ;
#2404 = ORIENTED_EDGE ( 'NONE', *, *, #2413, .T. ) ;
#2405 = CARTESIAN_POINT ( 'NONE',  ( -48.00000000000000000, -7.000000000000000000, -18.00000000000000000 ) ) ;
#2406 = EDGE_CURVE ( 'NONE', #1245, #516, #864, .T. ) ;
#2407 = VERTEX_POINT ( 'NONE', #1843 ) ;
#2408 = CARTESIAN_POINT ( 'NONE',  ( -100.0000000000000000, -30.00000000000000000, 57.00000000000000000 ) ) ;
#2409 = DIRECTION ( 'NONE',  ( 1.000000000000000000, 0.000000000000000000, 0.000000000000000000 ) ) ;
#2410 = ORIENTED_EDGE ( 'NONE', *, *, #2449, .T. ) ;
#2411 = LINE ( 'NONE', #1201, #1816 ) ;
#2412 = DIRECTION ( 'NONE',  ( 0.000000000000000000, 1.000000000000000000, 0.000000000000000000 ) ) ;
#2413 = EDGE_CURVE ( 'NONE', #1420, #298, #2301, .T. ) ;
#2414 = CARTESIAN_POINT ( 'NONE',  ( 1.959434878635764984E-16, -3.000000000000000000, 28.39999999999999858 ) ) ;
#2415 = ORIENTED_EDGE ( 'NONE', *, *, #2594, .T. ) ;
#2416 = ORIENTED_EDGE ( 'NONE', *, *, #839, .F. ) ;
#2417 = CARTESIAN_POINT ( 'NONE',  ( 100.0000000000000000, -34.00000000000000000, 55.64999999999999858 ) ) ;
#2418 = ADVANCED_FACE ( 'NONE', ( #92, #1076, #72, #306, #2046, #2997, #1571, #104, #1091, #2553, #342 ), #2059, .F. ) ;
#2419 = LINE ( 'NONE', #3116, #1506 ) ;
#2420 = CARTESIAN_POINT ( 'NONE',  ( 42.00000000000000000, -4.000000000000000000, 43.29999999999999716 ) ) ;
#2421 = VECTOR ( 'NONE', #2064, 1000.000000000000000 ) ;
#2422 = DIRECTION ( 'NONE',  ( 0.000000000000000000, 1.000000000000000000, 0.000000000000000000 ) ) ;
#2423 = VECTOR ( 'NONE', #326, 1000.000000000000000 ) ;
#2424 = ORIENTED_EDGE ( 'NONE', *, *, #1214, .T. ) ;
#2425 = EDGE_CURVE ( 'NONE', #494, #1838, #2541, .T. ) ;
#2426 = CARTESIAN_POINT ( 'NONE',  ( 1.000000000000000000, -3.000000000000000000, 0.000000000000000000 ) ) ;
#2427 = DIRECTION ( 'NONE',  ( 0.000000000000000000, 0.000000000000000000, -1.000000000000000000 ) ) ;
#2428 = AXIS2_PLACEMENT_3D ( 'NONE', #1800, #2790, #571 ) ;
#2429 = ORIENTED_EDGE ( 'NONE', *, *, #742, .T. ) ;
#2430 = DIRECTION ( 'NONE',  ( 0.000000000000000000, -0.000000000000000000, 1.000000000000000000 ) ) ;
#2431 = LINE ( 'NONE', #1718, #541 ) ;
#2432 = AXIS2_PLACEMENT_3D ( 'NONE', #1154, #2123, #2807 ) ;
#2433 = AXIS2_PLACEMENT_3D ( 'NONE', #2769, #1037, #2536 ) ;
#2434 = LINE ( 'NONE', #281, #3088 ) ;
#2435 = VECTOR ( 'NONE', #1796, 1000.000000000000000 ) ;
#2436 = DIRECTION ( 'NONE',  ( 0.000000000000000000, 1.000000000000000000, 0.000000000000000000 ) ) ;
#2437 = VECTOR ( 'NONE', #422, 1000.000000000000000 ) ;
#2438 = EDGE_LOOP ( 'NONE', ( #3101, #773, #1449, #3157 ) ) ;
#2439 = CARTESIAN_POINT ( 'NONE',  ( 95.00000000000000000, -4.000000000000000000, -49.00000000000000000 ) ) ;
#2440 = AXIS2_PLACEMENT_3D ( 'NONE', #1619, #1141, #2587 ) ;
#2441 = ADVANCED_FACE ( 'NONE', ( #829 ), #2745, .T. ) ;
#2442 = ORIENTED_EDGE ( 'NONE', *, *, #313, .F. ) ;
#2443 = LINE ( 'NONE', #969, #222 ) ;
#2444 = CARTESIAN_POINT ( 'NONE',  ( 77.00000000000000000, -37.00000000000000000, 67.50000000000000000 ) ) ;
#2445 = ADVANCED_FACE ( 'NONE', ( #603 ), #2316, .F. ) ;
#2446 = ORIENTED_EDGE ( 'NONE', *, *, #1104, .T. ) ;
#2447 = LINE ( 'NONE', #1239, #587 ) ;
#2448 = DIRECTION ( 'NONE',  ( 1.000000000000000000, 0.000000000000000000, 0.000000000000000000 ) ) ;
#2449 = EDGE_CURVE ( 'NONE', #315, #349, #1367, .T. ) ;
#2450 = EDGE_LOOP ( 'NONE', ( #60, #2279, #744, #1947 ) ) ;
#2451 = CYLINDRICAL_SURFACE ( 'NONE', #1166, 5.000000000000004441 ) ;
#2452 = LINE ( 'NONE', #1908, #3028 ) ;
#2453 = DIRECTION ( 'NONE',  ( 0.000000000000000000, 0.000000000000000000, 1.000000000000000000 ) ) ;
#2454 = ORIENTED_EDGE ( 'NONE', *, *, #1824, .T. ) ;
#2455 = ORIENTED_EDGE ( 'NONE', *, *, #1583, .T. ) ;
#2456 = EDGE_LOOP ( 'NONE', ( #148, #1950, #328, #807 ) ) ;
#2457 = FACE_OUTER_BOUND ( 'NONE', #442, .T. ) ;
#2458 = EDGE_CURVE ( 'NONE', #1545, #3118, #558, .T. ) ;
#2459 = EDGE_CURVE ( 'NONE', #2500, #3084, #649, .T. ) ;
#2460 = FACE_OUTER_BOUND ( 'NONE', #2799, .T. ) ;
#2461 = VERTEX_POINT ( 'NONE', #2817 ) ;
#2462 = LINE ( 'NONE', #1699, #1311 ) ;
#2463 = DIRECTION ( 'NONE',  ( 0.000000000000000000, 0.000000000000000000, -1.000000000000000000 ) ) ;
#2464 = EDGE_LOOP ( 'NONE', ( #2531, #1744, #2470, #983 ) ) ;
#2465 = EDGE_CURVE ( 'NONE', #1819, #2500, #3091, .T. ) ;
#2466 = LINE ( 'NONE', #1015, #232 ) ;
#2467 = DIRECTION ( 'NONE',  ( 0.000000000000000000, 0.000000000000000000, 1.000000000000000000 ) ) ;
#2468 = DIRECTION ( 'NONE',  ( 0.000000000000000000, 1.000000000000000000, 0.000000000000000000 ) ) ;
#2469 = ORIENTED_EDGE ( 'NONE', *, *, #914, .F. ) ;
#2470 = ORIENTED_EDGE ( 'NONE', *, *, #2809, .T. ) ;
#2471 = ORIENTED_EDGE ( 'NONE', *, *, #2210, .F. ) ;
#2472 = DIRECTION ( 'NONE',  ( 1.000000000000000000, 0.000000000000000000, 0.000000000000000000 ) ) ;
#2473 = CYLINDRICAL_SURFACE ( 'NONE', #2176, 1.350000000000004086 ) ;
#2474 = DIRECTION ( 'NONE',  ( 0.000000000000000000, 0.000000000000000000, 1.000000000000000000 ) ) ;
#2475 = AXIS2_PLACEMENT_3D ( 'NONE', #776, #1998, #2930 ) ;
#2476 = ORIENTED_EDGE ( 'NONE', *, *, #2858, .F. ) ;
#2477 = CARTESIAN_POINT ( 'NONE',  ( 95.00000000000000000, -3.000000000000000000, -34.00000000000000000 ) ) ;
#2478 = EDGE_CURVE ( 'NONE', #1048, #1819, #3108, .T. ) ;
#2479 = CARTESIAN_POINT ( 'NONE',  ( -100.0000000000000000, -30.00000000000000000, -62.00000000000000711 ) ) ;
#2480 = VECTOR ( 'NONE', #2952, 1000.000000000000000 ) ;
#2481 = EDGE_CURVE ( 'NONE', #2960, #474, #922, .T. ) ;
#2482 = VERTEX_POINT ( 'NONE', #2583 ) ;
#2483 = CARTESIAN_POINT ( 'NONE',  ( 42.00000000000000000, -3.000000000000000000, 43.29999999999999716 ) ) ;
#2484 = AXIS2_PLACEMENT_3D ( 'NONE', #2408, #1519, #240 ) ;
#2485 = EDGE_CURVE ( 'NONE', #310, #1942, #2328, .T. ) ;
#2486 = CARTESIAN_POINT ( 'NONE',  ( -100.0000000000000000, -30.00000000000000000, 57.00000000000000000 ) ) ;
#2487 = AXIS2_PLACEMENT_3D ( 'NONE', #847, #2819, #2793 ) ;
#2488 = AXIS2_PLACEMENT_3D ( 'NONE', #1040, #277, #2899 ) ;
#2489 = ORIENTED_EDGE ( 'NONE', *, *, #977, .T. ) ;
#2490 = ORIENTED_EDGE ( 'NONE', *, *, #1910, .F. ) ;
#2491 = DIRECTION ( 'NONE',  ( 1.000000000000000000, 0.000000000000000000, 0.000000000000000000 ) ) ;
#2492 = VECTOR ( 'NONE', #1758, 1000.000000000000000 ) ;
#2493 = CARTESIAN_POINT ( 'NONE',  ( 0.000000000000000000, -37.00000000000000000, 0.000000000000000000 ) ) ;
#2494 = CYLINDRICAL_SURFACE ( 'NONE', #1573, 1.350000000000004086 ) ;
#2495 = DIRECTION ( 'NONE',  ( -1.000000000000000000, 0.000000000000000000, 0.000000000000000000 ) ) ;
#2496 = DIRECTION ( 'NONE',  ( -0.000000000000000000, 1.000000000000000000, -0.000000000000000000 ) ) ;
#2497 = ORIENTED_EDGE ( 'NONE', *, *, #1344, .F. ) ;
#2498 = FACE_OUTER_BOUND ( 'NONE', #2749, .T. ) ;
#2499 = PLANE ( 'NONE',  #2189 ) ;
#2500 = VERTEX_POINT ( 'NONE', #693 ) ;
#2501 = ORIENTED_EDGE ( 'NONE', *, *, #1996, .F. ) ;
#2502 = EDGE_LOOP ( 'NONE', ( #3020, #1238, #1579, #256 ) ) ;
#2503 = ORIENTED_EDGE ( 'NONE', *, *, #676, .T. ) ;
#2504 = CARTESIAN_POINT ( 'NONE',  ( -80.00000000000000000, -3.000000000000000000, -4.299999999999999822 ) ) ;
#2505 = EDGE_CURVE ( 'NONE', #2393, #956, #2347, .T. ) ;
#2506 = PLANE ( 'NONE',  #179 ) ;
#2507 = LINE ( 'NONE', #1338, #483 ) ;
#2508 = CARTESIAN_POINT ( 'NONE',  ( -100.0000000000000000, 0.000000000000000000, 55.64999999999999858 ) ) ;
#2509 = CARTESIAN_POINT ( 'NONE',  ( 77.00000000000000000, -37.00000000000000000, 67.50000000000000000 ) ) ;
#2510 = EDGE_CURVE ( 'NONE', #1956, #500, #387, .T. ) ;
#2511 = DIRECTION ( 'NONE',  ( -0.000000000000000000, 0.000000000000000000, 1.000000000000000000 ) ) ;
#2512 = ORIENTED_EDGE ( 'NONE', *, *, #2481, .F. ) ;
#2513 = ORIENTED_EDGE ( 'NONE', *, *, #2345, .T. ) ;
#2514 = ORIENTED_EDGE ( 'NONE', *, *, #2054, .T. ) ;
#2515 = VERTEX_POINT ( 'NONE', #910 ) ;
#2516 = PLANE ( 'NONE',  #282 ) ;
#2517 = VERTEX_POINT ( 'NONE', #3075 ) ;
#2518 = CARTESIAN_POINT ( 'NONE',  ( -41.99999999999999289, -3.000000000000002665, 67.50000000000000000 ) ) ;
#2519 = DIRECTION ( 'NONE',  ( 0.000000000000000000, 0.000000000000000000, 1.000000000000000000 ) ) ;
#2520 = ADVANCED_FACE ( 'NONE', ( #2834 ), #2880, .T. ) ;
#2521 = CIRCLE ( 'NONE', #214, 5.000000000000004441 ) ;
#2522 = CARTESIAN_POINT ( 'NONE',  ( 0.000000000000000000, -7.000000000000000000, 30.00000000000000000 ) ) ;
#2523 = CARTESIAN_POINT ( 'NONE',  ( 42.00000000000000000, -4.000000000000000000, 46.70000000000000284 ) ) ;
#2524 = VECTOR ( 'NONE', #2606, 1000.000000000000000 ) ;
#2525 = CARTESIAN_POINT ( 'NONE',  ( 100.0000000000000000, -2.999999999999999112, -57.00000000000000000 ) ) ;
#2526 = CIRCLE ( 'NONE', #2927, 1.600000000000004086 ) ;
#2527 = DIRECTION ( 'NONE',  ( -0.000000000000000000, 0.000000000000000000, 1.000000000000000000 ) ) ;
#2528 = CIRCLE ( 'NONE', #1156, 1.350000000000004086 ) ;
#2529 = CARTESIAN_POINT ( 'NONE',  ( 95.00000000000000000, -3.000000000000000000, -0.000000000000000000 ) ) ;
#2530 = ORIENTED_EDGE ( 'NONE', *, *, #2458, .F. ) ;
#2531 = ORIENTED_EDGE ( 'NONE', *, *, #2893, .T. ) ;
#2532 = VERTEX_POINT ( 'NONE', #2620 ) ;
#2533 = DIRECTION ( 'NONE',  ( -1.000000000000000000, 0.000000000000000000, -0.000000000000000000 ) ) ;
#2534 = AXIS2_PLACEMENT_3D ( 'NONE', #3015, #830, #2556 ) ;
#2535 = VECTOR ( 'NONE', #1661, 1000.000000000000000 ) ;
#2536 = DIRECTION ( 'NONE',  ( 0.000000000000000000, -0.000000000000000000, 1.000000000000000000 ) ) ;
#2537 = VECTOR ( 'NONE', #641, 1000.000000000000000 ) ;
#2538 = EDGE_CURVE ( 'NONE', #2096, #2407, #399, .T. ) ;
#2539 = CIRCLE ( 'NONE', #1575, 1.599999999999997202 ) ;
#2540 = DIRECTION ( 'NONE',  ( 0.000000000000000000, 0.000000000000000000, -1.000000000000000000 ) ) ;
#2541 = LINE ( 'NONE', #138, #1108 ) ;
#2542 = EDGE_CURVE ( 'NONE', #2974, #683, #15, .T. ) ;
#2543 = AXIS2_PLACEMENT_3D ( 'NONE', #2699, #1753, #2680 ) ;
#2544 = DIRECTION ( 'NONE',  ( 0.000000000000000000, 1.000000000000000000, 0.000000000000000000 ) ) ;
#2545 = EDGE_CURVE ( 'NONE', #2140, #1726, #3063, .T. ) ;
#2546 = DIRECTION ( 'NONE',  ( 0.000000000000000000, 1.000000000000000000, 0.000000000000000000 ) ) ;
#2547 = ORIENTED_EDGE ( 'NONE', *, *, #3158, .T. ) ;
#2548 = EDGE_LOOP ( 'NONE', ( #3019, #2386 ) ) ;
#2549 = ORIENTED_EDGE ( 'NONE', *, *, #1938, .T. ) ;
#2550 = DIRECTION ( 'NONE',  ( 0.000000000000000000, 1.000000000000000000, 0.000000000000000000 ) ) ;
#2551 = EDGE_LOOP ( 'NONE', ( #2490, #2901, #1466, #2400 ) ) ;
#2552 = PLANE ( 'NONE',  #2433 ) ;
#2553 = FACE_BOUND ( 'NONE', #2919, .T. ) ;
#2554 = PLANE ( 'NONE',  #2575 ) ;
#2555 = CARTESIAN_POINT ( 'NONE',  ( -0.000000000000000000, -3.000000000000000000, 43.29999999999999716 ) ) ;
#2556 = DIRECTION ( 'NONE',  ( 0.000000000000000000, -0.000000000000000000, -1.000000000000000000 ) ) ;
#2557 = DIRECTION ( 'NONE',  ( 0.000000000000000000, -1.000000000000000000, 0.000000000000000000 ) ) ;
#2558 = ADVANCED_FACE ( 'NONE', ( #661 ), #1438, .T. ) ;
#2559 = ORIENTED_EDGE ( 'NONE', *, *, #289, .F. ) ;
#2560 = ORIENTED_EDGE ( 'NONE', *, *, #543, .F. ) ;
#2561 = DIRECTION ( 'NONE',  ( -0.000000000000000000, -0.000000000000000000, 1.000000000000000000 ) ) ;
#2562 = VERTEX_POINT ( 'NONE', #433 ) ;
#2563 = CARTESIAN_POINT ( 'NONE',  ( 0.000000000000000000, -3.000000000000000000, -12.00000000000000000 ) ) ;
#2564 = PERSON_AND_ORGANIZATION ( #869, #178 ) ;
#2565 = DIRECTION ( 'NONE',  ( 1.000000000000000000, 0.000000000000000000, 0.000000000000000000 ) ) ;
#2566 = CARTESIAN_POINT ( 'NONE',  ( 100.0000000000000000, -34.00000000000000000, -55.64999999999999858 ) ) ;
#2567 = LINE ( 'NONE', #912, #1979 ) ;
#2568 = DIRECTION ( 'NONE',  ( 0.000000000000000000, 1.000000000000000000, 0.000000000000000000 ) ) ;
#2569 = VECTOR ( 'NONE', #1724, 1000.000000000000000 ) ;
#2570 = FACE_OUTER_BOUND ( 'NONE', #35, .T. ) ;
#2571 = AXIS2_PLACEMENT_3D ( 'NONE', #247, #1243, #2213 ) ;
#2572 = EDGE_CURVE ( 'NONE', #59, #331, #412, .T. ) ;
#2573 = CARTESIAN_POINT ( 'NONE',  ( 100.0000000000000000, -2.999999999999999112, -52.00000000000000000 ) ) ;
#2574 = VERTEX_POINT ( 'NONE', #1137 ) ;
#2575 = AXIS2_PLACEMENT_3D ( 'NONE', #2348, #354, #3051 ) ;
#2576 = VERTEX_POINT ( 'NONE', #2595 ) ;
#2577 = ADVANCED_FACE ( 'NONE', ( #2394 ), #2863, .F. ) ;
#2578 = CARTESIAN_POINT ( 'NONE',  ( -110.0000000000000000, -3.000000000000000000, 67.50000000000000000 ) ) ;
#2579 = ADVANCED_FACE ( 'NONE', ( #1424 ), #2150, .T. ) ;
#2580 = ORIENTED_EDGE ( 'NONE', *, *, #2639, .F. ) ;
#2581 = AXIS2_PLACEMENT_3D ( 'NONE', #536, #291, #505 ) ;
#2582 = AXIS2_PLACEMENT_3D ( 'NONE', #2245, #2712, #2463 ) ;
#2583 = CARTESIAN_POINT ( 'NONE',  ( 107.0000000000000000, -37.00000000000000000, 64.50000000000000000 ) ) ;
#2584 = DIRECTION ( 'NONE',  ( 0.000000000000000000, 1.000000000000000000, 0.000000000000000000 ) ) ;
#2585 = PLANE ( 'NONE',  #2623 ) ;
#2586 = VECTOR ( 'NONE', #2402, 1000.000000000000000 ) ;
#2587 = DIRECTION ( 'NONE',  ( 0.000000000000000000, 0.000000000000000000, -1.000000000000000000 ) ) ;
#2588 = PLANE ( 'NONE',  #891 ) ;
#2589 = AXIS2_PLACEMENT_3D ( 'NONE', #125, #1836, #2971 ) ;
#2590 = ORIENTED_EDGE ( 'NONE', *, *, #2771, .T. ) ;
#2591 = ORIENTED_EDGE ( 'NONE', *, *, #2108, .F. ) ;
#2592 = DIRECTION ( 'NONE',  ( 0.000000000000000000, 1.000000000000000000, 0.000000000000000000 ) ) ;
#2593 = DIRECTION ( 'NONE',  ( 0.000000000000000000, 0.000000000000000000, 1.000000000000000000 ) ) ;
#2594 = EDGE_CURVE ( 'NONE', #2100, #449, #74, .T. ) ;
#2595 = CARTESIAN_POINT ( 'NONE',  ( 100.0000000000000000, -2.999999999999999112, 52.00000000000000000 ) ) ;
#2596 = DIRECTION ( 'NONE',  ( 0.000000000000000000, 0.000000000000000000, 1.000000000000000000 ) ) ;
#2597 = FACE_BOUND ( 'NONE', #285, .T. ) ;
#2598 = CYLINDRICAL_SURFACE ( 'NONE', #279, 1.600000000000004086 ) ;
#2599 = CARTESIAN_POINT ( 'NONE',  ( 0.000000000000000000, -7.000000000000000000, -12.00000000000000000 ) ) ;
#2600 = VERTEX_POINT ( 'NONE', #958 ) ;
#2601 = ORIENTED_EDGE ( 'NONE', *, *, #637, .F. ) ;
#2602 = DIRECTION ( 'NONE',  ( 0.000000000000000000, 1.000000000000000000, 0.000000000000000000 ) ) ;
#2603 = EDGE_CURVE ( 'NONE', #1145, #2677, #2691, .T. ) ;
#2604 = CARTESIAN_POINT ( 'NONE',  ( 69.00000000000000000, -3.000000000000000000, 46.70000000000000284 ) ) ;
#2605 = CARTESIAN_POINT ( 'NONE',  ( 69.00000000000000000, 0.000000000000000000, 46.70000000000000284 ) ) ;
#2606 = DIRECTION ( 'NONE',  ( 0.000000000000000000, 1.000000000000000000, 0.000000000000000000 ) ) ;
#2607 = DIRECTION ( 'NONE',  ( -0.000000000000000000, 1.000000000000000000, -0.000000000000000000 ) ) ;
#2608 = EDGE_CURVE ( 'NONE', #2960, #2461, #987, .T. ) ;
#2609 = DIRECTION ( 'NONE',  ( 0.000000000000000000, 1.000000000000000000, 0.000000000000000000 ) ) ;
#2610 = DIRECTION ( 'NONE',  ( -0.000000000000000000, 0.000000000000000000, 1.000000000000000000 ) ) ;
#2611 = LINE ( 'NONE', #2825, #1197 ) ;
#2612 = ORIENTED_EDGE ( 'NONE', *, *, #245, .F. ) ;
#2613 = ORIENTED_EDGE ( 'NONE', *, *, #1768, .T. ) ;
#2614 = LINE ( 'NONE', #216, #180 ) ;
#2615 = CIRCLE ( 'NONE', #1610, 1.350000000000004086 ) ;
#2616 = ORIENTED_EDGE ( 'NONE', *, *, #3061, .T. ) ;
#2617 = DIRECTION ( 'NONE',  ( 0.000000000000000000, 1.000000000000000000, 0.000000000000000000 ) ) ;
#2618 = ORIENTED_EDGE ( 'NONE', *, *, #1485, .T. ) ;
#2619 = EDGE_CURVE ( 'NONE', #2065, #2066, #2443, .T. ) ;
#2620 = CARTESIAN_POINT ( 'NONE',  ( 77.00000000000000000, -3.000000000000000000, 67.50000000000000000 ) ) ;
#2621 = LINE ( 'NONE', #3136, #2240 ) ;
#2622 = LINE ( 'NONE', #183, #371 ) ;
#2623 = AXIS2_PLACEMENT_3D ( 'NONE', #1128, #632, #2106 ) ;
#2624 = AXIS2_PLACEMENT_3D ( 'NONE', #1288, #233, #2212 ) ;
#2625 = PLANE ( 'NONE',  #1327 ) ;
#2626 = CC_DESIGN_APPROVAL ( #128, ( #540 ) ) ;
#2627 = VECTOR ( 'NONE', #380, 1000.000000000000000 ) ;
#2628 = PLANE ( 'NONE',  #1406 ) ;
#2629 = EDGE_LOOP ( 'NONE', ( #1297, #3044, #2559, #1531 ) ) ;
#2630 = ORIENTED_EDGE ( 'NONE', *, *, #2376, .T. ) ;
#2631 = EDGE_CURVE ( 'NONE', #2211, #1707, #1486, .T. ) ;
#2632 = CARTESIAN_POINT ( 'NONE',  ( 1.959434878635765477E-16, -7.000000000000000000, -13.60000000000000142 ) ) ;
#2633 = FACE_OUTER_BOUND ( 'NONE', #2339, .T. ) ;
#2634 = ORIENTED_EDGE ( 'NONE', *, *, #3103, .F. ) ;
#2635 = EDGE_LOOP ( 'NONE', ( #1687, #1292 ) ) ;
#2636 = DIRECTION ( 'NONE',  ( 0.000000000000000000, 0.000000000000000000, -1.000000000000000000 ) ) ;
#2637 = ORIENTED_EDGE ( 'NONE', *, *, #642, .T. ) ;
#2638 = ORIENTED_EDGE ( 'NONE', *, *, #1654, .T. ) ;
#2639 = EDGE_CURVE ( 'NONE', #484, #2354, #1784, .T. ) ;
#2640 = DIRECTION ( 'NONE',  ( 0.000000000000000000, 0.000000000000000000, -1.000000000000000000 ) ) ;
#2641 = CARTESIAN_POINT ( 'NONE',  ( -34.00000000000000000, -4.000000000000000000, -7.700000000000000178 ) ) ;
#2642 = ORIENTED_EDGE ( 'NONE', *, *, #676, .F. ) ;
#2643 = EDGE_CURVE ( 'NONE', #2921, #294, #209, .T. ) ;
#2644 = DIRECTION ( 'NONE',  ( 0.000000000000000000, 1.000000000000000000, 0.000000000000000000 ) ) ;
#2645 = DIRECTION ( 'NONE',  ( -0.000000000000000000, -0.000000000000000000, 1.000000000000000000 ) ) ;
#2646 = ORIENTED_EDGE ( 'NONE', *, *, #1547, .F. ) ;
#2647 = ORIENTED_EDGE ( 'NONE', *, *, #601, .T. ) ;
#2648 = CARTESIAN_POINT ( 'NONE',  ( -12.00000000000000000, -37.00000000000000000, 64.50000000000000000 ) ) ;
#2649 = DIRECTION ( 'NONE',  ( 1.000000000000000000, 0.000000000000000000, 0.000000000000000000 ) ) ;
#2650 = ADVANCED_FACE ( 'NONE', ( #2460 ), #2909, .F. ) ;
#2651 = VERTEX_POINT ( 'NONE', #1248 ) ;
#2652 = DIRECTION ( 'NONE',  ( 0.000000000000000000, -1.000000000000000000, 0.000000000000000000 ) ) ;
#2653 = VERTEX_POINT ( 'NONE', #2166 ) ;
#2654 = DIRECTION ( 'NONE',  ( -1.000000000000000000, 0.000000000000000000, 0.000000000000000000 ) ) ;
#2655 = FACE_OUTER_BOUND ( 'NONE', #722, .T. ) ;
#2656 = ORIENTED_EDGE ( 'NONE', *, *, #1224, .T. ) ;
#2657 = CARTESIAN_POINT ( 'NONE',  ( -80.00000000000000000, -4.000000000000000000, -4.299999999999999822 ) ) ;
#2658 = CARTESIAN_POINT ( 'NONE',  ( 96.00000000000000000, -7.000000000000000000, -12.00000000000000000 ) ) ;
#2659 = DIRECTION ( 'NONE',  ( 0.000000000000000000, 1.000000000000000000, 0.000000000000000000 ) ) ;
#2660 = ORIENTED_EDGE ( 'NONE', *, *, #623, .F. ) ;
#2661 = ORIENTED_EDGE ( 'NONE', *, *, #3024, .T. ) ;
#2662 = DIRECTION ( 'NONE',  ( 0.000000000000000000, 0.000000000000000000, 1.000000000000000000 ) ) ;
#2663 = ADVANCED_FACE ( 'NONE', ( #2895 ), #14, .T. ) ;
#2664 = FACE_OUTER_BOUND ( 'NONE', #2688, .T. ) ;
#2665 = CARTESIAN_POINT ( 'NONE',  ( 107.0000000000000000, -37.00000000000000000, 67.50000000000000000 ) ) ;
#2666 = DIRECTION ( 'NONE',  ( 0.000000000000000000, -0.000000000000000000, 1.000000000000000000 ) ) ;
#2667 = AXIS2_PLACEMENT_3D ( 'NONE', #78, #2546, #1045 ) ;
#2668 = ORIENTED_EDGE ( 'NONE', *, *, #2459, .F. ) ;
#2669 = DIRECTION ( 'NONE',  ( 0.000000000000000000, 0.000000000000000000, 1.000000000000000000 ) ) ;
#2670 = ADVANCED_FACE ( 'NONE', ( #3166 ), #33, .T. ) ;
#2671 = AXIS2_PLACEMENT_3D ( 'NONE', #924, #2568, #2351 ) ;
#2672 = EDGE_LOOP ( 'NONE', ( #115, #806, #1683, #393 ) ) ;
#2673 = EDGE_CURVE ( 'NONE', #1187, #420, #3135, .T. ) ;
#2674 = DIRECTION ( 'NONE',  ( -1.000000000000000000, 0.000000000000000000, -0.000000000000000000 ) ) ;
#2675 = CARTESIAN_POINT ( 'NONE',  ( 0.000000000000000000, -7.000000000000000000, 30.00000000000000000 ) ) ;
#2676 = AXIS2_PLACEMENT_3D ( 'NONE', #3120, #936, #1916 ) ;
#2677 = VERTEX_POINT ( 'NONE', #747 ) ;
#2678 = CARTESIAN_POINT ( 'NONE',  ( -100.0000000000000000, -34.00000000000000000, -58.35000000000000853 ) ) ;
#2679 = DIRECTION ( 'NONE',  ( 0.000000000000000000, 1.000000000000000000, 0.000000000000000000 ) ) ;
#2680 = DIRECTION ( 'NONE',  ( 0.000000000000000000, 0.000000000000000000, 1.000000000000000000 ) ) ;
#2681 = VECTOR ( 'NONE', #193, 1000.000000000000000 ) ;
#2682 = CARTESIAN_POINT ( 'NONE',  ( 1.959434878635764984E-16, -7.000000000000000000, -13.60000000000000142 ) ) ;
#2683 = AXIS2_PLACEMENT_3D ( 'NONE', #1981, #1960, #1945 ) ;
#2684 = AXIS2_PLACEMENT_3D ( 'NONE', #1464, #2142, #2662 ) ;
#2685 = DIRECTION ( 'NONE',  ( 0.000000000000000000, 1.000000000000000000, 0.000000000000000000 ) ) ;
#2686 = APPROVAL ( #2950, '未指定' ) ;
#2687 = ORIENTED_EDGE ( 'NONE', *, *, #1407, .F. ) ;
#2688 = EDGE_LOOP ( 'NONE', ( #2547, #2647, #259, #919 ) ) ;
#2689 = DIRECTION ( 'NONE',  ( 0.000000000000000000, 0.000000000000000000, -1.000000000000000000 ) ) ;
#2690 = AXIS2_PLACEMENT_3D ( 'NONE', #1802, #2759, #1410 ) ;
#2691 = LINE ( 'NONE', #1472, #950 ) ;
#2692 = DATE_TIME_ROLE ( 'creation_date' ) ;
#2693 = EDGE_CURVE ( 'NONE', #188, #862, #464, .T. ) ;
#2694 = ORIENTED_EDGE ( 'NONE', *, *, #1344, .T. ) ;
#2695 = DIRECTION ( 'NONE',  ( 0.000000000000000000, 0.000000000000000000, 1.000000000000000000 ) ) ;
#2696 = CARTESIAN_POINT ( 'NONE',  ( -93.00000000000000000, -7.000000000000000000, -18.00000000000000000 ) ) ;
#2697 = ORIENTED_EDGE ( 'NONE', *, *, #3008, .T. ) ;
#2698 = ORIENTED_EDGE ( 'NONE', *, *, #2009, .T. ) ;
#2699 = CARTESIAN_POINT ( 'NONE',  ( -48.00000000000000000, -7.000000000000000000, -63.00000000000000000 ) ) ;
#2700 = CARTESIAN_POINT ( 'NONE',  ( 96.00000000000000000, -7.000000000000000000, -12.00000000000000000 ) ) ;
#2701 = CARTESIAN_POINT ( 'NONE',  ( -93.00000000000000000, -3.000000000000000000, -16.39999999999999503 ) ) ;
#2702 = EDGE_LOOP ( 'NONE', ( #1909, #2764, #3133, #1026 ) ) ;
#2703 = EDGE_LOOP ( 'NONE', ( #2052, #1503, #3114, #3104 ) ) ;
#2704 = VERTEX_POINT ( 'NONE', #1747 ) ;
#2705 = CARTESIAN_POINT ( 'NONE',  ( 18.00000000000000355, -37.00000000000000000, 64.50000000000000000 ) ) ;
#2706 = ADVANCED_FACE ( 'NONE', ( #2707 ), #1712, .F. ) ;
#2707 = FACE_OUTER_BOUND ( 'NONE', #1626, .T. ) ;
#2708 = EDGE_CURVE ( 'NONE', #2943, #3021, #1696, .T. ) ;
#2709 = CARTESIAN_POINT ( 'NONE',  ( 28.00000000000000000, -4.000000000000000000, -49.00000000000000000 ) ) ;
#2710 = ORIENTED_EDGE ( 'NONE', *, *, #2047, .T. ) ;
#2711 = PLANE ( 'NONE',  #1002 ) ;
#2712 = DIRECTION ( 'NONE',  ( 1.000000000000000000, -0.000000000000000000, 0.000000000000000000 ) ) ;
#2713 = ADVANCED_FACE ( 'NONE', ( #2242 ), #2473, .F. ) ;
#2714 = VERTEX_POINT ( 'NONE', #2722 ) ;
#2715 = CARTESIAN_POINT ( 'NONE',  ( 18.00000000000000355, -3.000000000000002665, 67.50000000000000000 ) ) ;
#2716 = DIRECTION ( 'NONE',  ( 1.000000000000000000, 0.000000000000000000, 0.000000000000000000 ) ) ;
#2717 = EDGE_LOOP ( 'NONE', ( #761, #595 ) ) ;
#2718 = EDGE_LOOP ( 'NONE', ( #707, #2878, #2455, #854 ) ) ;
#2719 = ORIENTED_EDGE ( 'NONE', *, *, #2282, .F. ) ;
#2720 = LINE ( 'NONE', #1958, #23 ) ;
#2721 = VERTEX_POINT ( 'NONE', #1217 ) ;
#2722 = CARTESIAN_POINT ( 'NONE',  ( 92.00000000000001421, -3.000000000000000000, 64.50000000000000000 ) ) ;
#2723 = VECTOR ( 'NONE', #1951, 1000.000000000000000 ) ;
#2724 = APPROVAL_DATE_TIME ( #2030, #1565 ) ;
#2725 = VECTOR ( 'NONE', #2095, 1000.000000000000000 ) ;
#2726 = CARTESIAN_POINT ( 'NONE',  ( -0.000000000000000000, -3.000000000000000000, -64.50000000000000000 ) ) ;
#2727 = CARTESIAN_POINT ( 'NONE',  ( -100.0000000000000000, -34.00000000000000000, 57.00000000000000000 ) ) ;
#2728 = VECTOR ( 'NONE', #1168, 1000.000000000000000 ) ;
#2729 = CARTESIAN_POINT ( 'NONE',  ( -92.44322356371698390, -7.000000000000000000, -64.50000000000000000 ) ) ;
#2730 = APPLICATION_CONTEXT ( 'configuration controlled 3d designs of mechanical parts and assemblies' ) ;
#2731 = CARTESIAN_POINT ( 'NONE',  ( -107.0000000000000000, -37.00000000000000000, -64.50000000000000000 ) ) ;
#2732 = EDGE_CURVE ( 'NONE', #2066, #2677, #534, .T. ) ;
#2733 = VERTEX_POINT ( 'NONE', #569 ) ;
#2734 = APPROVAL_PERSON_ORGANIZATION ( #2331, #128, #877 ) ;
#2735 = AXIS2_PLACEMENT_3D ( 'NONE', #523, #1252, #1967 ) ;
#2736 = EDGE_LOOP ( 'NONE', ( #598, #639, #1483, #1775 ) ) ;
#2737 = ORIENTED_EDGE ( 'NONE', *, *, #2319, .T. ) ;
#2738 = DIRECTION ( 'NONE',  ( 0.000000000000000000, 1.000000000000000000, 0.000000000000000000 ) ) ;
#2739 = AXIS2_PLACEMENT_3D ( 'NONE', #1823, #2783, #1119 ) ;
#2740 = CARTESIAN_POINT ( 'NONE',  ( -11.00000000000000000, -3.000000000000000000, 46.70000000000000284 ) ) ;
#2741 = CARTESIAN_POINT ( 'NONE',  ( 100.0000000000000000, -30.00000000000000000, 52.00000000000000000 ) ) ;
#2742 = EDGE_CURVE ( 'NONE', #2326, #917, #1518, .T. ) ;
#2743 = FACE_OUTER_BOUND ( 'NONE', #2001, .T. ) ;
#2744 = ADVANCED_FACE ( 'NONE', ( #1812 ), #2506, .T. ) ;
#2745 = PLANE ( 'NONE',  #1516 ) ;
#2746 = PLANE ( 'NONE',  #2624 ) ;
#2747 = DIRECTION ( 'NONE',  ( -1.000000000000000000, -0.000000000000000000, -0.000000000000000000 ) ) ;
#2748 = ORIENTED_EDGE ( 'NONE', *, *, #2673, .T. ) ;
#2749 = EDGE_LOOP ( 'NONE', ( #5, #360, #883, #1727 ) ) ;
#2750 = ORIENTED_EDGE ( 'NONE', *, *, #165, .T. ) ;
#2751 = EDGE_LOOP ( 'NONE', ( #1551, #2855, #1254, #2646 ) ) ;
#2752 = LINE ( 'NONE', #566, #905 ) ;
#2753 = EDGE_CURVE ( 'NONE', #2385, #373, #2755, .T. ) ;
#2754 = ORIENTED_EDGE ( 'NONE', *, *, #1172, .F. ) ;
#2755 = LINE ( 'NONE', #2285, #431 ) ;
#2756 = DIRECTION ( 'NONE',  ( 0.000000000000000000, 0.000000000000000000, -1.000000000000000000 ) ) ;
#2757 = CARTESIAN_POINT ( 'NONE',  ( -12.00000000000000000, -3.000000000000000000, 0.000000000000000000 ) ) ;
#2758 = DIRECTION ( 'NONE',  ( -1.000000000000000000, 0.000000000000000000, 0.000000000000000000 ) ) ;
#2759 = DIRECTION ( 'NONE',  ( 0.000000000000000000, -1.000000000000000000, 0.000000000000000000 ) ) ;
#2760 = LINE ( 'NONE', #1326, #317 ) ;
#2761 = PLANE ( 'NONE',  #1125 ) ;
#2762 = ORIENTED_EDGE ( 'NONE', *, *, #2510, .F. ) ;
#2763 = ORIENTED_EDGE ( 'NONE', *, *, #2893, .F. ) ;
#2764 = ORIENTED_EDGE ( 'NONE', *, *, #417, .F. ) ;
#2765 = ADVANCED_FACE ( 'NONE', ( #1798 ), #2552, .F. ) ;
#2766 = DIRECTION ( 'NONE',  ( 0.000000000000000000, -1.000000000000000000, 0.000000000000000000 ) ) ;
#2767 = ORIENTED_EDGE ( 'NONE', *, *, #1077, .F. ) ;
#2768 = ADVANCED_FACE ( 'NONE', ( #352 ), #117, .F. ) ;
#2769 = CARTESIAN_POINT ( 'NONE',  ( 96.00000000000000000, -7.000000000000000000, 30.00000000000000000 ) ) ;
#2770 = DATE_TIME_ROLE ( 'classification_date' ) ;
#2771 = EDGE_CURVE ( 'NONE', #235, #100, #1351, .T. ) ;
#2772 = VECTOR ( 'NONE', #3156, 1000.000000000000000 ) ;
#2773 = CARTESIAN_POINT ( 'NONE',  ( 100.0000000000000000, -30.00000000000000000, -57.00000000000000000 ) ) ;
#2774 = CARTESIAN_POINT ( 'NONE',  ( 0.000000000000000000, -3.000000000000000000, 46.70000000000000284 ) ) ;
#2775 = VECTOR ( 'NONE', #1283, 1000.000000000000000 ) ;
#2776 = CIRCLE ( 'NONE', #1049, 1.600000000000004086 ) ;
#2777 = CARTESIAN_POINT ( 'NONE',  ( -22.00000000000000000, 0.000000000000000000, -4.299999999999999822 ) ) ;
#2778 = AXIS2_PLACEMENT_3D ( 'NONE', #3030, #2805, #1107 ) ;
#2779 = FACE_OUTER_BOUND ( 'NONE', #2392, .T. ) ;
#2780 = EDGE_LOOP ( 'NONE', ( #2889, #3083, #1329, #2401 ) ) ;
#2781 = ORIENTED_EDGE ( 'NONE', *, *, #1827, .F. ) ;
#2782 = VERTEX_POINT ( 'NONE', #2740 ) ;
#2783 = DIRECTION ( 'NONE',  ( 0.000000000000000000, -1.000000000000000000, 0.000000000000000000 ) ) ;
#2784 = AXIS2_PLACEMENT_3D ( 'NONE', #2258, #22, #2970 ) ;
#2785 = ORIENTED_EDGE ( 'NONE', *, *, #2086, .F. ) ;
#2786 = APPROVAL_PERSON_ORGANIZATION ( #2044, #1565, #780 ) ;
#2787 = DIRECTION ( 'NONE',  ( 0.000000000000000000, 0.000000000000000000, 1.000000000000000000 ) ) ;
#2788 = CIRCLE ( 'NONE', #1062, 1.600000000000004086 ) ;
#2789 = AXIS2_PLACEMENT_3D ( 'NONE', #2926, #764, #1761 ) ;
#2790 = DIRECTION ( 'NONE',  ( 0.000000000000000000, 1.000000000000000000, 0.000000000000000000 ) ) ;
#2791 = DIRECTION ( 'NONE',  ( -1.000000000000000000, 0.000000000000000000, 0.000000000000000000 ) ) ;
#2792 = DIRECTION ( 'NONE',  ( -1.000000000000000000, 0.000000000000000000, -0.000000000000000000 ) ) ;
#2793 = DIRECTION ( 'NONE',  ( 0.000000000000000000, 0.000000000000000000, -1.000000000000000000 ) ) ;
#2794 = ADVANCED_FACE ( 'NONE', ( #3046 ), #826, .T. ) ;
#2795 = CARTESIAN_POINT ( 'NONE',  ( -100.0000000000000000, -30.00000000000000000, -57.00000000000000000 ) ) ;
#2796 = DIRECTION ( 'NONE',  ( -0.000000000000000000, 1.000000000000000000, -0.000000000000000000 ) ) ;
#2797 = EDGE_LOOP ( 'NONE', ( #2312, #1262 ) ) ;
#2798 = ORIENTED_EDGE ( 'NONE', *, *, #962, .T. ) ;
#2799 = EDGE_LOOP ( 'NONE', ( #2263, #1335 ) ) ;
#2800 = CARTESIAN_POINT ( 'NONE',  ( 96.00000000000000000, -7.000000000000000000, 28.39999999999999503 ) ) ;
#2801 = ORIENTED_EDGE ( 'NONE', *, *, #276, .F. ) ;
#2802 = DIRECTION ( 'NONE',  ( 0.000000000000000000, 1.000000000000000000, 0.000000000000000000 ) ) ;
#2803 = COORDINATED_UNIVERSAL_TIME_OFFSET ( 8, 0, .AHEAD. ) ;
#2804 = ADVANCED_FACE ( 'NONE', ( #2268 ), #1073, .T. ) ;
#2805 = DIRECTION ( 'NONE',  ( 0.000000000000000000, -1.000000000000000000, 0.000000000000000000 ) ) ;
#2806 = CARTESIAN_POINT ( 'NONE',  ( 69.00000000000000000, -4.000000000000000000, 46.70000000000000284 ) ) ;
#2807 = DIRECTION ( 'NONE',  ( 0.000000000000000000, 0.000000000000000000, -1.000000000000000000 ) ) ;
#2808 = CARTESIAN_POINT ( 'NONE',  ( 110.0000000000000000, 0.000000000000000000, 67.50000000000000000 ) ) ;
#2809 = EDGE_CURVE ( 'NONE', #28, #516, #1842, .T. ) ;
#2810 = DIRECTION ( 'NONE',  ( 1.000000000000000000, 0.000000000000000000, 0.000000000000000000 ) ) ;
#2811 = DIRECTION ( 'NONE',  ( 0.000000000000000000, 0.000000000000000000, 1.000000000000000000 ) ) ;
#2812 = ORIENTED_EDGE ( 'NONE', *, *, #2639, .T. ) ;
#2813 = ORIENTED_EDGE ( 'NONE', *, *, #1142, .F. ) ;
#2814 = CARTESIAN_POINT ( 'NONE',  ( 0.000000000000000000, -7.000000000000000000, 31.59999999999999787 ) ) ;
#2815 = FACE_BOUND ( 'NONE', #2456, .T. ) ;
#2816 = SHAPE_DEFINITION_REPRESENTATION ( #341, #1520 ) ;
#2817 = CARTESIAN_POINT ( 'NONE',  ( 69.00000000000000000, 0.000000000000000000, -29.69999999999999929 ) ) ;
#2818 = FACE_OUTER_BOUND ( 'NONE', #1255, .T. ) ;
#2819 = DIRECTION ( 'NONE',  ( 0.000000000000000000, -1.000000000000000000, 0.000000000000000000 ) ) ;
#2820 = EDGE_CURVE ( 'NONE', #1545, #2393, #2299, .T. ) ;
#2821 = ORIENTED_EDGE ( 'NONE', *, *, #2286, .F. ) ;
#2822 = VECTOR ( 'NONE', #682, 1000.000000000000000 ) ;
#2823 = CARTESIAN_POINT ( 'NONE',  ( 69.00000000000000000, 0.000000000000000000, -26.30000000000000071 ) ) ;
#2824 = VECTOR ( 'NONE', #1152, 1000.000000000000000 ) ;
#2825 = CARTESIAN_POINT ( 'NONE',  ( -110.0000000000000000, -37.00000000000000000, -64.50000000000000000 ) ) ;
#2826 = VERTEX_POINT ( 'NONE', #2518 ) ;
#2827 = VERTEX_POINT ( 'NONE', #3010 ) ;
#2828 = CARTESIAN_POINT ( 'NONE',  ( 100.0000000000000000, 0.000000000000000000, 58.35000000000000853 ) ) ;
#2829 = CIRCLE ( 'NONE', #2119, 1.600000000000004086 ) ;
#2830 = EDGE_CURVE ( 'NONE', #1757, #298, #101, .T. ) ;
#2831 = AXIS2_PLACEMENT_3D ( 'NONE', #1574, #307, #1372 ) ;
#2832 = AXIS2_PLACEMENT_3D ( 'NONE', #985, #2875, #920 ) ;
#2833 = VECTOR ( 'NONE', #1425, 1000.000000000000000 ) ;
#2834 = FACE_OUTER_BOUND ( 'NONE', #1549, .T. ) ;
#2835 = DIRECTION ( 'NONE',  ( -1.000000000000000000, -0.000000000000000000, -0.000000000000000000 ) ) ;
#2836 = CARTESIAN_POINT ( 'NONE',  ( -34.00000000000000000, -3.000000000000000000, -7.700000000000000178 ) ) ;
#2837 = DIRECTION ( 'NONE',  ( 0.000000000000000000, 0.000000000000000000, 1.000000000000000000 ) ) ;
#2838 = AXIS2_PLACEMENT_3D ( 'NONE', #2525, #1324, #142 ) ;
#2839 = ADVANCED_FACE ( 'NONE', ( #2254 ), #1055, .T. ) ;
#2840 = FACE_OUTER_BOUND ( 'NONE', #2963, .T. ) ;
#2841 = ORIENTED_EDGE ( 'NONE', *, *, #1511, .F. ) ;
#2842 = ORIENTED_EDGE ( 'NONE', *, *, #2224, .F. ) ;
#2843 = CARTESIAN_POINT ( 'NONE',  ( 1.959434878635764984E-16, -3.000000000000000000, -13.60000000000000142 ) ) ;
#2844 = ORIENTED_EDGE ( 'NONE', *, *, #1153, .T. ) ;
#2845 = ORIENTED_EDGE ( 'NONE', *, *, #977, .F. ) ;
#2846 = DIRECTION ( 'NONE',  ( 0.000000000000000000, 0.000000000000000000, 1.000000000000000000 ) ) ;
#2847 = EDGE_CURVE ( 'NONE', #1942, #310, #3093, .T. ) ;
#2848 = CARTESIAN_POINT ( 'NONE',  ( -68.00000000000000000, 0.000000000000000000, -4.299999999999999822 ) ) ;
#2849 = CARTESIAN_POINT ( 'NONE',  ( 30.00000000000000000, -4.000000000000000000, 46.70000000000000284 ) ) ;
#2850 = CARTESIAN_POINT ( 'NONE',  ( -0.000000000000000000, -3.000000000000000000, -31.00000000000000000 ) ) ;
#2851 = LINE ( 'NONE', #3077, #1821 ) ;
#2852 = DIRECTION ( 'NONE',  ( 0.000000000000000000, 0.000000000000000000, -1.000000000000000000 ) ) ;
#2853 = ADVANCED_FACE ( 'NONE', ( #2978 ), #290, .F. ) ;
#2854 = DIRECTION ( 'NONE',  ( 0.000000000000000000, -1.000000000000000000, 0.000000000000000000 ) ) ;
#2855 = ORIENTED_EDGE ( 'NONE', *, *, #509, .F. ) ;
#2856 = ORIENTED_EDGE ( 'NONE', *, *, #152, .F. ) ;
#2857 = DIRECTION ( 'NONE',  ( 1.000000000000000000, 0.000000000000000000, 0.000000000000000000 ) ) ;
#2858 = EDGE_CURVE ( 'NONE', #1841, #740, #2314, .T. ) ;
#2859 = EDGE_LOOP ( 'NONE', ( #2987, #704, #1987, #640 ) ) ;
#2860 = DIRECTION ( 'NONE',  ( 0.000000000000000000, -0.000000000000000000, 1.000000000000000000 ) ) ;
#2861 = UNCERTAINTY_MEASURE_WITH_UNIT (LENGTH_MEASURE( 1.000000000000000082E-05 ), #1284, 'distance_accuracy_value', 'NONE');
#2862 = ORIENTED_EDGE ( 'NONE', *, *, #2976, .T. ) ;
#2863 = PLANE ( 'NONE',  #375 ) ;
#2864 = CARTESIAN_POINT ( 'NONE',  ( 107.0000000000000000, -37.00000000000000000, -64.50000000000000000 ) ) ;
#2865 = EDGE_CURVE ( 'NONE', #516, #2517, #48, .T. ) ;
#2866 = FACE_OUTER_BOUND ( 'NONE', #1159, .T. ) ;
#2867 = LINE ( 'NONE', #961, #1828 ) ;
#2868 = LINE ( 'NONE', #1375, #2321 ) ;
#2869 = ORIENTED_EDGE ( 'NONE', *, *, #2708, .F. ) ;
#2870 = ORIENTED_EDGE ( 'NONE', *, *, #253, .F. ) ;
#2871 = CARTESIAN_POINT ( 'NONE',  ( -100.0000000000000000, -30.00000000000000000, 57.00000000000000000 ) ) ;
#2872 = AXIS2_PLACEMENT_3D ( 'NONE', #1447, #3144, #1417 ) ;
#2873 = CARTESIAN_POINT ( 'NONE',  ( 69.00000000000000000, -3.000000000000000000, -26.30000000000000071 ) ) ;
#2874 = EDGE_CURVE ( 'NONE', #3036, #1695, #690, .T. ) ;
#2875 = DIRECTION ( 'NONE',  ( 0.000000000000000000, -1.000000000000000000, 0.000000000000000000 ) ) ;
#2876 = ADVANCED_FACE ( 'NONE', ( #2330, #2089, #3060, #1853, #1122, #2815, #134, #3076, #3065, #2093, #2337, #389, #1341, #1633, #2349, #1831, #2597, #2303, #2061 ), #1588, .T. ) ;
#2877 = VECTOR ( 'NONE', #161, 1000.000000000000000 ) ;
#2878 = ORIENTED_EDGE ( 'NONE', *, *, #398, .T. ) ;
#2879 = ORIENTED_EDGE ( 'NONE', *, *, #742, .F. ) ;
#2880 = CYLINDRICAL_SURFACE ( 'NONE', #1004, 1.599999999999997202 ) ;
#2881 = DIRECTION ( 'NONE',  ( 0.000000000000000000, 0.000000000000000000, -1.000000000000000000 ) ) ;
#2882 = VECTOR ( 'NONE', #2881, 1000.000000000000000 ) ;
#2883 = VECTOR ( 'NONE', #1489, 1000.000000000000000 ) ;
#2884 = CARTESIAN_POINT ( 'NONE',  ( -93.00000000000000000, -7.000000000000000000, -63.00000000000000000 ) ) ;
#2885 = EDGE_CURVE ( 'NONE', #2169, #1820, #1369, .T. ) ;
#2886 = AXIS2_PLACEMENT_3D ( 'NONE', #1933, #224, #2674 ) ;
#2887 = CARTESIAN_POINT ( 'NONE',  ( 42.00000000000000000, -3.000000000000000000, 0.000000000000000000 ) ) ;
#2888 = ORIENTED_EDGE ( 'NONE', *, *, #485, .F. ) ;
#2889 = ORIENTED_EDGE ( 'NONE', *, *, #3016, .T. ) ;
#2890 = FACE_OUTER_BOUND ( 'NONE', #2797, .T. ) ;
#2891 = DIRECTION ( 'NONE',  ( -0.000000000000000000, 1.000000000000000000, -0.000000000000000000 ) ) ;
#2892 = FACE_OUTER_BOUND ( 'NONE', #1345, .T. ) ;
#2893 = EDGE_CURVE ( 'NONE', #1245, #1069, #2567, .T. ) ;
#2894 = ORIENTED_EDGE ( 'NONE', *, *, #1589, .F. ) ;
#2895 = FACE_OUTER_BOUND ( 'NONE', #1546, .T. ) ;
#2896 = FACE_OUTER_BOUND ( 'NONE', #1136, .T. ) ;
#2897 = EDGE_CURVE ( 'NONE', #2088, #2140, #3032, .T. ) ;
#2898 = DIRECTION ( 'NONE',  ( 1.000000000000000000, 0.000000000000000000, 0.000000000000000000 ) ) ;
#2899 = DIRECTION ( 'NONE',  ( 0.000000000000000000, 0.000000000000000000, 1.000000000000000000 ) ) ;
#2900 = DIRECTION ( 'NONE',  ( 0.000000000000000000, -0.000000000000000000, -1.000000000000000000 ) ) ;
#2901 = ORIENTED_EDGE ( 'NONE', *, *, #1686, .T. ) ;
#2902 = DIRECTION ( 'NONE',  ( 0.000000000000000000, 0.000000000000000000, -1.000000000000000000 ) ) ;
#2903 = DIRECTION ( 'NONE',  ( 0.000000000000000000, 0.000000000000000000, -1.000000000000000000 ) ) ;
#2904 = LINE ( 'NONE', #1754, #580 ) ;
#2905 = EDGE_CURVE ( 'NONE', #2600, #2188, #1779, .T. ) ;
#2906 = ORIENTED_EDGE ( 'NONE', *, *, #1392, .T. ) ;
#2907 = CARTESIAN_POINT ( 'NONE',  ( 100.0000000000000000, 0.000000000000000000, 57.00000000000000000 ) ) ;
#2908 = ORIENTED_EDGE ( 'NONE', *, *, #2184, .F. ) ;
#2909 = PLANE ( 'NONE',  #1165 ) ;
#2910 = PLANE ( 'NONE',  #1517 ) ;
#2911 = ORIENTED_EDGE ( 'NONE', *, *, #2132, .T. ) ;
#2912 = DIRECTION ( 'NONE',  ( -1.000000000000000000, 0.000000000000000000, 0.000000000000000000 ) ) ;
#2913 = CARTESIAN_POINT ( 'NONE',  ( -100.0000000000000000, -2.999999999999999112, -52.00000000000000000 ) ) ;
#2914 = CC_DESIGN_PERSON_AND_ORGANIZATION_ASSIGNMENT ( #102, #2315, ( #855 ) ) ;
#2915 = CARTESIAN_POINT ( 'NONE',  ( 0.000000000000000000, -4.000000000000000000, 0.000000000000000000 ) ) ;
#2916 = CARTESIAN_POINT ( 'NONE',  ( 69.00000000000000000, 0.000000000000000000, 43.29999999999999716 ) ) ;
#2917 = CARTESIAN_POINT ( 'NONE',  ( 92.00000000000001421, -3.000000000000000000, 0.000000000000000000 ) ) ;
#2918 = CARTESIAN_POINT ( 'NONE',  ( -48.00000000000000000, -7.000000000000000000, -63.00000000000000000 ) ) ;
#2919 = EDGE_LOOP ( 'NONE', ( #2580, #2879 ) ) ;
#2920 = AXIS2_PLACEMENT_3D ( 'NONE', #652, #155, #3112 ) ;
#2921 = VERTEX_POINT ( 'NONE', #140 ) ;
#2922 = DIRECTION ( 'NONE',  ( -1.000000000000000000, 0.000000000000000000, -0.000000000000000000 ) ) ;
#2923 = ADVANCED_FACE ( 'NONE', ( #151 ), #1354, .T. ) ;
#2924 = VECTOR ( 'NONE', #2891, 1000.000000000000000 ) ;
#2925 = EDGE_LOOP ( 'NONE', ( #670, #1793, #2023, #2022 ) ) ;
#2926 = CARTESIAN_POINT ( 'NONE',  ( -110.0000000000000000, -3.000000000000000000, -67.50000000000000000 ) ) ;
#2927 = AXIS2_PLACEMENT_3D ( 'NONE', #1830, #1352, #119 ) ;
#2928 = CARTESIAN_POINT ( 'NONE',  ( 0.000000000000000000, -3.000000000000000000, -10.40000000000000036 ) ) ;
#2929 = ORIENTED_EDGE ( 'NONE', *, *, #276, .T. ) ;
#2930 = DIRECTION ( 'NONE',  ( 0.000000000000000000, 0.000000000000000000, 1.000000000000000000 ) ) ;
#2931 = LINE ( 'NONE', #1222, #382 ) ;
#2932 = CIRCLE ( 'NONE', #1474, 1.600000000000004086 ) ;
#2933 = ORIENTED_EDGE ( 'NONE', *, *, #1258, .F. ) ;
#2934 = ORIENTED_EDGE ( 'NONE', *, *, #434, .F. ) ;
#2935 = VECTOR ( 'NONE', #2802, 1000.000000000000000 ) ;
#2936 = DIRECTION ( 'NONE',  ( 0.000000000000000000, 1.000000000000000000, 0.000000000000000000 ) ) ;
#2937 = VECTOR ( 'NONE', #2550, 1000.000000000000000 ) ;
#2938 = EDGE_CURVE ( 'NONE', #2576, #658, #1469, .T. ) ;
#2939 = AXIS2_PLACEMENT_3D ( 'NONE', #2028, #2994, #811 ) ;
#2940 = CARTESIAN_POINT ( 'NONE',  ( -100.0000000000000000, -30.00000000000000000, -52.00000000000000000 ) ) ;
#2941 = AXIS2_PLACEMENT_3D ( 'NONE', #1454, #2654, #709 ) ;
#2942 = CARTESIAN_POINT ( 'NONE',  ( -110.0000000000000000, -6.999999999999999112, -64.50000000000000000 ) ) ;
#2943 = VERTEX_POINT ( 'NONE', #2836 ) ;
#2944 = ORIENTED_EDGE ( 'NONE', *, *, #114, .T. ) ;
#2945 = VERTEX_POINT ( 'NONE', #106 ) ;
#2946 = CARTESIAN_POINT ( 'NONE',  ( -48.55677643628300189, -3.000000000000001776, -64.50000000000000000 ) ) ;
#2947 = CIRCLE ( 'NONE', #2838, 5.000000000000004441 ) ;
#2948 = ADVANCED_FACE ( 'NONE', ( #663 ), #2585, .F. ) ;
#2949 = DIRECTION ( 'NONE',  ( 0.000000000000000000, 1.000000000000000000, 0.000000000000000000 ) ) ;
#2950 = APPROVAL_STATUS ( 'not_yet_approved' ) ;
#2951 = VERTEX_POINT ( 'NONE', #1110 ) ;
#2952 = DIRECTION ( 'NONE',  ( -1.000000000000000000, 0.000000000000000000, 0.000000000000000000 ) ) ;
#2953 = DIRECTION ( 'NONE',  ( 0.000000000000000000, 0.000000000000000000, -1.000000000000000000 ) ) ;
#2954 = EDGE_LOOP ( 'NONE', ( #1130, #29, #3074, #2276 ) ) ;
#2955 = ORIENTED_EDGE ( 'NONE', *, *, #1623, .F. ) ;
#2956 = FACE_OUTER_BOUND ( 'NONE', #405, .T. ) ;
#2957 = CYLINDRICAL_SURFACE ( 'NONE', #2063, 1.599999999999997202 ) ;
#2958 = ORIENTED_EDGE ( 'NONE', *, *, #2608, .T. ) ;
#2959 = ORIENTED_EDGE ( 'NONE', *, *, #3134, .T. ) ;
#2960 = VERTEX_POINT ( 'NONE', #650 ) ;
#2961 = FACE_OUTER_BOUND ( 'NONE', #1755, .T. ) ;
#2962 = EDGE_CURVE ( 'NONE', #916, #500, #881, .T. ) ;
#2963 = EDGE_LOOP ( 'NONE', ( #3071, #1413, #1133, #1605 ) ) ;
#2964 = DIRECTION ( 'NONE',  ( 0.000000000000000000, 0.000000000000000000, 1.000000000000000000 ) ) ;
#2965 = PLANE ( 'NONE',  #1418 ) ;
#2966 = DIRECTION ( 'NONE',  ( 1.000000000000000000, -0.000000000000000000, 0.000000000000000000 ) ) ;
#2967 = LINE ( 'NONE', #1985, #644 ) ;
#2968 = EDGE_CURVE ( 'NONE', #1145, #2065, #1845, .T. ) ;
#2969 = ORIENTED_EDGE ( 'NONE', *, *, #784, .T. ) ;
#2970 = DIRECTION ( 'NONE',  ( 0.000000000000000000, 0.000000000000000000, 1.000000000000000000 ) ) ;
#2971 = DIRECTION ( 'NONE',  ( 0.000000000000000000, 0.000000000000000000, 1.000000000000000000 ) ) ;
#2972 = ORIENTED_EDGE ( 'NONE', *, *, #1453, .T. ) ;
#2973 = ORIENTED_EDGE ( 'NONE', *, *, #2885, .F. ) ;
#2974 = VERTEX_POINT ( 'NONE', #1889 ) ;
#2975 = LINE ( 'NONE', #2219, #2080 ) ;
#2976 = EDGE_CURVE ( 'NONE', #1668, #1379, #401, .T. ) ;
#2977 = VECTOR ( 'NONE', #715, 1000.000000000000000 ) ;
#2978 = FACE_OUTER_BOUND ( 'NONE', #1412, .T. ) ;
#2979 = AXIS2_PLACEMENT_3D ( 'NONE', #662, #1092, #2122 ) ;
#2980 = PERSON_AND_ORGANIZATION ( #869, #178 ) ;
#2981 = DIRECTION ( 'NONE',  ( 0.000000000000000000, 1.000000000000000000, 0.000000000000000000 ) ) ;
#2982 = CARTESIAN_POINT ( 'NONE',  ( 100.0000000000000000, -34.00000000000000000, -58.35000000000000853 ) ) ;
#2983 = EDGE_CURVE ( 'NONE', #2188, #2600, #3040, .T. ) ;
#2984 = DIRECTION ( 'NONE',  ( 0.000000000000000000, -1.000000000000000000, 0.000000000000000000 ) ) ;
#2985 = LINE ( 'NONE', #817, #533 ) ;
#2986 = DIRECTION ( 'NONE',  ( 0.000000000000000000, 1.000000000000000000, 0.000000000000000000 ) ) ;
#2987 = ORIENTED_EDGE ( 'NONE', *, *, #470, .F. ) ;
#2988 = AXIS2_PLACEMENT_3D ( 'NONE', #1648, #2448, #729 ) ;
#2989 = ORIENTED_EDGE ( 'NONE', *, *, #3099, .F. ) ;
#2990 = VECTOR ( 'NONE', #823, 1000.000000000000000 ) ;
#2991 = ORIENTED_EDGE ( 'NONE', *, *, #836, .T. ) ;
#2992 = ORIENTED_EDGE ( 'NONE', *, *, #395, .F. ) ;
#2993 = LINE ( 'NONE', #808, #2435 ) ;
#2994 = DIRECTION ( 'NONE',  ( 0.000000000000000000, 1.000000000000000000, 0.000000000000000000 ) ) ;
#2995 = EDGE_CURVE ( 'NONE', #1628, #944, #3094, .T. ) ;
#2996 = DIRECTION ( 'NONE',  ( 0.000000000000000000, -1.000000000000000000, 0.000000000000000000 ) ) ;
#2997 = FACE_BOUND ( 'NONE', #2702, .T. ) ;
#2998 = EDGE_CURVE ( 'NONE', #2228, #1879, #1093, .T. ) ;
#2999 = DIRECTION ( 'NONE',  ( -0.000000000000000000, 1.000000000000000000, -0.000000000000000000 ) ) ;
#3000 = CARTESIAN_POINT ( 'NONE',  ( -41.99999999999999289, -3.000000000000000000, -0.000000000000000000 ) ) ;
#3001 = ADVANCED_FACE ( 'NONE', ( #451 ), #210, .T. ) ;
#3002 = CYLINDRICAL_SURFACE ( 'NONE', #809, 1.350000000000004086 ) ;
#3003 = ORIENTED_EDGE ( 'NONE', *, *, #76, .T. ) ;
#3004 = ORIENTED_EDGE ( 'NONE', *, *, #1572, .T. ) ;
#3005 = ORIENTED_EDGE ( 'NONE', *, *, #2538, .T. ) ;
#3006 = ORIENTED_EDGE ( 'NONE', *, *, #503, .T. ) ;
#3007 = DIRECTION ( 'NONE',  ( 0.000000000000000000, -0.000000000000000000, -1.000000000000000000 ) ) ;
#3008 = EDGE_CURVE ( 'NONE', #363, #551, #675, .T. ) ;
#3009 = ORIENTED_EDGE ( 'NONE', *, *, #1980, .F. ) ;
#3010 = CARTESIAN_POINT ( 'NONE',  ( -93.55677643628301610, -7.000000000000000000, -64.50000000000000000 ) ) ;
#3011 = LINE ( 'NONE', #1487, #130 ) ;
#3012 = CARTESIAN_POINT ( 'NONE',  ( -93.00000000000000000, -3.000000000000000000, -18.00000000000000000 ) ) ;
#3013 = CARTESIAN_POINT ( 'NONE',  ( 100.0000000000000000, 0.000000000000000000, -55.64999999999999858 ) ) ;
#3014 = EDGE_CURVE ( 'NONE', #551, #59, #3152, .T. ) ;
#3015 = CARTESIAN_POINT ( 'NONE',  ( 0.000000000000000000, -4.000000000000000000, 0.000000000000000000 ) ) ;
#3016 = EDGE_CURVE ( 'NONE', #1205, #1545, #1963, .T. ) ;
#3017 = LINE ( 'NONE', #262, #583 ) ;
#3018 = CARTESIAN_POINT ( 'NONE',  ( 28.00000000000000000, -4.000000000000000000, -34.00000000000000000 ) ) ;
#3019 = ORIENTED_EDGE ( 'NONE', *, *, #2311, .F. ) ;
#3020 = ORIENTED_EDGE ( 'NONE', *, *, #982, .T. ) ;
#3021 = VERTEX_POINT ( 'NONE', #959 ) ;
#3022 = DIRECTION ( 'NONE',  ( 0.000000000000000000, 0.000000000000000000, 1.000000000000000000 ) ) ;
#3023 = ORIENTED_EDGE ( 'NONE', *, *, #160, .F. ) ;
#3024 = EDGE_CURVE ( 'NONE', #2100, #683, #1198, .T. ) ;
#3025 = CARTESIAN_POINT ( 'NONE',  ( -92.44322356371698390, -7.000000000000000000, -64.50000000000000000 ) ) ;
#3026 = COORDINATED_UNIVERSAL_TIME_OFFSET ( 8, 0, .AHEAD. ) ;
#3027 = CIRCLE ( 'NONE', #743, 1.350000000000004086 ) ;
#3028 = VECTOR ( 'NONE', #758, 1000.000000000000000 ) ;
#3029 = FACE_OUTER_BOUND ( 'NONE', #1431, .T. ) ;
#3030 = CARTESIAN_POINT ( 'NONE',  ( 0.000000000000000000, 0.000000000000000000, 0.000000000000000000 ) ) ;
#3031 = DIRECTION ( 'NONE',  ( 0.000000000000000000, 1.000000000000000000, 0.000000000000000000 ) ) ;
#3032 = LINE ( 'NONE', #1871, #2075 ) ;
#3033 = AXIS2_PLACEMENT_3D ( 'NONE', #1600, #1109, #2078 ) ;
#3034 = LINE ( 'NONE', #1112, #2289 ) ;
#3035 = LINE ( 'NONE', #109, #2421 ) ;
#3036 = VERTEX_POINT ( 'NONE', #2928 ) ;
#3037 = VERTEX_POINT ( 'NONE', #2396 ) ;
#3038 = LINE ( 'NONE', #2814, #2937 ) ;
#3039 = EDGE_CURVE ( 'NONE', #1726, #421, #1934, .T. ) ;
#3040 = CIRCLE ( 'NONE', #2432, 1.599999999999997202 ) ;
#3041 = VECTOR ( 'NONE', #1184, 1000.000000000000000 ) ;
#3042 = VECTOR ( 'NONE', #1210, 1000.000000000000000 ) ;
#3043 = EDGE_CURVE ( 'NONE', #1707, #2733, #1902, .T. ) ;
#3044 = ORIENTED_EDGE ( 'NONE', *, *, #2995, .T. ) ;
#3045 = ORIENTED_EDGE ( 'NONE', *, *, #3103, .T. ) ;
#3046 = FACE_OUTER_BOUND ( 'NONE', #972, .T. ) ;
#3047 = VECTOR ( 'NONE', #350, 1000.000000000000000 ) ;
#3048 = APPROVAL_DATE_TIME ( #1123, #2686 ) ;
#3049 = ADVANCED_FACE ( 'NONE', ( #2655 ), #2191, .F. ) ;
#3050 = CARTESIAN_POINT ( 'NONE',  ( -110.0000000000000000, 0.000000000000000000, 67.50000000000000000 ) ) ;
#3051 = DIRECTION ( 'NONE',  ( 1.000000000000000000, 0.000000000000000000, -0.000000000000000000 ) ) ;
#3052 = CARTESIAN_POINT ( 'NONE',  ( 96.00000000000000000, -7.000000000000000000, 30.00000000000000000 ) ) ;
#3053 = CARTESIAN_POINT ( 'NONE',  ( 81.00000000000000000, -3.000000000000000000, 46.70000000000000284 ) ) ;
#3054 = LINE ( 'NONE', #2777, #1569 ) ;
#3055 = CARTESIAN_POINT ( 'NONE',  ( 110.0000000000000000, -37.00000000000000000, -67.50000000000000000 ) ) ;
#3056 = VERTEX_POINT ( 'NONE', #1714 ) ;
#3057 = VERTEX_POINT ( 'NONE', #197 ) ;
#3058 = FACE_OUTER_BOUND ( 'NONE', #496, .T. ) ;
#3059 = EDGE_LOOP ( 'NONE', ( #2503, #86, #1178, #1806, #550, #986, #810, #1739, #1977, #2225, #1894, #2737, #239, #529, #445, #1444 ) ) ;
#3060 = FACE_BOUND ( 'NONE', #1514, .T. ) ;
#3061 = EDGE_CURVE ( 'NONE', #1937, #420, #1113, .T. ) ;
#3062 = CALENDAR_DATE ( 2026, 26, 7 ) ;
#3063 = LINE ( 'NONE', #879, #537 ) ;
#3064 = DIRECTION ( 'NONE',  ( 0.000000000000000000, -1.000000000000000000, 0.000000000000000000 ) ) ;
#3065 = FACE_BOUND ( 'NONE', #1, .T. ) ;
#3066 = ORIENTED_EDGE ( 'NONE', *, *, #1021, .F. ) ;
#3067 = LINE ( 'NONE', #870, #909 ) ;
#3068 = EDGE_CURVE ( 'NONE', #833, #2250, #1473, .T. ) ;
#3069 = CARTESIAN_POINT ( 'NONE',  ( 81.00000000000000000, 0.000000000000000000, 46.70000000000000284 ) ) ;
#3070 = ORIENTED_EDGE ( 'NONE', *, *, #2732, .F. ) ;
#3071 = ORIENTED_EDGE ( 'NONE', *, *, #2545, .T. ) ;
#3072 = DIRECTION ( 'NONE',  ( -1.000000000000000000, 0.000000000000000000, -0.000000000000000000 ) ) ;
#3073 = AXIS2_PLACEMENT_3D ( 'NONE', #600, #1535, #1582 ) ;
#3074 = ORIENTED_EDGE ( 'NONE', *, *, #2865, .T. ) ;
#3075 = CARTESIAN_POINT ( 'NONE',  ( 42.00000000000000000, 0.000000000000000000, 43.29999999999999716 ) ) ;
#3076 = FACE_BOUND ( 'NONE', #96, .T. ) ;
#3077 = CARTESIAN_POINT ( 'NONE',  ( 92.00000000000001421, -37.00000000000000000, 64.50000000000000000 ) ) ;
#3078 = VECTOR ( 'NONE', #283, 1000.000000000000000 ) ;
#3079 = CARTESIAN_POINT ( 'NONE',  ( 28.00000000000000000, -4.000000000000000000, -52.00000000000000000 ) ) ;
#3080 = VECTOR ( 'NONE', #2898, 1000.000000000000000 ) ;
#3081 = DIRECTION ( 'NONE',  ( 1.000000000000000000, 0.000000000000000000, 0.000000000000000000 ) ) ;
#3082 = EDGE_CURVE ( 'NONE', #27, #2482, #489, .T. ) ;
#3083 = ORIENTED_EDGE ( 'NONE', *, *, #2458, .T. ) ;
#3084 = VERTEX_POINT ( 'NONE', #3121 ) ;
#3085 = CARTESIAN_POINT ( 'NONE',  ( 0.000000000000000000, -3.000000000000000000, -34.00000000000000000 ) ) ;
#3086 = AXIS2_PLACEMENT_3D ( 'NONE', #990, #2966, #782 ) ;
#3087 = CARTESIAN_POINT ( 'NONE',  ( 28.00000000000000000, -4.000000000000000000, -31.00000000000000000 ) ) ;
#3088 = VECTOR ( 'NONE', #2246, 1000.000000000000000 ) ;
#3089 = AXIS2_PLACEMENT_3D ( 'NONE', #2439, #2162, #1468 ) ;
#3090 = AXIS2_PLACEMENT_3D ( 'NONE', #237, #2617, #1943 ) ;
#3091 = LINE ( 'NONE', #2375, #2877 ) ;
#3092 = CARTESIAN_POINT ( 'NONE',  ( -68.00000000000000000, -3.000000000000000000, -4.299999999999999822 ) ) ;
#3093 = CIRCLE ( 'NONE', #1203, 5.000000000000004441 ) ;
#3094 = LINE ( 'NONE', #2850, #2126 ) ;
#3095 = CC_DESIGN_SECURITY_CLASSIFICATION ( #540, ( #855 ) ) ;
#3096 = PLANE ( 'NONE',  #792 ) ;
#3097 = FACE_OUTER_BOUND ( 'NONE', #767, .T. ) ;
#3098 = CIRCLE ( 'NONE', #486, 5.000000000000004441 ) ;
#3099 = EDGE_CURVE ( 'NONE', #3118, #1956, #2621, .T. ) ;
#3100 = LINE ( 'NONE', #1635, #730 ) ;
#3101 = ORIENTED_EDGE ( 'NONE', *, *, #3039, .F. ) ;
#3102 = FACE_OUTER_BOUND ( 'NONE', #1776, .T. ) ;
#3103 = EDGE_CURVE ( 'NONE', #1731, #819, #797, .T. ) ;
#3104 = ORIENTED_EDGE ( 'NONE', *, *, #720, .T. ) ;
#3105 = VERTEX_POINT ( 'NONE', #937 ) ;
#3106 = LINE ( 'NONE', #1422, #2681 ) ;
#3107 = ADVANCED_FACE ( 'NONE', ( #2896 ), #1734, .F. ) ;
#3108 = LINE ( 'NONE', #1680, #124 ) ;
#3109 = DIRECTION ( 'NONE',  ( 0.000000000000000000, 1.000000000000000000, 0.000000000000000000 ) ) ;
#3110 = LINE ( 'NONE', #680, #1415 ) ;
#3111 = ADVANCED_FACE ( 'NONE', ( #1946 ), #2910, .T. ) ;
#3112 = DIRECTION ( 'NONE',  ( 0.000000000000000000, 0.000000000000000000, 1.000000000000000000 ) ) ;
#3113 = ORIENTED_EDGE ( 'NONE', *, *, #2187, .F. ) ;
#3114 = ORIENTED_EDGE ( 'NONE', *, *, #903, .T. ) ;
#3115 = DIRECTION ( 'NONE',  ( 0.000000000000000000, -0.000000000000000000, 1.000000000000000000 ) ) ;
#3116 = CARTESIAN_POINT ( 'NONE',  ( -41.99999999999999289, -37.00000000000000000, 64.50000000000000000 ) ) ;
#3117 = CARTESIAN_POINT ( 'NONE',  ( 42.00000000000000000, -3.000000000000000000, 46.70000000000000284 ) ) ;
#3118 = VERTEX_POINT ( 'NONE', #2204 ) ;
#3119 = EDGE_CURVE ( 'NONE', #2154, #1819, #1409, .T. ) ;
#3120 = CARTESIAN_POINT ( 'NONE',  ( -110.0000000000000000, -3.000000000000000000, 67.50000000000000000 ) ) ;
#3121 = CARTESIAN_POINT ( 'NONE',  ( 77.00000000000000000, -3.000000000000002665, 64.50000000000000000 ) ) ;
#3122 = CARTESIAN_POINT ( 'NONE',  ( 30.00000000000000000, -4.000000000000000000, 43.29999999999999716 ) ) ;
#3123 = DIRECTION ( 'NONE',  ( 0.000000000000000000, 1.000000000000000000, 0.000000000000000000 ) ) ;
#3124 = ORIENTED_EDGE ( 'NONE', *, *, #2311, .T. ) ;
#3125 = ORIENTED_EDGE ( 'NONE', *, *, #3043, .F. ) ;
#3126 = CARTESIAN_POINT ( 'NONE',  ( -100.0000000000000000, -30.00000000000000000, -62.00000000000000711 ) ) ;
#3127 = AXIS2_PLACEMENT_3D ( 'NONE', #622, #898, #1132 ) ;
#3128 = LINE ( 'NONE', #947, #2924 ) ;
#3129 = CIRCLE ( 'NONE', #2671, 1.350000000000004086 ) ;
#3130 = EDGE_LOOP ( 'NONE', ( #611, #1807, #43, #695 ) ) ;
#3131 = CARTESIAN_POINT ( 'NONE',  ( 100.0000000000000000, -30.00000000000000000, -55.64999999999999858 ) ) ;
#3132 = ADVANCED_FACE ( 'NONE', ( #1536 ), #2494, .F. ) ;
#3133 = ORIENTED_EDGE ( 'NONE', *, *, #1241, .F. ) ;
#3134 = EDGE_CURVE ( 'NONE', #1261, #110, #1874, .T. ) ;
#3135 = LINE ( 'NONE', #1006, #495 ) ;
#3136 = CARTESIAN_POINT ( 'NONE',  ( 69.00000000000000000, 0.000000000000000000, 46.70000000000000284 ) ) ;
#3137 = ADVANCED_FACE ( 'NONE', ( #89 ), #2965, .T. ) ;
#3138 = LOCAL_TIME ( 17, 24, 0.000000000000000000, #3026 ) ;
#3139 = CIRCLE ( 'NONE', #798, 1.600000000000004086 ) ;
#3140 = CARTESIAN_POINT ( 'NONE',  ( -41.99999999999999289, -37.00000000000000000, 67.50000000000000000 ) ) ;
#3141 = LINE ( 'NONE', #1936, #599 ) ;
#3142 = CARTESIAN_POINT ( 'NONE',  ( -11.00000000000000000, -4.000000000000000000, 43.29999999999999716 ) ) ;
#3143 = CARTESIAN_POINT ( 'NONE',  ( -110.0000000000000000, 0.000000000000000000, 67.50000000000000000 ) ) ;
#3144 = DIRECTION ( 'NONE',  ( -1.000000000000000000, 0.000000000000000000, -0.000000000000000000 ) ) ;
#3145 = DIRECTION ( 'NONE',  ( 0.000000000000000000, 1.000000000000000000, 0.000000000000000000 ) ) ;
#3146 = DIRECTION ( 'NONE',  ( 0.000000000000000000, 1.000000000000000000, 0.000000000000000000 ) ) ;
#3147 = CARTESIAN_POINT ( 'NONE',  ( -48.00000000000000000, -7.000000000000000000, -18.00000000000000000 ) ) ;
#3148 = DESIGN_CONTEXT ( 'detailed design', #2208, 'design' ) ;
#3149 = EDGE_LOOP ( 'NONE', ( #169, #1667, #2192, #654 ) ) ;
#3150 = EDGE_CURVE ( 'NONE', #2065, #2943, #3011, .T. ) ;
#3151 = CARTESIAN_POINT ( 'NONE',  ( -34.00000000000000000, 0.000000000000000000, -4.299999999999999822 ) ) ;
#3152 = LINE ( 'NONE', #435, #1322 ) ;
#3153 = ORIENTED_EDGE ( 'NONE', *, *, #372, .F. ) ;
#3154 = DIRECTION ( 'NONE',  ( 0.000000000000000000, 1.000000000000000000, 0.000000000000000000 ) ) ;
#3155 = LINE ( 'NONE', #1949, #2177 ) ;
#3156 = DIRECTION ( 'NONE',  ( 0.000000000000000000, 1.000000000000000000, 0.000000000000000000 ) ) ;
#3157 = ORIENTED_EDGE ( 'NONE', *, *, #607, .F. ) ;
#3158 = EDGE_CURVE ( 'NONE', #1359, #424, #1748, .T. ) ;
#3159 = CARTESIAN_POINT ( 'NONE',  ( -48.00000000000000000, -7.000000000000000000, -63.00000000000000000 ) ) ;
#3160 = CARTESIAN_POINT ( 'NONE',  ( 42.00000000000000000, 0.000000000000000000, 46.70000000000000284 ) ) ;
#3161 = CARTESIAN_POINT ( 'NONE',  ( -34.00000000000000000, -4.000000000000000000, -4.299999999999999822 ) ) ;
#3162 = EDGE_LOOP ( 'NONE', ( #1493, #2183, #1543, #441 ) ) ;
#3163 = ORIENTED_EDGE ( 'NONE', *, *, #1490, .T. ) ;
#3164 = DIRECTION ( 'NONE',  ( 0.000000000000000000, 0.000000000000000000, 1.000000000000000000 ) ) ;
#3165 = ORIENTED_EDGE ( 'NONE', *, *, #2962, .F. ) ;
#3166 = FACE_OUTER_BOUND ( 'NONE', #1458, .T. ) ;
#3167 = DIRECTION ( 'NONE',  ( 0.000000000000000000, 0.000000000000000000, -1.000000000000000000 ) ) ;
ENDSEC;
END-ISO-10303-21;
