ISO-10303-21;
HEADER;
FILE_DESCRIPTION (( 'STEP AP203' ),
    '1' );
FILE_NAME ('mars_lander_control_box_lid_v1.step',
    '2026-07-26T08:48:18',
    ( '' ),
    ( '' ),
    'SwSTEP 2.0',
    'SolidWorks 2022',
    '' );
FILE_SCHEMA (( 'CONFIG_CONTROL_DESIGN' ));
ENDSEC;

DATA;
#1 = EDGE_CURVE ( 'NONE', #568, #1059, #1772, .T. ) ;
#2 = CARTESIAN_POINT ( 'NONE',  ( 108.0000000000000000, -3.000000000000000000, -65.50000000000000000 ) ) ;
#3 = DIRECTION ( 'NONE',  ( -0.000000000000000000, 0.000000000000000000, 1.000000000000000000 ) ) ;
#4 = FACE_OUTER_BOUND ( 'NONE', #982, .T. ) ;
#5 = VECTOR ( 'NONE', #1483, 1000.000000000000000 ) ;
#6 = VERTEX_POINT ( 'NONE', #1454 ) ;
#7 = DIRECTION ( 'NONE',  ( 0.000000000000000000, 0.000000000000000000, -1.000000000000000000 ) ) ;
#8 = EDGE_LOOP ( 'NONE', ( #1571, #173, #1296, #1665 ) ) ;
#9 = ORIENTED_EDGE ( 'NONE', *, *, #1681, .T. ) ;
#10 = ORIENTED_EDGE ( 'NONE', *, *, #932, .T. ) ;
#11 = ADVANCED_FACE ( 'NONE', ( #53 ), #1131, .F. ) ;
#12 = CARTESIAN_POINT ( 'NONE',  ( -44.00000000000000000, -4.000000000000000000, 19.00000000000000000 ) ) ;
#13 = CARTESIAN_POINT ( 'NONE',  ( -100.0000000000000000, -2.999999999999999112, -57.00000000000000000 ) ) ;
#14 = EDGE_CURVE ( 'NONE', #1692, #507, #352, .T. ) ;
#15 = CARTESIAN_POINT ( 'NONE',  ( 46.00000000000000000, -4.000000000000000000, 11.74999999999999822 ) ) ;
#16 = EDGE_LOOP ( 'NONE', ( #1271, #1046, #1225, #1145 ) ) ;
#17 = EDGE_CURVE ( 'NONE', #1921, #1497, #1907, .T. ) ;
#18 = CARTESIAN_POINT ( 'NONE',  ( 100.0000000000000000, -16.00000000000000000, 55.20000000000000995 ) ) ;
#19 = EDGE_LOOP ( 'NONE', ( #367, #1177, #1099, #691 ) ) ;
#20 = ORIENTED_EDGE ( 'NONE', *, *, #1107, .F. ) ;
#21 = VECTOR ( 'NONE', #1944, 1000.000000000000000 ) ;
#22 = CARTESIAN_POINT ( 'NONE',  ( -0.000000000000000000, -3.000000000000000000, 19.00000000000000000 ) ) ;
#23 = VECTOR ( 'NONE', #34, 1000.000000000000000 ) ;
#24 = VECTOR ( 'NONE', #1435, 1000.000000000000000 ) ;
#25 = VERTEX_POINT ( 'NONE', #841 ) ;
#26 = CARTESIAN_POINT ( 'NONE',  ( -12.00000000000000000, -3.000000000000000000, -30.00000000000000000 ) ) ;
#27 = VECTOR ( 'NONE', #995, 1000.000000000000000 ) ;
#28 = LINE ( 'NONE', #996, #1695 ) ;
#29 = VERTEX_POINT ( 'NONE', #979 ) ;
#30 = DIRECTION ( 'NONE',  ( -1.000000000000000000, 0.000000000000000000, -0.000000000000000000 ) ) ;
#31 = FACE_OUTER_BOUND ( 'NONE', #1391, .T. ) ;
#32 = EDGE_CURVE ( 'NONE', #1231, #1390, #1124, .T. ) ;
#33 = VECTOR ( 'NONE', #1247, 1000.000000000000000 ) ;
#34 = DIRECTION ( 'NONE',  ( -0.000000000000000000, 1.000000000000000000, -0.000000000000000000 ) ) ;
#35 = EDGE_CURVE ( 'NONE', #120, #1490, #1661, .T. ) ;
#36 = ORIENTED_EDGE ( 'NONE', *, *, #1107, .T. ) ;
#37 = LOCAL_TIME ( 16, 48, 18.00000000000000000, #1596 ) ;
#38 = LINE ( 'NONE', #665, #1837 ) ;
#39 = LINE ( 'NONE', #1744, #1701 ) ;
#40 = EDGE_LOOP ( 'NONE', ( #438, #1376, #1464, #1430 ) ) ;
#41 = DIRECTION ( 'NONE',  ( -0.000000000000000000, 1.000000000000000000, -0.000000000000000000 ) ) ;
#42 = CARTESIAN_POINT ( 'NONE',  ( 12.00000000000000000, -3.000000000000000000, 0.000000000000000000 ) ) ;
#43 = ORIENTED_EDGE ( 'NONE', *, *, #1112, .F. ) ;
#44 = EDGE_CURVE ( 'NONE', #1073, #29, #1591, .T. ) ;
#45 = FACE_BOUND ( 'NONE', #1903, .T. ) ;
#46 = EDGE_CURVE ( 'NONE', #25, #1024, #820, .T. ) ;
#47 =( LENGTH_UNIT ( ) NAMED_UNIT ( * ) SI_UNIT ( .MILLI., .METRE. ) );
#48 = DIRECTION ( 'NONE',  ( 1.000000000000000000, 0.000000000000000000, 0.000000000000000000 ) ) ;
#49 = ORIENTED_EDGE ( 'NONE', *, *, #2008, .T. ) ;
#50 = AXIS2_PLACEMENT_3D ( 'NONE', #564, #1318, #1173 ) ;
#51 = DIRECTION ( 'NONE',  ( 0.000000000000000000, 0.000000000000000000, 1.000000000000000000 ) ) ;
#52 = VECTOR ( 'NONE', #1975, 1000.000000000000000 ) ;
#53 = FACE_OUTER_BOUND ( 'NONE', #1018, .T. ) ;
#54 = VECTOR ( 'NONE', #412, 1000.000000000000000 ) ;
#55 = LINE ( 'NONE', #1910, #1575 ) ;
#56 = EDGE_LOOP ( 'NONE', ( #922, #73, #880, #962 ) ) ;
#57 = EDGE_CURVE ( 'NONE', #1245, #980, #1161, .T. ) ;
#58 = LINE ( 'NONE', #805, #653 ) ;
#59 = DIRECTION ( 'NONE',  ( 0.000000000000000000, 0.000000000000000000, 1.000000000000000000 ) ) ;
#60 = EDGE_CURVE ( 'NONE', #769, #476, #655, .T. ) ;
#61 = ORIENTED_EDGE ( 'NONE', *, *, #1150, .F. ) ;
#62 = CARTESIAN_POINT ( 'NONE',  ( 4.000000000000000000, -3.000000000000000000, -54.00000000000000000 ) ) ;
#63 = FACE_OUTER_BOUND ( 'NONE', #1080, .T. ) ;
#64 = DIRECTION ( 'NONE',  ( -1.000000000000000000, 0.000000000000000000, 0.000000000000000000 ) ) ;
#65 = VECTOR ( 'NONE', #1037, 1000.000000000000000 ) ;
#66 = CARTESIAN_POINT ( 'NONE',  ( 100.0000000000000000, -16.00000000000000000, -57.00000000000000000 ) ) ;
#67 = ORIENTED_EDGE ( 'NONE', *, *, #1802, .T. ) ;
#68 = ORGANIZATION ( '未指定', '未指定', '' ) ;
#69 = PERSON_AND_ORGANIZATION ( #857, #68 ) ;
#70 = PLANE ( 'NONE',  #700 ) ;
#71 = DIRECTION ( 'NONE',  ( -0.000000000000000000, 1.000000000000000000, -0.000000000000000000 ) ) ;
#72 = CC_DESIGN_DATE_AND_TIME_ASSIGNMENT ( #233, #845, ( #853 ) ) ;
#73 = ORIENTED_EDGE ( 'NONE', *, *, #760, .T. ) ;
#74 = CARTESIAN_POINT ( 'NONE',  ( -108.0000000000000000, -12.00000000000000000, 65.50000000000000000 ) ) ;
#75 = DIRECTION ( 'NONE',  ( 0.000000000000000000, 0.000000000000000000, -1.000000000000000000 ) ) ;
#76 = ADVANCED_FACE ( 'NONE', ( #686 ), #524, .T. ) ;
#77 = LINE ( 'NONE', #1349, #218 ) ;
#78 = CARTESIAN_POINT ( 'NONE',  ( 17.00000000000000000, -1.199999999999999956, 51.00000000000000000 ) ) ;
#79 = ORIENTED_EDGE ( 'NONE', *, *, #1194, .T. ) ;
#80 = COORDINATED_UNIVERSAL_TIME_OFFSET ( 8, 0, .AHEAD. ) ;
#81 = DIRECTION ( 'NONE',  ( 1.000000000000000000, 0.000000000000000000, 0.000000000000000000 ) ) ;
#82 = LINE ( 'NONE', #701, #788 ) ;
#83 = EDGE_LOOP ( 'NONE', ( #2011, #181, #1230, #1671 ) ) ;
#84 = CARTESIAN_POINT ( 'NONE',  ( 100.0000000000000000, 0.000000000000000000, -57.00000000000000000 ) ) ;
#85 = CYLINDRICAL_SURFACE ( 'NONE', #774, 1.799999999999989164 ) ;
#86 = VECTOR ( 'NONE', #765, 1000.000000000000000 ) ;
#87 = LINE ( 'NONE', #1044, #946 ) ;
#88 = VECTOR ( 'NONE', #578, 1000.000000000000000 ) ;
#89 = VECTOR ( 'NONE', #435, 1000.000000000000000 ) ;
#90 = ORIENTED_EDGE ( 'NONE', *, *, #1760, .F. ) ;
#91 = ORIENTED_EDGE ( 'NONE', *, *, #1515, .T. ) ;
#92 = APPROVAL_DATE_TIME ( #376, #497 ) ;
#93 = LINE ( 'NONE', #1504, #802 ) ;
#94 = CARTESIAN_POINT ( 'NONE',  ( -72.00000000000000000, -3.000000000000000000, -54.00000000000000000 ) ) ;
#95 = VERTEX_POINT ( 'NONE', #190 ) ;
#96 = CARTESIAN_POINT ( 'NONE',  ( -100.0000000000000000, -16.00000000000000000, 58.79999999999999005 ) ) ;
#97 = FACE_OUTER_BOUND ( 'NONE', #512, .T. ) ;
#98 = DIRECTION ( 'NONE',  ( -0.000000000000000000, 1.000000000000000000, -0.000000000000000000 ) ) ;
#99 = EDGE_CURVE ( 'NONE', #1653, #1635, #370, .T. ) ;
#100 = ORIENTED_EDGE ( 'NONE', *, *, #1229, .F. ) ;
#101 = ORIENTED_EDGE ( 'NONE', *, *, #46, .T. ) ;
#102 = AXIS2_PLACEMENT_3D ( 'NONE', #278, #1519, #604 ) ;
#103 = EDGE_CURVE ( 'NONE', #1966, #1826, #28, .T. ) ;
#104 = DIRECTION ( 'NONE',  ( 0.000000000000000000, 1.000000000000000000, 0.000000000000000000 ) ) ;
#105 = DIRECTION ( 'NONE',  ( -0.000000000000000000, 1.000000000000000000, -0.000000000000000000 ) ) ;
#106 = ORIENTED_EDGE ( 'NONE', *, *, #1802, .F. ) ;
#107 = LINE ( 'NONE', #380, #1888 ) ;
#108 = DIRECTION ( 'NONE',  ( 0.000000000000000000, -1.000000000000000000, 0.000000000000000000 ) ) ;
#109 = CARTESIAN_POINT ( 'NONE',  ( 110.0000000000000000, -12.00000000000000000, 67.50000000000000000 ) ) ;
#110 = ORIENTED_EDGE ( 'NONE', *, *, #918, .T. ) ;
#111 = VERTEX_POINT ( 'NONE', #663 ) ;
#112 = CARTESIAN_POINT ( 'NONE',  ( -80.00000000000000000, -3.000000000000000000, -0.000000000000000000 ) ) ;
#113 = EDGE_CURVE ( 'NONE', #1411, #350, #1621, .T. ) ;
#114 = CARTESIAN_POINT ( 'NONE',  ( -44.00000000000000000, 0.000000000000000000, 49.00000000000000000 ) ) ;
#115 = ORIENTED_EDGE ( 'NONE', *, *, #918, .F. ) ;
#116 = FACE_OUTER_BOUND ( 'NONE', #1408, .T. ) ;
#117 = CARTESIAN_POINT ( 'NONE',  ( -0.000000000000000000, 0.000000000000000000, -30.00000000000000000 ) ) ;
#118 = PLANE ( 'NONE',  #1203 ) ;
#119 = ORIENTED_EDGE ( 'NONE', *, *, #1152, .T. ) ;
#120 = VERTEX_POINT ( 'NONE', #1295 ) ;
#121 = VECTOR ( 'NONE', #1265, 1000.000000000000000 ) ;
#122 = CIRCLE ( 'NONE', #347, 1.799999999999989164 ) ;
#123 = DIRECTION ( 'NONE',  ( 0.000000000000000000, -1.000000000000000000, 0.000000000000000000 ) ) ;
#124 = CIRCLE ( 'NONE', #1495, 9.250000000000001776 ) ;
#125 = EDGE_CURVE ( 'NONE', #1191, #1987, #219, .T. ) ;
#126 = DIRECTION ( 'NONE',  ( -0.000000000000000000, 1.000000000000000000, -0.000000000000000000 ) ) ;
#127 = ORIENTED_EDGE ( 'NONE', *, *, #1304, .T. ) ;
#128 = ADVANCED_FACE ( 'NONE', ( #1764 ), #646, .T. ) ;
#129 = DIRECTION ( 'NONE',  ( -0.000000000000000000, 0.000000000000000000, 1.000000000000000000 ) ) ;
#130 = DIRECTION ( 'NONE',  ( -0.000000000000000000, -0.000000000000000000, 1.000000000000000000 ) ) ;
#131 = DIRECTION ( 'NONE',  ( -0.000000000000000000, 0.000000000000000000, 1.000000000000000000 ) ) ;
#132 = VERTEX_POINT ( 'NONE', #1358 ) ;
#133 = ORIENTED_EDGE ( 'NONE', *, *, #1784, .T. ) ;
#134 = CARTESIAN_POINT ( 'NONE',  ( 4.000000000000000000, 0.000000000000000000, -30.00000000000000000 ) ) ;
#135 = AXIS2_PLACEMENT_3D ( 'NONE', #905, #453, #896 ) ;
#136 = CARTESIAN_POINT ( 'NONE',  ( 0.000000000000000000, -3.000000000000000000, -54.00000000000000000 ) ) ;
#137 = ORIENTED_EDGE ( 'NONE', *, *, #1487, .T. ) ;
#138 = VECTOR ( 'NONE', #642, 1000.000000000000000 ) ;
#139 = LINE ( 'NONE', #1387, #652 ) ;
#140 = CARTESIAN_POINT ( 'NONE',  ( -84.00000000000000000, -3.000000000000000000, -30.00000000000000000 ) ) ;
#141 = CC_DESIGN_PERSON_AND_ORGANIZATION_ASSIGNMENT ( #535, #1978, ( #1902 ) ) ;
#142 = DIRECTION ( 'NONE',  ( 0.000000000000000000, 0.000000000000000000, -1.000000000000000000 ) ) ;
#143 = EDGE_CURVE ( 'NONE', #1280, #600, #1521, .T. ) ;
#144 = ADVANCED_FACE ( 'NONE', ( #404 ), #118, .F. ) ;
#145 = ORIENTED_EDGE ( 'NONE', *, *, #103, .T. ) ;
#146 = VERTEX_POINT ( 'NONE', #1998 ) ;
#147 = APPLICATION_CONTEXT ( 'configuration controlled 3d designs of mechanical parts and assemblies' ) ;
#148 = DIRECTION ( 'NONE',  ( -0.000000000000000000, 0.000000000000000000, 1.000000000000000000 ) ) ;
#149 = DIRECTION ( 'NONE',  ( 1.000000000000000000, 0.000000000000000000, 0.000000000000000000 ) ) ;
#150 = DIRECTION ( 'NONE',  ( 0.000000000000000000, 1.000000000000000000, 0.000000000000000000 ) ) ;
#151 = DIRECTION ( 'NONE',  ( 0.000000000000000000, 1.000000000000000000, 0.000000000000000000 ) ) ;
#152 = DIRECTION ( 'NONE',  ( 1.000000000000000000, 0.000000000000000000, 0.000000000000000000 ) ) ;
#153 = EDGE_CURVE ( 'NONE', #528, #364, #87, .T. ) ;
#154 = ORIENTED_EDGE ( 'NONE', *, *, #737, .T. ) ;
#155 = ORIENTED_EDGE ( 'NONE', *, *, #902, .T. ) ;
#156 = AXIS2_PLACEMENT_3D ( 'NONE', #1199, #104, #1178 ) ;
#157 = DIRECTION ( 'NONE',  ( -0.000000000000000000, 0.000000000000000000, 1.000000000000000000 ) ) ;
#158 = DIRECTION ( 'NONE',  ( -0.000000000000000000, 1.000000000000000000, -0.000000000000000000 ) ) ;
#159 = VECTOR ( 'NONE', #1118, 1000.000000000000000 ) ;
#160 = CARTESIAN_POINT ( 'NONE',  ( -100.0000000000000000, 0.000000000000000000, 57.00000000000000000 ) ) ;
#161 = LINE ( 'NONE', #749, #1240 ) ;
#162 = LINE ( 'NONE', #1077, #543 ) ;
#163 = VERTEX_POINT ( 'NONE', #270 ) ;
#164 = VERTEX_POINT ( 'NONE', #109 ) ;
#165 = EDGE_CURVE ( 'NONE', #713, #1284, #77, .T. ) ;
#166 = CARTESIAN_POINT ( 'NONE',  ( 12.00000000000000000, 0.000000000000000000, -54.00000000000000000 ) ) ;
#167 = ADVANCED_FACE ( 'NONE', ( #854 ), #1032, .T. ) ;
#168 = LINE ( 'NONE', #460, #1092 ) ;
#169 = FACE_OUTER_BOUND ( 'NONE', #1659, .T. ) ;
#170 = VECTOR ( 'NONE', #443, 1000.000000000000000 ) ;
#171 = CARTESIAN_POINT ( 'NONE',  ( -100.0000000000000000, -2.999999999999999112, 58.79999999999999716 ) ) ;
#172 = CC_DESIGN_APPROVAL ( #223, ( #853 ) ) ;
#173 = ORIENTED_EDGE ( 'NONE', *, *, #1423, .T. ) ;
#174 = ORIENTED_EDGE ( 'NONE', *, *, #1437, .F. ) ;
#175 = CARTESIAN_POINT ( 'NONE',  ( 0.000000000000000000, 0.000000000000000000, 0.000000000000000000 ) ) ;
#176 = EDGE_CURVE ( 'NONE', #132, #1697, #1964, .T. ) ;
#177 = CARTESIAN_POINT ( 'NONE',  ( -100.0000000000000000, -2.999999999999999112, -58.79999999999999716 ) ) ;
#178 = ORIENTED_EDGE ( 'NONE', *, *, #2020, .T. ) ;
#179 = CARTESIAN_POINT ( 'NONE',  ( 0.000000000000000000, -1.199999999999999956, 0.000000000000000000 ) ) ;
#180 = ORIENTED_EDGE ( 'NONE', *, *, #888, .T. ) ;
#181 = ORIENTED_EDGE ( 'NONE', *, *, #1600, .F. ) ;
#182 = VECTOR ( 'NONE', #1482, 1000.000000000000000 ) ;
#183 = DIRECTION ( 'NONE',  ( 0.000000000000000000, 0.000000000000000000, -1.000000000000000000 ) ) ;
#184 = EDGE_CURVE ( 'NONE', #640, #207, #122, .T. ) ;
#185 = EDGE_CURVE ( 'NONE', #1452, #232, #249, .T. ) ;
#186 = VECTOR ( 'NONE', #1357, 1000.000000000000000 ) ;
#187 = CARTESIAN_POINT ( 'NONE',  ( -78.00000000000000000, -4.000000000000000000, 49.00000000000000000 ) ) ;
#188 = CIRCLE ( 'NONE', #1335, 9.250000000000001776 ) ;
#189 = DESIGN_CONTEXT ( 'detailed design', #147, 'design' ) ;
#190 = CARTESIAN_POINT ( 'NONE',  ( -78.00000000000000000, 0.000000000000000000, 49.00000000000000000 ) ) ;
#191 = ORIENTED_EDGE ( 'NONE', *, *, #1656, .T. ) ;
#192 = CYLINDRICAL_SURFACE ( 'NONE', #1899, 1.799999999999989164 ) ;
#193 = CALENDAR_DATE ( 2026, 26, 7 ) ;
#194 = DIRECTION ( 'NONE',  ( -1.000000000000000000, -0.000000000000000000, -0.000000000000000000 ) ) ;
#195 = ORIENTED_EDGE ( 'NONE', *, *, #1551, .F. ) ;
#196 = ADVANCED_BREP_SHAPE_REPRESENTATION ( 'mars_lander_control_box_lid_v1', ( #786, #557 ), #1800 ) ;
#197 = CARTESIAN_POINT ( 'NONE',  ( -110.0000000000000000, -3.000000000000000000, 67.50000000000000000 ) ) ;
#198 = AXIS2_PLACEMENT_3D ( 'NONE', #1102, #318, #1094 ) ;
#199 = ORIENTED_EDGE ( 'NONE', *, *, #1487, .F. ) ;
#200 = ORIENTED_EDGE ( 'NONE', *, *, #1087, .F. ) ;
#201 = ADVANCED_FACE ( 'NONE', ( #588 ), #1055, .F. ) ;
#202 = CARTESIAN_POINT ( 'NONE',  ( -108.0000000000000000, -2.999999999999999112, 65.50000000000000000 ) ) ;
#203 = LINE ( 'NONE', #1050, #1396 ) ;
#204 = VERTEX_POINT ( 'NONE', #436 ) ;
#205 = CARTESIAN_POINT ( 'NONE',  ( 16.00000000000000000, 0.000000000000000000, -30.00000000000000000 ) ) ;
#206 = ORIENTED_EDGE ( 'NONE', *, *, #1829, .F. ) ;
#207 = VERTEX_POINT ( 'NONE', #229 ) ;
#208 = ADVANCED_FACE ( 'NONE', ( #1023 ), #898, .F. ) ;
#209 = EDGE_CURVE ( 'NONE', #567, #1436, #867, .T. ) ;
#210 = CARTESIAN_POINT ( 'NONE',  ( -68.00000000000000000, -3.000000000000000000, -0.000000000000000000 ) ) ;
#211 = VERTEX_POINT ( 'NONE', #1329 ) ;
#212 = DIRECTION ( 'NONE',  ( -0.000000000000000000, 1.000000000000000000, -0.000000000000000000 ) ) ;
#213 = LINE ( 'NONE', #15, #220 ) ;
#214 = ORIENTED_EDGE ( 'NONE', *, *, #1640, .T. ) ;
#215 = AXIS2_PLACEMENT_3D ( 'NONE', #160, #150, #1877 ) ;
#216 = DIRECTION ( 'NONE',  ( 0.000000000000000000, 1.000000000000000000, 0.000000000000000000 ) ) ;
#217 = LINE ( 'NONE', #1434, #1399 ) ;
#218 = VECTOR ( 'NONE', #1500, 1000.000000000000000 ) ;
#219 = LINE ( 'NONE', #1781, #670 ) ;
#220 = VECTOR ( 'NONE', #814, 1000.000000000000000 ) ;
#221 = DIRECTION ( 'NONE',  ( -1.000000000000000000, -0.000000000000000000, -0.000000000000000000 ) ) ;
#222 = ORIENTED_EDGE ( 'NONE', *, *, #165, .T. ) ;
#223 = APPROVAL ( #1641, '未指定' ) ;
#224 = CYLINDRICAL_SURFACE ( 'NONE', #1587, 1.799999999999989164 ) ;
#225 = EDGE_CURVE ( 'NONE', #516, #304, #1728, .T. ) ;
#226 = VERTEX_POINT ( 'NONE', #1950 ) ;
#227 = CARTESIAN_POINT ( 'NONE',  ( 37.65958634119385806, 0.000000000000000000, 51.00000000000000000 ) ) ;
#228 = CARTESIAN_POINT ( 'NONE',  ( -84.00000000000000000, -3.000000000000000000, -0.000000000000000000 ) ) ;
#229 = CARTESIAN_POINT ( 'NONE',  ( 100.0000000000000000, -2.999999999999999112, -58.79999999999999716 ) ) ;
#230 = CIRCLE ( 'NONE', #1314, 9.250000000000001776 ) ;
#231 = DIRECTION ( 'NONE',  ( -1.000000000000000000, 0.000000000000000000, -0.000000000000000000 ) ) ;
#232 = VERTEX_POINT ( 'NONE', #1648 ) ;
#233 = DATE_AND_TIME ( #1198, #1220 ) ;
#234 = LINE ( 'NONE', #1313, #21 ) ;
#235 = CARTESIAN_POINT ( 'NONE',  ( -68.00000000000000000, -3.000000000000000000, -54.00000000000000000 ) ) ;
#236 = ORIENTED_EDGE ( 'NONE', *, *, #1577, .T. ) ;
#237 = CARTESIAN_POINT ( 'NONE',  ( -78.00000000000000000, 0.000000000000000000, 49.00000000000000000 ) ) ;
#238 = PLANE ( 'NONE',  #1206 ) ;
#239 = DIRECTION ( 'NONE',  ( -0.000000000000000000, 0.000000000000000000, 1.000000000000000000 ) ) ;
#240 = ORIENTED_EDGE ( 'NONE', *, *, #1150, .T. ) ;
#241 = ORIENTED_EDGE ( 'NONE', *, *, #1, .F. ) ;
#242 = CARTESIAN_POINT ( 'NONE',  ( 37.65958634119385806, 0.000000000000000000, 17.00000000000000000 ) ) ;
#243 = DIRECTION ( 'NONE',  ( -1.000000000000000000, 0.000000000000000000, -0.000000000000000000 ) ) ;
#244 = ORIENTED_EDGE ( 'NONE', *, *, #1402, .F. ) ;
#245 = CARTESIAN_POINT ( 'NONE',  ( 0.000000000000000000, -3.000000000000000000, -54.00000000000000000 ) ) ;
#246 = CARTESIAN_POINT ( 'NONE',  ( -110.0000000000000000, 0.000000000000000000, -67.50000000000000000 ) ) ;
#247 = EDGE_CURVE ( 'NONE', #1603, #1921, #1488, .T. ) ;
#248 = VECTOR ( 'NONE', #541, 1000.000000000000000 ) ;
#249 = LINE ( 'NONE', #1208, #1492 ) ;
#250 = ORIENTED_EDGE ( 'NONE', *, *, #413, .F. ) ;
#251 = AXIS2_PLACEMENT_3D ( 'NONE', #1890, #1562, #1389 ) ;
#252 = ORIENTED_EDGE ( 'NONE', *, *, #336, .F. ) ;
#253 = ORIENTED_EDGE ( 'NONE', *, *, #17, .F. ) ;
#254 = CARTESIAN_POINT ( 'NONE',  ( -100.0000000000000000, 0.000000000000000000, 55.20000000000000284 ) ) ;
#255 = CARTESIAN_POINT ( 'NONE',  ( -12.00000000000000000, -4.000000000000000000, -54.00000000000000000 ) ) ;
#256 = ORIENTED_EDGE ( 'NONE', *, *, #990, .T. ) ;
#257 = DIRECTION ( 'NONE',  ( -0.000000000000000000, 1.000000000000000000, -0.000000000000000000 ) ) ;
#258 = CARTESIAN_POINT ( 'NONE',  ( 16.00000000000000000, -4.000000000000000000, -30.00000000000000000 ) ) ;
#259 = CARTESIAN_POINT ( 'NONE',  ( 0.000000000000000000, -3.000000000000000000, 49.00000000000000000 ) ) ;
#260 = ADVANCED_FACE ( 'NONE', ( #886 ), #1184, .F. ) ;
#261 = EDGE_LOOP ( 'NONE', ( #61, #1360, #1383, #563 ) ) ;
#262 = ORIENTED_EDGE ( 'NONE', *, *, #1127, .T. ) ;
#263 = AXIS2_PLACEMENT_3D ( 'NONE', #1212, #1028, #1344 ) ;
#264 = PERSON_AND_ORGANIZATION ( #857, #68 ) ;
#265 = FACE_BOUND ( 'NONE', #1262, .T. ) ;
#266 = LINE ( 'NONE', #1170, #1281 ) ;
#267 = ORIENTED_EDGE ( 'NONE', *, *, #1097, .T. ) ;
#268 = CARTESIAN_POINT ( 'NONE',  ( -100.0000000000000000, 0.000000000000000000, 57.00000000000000000 ) ) ;
#269 = CARTESIAN_POINT ( 'NONE',  ( 100.0000000000000000, -2.999999999999999112, -55.20000000000000284 ) ) ;
#270 = CARTESIAN_POINT ( 'NONE',  ( -84.00000000000000000, 0.000000000000000000, -30.00000000000000000 ) ) ;
#271 = ORIENTED_EDGE ( 'NONE', *, *, #1879, .F. ) ;
#272 = VERTEX_POINT ( 'NONE', #1511 ) ;
#273 = ADVANCED_FACE ( 'NONE', ( #727 ), #466, .F. ) ;
#274 = EDGE_CURVE ( 'NONE', #164, #862, #792, .T. ) ;
#275 = LINE ( 'NONE', #1082, #577 ) ;
#276 = LINE ( 'NONE', #927, #1604 ) ;
#277 = ORIENTED_EDGE ( 'NONE', *, *, #1880, .F. ) ;
#278 = CARTESIAN_POINT ( 'NONE',  ( 100.0000000000000000, -2.999999999999999112, -57.00000000000000000 ) ) ;
#279 = FACE_OUTER_BOUND ( 'NONE', #1365, .T. ) ;
#280 = CARTESIAN_POINT ( 'NONE',  ( 110.0000000000000000, -3.000000000000000000, 67.50000000000000000 ) ) ;
#281 = VECTOR ( 'NONE', #2022, 1000.000000000000000 ) ;
#282 = ORIENTED_EDGE ( 'NONE', *, *, #821, .F. ) ;
#283 = ORIENTED_EDGE ( 'NONE', *, *, #99, .F. ) ;
#284 = VECTOR ( 'NONE', #1477, 1000.000000000000000 ) ;
#285 = CARTESIAN_POINT ( 'NONE',  ( 0.000000000000000000, -3.000000000000000000, -54.00000000000000000 ) ) ;
#286 = CIRCLE ( 'NONE', #1078, 1.799999999999989164 ) ;
#287 = CARTESIAN_POINT ( 'NONE',  ( 0.000000000000000000, 0.000000000000000000, -54.00000000000000000 ) ) ;
#288 = ORIENTED_EDGE ( 'NONE', *, *, #1166, .T. ) ;
#289 = CARTESIAN_POINT ( 'NONE',  ( 17.00000000000000000, -1.199999999999999956, 51.00000000000000000 ) ) ;
#290 = ADVANCED_FACE ( 'NONE', ( #1720 ), #485, .T. ) ;
#291 = DIRECTION ( 'NONE',  ( 1.000000000000000000, 0.000000000000000000, 0.000000000000000000 ) ) ;
#292 = EDGE_CURVE ( 'NONE', #1284, #1305, #1381, .T. ) ;
#293 = DIRECTION ( 'NONE',  ( 0.000000000000000000, 0.000000000000000000, -1.000000000000000000 ) ) ;
#294 = VERTEX_POINT ( 'NONE', #323 ) ;
#295 = EDGE_LOOP ( 'NONE', ( #698, #1703, #584, #688 ) ) ;
#296 = FACE_BOUND ( 'NONE', #1114, .T. ) ;
#297 = CIRCLE ( 'NONE', #1346, 1.799999999999989164 ) ;
#298 = DIRECTION ( 'NONE',  ( -0.000000000000000000, 0.000000000000000000, 1.000000000000000000 ) ) ;
#299 = VECTOR ( 'NONE', #149, 1000.000000000000000 ) ;
#300 = CARTESIAN_POINT ( 'NONE',  ( 46.00000000000000000, -1.199999999999999734, 47.00000000000000000 ) ) ;
#301 = LINE ( 'NONE', #1839, #89 ) ;
#302 = ADVANCED_FACE ( 'NONE', ( #761 ), #953, .F. ) ;
#303 = FACE_OUTER_BOUND ( 'NONE', #464, .T. ) ;
#304 = VERTEX_POINT ( 'NONE', #171 ) ;
#305 = ORIENTED_EDGE ( 'NONE', *, *, #1812, .T. ) ;
#306 = FACE_BOUND ( 'NONE', #1740, .T. ) ;
#307 = DIRECTION ( 'NONE',  ( -0.000000000000000000, 1.000000000000000000, -0.000000000000000000 ) ) ;
#308 = PLANE ( 'NONE',  #1820 ) ;
#309 = DIRECTION ( 'NONE',  ( 0.000000000000000000, 0.000000000000000000, -1.000000000000000000 ) ) ;
#310 = ORIENTED_EDGE ( 'NONE', *, *, #1956, .F. ) ;
#311 = DIRECTION ( 'NONE',  ( 1.000000000000000000, 0.000000000000000000, 0.000000000000000000 ) ) ;
#312 = EDGE_CURVE ( 'NONE', #1579, #1067, #931, .T. ) ;
#313 = ORIENTED_EDGE ( 'NONE', *, *, #1233, .F. ) ;
#314 = ORIENTED_EDGE ( 'NONE', *, *, #1879, .T. ) ;
#315 = EDGE_CURVE ( 'NONE', #294, #507, #1111, .T. ) ;
#316 = VECTOR ( 'NONE', #748, 1000.000000000000000 ) ;
#317 = DIRECTION ( 'NONE',  ( 1.000000000000000000, 0.000000000000000000, 0.000000000000000000 ) ) ;
#318 = DIRECTION ( 'NONE',  ( -0.000000000000000000, 1.000000000000000000, -0.000000000000000000 ) ) ;
#319 = AXIS2_PLACEMENT_3D ( 'NONE', #1104, #1709, #2016 ) ;
#320 = DIRECTION ( 'NONE',  ( 0.000000000000000000, 0.000000000000000000, -1.000000000000000000 ) ) ;
#321 = CARTESIAN_POINT ( 'NONE',  ( 0.000000000000000000, -4.000000000000000000, -30.00000000000000000 ) ) ;
#322 = ORIENTED_EDGE ( 'NONE', *, *, #1152, .F. ) ;
#323 = CARTESIAN_POINT ( 'NONE',  ( -100.0000000000000000, 0.000000000000000000, -58.79999999999999716 ) ) ;
#324 = ORIENTED_EDGE ( 'NONE', *, *, #1070, .T. ) ;
#325 = ORIENTED_EDGE ( 'NONE', *, *, #1501, .T. ) ;
#326 = EDGE_CURVE ( 'NONE', #1881, #1341, #1268, .T. ) ;
#327 = ORIENTED_EDGE ( 'NONE', *, *, #1140, .F. ) ;
#328 = FACE_OUTER_BOUND ( 'NONE', #1252, .T. ) ;
#329 = LINE ( 'NONE', #961, #1594 ) ;
#330 = VECTOR ( 'NONE', #1674, 1000.000000000000000 ) ;
#331 = EDGE_LOOP ( 'NONE', ( #119, #1241, #79, #1592 ) ) ;
#332 = CARTESIAN_POINT ( 'NONE',  ( -8.000000000000000000, -4.000000000000000000, -54.00000000000000000 ) ) ;
#333 = VECTOR ( 'NONE', #1246, 1000.000000000000000 ) ;
#334 = VERTEX_POINT ( 'NONE', #1543 ) ;
#335 = ORIENTED_EDGE ( 'NONE', *, *, #1566, .T. ) ;
#336 = EDGE_CURVE ( 'NONE', #1390, #1873, #1861, .T. ) ;
#337 = EDGE_CURVE ( 'NONE', #1067, #204, #910, .T. ) ;
#338 = PERSON_AND_ORGANIZATION_ROLE ( 'design_owner' ) ;
#339 = DIRECTION ( 'NONE',  ( 1.000000000000000000, 0.000000000000000000, 0.000000000000000000 ) ) ;
#340 = ORIENTED_EDGE ( 'NONE', *, *, #833, .T. ) ;
#341 = DIRECTION ( 'NONE',  ( 0.000000000000000000, -1.000000000000000000, 0.000000000000000000 ) ) ;
#342 = CARTESIAN_POINT ( 'NONE',  ( 100.0000000000000000, 0.000000000000000000, -57.00000000000000000 ) ) ;
#343 = ORIENTED_EDGE ( 'NONE', *, *, #1643, .T. ) ;
#344 = VECTOR ( 'NONE', #1790, 1000.000000000000000 ) ;
#345 = APPROVAL_STATUS ( 'not_yet_approved' ) ;
#346 = CARTESIAN_POINT ( 'NONE',  ( -84.00000000000000000, -4.000000000000000000, -54.00000000000000000 ) ) ;
#347 = AXIS2_PLACEMENT_3D ( 'NONE', #1669, #1795, #415 ) ;
#348 = VECTOR ( 'NONE', #1142, 1000.000000000000000 ) ;
#349 = ADVANCED_FACE ( 'NONE', ( #1712 ), #455, .F. ) ;
#350 = VERTEX_POINT ( 'NONE', #750 ) ;
#351 = DIRECTION ( 'NONE',  ( 0.000000000000000000, 1.000000000000000000, 0.000000000000000000 ) ) ;
#352 = LINE ( 'NONE', #1321, #23 ) ;
#353 = EDGE_LOOP ( 'NONE', ( #1249, #355, #1711, #559 ) ) ;
#354 = FACE_BOUND ( 'NONE', #1251, .T. ) ;
#355 = ORIENTED_EDGE ( 'NONE', *, *, #1216, .F. ) ;
#356 = DIRECTION ( 'NONE',  ( 1.000000000000000000, 0.000000000000000000, 0.000000000000000000 ) ) ;
#357 = DIRECTION ( 'NONE',  ( -0.000000000000000000, 1.000000000000000000, -0.000000000000000000 ) ) ;
#358 = ORIENTED_EDGE ( 'NONE', *, *, #1366, .T. ) ;
#359 = ADVANCED_FACE ( 'NONE', ( #2009 ), #445, .T. ) ;
#360 = CARTESIAN_POINT ( 'NONE',  ( -100.0000000000000000, -16.00000000000000000, 57.00000000000000000 ) ) ;
#361 = EDGE_CURVE ( 'NONE', #476, #146, #162, .T. ) ;
#362 = CARTESIAN_POINT ( 'NONE',  ( -110.0000000000000000, -3.000000000000000000, 67.50000000000000000 ) ) ;
#363 = CARTESIAN_POINT ( 'NONE',  ( -60.00000000000000000, 0.000000000000000000, -30.00000000000000000 ) ) ;
#364 = VERTEX_POINT ( 'NONE', #618 ) ;
#365 = DIRECTION ( 'NONE',  ( 0.000000000000000000, 0.000000000000000000, -1.000000000000000000 ) ) ;
#366 = LINE ( 'NONE', #634, #974 ) ;
#367 = ORIENTED_EDGE ( 'NONE', *, *, #2032, .T. ) ;
#368 = CARTESIAN_POINT ( 'NONE',  ( -108.0000000000000000, -12.00000000000000000, 65.50000000000000000 ) ) ;
#369 = UNCERTAINTY_MEASURE_WITH_UNIT (LENGTH_MEASURE( 1.000000000000000082E-05 ), #47, 'distance_accuracy_value', 'NONE');
#370 = LINE ( 'NONE', #42, #1169 ) ;
#371 = ADVANCED_FACE ( 'NONE', ( #303 ), #781, .F. ) ;
#372 = ORIENTED_EDGE ( 'NONE', *, *, #648, .F. ) ;
#373 = FACE_BOUND ( 'NONE', #1554, .T. ) ;
#374 = VERTEX_POINT ( 'NONE', #770 ) ;
#375 = EDGE_CURVE ( 'NONE', #1966, #364, #1398, .T. ) ;
#376 = DATE_AND_TIME ( #1493, #1510 ) ;
#377 = DIRECTION ( 'NONE',  ( -1.000000000000000000, 0.000000000000000000, -0.000000000000000000 ) ) ;
#378 = EDGE_LOOP ( 'NONE', ( #1994, #305, #240, #206 ) ) ;
#379 = AXIS2_PLACEMENT_3D ( 'NONE', #501, #1432, #30 ) ;
#380 = CARTESIAN_POINT ( 'NONE',  ( -108.0000000000000000, -12.00000000000000000, -65.50000000000000000 ) ) ;
#381 = DIRECTION ( 'NONE',  ( 0.000000000000000000, 0.000000000000000000, 1.000000000000000000 ) ) ;
#382 = AXIS2_PLACEMENT_3D ( 'NONE', #393, #1371, #239 ) ;
#383 = DIRECTION ( 'NONE',  ( 0.000000000000000000, 0.000000000000000000, -1.000000000000000000 ) ) ;
#384 = AXIS2_PLACEMENT_3D ( 'NONE', #988, #1466, #1276 ) ;
#385 = FACE_BOUND ( 'NONE', #1894, .T. ) ;
#386 = ORIENTED_EDGE ( 'NONE', *, *, #1956, .T. ) ;
#387 = PERSON_AND_ORGANIZATION ( #857, #68 ) ;
#388 = CARTESIAN_POINT ( 'NONE',  ( -108.0000000000000000, -2.999999999999999112, -65.50000000000000000 ) ) ;
#389 = DIRECTION ( 'NONE',  ( 0.000000000000000000, 0.000000000000000000, -1.000000000000000000 ) ) ;
#390 = ORIENTED_EDGE ( 'NONE', *, *, #57, .F. ) ;
#391 = LINE ( 'NONE', #237, #1660 ) ;
#392 = DIRECTION ( 'NONE',  ( 0.000000000000000000, 0.000000000000000000, -1.000000000000000000 ) ) ;
#393 = CARTESIAN_POINT ( 'NONE',  ( -72.00000000000000000, -4.000000000000000000, -30.00000000000000000 ) ) ;
#394 = VECTOR ( 'NONE', #1568, 1000.000000000000000 ) ;
#395 = CIRCLE ( 'NONE', #1679, 9.250000000000001776 ) ;
#396 = ORIENTED_EDGE ( 'NONE', *, *, #798, .F. ) ;
#397 = EDGE_LOOP ( 'NONE', ( #1419, #987, #548, #401 ) ) ;
#398 = CYLINDRICAL_SURFACE ( 'NONE', #1782, 9.250000000000001776 ) ;
#399 = ADVANCED_FACE ( 'NONE', ( #628 ), #1261, .F. ) ;
#400 = CARTESIAN_POINT ( 'NONE',  ( 46.00000000000000000, -1.199999999999999734, 37.75000000000000000 ) ) ;
#401 = ORIENTED_EDGE ( 'NONE', *, *, #888, .F. ) ;
#402 = DIRECTION ( 'NONE',  ( 0.000000000000000000, 1.000000000000000000, 0.000000000000000000 ) ) ;
#403 = DIRECTION ( 'NONE',  ( -1.000000000000000000, -0.000000000000000000, -0.000000000000000000 ) ) ;
#404 = FACE_OUTER_BOUND ( 'NONE', #8, .T. ) ;
#405 = EDGE_LOOP ( 'NONE', ( #282, #325, #9, #468, #419, #757 ) ) ;
#406 = ORIENTED_EDGE ( 'NONE', *, *, #678, .T. ) ;
#407 = PERSON_AND_ORGANIZATION_ROLE ( 'creator' ) ;
#408 = CARTESIAN_POINT ( 'NONE',  ( -72.00000000000000000, -4.000000000000000000, -30.00000000000000000 ) ) ;
#409 = CARTESIAN_POINT ( 'NONE',  ( -68.00000000000000000, -4.000000000000000000, -30.00000000000000000 ) ) ;
#410 = VERTEX_POINT ( 'NONE', #829 ) ;
#411 = FACE_OUTER_BOUND ( 'NONE', #1573, .T. ) ;
#412 = DIRECTION ( 'NONE',  ( -0.000000000000000000, -0.000000000000000000, 1.000000000000000000 ) ) ;
#413 = EDGE_CURVE ( 'NONE', #1555, #1164, #809, .T. ) ;
#414 = CIRCLE ( 'NONE', #215, 1.799999999999989164 ) ;
#415 = DIRECTION ( 'NONE',  ( 0.000000000000000000, 0.000000000000000000, -1.000000000000000000 ) ) ;
#416 = AXIS2_PLACEMENT_3D ( 'NONE', #1882, #1572, #940 ) ;
#417 = AXIS2_PLACEMENT_3D ( 'NONE', #1771, #1509, #864 ) ;
#418 = ORIENTED_EDGE ( 'NONE', *, *, #1166, .F. ) ;
#419 = ORIENTED_EDGE ( 'NONE', *, *, #413, .T. ) ;
#420 = APPROVAL_STATUS ( 'not_yet_approved' ) ;
#421 = CARTESIAN_POINT ( 'NONE',  ( 108.0000000000000000, -2.999999999999999112, 65.50000000000000000 ) ) ;
#422 = DIRECTION ( 'NONE',  ( 0.000000000000000000, 0.000000000000000000, 1.000000000000000000 ) ) ;
#423 = EDGE_LOOP ( 'NONE', ( #764, #1317, #110, #1581, #271, #1809, #1874, #236, #310, #2018 ) ) ;
#424 = LINE ( 'NONE', #884, #1133 ) ;
#425 = DIRECTION ( 'NONE',  ( 1.000000000000000000, 0.000000000000000000, 0.000000000000000000 ) ) ;
#426 = EDGE_CURVE ( 'NONE', #1436, #95, #1620, .T. ) ;
#427 = CARTESIAN_POINT ( 'NONE',  ( -84.00000000000000000, -4.000000000000000000, -30.00000000000000000 ) ) ;
#428 = EDGE_CURVE ( 'NONE', #1502, #95, #969, .T. ) ;
#429 = ORIENTED_EDGE ( 'NONE', *, *, #509, .F. ) ;
#430 = AXIS2_PLACEMENT_3D ( 'NONE', #1309, #1457, #1756 ) ;
#431 = FACE_BOUND ( 'NONE', #772, .T. ) ;
#432 = CARTESIAN_POINT ( 'NONE',  ( -100.0000000000000000, -2.999999999999999112, -55.20000000000000284 ) ) ;
#433 = ORIENTED_EDGE ( 'NONE', *, *, #732, .F. ) ;
#434 = LINE ( 'NONE', #735, #316 ) ;
#435 = DIRECTION ( 'NONE',  ( -1.000000000000000000, -0.000000000000000000, -0.000000000000000000 ) ) ;
#436 = CARTESIAN_POINT ( 'NONE',  ( 100.0000000000000000, 0.000000000000000000, 58.79999999999999005 ) ) ;
#437 = ORIENTED_EDGE ( 'NONE', *, *, #1670, .F. ) ;
#438 = ORIENTED_EDGE ( 'NONE', *, *, #1112, .T. ) ;
#439 = ADVANCED_FACE ( 'NONE', ( #1738 ), #1745, .F. ) ;
#440 = FACE_BOUND ( 'NONE', #1843, .T. ) ;
#441 = CARTESIAN_POINT ( 'NONE',  ( -60.00000000000000000, 0.000000000000000000, -54.00000000000000000 ) ) ;
#442 = ORIENTED_EDGE ( 'NONE', *, *, #337, .F. ) ;
#443 = DIRECTION ( 'NONE',  ( -1.000000000000000000, 0.000000000000000000, 0.000000000000000000 ) ) ;
#444 = DIRECTION ( 'NONE',  ( -1.000000000000000000, 0.000000000000000000, 0.000000000000000000 ) ) ;
#445 = PLANE ( 'NONE',  #1429 ) ;
#446 = AXIS2_PLACEMENT_3D ( 'NONE', #1854, #123, #1071 ) ;
#447 = VERTEX_POINT ( 'NONE', #799 ) ;
#448 = VERTEX_POINT ( 'NONE', #368 ) ;
#449 = CIRCLE ( 'NONE', #1755, 1.799999999999989164 ) ;
#450 = CARTESIAN_POINT ( 'NONE',  ( -72.00000000000000000, 0.000000000000000000, -30.00000000000000000 ) ) ;
#451 = VECTOR ( 'NONE', #357, 1000.000000000000000 ) ;
#452 = LINE ( 'NONE', #1072, #889 ) ;
#453 = DIRECTION ( 'NONE',  ( 0.000000000000000000, -1.000000000000000000, 0.000000000000000000 ) ) ;
#454 = CARTESIAN_POINT ( 'NONE',  ( -56.00000000000000000, -3.000000000000000000, -30.00000000000000000 ) ) ;
#455 = PLANE ( 'NONE',  #1919 ) ;
#456 = ORIENTED_EDGE ( 'NONE', *, *, #1760, .T. ) ;
#457 = ORIENTED_EDGE ( 'NONE', *, *, #312, .T. ) ;
#458 = CARTESIAN_POINT ( 'NONE',  ( 12.00000000000000000, -4.000000000000000000, -30.00000000000000000 ) ) ;
#459 = VECTOR ( 'NONE', #1053, 1000.000000000000000 ) ;
#460 = CARTESIAN_POINT ( 'NONE',  ( -108.0000000000000000, -3.000000000000000000, 0.000000000000000000 ) ) ;
#461 = EDGE_CURVE ( 'NONE', #1826, #1653, #217, .T. ) ;
#462 = DIRECTION ( 'NONE',  ( 1.000000000000000000, 0.000000000000000000, 0.000000000000000000 ) ) ;
#463 = CARTESIAN_POINT ( 'NONE',  ( 46.00000000000000000, -3.000000000000000000, 21.00000000000000000 ) ) ;
#464 = EDGE_LOOP ( 'NONE', ( #1202, #1401, #1221, #433 ) ) ;
#465 = EDGE_CURVE ( 'NONE', #1059, #1961, #513, .T. ) ;
#466 = PLANE ( 'NONE',  #2023 ) ;
#467 = ORIENTED_EDGE ( 'NONE', *, *, #185, .F. ) ;
#468 = ORIENTED_EDGE ( 'NONE', *, *, #1586, .T. ) ;
#469 = FACE_BOUND ( 'NONE', #484, .T. ) ;
#470 = CARTESIAN_POINT ( 'NONE',  ( -80.00000000000000000, -4.000000000000000000, -30.00000000000000000 ) ) ;
#471 = FACE_BOUND ( 'NONE', #2019, .T. ) ;
#472 = FACE_OUTER_BOUND ( 'NONE', #656, .T. ) ;
#473 = ORIENTED_EDGE ( 'NONE', *, *, #225, .F. ) ;
#474 = CARTESIAN_POINT ( 'NONE',  ( -108.0000000000000000, -12.00000000000000000, 65.50000000000000000 ) ) ;
#475 = ADVANCED_FACE ( 'NONE', ( #31 ), #654, .F. ) ;
#476 = VERTEX_POINT ( 'NONE', #26 ) ;
#477 = ORIENTED_EDGE ( 'NONE', *, *, #1463, .F. ) ;
#478 = AXIS2_PLACEMENT_3D ( 'NONE', #550, #1537, #744 ) ;
#479 = CARTESIAN_POINT ( 'NONE',  ( -110.0000000000000000, 0.000000000000000000, 67.50000000000000000 ) ) ;
#480 = VECTOR ( 'NONE', #921, 1000.000000000000000 ) ;
#481 = FACE_OUTER_BOUND ( 'NONE', #505, .T. ) ;
#482 = AXIS2_PLACEMENT_3D ( 'NONE', #1237, #291, #1559 ) ;
#483 = DIRECTION ( 'NONE',  ( 1.000000000000000000, 0.000000000000000000, 0.000000000000000000 ) ) ;
#484 = EDGE_LOOP ( 'NONE', ( #1417, #372 ) ) ;
#485 = PLANE ( 'NONE',  #1367 ) ;
#486 = EDGE_CURVE ( 'NONE', #132, #25, #124, .T. ) ;
#487 = ORIENTED_EDGE ( 'NONE', *, *, #1448, .F. ) ;
#488 = ADVANCED_FACE ( 'NONE', ( #1294 ), #645, .F. ) ;
#489 = VERTEX_POINT ( 'NONE', #1906 ) ;
#490 = CARTESIAN_POINT ( 'NONE',  ( -108.0000000000000000, -12.00000000000000000, 67.50000000000000000 ) ) ;
#491 = DIRECTION ( 'NONE',  ( 0.000000000000000000, -1.000000000000000000, 0.000000000000000000 ) ) ;
#492 = AXIS2_PLACEMENT_3D ( 'NONE', #1011, #1322, #1440 ) ;
#493 = LOCAL_TIME ( 16, 48, 18.00000000000000000, #1943 ) ;
#494 = DIRECTION ( 'NONE',  ( -0.000000000000000000, -0.000000000000000000, 1.000000000000000000 ) ) ;
#495 = DIRECTION ( 'NONE',  ( 0.000000000000000000, 0.000000000000000000, -1.000000000000000000 ) ) ;
#496 = ORIENTED_EDGE ( 'NONE', *, *, #509, .T. ) ;
#497 = APPROVAL ( #420, '未指定' ) ;
#498 = ORIENTED_EDGE ( 'NONE', *, *, #375, .T. ) ;
#499 = ADVANCED_FACE ( 'NONE', ( #63 ), #503, .F. ) ;
#500 = EDGE_CURVE ( 'NONE', #609, #226, #674, .T. ) ;
#501 = CARTESIAN_POINT ( 'NONE',  ( -72.00000000000000000, -4.000000000000000000, -54.00000000000000000 ) ) ;
#502 = EDGE_LOOP ( 'NONE', ( #1513, #1729 ) ) ;
#503 = PLANE ( 'NONE',  #1300 ) ;
#504 = DIRECTION ( 'NONE',  ( 0.000000000000000000, 1.000000000000000000, 0.000000000000000000 ) ) ;
#505 = EDGE_LOOP ( 'NONE', ( #1561, #457, #1901, #1336 ) ) ;
#506 = DIRECTION ( 'NONE',  ( 0.000000000000000000, 0.000000000000000000, -1.000000000000000000 ) ) ;
#507 = VERTEX_POINT ( 'NONE', #1609 ) ;
#508 = VECTOR ( 'NONE', #863, 1000.000000000000000 ) ;
#509 = EDGE_CURVE ( 'NONE', #232, #558, #1752, .T. ) ;
#510 = CARTESIAN_POINT ( 'NONE',  ( 0.000000000000000000, -3.000000000000000000, -30.00000000000000000 ) ) ;
#511 = AXIS2_PLACEMENT_3D ( 'NONE', #1807, #98, #716 ) ;
#512 = EDGE_LOOP ( 'NONE', ( #1458, #1119, #1033, #782 ) ) ;
#513 = LINE ( 'NONE', #1898, #348 ) ;
#514 = CARTESIAN_POINT ( 'NONE',  ( 108.0000000000000000, -12.00000000000000000, 65.50000000000000000 ) ) ;
#515 = DIRECTION ( 'NONE',  ( 0.000000000000000000, -1.000000000000000000, 0.000000000000000000 ) ) ;
#516 = VERTEX_POINT ( 'NONE', #1319 ) ;
#517 = APPLICATION_PROTOCOL_DEFINITION ( 'international standard', 'config_control_design', 1994, #147 ) ;
#518 = DIRECTION ( 'NONE',  ( 0.000000000000000000, -1.000000000000000000, 0.000000000000000000 ) ) ;
#519 = EDGE_CURVE ( 'NONE', #1523, #1341, #978, .T. ) ;
#520 = ORIENTED_EDGE ( 'NONE', *, *, #1087, .T. ) ;
#521 = DIRECTION ( 'NONE',  ( 0.000000000000000000, 0.000000000000000000, -1.000000000000000000 ) ) ;
#522 = VECTOR ( 'NONE', #1686, 1000.000000000000000 ) ;
#523 = EDGE_CURVE ( 'NONE', #817, #1231, #1601, .T. ) ;
#524 = PLANE ( 'NONE',  #1298 ) ;
#525 = CARTESIAN_POINT ( 'NONE',  ( 75.00000000000000000, -1.199999999999999956, 17.00000000000000000 ) ) ;
#526 = ORIENTED_EDGE ( 'NONE', *, *, #998, .F. ) ;
#527 = DIRECTION ( 'NONE',  ( 0.000000000000000000, 0.000000000000000000, -1.000000000000000000 ) ) ;
#528 = VERTEX_POINT ( 'NONE', #205 ) ;
#529 = DIRECTION ( 'NONE',  ( 1.000000000000000000, 0.000000000000000000, 0.000000000000000000 ) ) ;
#530 = CARTESIAN_POINT ( 'NONE',  ( 46.00000000000000000, 0.000000000000000000, 47.00000000000000000 ) ) ;
#531 = CARTESIAN_POINT ( 'NONE',  ( 37.65958634119385806, -4.000000000000000000, 17.00000000000000000 ) ) ;
#532 = ADVANCED_FACE ( 'NONE', ( #1306 ), #1926, .F. ) ;
#533 = DIRECTION ( 'NONE',  ( 0.000000000000000000, 1.000000000000000000, 0.000000000000000000 ) ) ;
#534 = ORIENTED_EDGE ( 'NONE', *, *, #1553, .F. ) ;
#535 = PERSON_AND_ORGANIZATION ( #857, #68 ) ;
#536 = PLANE ( 'NONE',  #1455 ) ;
#537 = VECTOR ( 'NONE', #1101, 1000.000000000000000 ) ;
#538 = PLANE ( 'NONE',  #1412 ) ;
#539 = EDGE_LOOP ( 'NONE', ( #728, #873, #277, #2000 ) ) ;
#540 = VECTOR ( 'NONE', #64, 1000.000000000000000 ) ;
#541 = DIRECTION ( 'NONE',  ( 1.000000000000000000, 0.000000000000000000, 0.000000000000000000 ) ) ;
#542 = DIRECTION ( 'NONE',  ( -0.000000000000000000, 1.000000000000000000, -0.000000000000000000 ) ) ;
#543 = VECTOR ( 'NONE', #7, 1000.000000000000000 ) ;
#544 = CARTESIAN_POINT ( 'NONE',  ( -110.0000000000000000, -3.000000000000000000, -67.50000000000000000 ) ) ;
#545 = VECTOR ( 'NONE', #1923, 1000.000000000000000 ) ;
#546 = ADVANCED_FACE ( 'NONE', ( #1160 ), #1633, .F. ) ;
#547 = EDGE_CURVE ( 'NONE', #580, #1579, #286, .T. ) ;
#548 = ORIENTED_EDGE ( 'NONE', *, *, #762, .F. ) ;
#549 = ORIENTED_EDGE ( 'NONE', *, *, #1366, .F. ) ;
#550 = CARTESIAN_POINT ( 'NONE',  ( 100.0000000000000000, 0.000000000000000000, 57.00000000000000000 ) ) ;
#551 = LINE ( 'NONE', #572, #522 ) ;
#552 = ORIENTED_EDGE ( 'NONE', *, *, #787, .T. ) ;
#553 = DIRECTION ( 'NONE',  ( 0.000000000000000000, 0.000000000000000000, -1.000000000000000000 ) ) ;
#554 = DIRECTION ( 'NONE',  ( 0.000000000000000000, 0.000000000000000000, -1.000000000000000000 ) ) ;
#555 = DIRECTION ( 'NONE',  ( 1.000000000000000000, 0.000000000000000000, 0.000000000000000000 ) ) ;
#556 = CIRCLE ( 'NONE', #1253, 9.250000000000001776 ) ;
#557 = AXIS2_PLACEMENT_3D ( 'NONE', #175, #668, #1302 ) ;
#558 = VERTEX_POINT ( 'NONE', #1369 ) ;
#559 = ORIENTED_EDGE ( 'NONE', *, *, #1, .T. ) ;
#560 = CARTESIAN_POINT ( 'NONE',  ( 46.00000000000000000, 0.000000000000000000, 56.25000000000000000 ) ) ;
#561 = ADVANCED_FACE ( 'NONE', ( #1031 ), #715, .F. ) ;
#562 = DIRECTION ( 'NONE',  ( 1.000000000000000000, 0.000000000000000000, 0.000000000000000000 ) ) ;
#563 = ORIENTED_EDGE ( 'NONE', *, *, #326, .F. ) ;
#564 = CARTESIAN_POINT ( 'NONE',  ( 46.00000000000000000, -4.000000000000000000, 47.00000000000000000 ) ) ;
#565 = CARTESIAN_POINT ( 'NONE',  ( 75.00000000000000000, -1.199999999999999956, 51.00000000000000000 ) ) ;
#566 = CARTESIAN_POINT ( 'NONE',  ( -60.00000000000000000, -4.000000000000000000, -30.00000000000000000 ) ) ;
#567 = VERTEX_POINT ( 'NONE', #1183 ) ;
#568 = VERTEX_POINT ( 'NONE', #852 ) ;
#569 = DATE_TIME_ROLE ( 'creation_date' ) ;
#570 = DIRECTION ( 'NONE',  ( -1.000000000000000000, -0.000000000000000000, -0.000000000000000000 ) ) ;
#571 = EDGE_CURVE ( 'NONE', #1925, #1603, #726, .T. ) ;
#572 = CARTESIAN_POINT ( 'NONE',  ( -72.00000000000000000, -4.000000000000000000, -30.00000000000000000 ) ) ;
#573 = ORIENTED_EDGE ( 'NONE', *, *, #1656, .F. ) ;
#574 = EDGE_CURVE ( 'NONE', #1125, #1242, #1021, .T. ) ;
#575 = CARTESIAN_POINT ( 'NONE',  ( -108.0000000000000000, -12.00000000000000000, 67.50000000000000000 ) ) ;
#576 = CARTESIAN_POINT ( 'NONE',  ( 100.0000000000000000, -2.999999999999999112, 57.00000000000000000 ) ) ;
#577 = VECTOR ( 'NONE', #776, 1000.000000000000000 ) ;
#578 = DIRECTION ( 'NONE',  ( -0.000000000000000000, 1.000000000000000000, -0.000000000000000000 ) ) ;
#579 = VECTOR ( 'NONE', #41, 1000.000000000000000 ) ;
#580 = VERTEX_POINT ( 'NONE', #1974 ) ;
#581 = ORIENTED_EDGE ( 'NONE', *, *, #326, .T. ) ;
#582 = CARTESIAN_POINT ( 'NONE',  ( -12.00000000000000000, 0.000000000000000000, -30.00000000000000000 ) ) ;
#583 = DIRECTION ( 'NONE',  ( -1.000000000000000000, -0.000000000000000000, -0.000000000000000000 ) ) ;
#584 = ORIENTED_EDGE ( 'NONE', *, *, #1600, .T. ) ;
#585 = CARTESIAN_POINT ( 'NONE',  ( 110.0000000000000000, -3.000000000000000000, 67.50000000000000000 ) ) ;
#586 = PLANE ( 'NONE',  #482 ) ;
#587 = CC_DESIGN_PERSON_AND_ORGANIZATION_ASSIGNMENT ( #1014, #1810, ( #853 ) ) ;
#588 = FACE_OUTER_BOUND ( 'NONE', #1851, .T. ) ;
#589 = EDGE_CURVE ( 'NONE', #489, #1603, #1655, .T. ) ;
#590 = EDGE_LOOP ( 'NONE', ( #891, #1808, #1682, #797 ) ) ;
#591 = ORIENTED_EDGE ( 'NONE', *, *, #1576, .F. ) ;
#592 = VECTOR ( 'NONE', #71, 1000.000000000000000 ) ;
#593 = AXIS2_PLACEMENT_3D ( 'NONE', #1920, #515, #320 ) ;
#594 = FACE_OUTER_BOUND ( 'NONE', #56, .T. ) ;
#595 = DIRECTION ( 'NONE',  ( -1.000000000000000000, 0.000000000000000000, -0.000000000000000000 ) ) ;
#596 = EDGE_LOOP ( 'NONE', ( #191, #67, #1129, #1863 ) ) ;
#597 = CARTESIAN_POINT ( 'NONE',  ( -56.00000000000000000, 0.000000000000000000, -54.00000000000000000 ) ) ;
#598 = DIRECTION ( 'NONE',  ( 0.000000000000000000, -1.000000000000000000, 0.000000000000000000 ) ) ;
#599 = DIRECTION ( 'NONE',  ( 1.000000000000000000, 0.000000000000000000, 0.000000000000000000 ) ) ;
#600 = VERTEX_POINT ( 'NONE', #1984 ) ;
#601 = VERTEX_POINT ( 'NONE', #1205 ) ;
#602 = DIRECTION ( 'NONE',  ( -1.000000000000000000, 0.000000000000000000, -0.000000000000000000 ) ) ;
#603 = LINE ( 'NONE', #136, #299 ) ;
#604 = DIRECTION ( 'NONE',  ( 0.000000000000000000, 0.000000000000000000, -1.000000000000000000 ) ) ;
#605 = LINE ( 'NONE', #1227, #643 ) ;
#606 = DIRECTION ( 'NONE',  ( -0.000000000000000000, 1.000000000000000000, -0.000000000000000000 ) ) ;
#607 = VECTOR ( 'NONE', #402, 1000.000000000000000 ) ;
#608 = EDGE_CURVE ( 'NONE', #734, #111, #1348, .T. ) ;
#609 = VERTEX_POINT ( 'NONE', #565 ) ;
#610 = ORIENTED_EDGE ( 'NONE', *, *, #608, .F. ) ;
#611 = AXIS2_PLACEMENT_3D ( 'NONE', #1830, #878, #1066 ) ;
#612 = EDGE_CURVE ( 'NONE', #516, #968, #1667, .T. ) ;
#613 = LINE ( 'NONE', #1254, #1165 ) ;
#614 = CARTESIAN_POINT ( 'NONE',  ( -72.00000000000000000, 0.000000000000000000, -30.00000000000000000 ) ) ;
#615 = CARTESIAN_POINT ( 'NONE',  ( -72.00000000000000000, 0.000000000000000000, -54.00000000000000000 ) ) ;
#616 = CARTESIAN_POINT ( 'NONE',  ( 17.00000000000000000, 0.000000000000000000, 17.00000000000000000 ) ) ;
#617 = ORIENTED_EDGE ( 'NONE', *, *, #612, .F. ) ;
#618 = CARTESIAN_POINT ( 'NONE',  ( 16.00000000000000000, 0.000000000000000000, -54.00000000000000000 ) ) ;
#619 = ORIENTED_EDGE ( 'NONE', *, *, #1207, .F. ) ;
#620 = ORIENTED_EDGE ( 'NONE', *, *, #1525, .F. ) ;
#621 = FACE_BOUND ( 'NONE', #627, .T. ) ;
#622 = CIRCLE ( 'NONE', #135, 9.250000000000003553 ) ;
#623 = DIRECTION ( 'NONE',  ( -0.000000000000000000, 1.000000000000000000, -0.000000000000000000 ) ) ;
#624 = CARTESIAN_POINT ( 'NONE',  ( -72.00000000000000000, 0.000000000000000000, -30.00000000000000000 ) ) ;
#625 = ADVANCED_FACE ( 'NONE', ( #97 ), #238, .F. ) ;
#626 = CARTESIAN_POINT ( 'NONE',  ( -0.000000000000000000, -3.000000000000000000, -65.50000000000000000 ) ) ;
#627 = EDGE_LOOP ( 'NONE', ( #1034, #1172 ) ) ;
#628 = FACE_OUTER_BOUND ( 'NONE', #1518, .T. ) ;
#629 = ORIENTED_EDGE ( 'NONE', *, *, #1320, .T. ) ;
#630 = EDGE_LOOP ( 'NONE', ( #1833, #1842, #1447, #36 ) ) ;
#631 = ORIENTED_EDGE ( 'NONE', *, *, #315, .F. ) ;
#632 = LINE ( 'NONE', #479, #1238 ) ;
#633 = DIRECTION ( 'NONE',  ( 0.000000000000000000, 0.000000000000000000, 1.000000000000000000 ) ) ;
#634 = CARTESIAN_POINT ( 'NONE',  ( 17.00000000000000000, -1.199999999999999956, 17.00000000000000000 ) ) ;
#635 = ADVANCED_FACE ( 'NONE', ( #694 ), #85, .F. ) ;
#636 = ADVANCED_FACE ( 'NONE', ( #1948 ), #1054, .F. ) ;
#637 = ORIENTED_EDGE ( 'NONE', *, *, #1938, .F. ) ;
#638 = CARTESIAN_POINT ( 'NONE',  ( 0.000000000000000000, 0.000000000000000000, -54.00000000000000000 ) ) ;
#639 = ORIENTED_EDGE ( 'NONE', *, *, #1895, .T. ) ;
#640 = VERTEX_POINT ( 'NONE', #269 ) ;
#641 = VECTOR ( 'NONE', #1008, 1000.000000000000000 ) ;
#642 = DIRECTION ( 'NONE',  ( -0.000000000000000000, 1.000000000000000000, -0.000000000000000000 ) ) ;
#643 = VECTOR ( 'NONE', #130, 1000.000000000000000 ) ;
#644 = LINE ( 'NONE', #22, #1627 ) ;
#645 = PLANE ( 'NONE',  #384 ) ;
#646 = PLANE ( 'NONE',  #803 ) ;
#647 = ORIENTED_EDGE ( 'NONE', *, *, #1615, .F. ) ;
#648 = EDGE_CURVE ( 'NONE', #1579, #580, #449, .T. ) ;
#649 = ORIENTED_EDGE ( 'NONE', *, *, #1233, .T. ) ;
#650 = LINE ( 'NONE', #490, #1840 ) ;
#651 = DIRECTION ( 'NONE',  ( -0.000000000000000000, 0.000000000000000000, 1.000000000000000000 ) ) ;
#652 = VECTOR ( 'NONE', #2015, 1000.000000000000000 ) ;
#653 = VECTOR ( 'NONE', #679, 1000.000000000000000 ) ;
#654 = CYLINDRICAL_SURFACE ( 'NONE', #1788, 1.799999999999989164 ) ;
#655 = LINE ( 'NONE', #1610, #540 ) ;
#656 = EDGE_LOOP ( 'NONE', ( #340, #729, #1787, #1105 ) ) ;
#657 = CARTESIAN_POINT ( 'NONE',  ( 110.0000000000000000, 0.000000000000000000, 67.50000000000000000 ) ) ;
#658 = ORIENTED_EDGE ( 'NONE', *, *, #60, .F. ) ;
#659 = DATE_AND_TIME ( #193, #37 ) ;
#660 = LINE ( 'NONE', #1749, #806 ) ;
#661 = VERTEX_POINT ( 'NONE', #117 ) ;
#662 = DIRECTION ( 'NONE',  ( 0.000000000000000000, 0.000000000000000000, -1.000000000000000000 ) ) ;
#663 = CARTESIAN_POINT ( 'NONE',  ( -84.00000000000000000, -3.000000000000000000, -54.00000000000000000 ) ) ;
#664 = ORIENTED_EDGE ( 'NONE', *, *, #1438, .T. ) ;
#665 = CARTESIAN_POINT ( 'NONE',  ( 4.000000000000000000, -4.000000000000000000, -54.00000000000000000 ) ) ;
#666 = EDGE_CURVE ( 'NONE', #1007, #917, #736, .T. ) ;
#667 = VECTOR ( 'NONE', #914, 1000.000000000000000 ) ;
#668 = DIRECTION ( 'NONE',  ( 0.000000000000000000, 0.000000000000000000, 1.000000000000000000 ) ) ;
#669 = CARTESIAN_POINT ( 'NONE',  ( 46.00000000000000000, -3.000000000000000000, 47.00000000000000000 ) ) ;
#670 = VECTOR ( 'NONE', #383, 1000.000000000000000 ) ;
#671 = EDGE_CURVE ( 'NONE', #1305, #1024, #1593, .T. ) ;
#672 = VECTOR ( 'NONE', #1828, 1000.000000000000000 ) ;
#673 = ORIENTED_EDGE ( 'NONE', *, *, #153, .T. ) ;
#674 = LINE ( 'NONE', #818, #1273 ) ;
#675 = DIRECTION ( 'NONE',  ( 0.000000000000000000, 0.000000000000000000, 1.000000000000000000 ) ) ;
#676 = FACE_BOUND ( 'NONE', #261, .T. ) ;
#677 = ORIENTED_EDGE ( 'NONE', *, *, #1277, .T. ) ;
#678 = EDGE_CURVE ( 'NONE', #955, #661, #1009, .T. ) ;
#679 = DIRECTION ( 'NONE',  ( 0.000000000000000000, 1.000000000000000000, 0.000000000000000000 ) ) ;
#680 = PLANE ( 'NONE',  #1270 ) ;
#681 = ADVANCED_FACE ( 'NONE', ( #169 ), #1086, .F. ) ;
#682 = ORIENTED_EDGE ( 'NONE', *, *, #1577, .F. ) ;
#683 = FACE_OUTER_BOUND ( 'NONE', #590, .T. ) ;
#684 = CARTESIAN_POINT ( 'NONE',  ( 0.000000000000000000, -4.000000000000000000, -54.00000000000000000 ) ) ;
#685 = AXIS2_PLACEMENT_3D ( 'NONE', #268, #1867, #1995 ) ;
#686 = FACE_OUTER_BOUND ( 'NONE', #724, .T. ) ;
#687 = FACE_BOUND ( 'NONE', #83, .T. ) ;
#688 = ORIENTED_EDGE ( 'NONE', *, *, #1423, .F. ) ;
#689 = CARTESIAN_POINT ( 'NONE',  ( 100.0000000000000000, -16.00000000000000000, 57.00000000000000000 ) ) ;
#690 = DIRECTION ( 'NONE',  ( 0.000000000000000000, 1.000000000000000000, 0.000000000000000000 ) ) ;
#691 = ORIENTED_EDGE ( 'NONE', *, *, #1058, .T. ) ;
#692 = DIRECTION ( 'NONE',  ( -0.000000000000000000, 1.000000000000000000, -0.000000000000000000 ) ) ;
#693 = EDGE_CURVE ( 'NONE', #1719, #568, #1075, .T. ) ;
#694 = FACE_OUTER_BOUND ( 'NONE', #1535, .T. ) ;
#695 = ADVANCED_FACE ( 'NONE', ( #1689 ), #768, .F. ) ;
#696 = DIRECTION ( 'NONE',  ( -1.000000000000000000, 0.000000000000000000, -0.000000000000000000 ) ) ;
#697 = FACE_BOUND ( 'NONE', #397, .T. ) ;
#698 = ORIENTED_EDGE ( 'NONE', *, *, #608, .T. ) ;
#699 = CARTESIAN_POINT ( 'NONE',  ( -8.000000000000000000, -3.000000000000000000, -0.000000000000000000 ) ) ;
#700 = AXIS2_PLACEMENT_3D ( 'NONE', #1969, #1027, #1188 ) ;
#701 = CARTESIAN_POINT ( 'NONE',  ( -110.0000000000000000, 0.000000000000000000, 67.50000000000000000 ) ) ;
#702 = ORIENTED_EDGE ( 'NONE', *, *, #35, .F. ) ;
#703 = DIRECTION ( 'NONE',  ( 0.000000000000000000, 0.000000000000000000, 1.000000000000000000 ) ) ;
#704 = CARTESIAN_POINT ( 'NONE',  ( -100.0000000000000000, -16.00000000000000000, -57.00000000000000000 ) ) ;
#705 = VECTOR ( 'NONE', #1065, 1000.000000000000000 ) ;
#706 = CARTESIAN_POINT ( 'NONE',  ( -60.00000000000000000, 0.000000000000000000, -30.00000000000000000 ) ) ;
#707 = AXIS2_PLACEMENT_3D ( 'NONE', #1597, #491, #1443 ) ;
#708 = ADVANCED_FACE ( 'NONE', ( #279 ), #586, .F. ) ;
#709 = EDGE_LOOP ( 'NONE', ( #682, #956, #1310, #1539 ) ) ;
#710 = ORIENTED_EDGE ( 'NONE', *, *, #1938, .T. ) ;
#711 = FACE_OUTER_BOUND ( 'NONE', #630, .T. ) ;
#712 = DIRECTION ( 'NONE',  ( -1.000000000000000000, 0.000000000000000000, -0.000000000000000000 ) ) ;
#713 = VERTEX_POINT ( 'NONE', #616 ) ;
#714 = CYLINDRICAL_SURFACE ( 'NONE', #50, 9.250000000000001776 ) ;
#715 = PLANE ( 'NONE',  #1731 ) ;
#716 = DIRECTION ( 'NONE',  ( 0.000000000000000000, 0.000000000000000000, 1.000000000000000000 ) ) ;
#717 = CIRCLE ( 'NONE', #430, 9.250000000000003553 ) ;
#718 = ORIENTED_EDGE ( 'NONE', *, *, #184, .T. ) ;
#719 = EDGE_LOOP ( 'NONE', ( #1884, #1735, #1965, #1469 ) ) ;
#720 = EDGE_CURVE ( 'NONE', #1961, #1012, #1395, .T. ) ;
#721 = EDGE_CURVE ( 'NONE', #1672, #883, #605, .T. ) ;
#722 = CARTESIAN_POINT ( 'NONE',  ( 110.0000000000000000, 0.000000000000000000, -67.50000000000000000 ) ) ;
#723 = CARTESIAN_POINT ( 'NONE',  ( 16.00000000000000000, -3.000000000000000000, -30.00000000000000000 ) ) ;
#724 = EDGE_LOOP ( 'NONE', ( #1372, #1503, #1649, #1631 ) ) ;
#725 = CARTESIAN_POINT ( 'NONE',  ( -8.000000000000000000, 0.000000000000000000, -54.00000000000000000 ) ) ;
#726 = LINE ( 'NONE', #1816, #54 ) ;
#727 = FACE_OUTER_BOUND ( 'NONE', #596, .T. ) ;
#728 = ORIENTED_EDGE ( 'NONE', *, *, #1743, .F. ) ;
#729 = ORIENTED_EDGE ( 'NONE', *, *, #1551, .T. ) ;
#730 = COORDINATED_UNIVERSAL_TIME_OFFSET ( 8, 0, .AHEAD. ) ;
#731 = FACE_OUTER_BOUND ( 'NONE', #1612, .T. ) ;
#732 = EDGE_CURVE ( 'NONE', #410, #1497, #1718, .T. ) ;
#733 = PLANE ( 'NONE',  #959 ) ;
#734 = VERTEX_POINT ( 'NONE', #140 ) ;
#735 = CARTESIAN_POINT ( 'NONE',  ( -44.00000000000000000, -4.000000000000000000, 49.00000000000000000 ) ) ;
#736 = LINE ( 'NONE', #246, #804 ) ;
#737 = EDGE_CURVE ( 'NONE', #1637, #1073, #837, .T. ) ;
#738 = VECTOR ( 'NONE', #317, 1000.000000000000000 ) ;
#739 = DIRECTION ( 'NONE',  ( 1.000000000000000000, 0.000000000000000000, 0.000000000000000000 ) ) ;
#740 = VECTOR ( 'NONE', #1143, 1000.000000000000000 ) ;
#741 = VECTOR ( 'NONE', #183, 1000.000000000000000 ) ;
#742 = ORIENTED_EDGE ( 'NONE', *, *, #176, .T. ) ;
#743 = ORIENTED_EDGE ( 'NONE', *, *, #14, .T. ) ;
#744 = DIRECTION ( 'NONE',  ( 0.000000000000000000, 0.000000000000000000, 1.000000000000000000 ) ) ;
#745 = DIRECTION ( 'NONE',  ( -0.000000000000000000, 1.000000000000000000, -0.000000000000000000 ) ) ;
#746 = PRODUCT_DEFINITION_SHAPE ( 'NONE', 'NONE',  #957 ) ;
#747 = ORIENTED_EDGE ( 'NONE', *, *, #1936, .F. ) ;
#748 = DIRECTION ( 'NONE',  ( -0.000000000000000000, 1.000000000000000000, -0.000000000000000000 ) ) ;
#749 = CARTESIAN_POINT ( 'NONE',  ( 100.0000000000000000, -16.00000000000000000, -55.20000000000000995 ) ) ;
#750 = CARTESIAN_POINT ( 'NONE',  ( -80.00000000000000000, 0.000000000000000000, -54.00000000000000000 ) ) ;
#751 = EDGE_LOOP ( 'NONE', ( #10, #742, #386, #1400, #997, #791 ) ) ;
#752 = VERTEX_POINT ( 'NONE', #1096 ) ;
#753 = AXIS2_PLACEMENT_3D ( 'NONE', #916, #623, #1696 ) ;
#754 = VECTOR ( 'NONE', #212, 1000.000000000000000 ) ;
#755 = LINE ( 'NONE', #12, #121 ) ;
#756 = LINE ( 'NONE', #1866, #394 ) ;
#757 = ORIENTED_EDGE ( 'NONE', *, *, #1721, .T. ) ;
#758 = CARTESIAN_POINT ( 'NONE',  ( -8.000000000000000000, -3.000000000000000000, -54.00000000000000000 ) ) ;
#759 = LINE ( 'NONE', #906, #1043 ) ;
#760 = EDGE_CURVE ( 'NONE', #1635, #1245, #759, .T. ) ;
#761 = FACE_OUTER_BOUND ( 'NONE', #1733, .T. ) ;
#762 = EDGE_CURVE ( 'NONE', #447, #1502, #301, .T. ) ;
#763 = ORIENTED_EDGE ( 'NONE', *, *, #1525, .T. ) ;
#764 = ORIENTED_EDGE ( 'NONE', *, *, #1340, .T. ) ;
#765 = DIRECTION ( 'NONE',  ( -0.000000000000000000, 0.000000000000000000, 1.000000000000000000 ) ) ;
#766 = PLANE ( 'NONE',  #2002 ) ;
#767 = DIRECTION ( 'NONE',  ( -0.000000000000000000, 1.000000000000000000, -0.000000000000000000 ) ) ;
#768 = PLANE ( 'NONE',  #319 ) ;
#769 = VERTEX_POINT ( 'NONE', #1869 ) ;
#770 = CARTESIAN_POINT ( 'NONE',  ( 75.00000000000000000, 0.000000000000000000, 17.00000000000000000 ) ) ;
#771 = VECTOR ( 'NONE', #692, 1000.000000000000000 ) ;
#772 = EDGE_LOOP ( 'NONE', ( #610, #534, #43, #747 ) ) ;
#773 = VERTEX_POINT ( 'NONE', #454 ) ;
#774 = AXIS2_PLACEMENT_3D ( 'NONE', #704, #1338, #1328 ) ;
#775 = EDGE_CURVE ( 'NONE', #1186, #334, #1992, .T. ) ;
#776 = DIRECTION ( 'NONE',  ( -1.000000000000000000, -0.000000000000000000, -0.000000000000000000 ) ) ;
#777 = DIRECTION ( 'NONE',  ( 0.000000000000000000, 0.000000000000000000, -1.000000000000000000 ) ) ;
#778 = CARTESIAN_POINT ( 'NONE',  ( -0.000000000000000000, -3.000000000000000000, -30.00000000000000000 ) ) ;
#779 = DIRECTION ( 'NONE',  ( 1.000000000000000000, 0.000000000000000000, 0.000000000000000000 ) ) ;
#780 = ORIENTED_EDGE ( 'NONE', *, *, #274, .T. ) ;
#781 = PLANE ( 'NONE',  #947 ) ;
#782 = ORIENTED_EDGE ( 'NONE', *, *, #500, .T. ) ;
#783 = ORIENTED_EDGE ( 'NONE', *, *, #44, .T. ) ;
#784 = ADVANCED_FACE ( 'NONE', ( #4 ), #938, .T. ) ;
#785 = LINE ( 'NONE', #948, #738 ) ;
#786 = MANIFOLD_SOLID_BREP ( 'Vent_Slot_6', #1855 ) ;
#787 = EDGE_CURVE ( 'NONE', #817, #955, #929, .T. ) ;
#788 = VECTOR ( 'NONE', #562, 1000.000000000000000 ) ;
#789 = DIRECTION ( 'NONE',  ( 1.000000000000000000, 0.000000000000000000, 0.000000000000000000 ) ) ;
#790 = DIRECTION ( 'NONE',  ( -0.000000000000000000, 0.000000000000000000, 1.000000000000000000 ) ) ;
#791 = ORIENTED_EDGE ( 'NONE', *, *, #46, .F. ) ;
#792 = LINE ( 'NONE', #1702, #1916 ) ;
#793 = VERTEX_POINT ( 'NONE', #1550 ) ;
#794 = ORIENTED_EDGE ( 'NONE', *, *, #1742, .T. ) ;
#795 = APPLICATION_PROTOCOL_DEFINITION ( 'international standard', 'config_control_design', 1994, #1917 ) ;
#796 = FACE_OUTER_BOUND ( 'NONE', #945, .T. ) ;
#797 = ORIENTED_EDGE ( 'NONE', *, *, #844, .F. ) ;
#798 = EDGE_CURVE ( 'NONE', #640, #1490, #161, .T. ) ;
#799 = CARTESIAN_POINT ( 'NONE',  ( -44.00000000000000000, 0.000000000000000000, 19.00000000000000000 ) ) ;
#800 = DIRECTION ( 'NONE',  ( -0.000000000000000000, -0.000000000000000000, 1.000000000000000000 ) ) ;
#801 = ORIENTED_EDGE ( 'NONE', *, *, #519, .T. ) ;
#802 = VECTOR ( 'NONE', #1776, 1000.000000000000000 ) ;
#803 = AXIS2_PLACEMENT_3D ( 'NONE', #362, #1278, #1478 ) ;
#804 = VECTOR ( 'NONE', #403, 1000.000000000000000 ) ;
#805 = CARTESIAN_POINT ( 'NONE',  ( -110.0000000000000000, -3.000000000000000000, -67.50000000000000000 ) ) ;
#806 = VECTOR ( 'NONE', #1769, 1000.000000000000000 ) ;
#807 = FACE_OUTER_BOUND ( 'NONE', #16, .T. ) ;
#808 = ORIENTED_EDGE ( 'NONE', *, *, #865, .T. ) ;
#809 = LINE ( 'NONE', #1762, #27 ) ;
#810 = ORIENTED_EDGE ( 'NONE', *, *, #571, .T. ) ;
#811 = ORIENTED_EDGE ( 'NONE', *, *, #1402, .T. ) ;
#812 = DIRECTION ( 'NONE',  ( 0.000000000000000000, 0.000000000000000000, 1.000000000000000000 ) ) ;
#813 = LINE ( 'NONE', #835, #1872 ) ;
#814 = DIRECTION ( 'NONE',  ( -0.000000000000000000, 1.000000000000000000, -0.000000000000000000 ) ) ;
#815 = CIRCLE ( 'NONE', #1439, 9.250000000000005329 ) ;
#816 = APPROVAL_PERSON_ORGANIZATION ( #1748, #1379, #973 ) ;
#817 = VERTEX_POINT ( 'NONE', #2007 ) ;
#818 = CARTESIAN_POINT ( 'NONE',  ( 75.00000000000000000, -1.199999999999999956, 51.00000000000000000 ) ) ;
#819 = ADVANCED_FACE ( 'NONE', ( #472 ), #1848, .F. ) ;
#820 = LINE ( 'NONE', #1467, #1753 ) ;
#821 = EDGE_CURVE ( 'NONE', #334, #1637, #213, .T. ) ;
#822 = EDGE_LOOP ( 'NONE', ( #1757, #498, #343, #1512 ) ) ;
#823 = FACE_BOUND ( 'NONE', #1814, .T. ) ;
#824 = ORIENTED_EDGE ( 'NONE', *, *, #153, .F. ) ;
#825 = EDGE_CURVE ( 'NONE', #272, #1153, #644, .T. ) ;
#826 = CARTESIAN_POINT ( 'NONE',  ( -78.00000000000000000, -4.000000000000000000, 49.00000000000000000 ) ) ;
#827 = CARTESIAN_POINT ( 'NONE',  ( -56.00000000000000000, -4.000000000000000000, -30.00000000000000000 ) ) ;
#828 = ORIENTED_EDGE ( 'NONE', *, *, #1684, .T. ) ;
#829 = CARTESIAN_POINT ( 'NONE',  ( -56.00000000000000000, -3.000000000000000000, -54.00000000000000000 ) ) ;
#830 = EDGE_LOOP ( 'NONE', ( #437, #994, #780, #262 ) ) ;
#831 = CARTESIAN_POINT ( 'NONE',  ( 100.0000000000000000, -2.999999999999999112, 55.20000000000000284 ) ) ;
#832 = ORIENTED_EDGE ( 'NONE', *, *, #428, .T. ) ;
#833 = EDGE_CURVE ( 'NONE', #955, #1797, #1116, .T. ) ;
#834 = AXIS2_PLACEMENT_3D ( 'NONE', #84, #216, #703 ) ;
#835 = CARTESIAN_POINT ( 'NONE',  ( 75.00000000000000000, -1.199999999999999956, 51.00000000000000000 ) ) ;
#836 = DIRECTION ( 'NONE',  ( -1.000000000000000000, 0.000000000000000000, -0.000000000000000000 ) ) ;
#837 = CIRCLE ( 'NONE', #2025, 9.250000000000005329 ) ;
#838 = ORIENTED_EDGE ( 'NONE', *, *, #1783, .T. ) ;
#839 = DIRECTION ( 'NONE',  ( 1.000000000000000000, 0.000000000000000000, 0.000000000000000000 ) ) ;
#840 = DIRECTION ( 'NONE',  ( 0.000000000000000000, -1.000000000000000000, 0.000000000000000000 ) ) ;
#841 = CARTESIAN_POINT ( 'NONE',  ( 46.00000000000000000, -3.000000000000000000, 56.25000000000000000 ) ) ;
#842 = CARTESIAN_POINT ( 'NONE',  ( 46.00000000000000000, 0.000000000000000000, 11.74999999999999822 ) ) ;
#843 = ORIENTED_EDGE ( 'NONE', *, *, #1997, .F. ) ;
#844 = EDGE_CURVE ( 'NONE', #773, #1921, #1421, .T. ) ;
#845 = DATE_TIME_ROLE ( 'classification_date' ) ;
#846 = FACE_OUTER_BOUND ( 'NONE', #1767, .T. ) ;
#847 = EDGE_CURVE ( 'NONE', #29, #1125, #366, .T. ) ;
#848 = DIRECTION ( 'NONE',  ( -0.000000000000000000, 1.000000000000000000, -0.000000000000000000 ) ) ;
#849 = ORIENTED_EDGE ( 'NONE', *, *, #2008, .F. ) ;
#850 = AXIS2_PLACEMENT_3D ( 'NONE', #470, #789, #1886 ) ;
#851 = LINE ( 'NONE', #1030, #1076 ) ;
#852 = CARTESIAN_POINT ( 'NONE',  ( 108.0000000000000000, -12.00000000000000000, 65.50000000000000000 ) ) ;
#853 = SECURITY_CLASSIFICATION ( '', '', #1958 ) ;
#854 = FACE_OUTER_BOUND ( 'NONE', #19, .T. ) ;
#855 = PLANE ( 'NONE',  #1870 ) ;
#856 = ORIENTED_EDGE ( 'NONE', *, *, #1514, .F. ) ;
#857 = PERSON ( '未指定', '未指定', '未指定', ('未指定'), ('未指定'), ('未指定') ) ;
#858 = DATE_AND_TIME ( #1822, #493 ) ;
#859 = DIRECTION ( 'NONE',  ( 1.000000000000000000, 0.000000000000000000, 0.000000000000000000 ) ) ;
#860 = CARTESIAN_POINT ( 'NONE',  ( 0.000000000000000000, -3.000000000000000000, -54.00000000000000000 ) ) ;
#861 = CC_DESIGN_PERSON_AND_ORGANIZATION_ASSIGNMENT ( #1606, #1167, ( #957 ) ) ;
#862 = VERTEX_POINT ( 'NONE', #1416 ) ;
#863 = DIRECTION ( 'NONE',  ( 0.000000000000000000, 0.000000000000000000, -1.000000000000000000 ) ) ;
#864 = DIRECTION ( 'NONE',  ( -1.000000000000000000, 0.000000000000000000, -0.000000000000000000 ) ) ;
#865 = EDGE_CURVE ( 'NONE', #6, #1350, #329, .T. ) ;
#866 = ADVANCED_FACE ( 'NONE', ( #796, #1887 ), #1451, .T. ) ;
#867 = LINE ( 'NONE', #259, #52 ) ;
#868 = EDGE_LOOP ( 'NONE', ( #552, #406, #1675, #1158 ) ) ;
#869 = ORIENTED_EDGE ( 'NONE', *, *, #1290, .F. ) ;
#870 = FACE_OUTER_BOUND ( 'NONE', #719, .T. ) ;
#871 = VECTOR ( 'NONE', #1962, 1000.000000000000000 ) ;
#872 = CARTESIAN_POINT ( 'NONE',  ( 108.0000000000000000, -12.00000000000000000, -65.50000000000000000 ) ) ;
#873 = ORIENTED_EDGE ( 'NONE', *, *, #209, .F. ) ;
#874 = CARTESIAN_POINT ( 'NONE',  ( -84.00000000000000000, 0.000000000000000000, -30.00000000000000000 ) ) ;
#875 = DIRECTION ( 'NONE',  ( -1.000000000000000000, 0.000000000000000000, -0.000000000000000000 ) ) ;
#876 = VECTOR ( 'NONE', #1215, 1000.000000000000000 ) ;
#877 = EDGE_CURVE ( 'NONE', #1750, #1796, #975, .T. ) ;
#878 = DIRECTION ( 'NONE',  ( 0.000000000000000000, -1.000000000000000000, 0.000000000000000000 ) ) ;
#879 = ORIENTED_EDGE ( 'NONE', *, *, #1340, .F. ) ;
#880 = ORIENTED_EDGE ( 'NONE', *, *, #57, .T. ) ;
#881 = CARTESIAN_POINT ( 'NONE',  ( 12.00000000000000000, 0.000000000000000000, -30.00000000000000000 ) ) ;
#882 = LINE ( 'NONE', #1364, #330 ) ;
#883 = VERTEX_POINT ( 'NONE', #1139 ) ;
#884 = CARTESIAN_POINT ( 'NONE',  ( 17.00000000000000000, 0.000000000000000000, 17.00000000000000000 ) ) ;
#885 = DIRECTION ( 'NONE',  ( -0.000000000000000000, -0.000000000000000000, 1.000000000000000000 ) ) ;
#886 = FACE_OUTER_BOUND ( 'NONE', #958, .T. ) ;
#887 = VECTOR ( 'NONE', #1155, 1000.000000000000000 ) ;
#888 = EDGE_CURVE ( 'NONE', #1747, #447, #1578, .T. ) ;
#889 = VECTOR ( 'NONE', #1557, 1000.000000000000000 ) ;
#890 = EDGE_LOOP ( 'NONE', ( #1293, #1546, #1326, #1331 ) ) ;
#891 = ORIENTED_EDGE ( 'NONE', *, *, #1514, .T. ) ;
#892 = EDGE_CURVE ( 'NONE', #980, #528, #39, .T. ) ;
#893 = CARTESIAN_POINT ( 'NONE',  ( -68.00000000000000000, 0.000000000000000000, -30.00000000000000000 ) ) ;
#894 = CARTESIAN_POINT ( 'NONE',  ( -108.0000000000000000, -12.00000000000000000, -65.50000000000000000 ) ) ;
#895 = ORIENTED_EDGE ( 'NONE', *, *, #1279, .F. ) ;
#896 = DIRECTION ( 'NONE',  ( 0.000000000000000000, 0.000000000000000000, -1.000000000000000000 ) ) ;
#897 = CARTESIAN_POINT ( 'NONE',  ( 100.0000000000000000, -2.999999999999999112, 57.00000000000000000 ) ) ;
#898 = PLANE ( 'NONE',  #1039 ) ;
#899 = ORIENTED_EDGE ( 'NONE', *, *, #1864, .F. ) ;
#900 = ORIENTED_EDGE ( 'NONE', *, *, #32, .F. ) ;
#901 = PLANE ( 'NONE',  #446 ) ;
#902 = EDGE_CURVE ( 'NONE', #1614, #1059, #660, .T. ) ;
#903 = CARTESIAN_POINT ( 'NONE',  ( -12.00000000000000000, -4.000000000000000000, -30.00000000000000000 ) ) ;
#904 = ORIENTED_EDGE ( 'NONE', *, *, #426, .T. ) ;
#905 = CARTESIAN_POINT ( 'NONE',  ( 46.00000000000000000, -3.000000000000000000, 21.00000000000000000 ) ) ;
#906 = CARTESIAN_POINT ( 'NONE',  ( 12.00000000000000000, -4.000000000000000000, -54.00000000000000000 ) ) ;
#907 = VECTOR ( 'NONE', #859, 1000.000000000000000 ) ;
#908 = VECTOR ( 'NONE', #570, 1000.000000000000000 ) ;
#909 = DIRECTION ( 'NONE',  ( 0.000000000000000000, 0.000000000000000000, -1.000000000000000000 ) ) ;
#910 = CIRCLE ( 'NONE', #251, 1.799999999999989164 ) ;
#911 = VECTOR ( 'NONE', #444, 1000.000000000000000 ) ;
#912 = ORIENTED_EDGE ( 'NONE', *, *, #1058, .F. ) ;
#913 = EDGE_LOOP ( 'NONE', ( #718, #1982, #1427, #396 ) ) ;
#914 = DIRECTION ( 'NONE',  ( 1.000000000000000000, 0.000000000000000000, 0.000000000000000000 ) ) ;
#915 = ADVANCED_FACE ( 'NONE', ( #1759 ), #1737, .F. ) ;
#916 = CARTESIAN_POINT ( 'NONE',  ( 100.0000000000000000, -16.00000000000000000, 57.00000000000000000 ) ) ;
#917 = VERTEX_POINT ( 'NONE', #1283 ) ;
#918 = EDGE_CURVE ( 'NONE', #1626, #1555, #967, .T. ) ;
#919 = DIRECTION ( 'NONE',  ( -1.000000000000000000, 0.000000000000000000, -0.000000000000000000 ) ) ;
#920 = CARTESIAN_POINT ( 'NONE',  ( 0.000000000000000000, -4.000000000000000000, -30.00000000000000000 ) ) ;
#921 = DIRECTION ( 'NONE',  ( -1.000000000000000000, -0.000000000000000000, -0.000000000000000000 ) ) ;
#922 = ORIENTED_EDGE ( 'NONE', *, *, #99, .T. ) ;
#923 = ORIENTED_EDGE ( 'NONE', *, *, #1363, .T. ) ;
#924 = CIRCLE ( 'NONE', #102, 1.799999999999989164 ) ;
#925 = APPROVAL_PERSON_ORGANIZATION ( #69, #497, #1789 ) ;
#926 = LINE ( 'NONE', #1093, #537 ) ;
#927 = CARTESIAN_POINT ( 'NONE',  ( -68.00000000000000000, -4.000000000000000000, -54.00000000000000000 ) ) ;
#928 = DIRECTION ( 'NONE',  ( -0.000000000000000000, 1.000000000000000000, -0.000000000000000000 ) ) ;
#929 = LINE ( 'NONE', #1531, #911 ) ;
#930 = ORIENTED_EDGE ( 'NONE', *, *, #1448, .T. ) ;
#931 = LINE ( 'NONE', #18, #1529 ) ;
#932 = EDGE_CURVE ( 'NONE', #25, #132, #188, .T. ) ;
#933 = ORIENTED_EDGE ( 'NONE', *, *, #612, .T. ) ;
#934 = ORIENTED_EDGE ( 'NONE', *, *, #1773, .F. ) ;
#935 = LINE ( 'NONE', #1374, #2021 ) ;
#936 = DIRECTION ( 'NONE',  ( 0.000000000000000000, 0.000000000000000000, 1.000000000000000000 ) ) ;
#937 = DIRECTION ( 'NONE',  ( -0.000000000000000000, 1.000000000000000000, -0.000000000000000000 ) ) ;
#938 = PLANE ( 'NONE',  #1113 ) ;
#939 = VERTEX_POINT ( 'NONE', #177 ) ;
#940 = DIRECTION ( 'NONE',  ( 0.000000000000000000, 0.000000000000000000, -1.000000000000000000 ) ) ;
#941 = VECTOR ( 'NONE', #1292, 1000.000000000000000 ) ;
#942 = ADVANCED_FACE ( 'NONE', ( #807 ), #1905, .F. ) ;
#943 = ORIENTED_EDGE ( 'NONE', *, *, #720, .F. ) ;
#944 = EDGE_CURVE ( 'NONE', #111, #1109, #1128, .T. ) ;
#945 = EDGE_LOOP ( 'NONE', ( #912, #1687, #849, #467 ) ) ;
#946 = VECTOR ( 'NONE', #1195, 1000.000000000000000 ) ;
#947 = AXIS2_PLACEMENT_3D ( 'NONE', #1552, #152, #293 ) ;
#948 = CARTESIAN_POINT ( 'NONE',  ( 0.000000000000000000, -3.000000000000000000, -54.00000000000000000 ) ) ;
#949 = LINE ( 'NONE', #1405, #1181 ) ;
#950 = LINE ( 'NONE', #210, #1676 ) ;
#951 = DIRECTION ( 'NONE',  ( -1.000000000000000000, 0.000000000000000000, -0.000000000000000000 ) ) ;
#952 = EDGE_LOOP ( 'NONE', ( #843, #964, #573, #1536 ) ) ;
#953 = PLANE ( 'NONE',  #416 ) ;
#954 = EDGE_CURVE ( 'NONE', #1777, #1012, #1147, .T. ) ;
#955 = VERTEX_POINT ( 'NONE', #510 ) ;
#956 = ORIENTED_EDGE ( 'NONE', *, *, #1437, .T. ) ;
#957 = PRODUCT_DEFINITION ( '未知', '', #1902, #189 ) ;
#958 = EDGE_LOOP ( 'NONE', ( #617, #1893, #811, #1355 ) ) ;
#959 = AXIS2_PLACEMENT_3D ( 'NONE', #1201, #1051, #712 ) ;
#960 = EDGE_CURVE ( 'NONE', #1750, #601, #203, .T. ) ;
#961 = CARTESIAN_POINT ( 'NONE',  ( -0.000000000000000000, -3.000000000000000000, -30.00000000000000000 ) ) ;
#962 = ORIENTED_EDGE ( 'NONE', *, *, #2020, .F. ) ;
#963 = DIRECTION ( 'NONE',  ( -0.000000000000000000, 1.000000000000000000, -0.000000000000000000 ) ) ;
#964 = ORIENTED_EDGE ( 'NONE', *, *, #865, .F. ) ;
#965 = ORIENTED_EDGE ( 'NONE', *, *, #185, .T. ) ;
#966 = PERSON_AND_ORGANIZATION ( #857, #68 ) ;
#967 = LINE ( 'NONE', #1585, #1079 ) ;
#968 = VERTEX_POINT ( 'NONE', #254 ) ;
#969 = LINE ( 'NONE', #1425, #1824 ) ;
#970 = DIRECTION ( 'NONE',  ( 0.000000000000000000, 1.000000000000000000, 0.000000000000000000 ) ) ;
#971 = VECTOR ( 'NONE', #1705, 1000.000000000000000 ) ;
#972 = AXIS2_PLACEMENT_3D ( 'NONE', #463, #598, #309 ) ;
#973 = APPROVAL_ROLE ( '' ) ;
#974 = VECTOR ( 'NONE', #984, 1000.000000000000000 ) ;
#975 = LINE ( 'NONE', #1122, #1860 ) ;
#976 = ADVANCED_FACE ( 'NONE', ( #1630 ), #398, .F. ) ;
#977 = VERTEX_POINT ( 'NONE', #1494 ) ;
#978 = LINE ( 'NONE', #332, #1952 ) ;
#979 = CARTESIAN_POINT ( 'NONE',  ( 37.65958634119385806, -1.199999999999999734, 17.00000000000000000 ) ) ;
#980 = VERTEX_POINT ( 'NONE', #881 ) ;
#981 = DIRECTION ( 'NONE',  ( -0.000000000000000000, 1.000000000000000000, -0.000000000000000000 ) ) ;
#982 = EDGE_LOOP ( 'NONE', ( #1068, #1475, #549, #923 ) ) ;
#983 = CARTESIAN_POINT ( 'NONE',  ( -110.0000000000000000, -3.000000000000000000, 67.50000000000000000 ) ) ;
#984 = DIRECTION ( 'NONE',  ( -1.000000000000000000, -0.000000000000000000, -0.000000000000000000 ) ) ;
#985 = VECTOR ( 'NONE', #221, 1000.000000000000000 ) ;
#986 = AXIS2_PLACEMENT_3D ( 'NONE', #826, #1461, #1616 ) ;
#987 = ORIENTED_EDGE ( 'NONE', *, *, #428, .F. ) ;
#988 = CARTESIAN_POINT ( 'NONE',  ( 17.00000000000000000, -1.199999999999999956, 51.00000000000000000 ) ) ;
#989 = CARTESIAN_POINT ( 'NONE',  ( -108.0000000000000000, -12.00000000000000000, -65.50000000000000000 ) ) ;
#990 = EDGE_CURVE ( 'NONE', #1626, #374, #93, .T. ) ;
#991 = LINE ( 'NONE', #657, #1019 ) ;
#992 = DIRECTION ( 'NONE',  ( 0.000000000000000000, 0.000000000000000000, 1.000000000000000000 ) ) ;
#993 = CARTESIAN_POINT ( 'NONE',  ( -108.0000000000000000, -12.00000000000000000, -65.50000000000000000 ) ) ;
#994 = ORIENTED_EDGE ( 'NONE', *, *, #1515, .F. ) ;
#995 = DIRECTION ( 'NONE',  ( -0.000000000000000000, 1.000000000000000000, -0.000000000000000000 ) ) ;
#996 = CARTESIAN_POINT ( 'NONE',  ( 16.00000000000000000, -3.000000000000000000, 0.000000000000000000 ) ) ;
#997 = ORIENTED_EDGE ( 'NONE', *, *, #671, .T. ) ;
#998 = EDGE_CURVE ( 'NONE', #507, #294, #1526, .T. ) ;
#999 = ADVANCED_FACE ( 'NONE', ( #711 ), #224, .F. ) ;
#1000 = FACE_BOUND ( 'NONE', #1595, .T. ) ;
#1001 = EDGE_LOOP ( 'NONE', ( #1272, #1359, #619, #100 ) ) ;
#1002 = VECTOR ( 'NONE', #529, 1000.000000000000000 ) ;
#1003 = APPROVAL_ROLE ( '' ) ;
#1004 = LINE ( 'NONE', #699, #344 ) ;
#1005 = VECTOR ( 'NONE', #504, 1000.000000000000000 ) ;
#1006 = VECTOR ( 'NONE', #1388, 1000.000000000000000 ) ;
#1007 = VERTEX_POINT ( 'NONE', #722 ) ;
#1008 = DIRECTION ( 'NONE',  ( 0.000000000000000000, 0.000000000000000000, -1.000000000000000000 ) ) ;
#1009 = LINE ( 'NONE', #920, #1892 ) ;
#1010 = DIRECTION ( 'NONE',  ( -0.000000000000000000, 1.000000000000000000, -0.000000000000000000 ) ) ;
#1011 = CARTESIAN_POINT ( 'NONE',  ( 0.000000000000000000, 0.000000000000000000, 0.000000000000000000 ) ) ;
#1012 = VERTEX_POINT ( 'NONE', #388 ) ;
#1013 = CC_DESIGN_DATE_AND_TIME_ASSIGNMENT ( #858, #569, ( #957 ) ) ;
#1014 = PERSON_AND_ORGANIZATION ( #857, #68 ) ;
#1015 = LINE ( 'NONE', #1642, #182 ) ;
#1016 = ADVANCED_FACE ( 'NONE', ( #1168 ), #70, .T. ) ;
#1017 = CARTESIAN_POINT ( 'NONE',  ( 17.00000000000000000, 0.000000000000000000, 51.00000000000000000 ) ) ;
#1018 = EDGE_LOOP ( 'NONE', ( #1645, #1052, #743, #1197 ) ) ;
#1019 = VECTOR ( 'NONE', #506, 1000.000000000000000 ) ;
#1020 = CYLINDRICAL_SURFACE ( 'NONE', #1693, 1.799999999999989164 ) ;
#1021 = LINE ( 'NONE', #1647, #1428 ) ;
#1022 = CC_DESIGN_SECURITY_CLASSIFICATION ( #853, ( #1902 ) ) ;
#1023 = FACE_OUTER_BOUND ( 'NONE', #1264, .T. ) ;
#1024 = VERTEX_POINT ( 'NONE', #560 ) ;
#1025 = ORIENTED_EDGE ( 'NONE', *, *, #1721, .F. ) ;
#1026 = ORIENTED_EDGE ( 'NONE', *, *, #944, .F. ) ;
#1027 = DIRECTION ( 'NONE',  ( -1.000000000000000000, 0.000000000000000000, 0.000000000000000000 ) ) ;
#1028 = DIRECTION ( 'NONE',  ( 0.000000000000000000, -1.000000000000000000, 0.000000000000000000 ) ) ;
#1029 = ORIENTED_EDGE ( 'NONE', *, *, #1232, .F. ) ;
#1030 = CARTESIAN_POINT ( 'NONE',  ( 0.000000000000000000, 0.000000000000000000, -30.00000000000000000 ) ) ;
#1031 = FACE_OUTER_BOUND ( 'NONE', #1723, .T. ) ;
#1032 = PLANE ( 'NONE',  #1397 ) ;
#1033 = ORIENTED_EDGE ( 'NONE', *, *, #1967, .F. ) ;
#1034 = ORIENTED_EDGE ( 'NONE', *, *, #932, .F. ) ;
#1035 = DIRECTION ( 'NONE',  ( -0.000000000000000000, 1.000000000000000000, -0.000000000000000000 ) ) ;
#1036 = AXIS2_PLACEMENT_3D ( 'NONE', #289, #919, #1377 ) ;
#1037 = DIRECTION ( 'NONE',  ( -0.000000000000000000, 1.000000000000000000, -0.000000000000000000 ) ) ;
#1038 = ORIENTED_EDGE ( 'NONE', *, *, #574, .F. ) ;
#1039 = AXIS2_PLACEMENT_3D ( 'NONE', #566, #696, #1217 ) ;
#1040 = CARTESIAN_POINT ( 'NONE',  ( 100.0000000000000000, -16.00000000000000000, -57.00000000000000000 ) ) ;
#1041 = CARTESIAN_POINT ( 'NONE',  ( -100.0000000000000000, -16.00000000000000000, 55.20000000000000995 ) ) ;
#1042 = ADVANCED_FACE ( 'NONE', ( #1799 ), #536, .F. ) ;
#1043 = VECTOR ( 'NONE', #1859, 1000.000000000000000 ) ;
#1044 = CARTESIAN_POINT ( 'NONE',  ( 16.00000000000000000, 0.000000000000000000, -30.00000000000000000 ) ) ;
#1045 = ADVANCED_FACE ( 'NONE', ( #846 ), #680, .F. ) ;
#1046 = ORIENTED_EDGE ( 'NONE', *, *, #1911, .T. ) ;
#1047 = EDGE_LOOP ( 'NONE', ( #1196, #1792, #1287, #1976 ) ) ;
#1048 = PRODUCT ( 'mars_lander_control_box_lid_v1', 'mars_lander_control_box_lid_v1', '', ( #1922 ) ) ;
#1049 = APPROVAL_DATE_TIME ( #1361, #223 ) ;
#1050 = CARTESIAN_POINT ( 'NONE',  ( -72.00000000000000000, -4.000000000000000000, -54.00000000000000000 ) ) ;
#1051 = DIRECTION ( 'NONE',  ( 0.000000000000000000, 0.000000000000000000, -1.000000000000000000 ) ) ;
#1052 = ORIENTED_EDGE ( 'NONE', *, *, #1909, .T. ) ;
#1053 = DIRECTION ( 'NONE',  ( 1.000000000000000000, 0.000000000000000000, 0.000000000000000000 ) ) ;
#1054 = PLANE ( 'NONE',  #1563 ) ;
#1055 = PLANE ( 'NONE',  #382 ) ;
#1056 = VECTOR ( 'NONE', #1699, 1000.000000000000000 ) ;
#1057 = APPROVAL_PERSON_ORGANIZATION ( #264, #223, #1003 ) ;
#1058 = EDGE_CURVE ( 'NONE', #862, #1452, #1352, .T. ) ;
#1059 = VERTEX_POINT ( 'NONE', #421 ) ;
#1060 = ORIENTED_EDGE ( 'NONE', *, *, #1880, .T. ) ;
#1061 = DIRECTION ( 'NONE',  ( 0.000000000000000000, 1.000000000000000000, 0.000000000000000000 ) ) ;
#1062 = CARTESIAN_POINT ( 'NONE',  ( 100.0000000000000000, -16.00000000000000000, 58.79999999999999005 ) ) ;
#1063 = VERTEX_POINT ( 'NONE', #1471 ) ;
#1064 = CARTESIAN_POINT ( 'NONE',  ( 37.65958634119385806, -4.000000000000000000, 51.00000000000000000 ) ) ;
#1065 = DIRECTION ( 'NONE',  ( -0.000000000000000000, -0.000000000000000000, 1.000000000000000000 ) ) ;
#1066 = DIRECTION ( 'NONE',  ( 0.000000000000000000, 0.000000000000000000, -1.000000000000000000 ) ) ;
#1067 = VERTEX_POINT ( 'NONE', #1811 ) ;
#1068 = ORIENTED_EDGE ( 'NONE', *, *, #954, .T. ) ;
#1069 = EDGE_CURVE ( 'NONE', #661, #1231, #1324, .T. ) ;
#1070 = EDGE_CURVE ( 'NONE', #350, #1109, #234, .T. ) ;
#1071 = DIRECTION ( 'NONE',  ( 0.000000000000000000, -0.000000000000000000, -1.000000000000000000 ) ) ;
#1072 = CARTESIAN_POINT ( 'NONE',  ( 17.00000000000000000, 0.000000000000000000, 17.00000000000000000 ) ) ;
#1073 = VERTEX_POINT ( 'NONE', #242 ) ;
#1074 = LINE ( 'NONE', #585, #1765 ) ;
#1075 = LINE ( 'NONE', #1700, #705 ) ;
#1076 = VECTOR ( 'NONE', #1654, 1000.000000000000000 ) ;
#1077 = CARTESIAN_POINT ( 'NONE',  ( -12.00000000000000000, -3.000000000000000000, -0.000000000000000000 ) ) ;
#1078 = AXIS2_PLACEMENT_3D ( 'NONE', #576, #108, #392 ) ;
#1079 = VECTOR ( 'NONE', #194, 1000.000000000000000 ) ;
#1080 = EDGE_LOOP ( 'NONE', ( #1804, #1100, #1832, #195 ) ) ;
#1081 = ORIENTED_EDGE ( 'NONE', *, *, #671, .F. ) ;
#1082 = CARTESIAN_POINT ( 'NONE',  ( -60.00000000000000000, 0.000000000000000000, -54.00000000000000000 ) ) ;
#1083 = CARTESIAN_POINT ( 'NONE',  ( -100.0000000000000000, 0.000000000000000000, 58.79999999999999005 ) ) ;
#1084 = LINE ( 'NONE', #778, #170 ) ;
#1085 = ADVANCED_FACE ( 'NONE', ( #870 ), #1933, .F. ) ;
#1086 = PLANE ( 'NONE',  #1370 ) ;
#1087 = EDGE_CURVE ( 'NONE', #1523, #769, #1004, .T. ) ;
#1088 = ORIENTED_EDGE ( 'NONE', *, *, #1670, .T. ) ;
#1089 = DIRECTION ( 'NONE',  ( 0.000000000000000000, 0.000000000000000000, -1.000000000000000000 ) ) ;
#1090 = ORIENTED_EDGE ( 'NONE', *, *, #1611, .F. ) ;
#1091 = ORIENTED_EDGE ( 'NONE', *, *, #519, .F. ) ;
#1092 = VECTOR ( 'NONE', #633, 1000.000000000000000 ) ;
#1093 = CARTESIAN_POINT ( 'NONE',  ( 108.0000000000000000, -12.00000000000000000, -65.50000000000000000 ) ) ;
#1094 = DIRECTION ( 'NONE',  ( 0.000000000000000000, 0.000000000000000000, -1.000000000000000000 ) ) ;
#1095 = LINE ( 'NONE', #2006, #1297 ) ;
#1096 = CARTESIAN_POINT ( 'NONE',  ( 110.0000000000000000, 0.000000000000000000, 67.50000000000000000 ) ) ;
#1097 = EDGE_CURVE ( 'NONE', #211, #350, #1015, .T. ) ;
#1098 = DIRECTION ( 'NONE',  ( 0.000000000000000000, 0.000000000000000000, -1.000000000000000000 ) ) ;
#1099 = ORIENTED_EDGE ( 'NONE', *, *, #1127, .F. ) ;
#1100 = ORIENTED_EDGE ( 'NONE', *, *, #1588, .T. ) ;
#1101 = DIRECTION ( 'NONE',  ( 0.000000000000000000, 1.000000000000000000, 0.000000000000000000 ) ) ;
#1102 = CARTESIAN_POINT ( 'NONE',  ( 46.00000000000000000, -1.199999999999999734, 21.00000000000000000 ) ) ;
#1103 = CARTESIAN_POINT ( 'NONE',  ( -84.00000000000000000, -4.000000000000000000, -30.00000000000000000 ) ) ;
#1104 = CARTESIAN_POINT ( 'NONE',  ( 0.000000000000000000, -4.000000000000000000, -30.00000000000000000 ) ) ;
#1105 = ORIENTED_EDGE ( 'NONE', *, *, #678, .F. ) ;
#1106 = DIRECTION ( 'NONE',  ( 1.000000000000000000, 0.000000000000000000, 0.000000000000000000 ) ) ;
#1107 = EDGE_CURVE ( 'NONE', #204, #1067, #1751, .T. ) ;
#1108 = VECTOR ( 'NONE', #1524, 1000.000000000000000 ) ;
#1109 = VERTEX_POINT ( 'NONE', #1991 ) ;
#1110 = ORIENTED_EDGE ( 'NONE', *, *, #1953, .F. ) ;
#1111 = CIRCLE ( 'NONE', #1560, 1.799999999999989164 ) ;
#1112 = EDGE_CURVE ( 'NONE', #211, #793, #1392, .T. ) ;
#1113 = AXIS2_PLACEMENT_3D ( 'NONE', #1259, #1878, #1727 ) ;
#1114 = EDGE_LOOP ( 'NONE', ( #1323, #620 ) ) ;
#1115 = DIRECTION ( 'NONE',  ( 0.000000000000000000, -1.000000000000000000, 0.000000000000000000 ) ) ;
#1116 = LINE ( 'NONE', #1274, #741 ) ;
#1117 = EDGE_LOOP ( 'NONE', ( #477, #1618 ) ) ;
#1118 = DIRECTION ( 'NONE',  ( -0.000000000000000000, 1.000000000000000000, -0.000000000000000000 ) ) ;
#1119 = ORIENTED_EDGE ( 'NONE', *, *, #990, .F. ) ;
#1120 = ORIENTED_EDGE ( 'NONE', *, *, #165, .F. ) ;
#1121 = PLANE ( 'NONE',  #1441 ) ;
#1122 = CARTESIAN_POINT ( 'NONE',  ( 0.000000000000000000, -3.000000000000000000, -54.00000000000000000 ) ) ;
#1123 = CARTESIAN_POINT ( 'NONE',  ( 17.00000000000000000, -1.199999999999999956, 51.00000000000000000 ) ) ;
#1124 = LINE ( 'NONE', #1634, #1332 ) ;
#1125 = VERTEX_POINT ( 'NONE', #1211 ) ;
#1126 = ORIENTED_EDGE ( 'NONE', *, *, #1997, .T. ) ;
#1127 = EDGE_CURVE ( 'NONE', #862, #1007, #613, .T. ) ;
#1128 = LINE ( 'NONE', #346, #941 ) ;
#1129 = ORIENTED_EDGE ( 'NONE', *, *, #125, .T. ) ;
#1130 = DIRECTION ( 'NONE',  ( -0.000000000000000000, 1.000000000000000000, -0.000000000000000000 ) ) ;
#1131 = CYLINDRICAL_SURFACE ( 'NONE', #1624, 1.799999999999989164 ) ;
#1132 = ORIENTED_EDGE ( 'NONE', *, *, #1069, .F. ) ;
#1133 = VECTOR ( 'NONE', #1793, 1000.000000000000000 ) ;
#1134 = VECTOR ( 'NONE', #800, 1000.000000000000000 ) ;
#1135 = FACE_BOUND ( 'NONE', #1117, .T. ) ;
#1136 = EDGE_LOOP ( 'NONE', ( #1713, #828, #832, #1176 ) ) ;
#1137 = AXIS2_PLACEMENT_3D ( 'NONE', #321, #951, #1570 ) ;
#1138 = CARTESIAN_POINT ( 'NONE',  ( -72.00000000000000000, -3.000000000000000000, -0.000000000000000000 ) ) ;
#1139 = CARTESIAN_POINT ( 'NONE',  ( -12.00000000000000000, 0.000000000000000000, -30.00000000000000000 ) ) ;
#1140 = EDGE_CURVE ( 'NONE', #489, #1063, #935, .T. ) ;
#1141 = ORIENTED_EDGE ( 'NONE', *, *, #1783, .F. ) ;
#1142 = DIRECTION ( 'NONE',  ( 0.000000000000000000, 0.000000000000000000, -1.000000000000000000 ) ) ;
#1143 = DIRECTION ( 'NONE',  ( 0.000000000000000000, 0.000000000000000000, -1.000000000000000000 ) ) ;
#1144 = CARTESIAN_POINT ( 'NONE',  ( 12.00000000000000000, 0.000000000000000000, -54.00000000000000000 ) ) ;
#1145 = ORIENTED_EDGE ( 'NONE', *, *, #960, .F. ) ;
#1146 = CARTESIAN_POINT ( 'NONE',  ( -100.0000000000000000, -16.00000000000000000, -58.79999999999999005 ) ) ;
#1147 = LINE ( 'NONE', #993, #1623 ) ;
#1148 = VECTOR ( 'NONE', #583, 1000.000000000000000 ) ;
#1149 = ORIENTED_EDGE ( 'NONE', *, *, #1812, .F. ) ;
#1150 = EDGE_CURVE ( 'NONE', #883, #1881, #1547, .T. ) ;
#1151 = CARTESIAN_POINT ( 'NONE',  ( 46.00000000000000000, -3.000000000000000000, 47.00000000000000000 ) ) ;
#1152 = EDGE_CURVE ( 'NONE', #1063, #410, #1385, .T. ) ;
#1153 = VERTEX_POINT ( 'NONE', #2013 ) ;
#1154 = VERTEX_POINT ( 'NONE', #450 ) ;
#1155 = DIRECTION ( 'NONE',  ( 1.000000000000000000, 0.000000000000000000, 0.000000000000000000 ) ) ;
#1156 = ORIENTED_EDGE ( 'NONE', *, *, #176, .F. ) ;
#1157 = CARTESIAN_POINT ( 'NONE',  ( -78.00000000000000000, -4.000000000000000000, 19.00000000000000000 ) ) ;
#1158 = ORIENTED_EDGE ( 'NONE', *, *, #523, .F. ) ;
#1159 = CARTESIAN_POINT ( 'NONE',  ( 17.00000000000000000, -1.199999999999999956, 51.00000000000000000 ) ) ;
#1160 = FACE_OUTER_BOUND ( 'NONE', #405, .T. ) ;
#1161 = LINE ( 'NONE', #1927, #1134 ) ;
#1162 = CC_DESIGN_PERSON_AND_ORGANIZATION_ASSIGNMENT ( #387, #407, ( #1902 ) ) ;
#1163 = DIRECTION ( 'NONE',  ( -0.000000000000000000, -0.000000000000000000, 1.000000000000000000 ) ) ;
#1164 = VERTEX_POINT ( 'NONE', #1865 ) ;
#1165 = VECTOR ( 'NONE', #1061, 1000.000000000000000 ) ;
#1166 = EDGE_CURVE ( 'NONE', #1826, #528, #1715, .T. ) ;
#1167 = PERSON_AND_ORGANIZATION_ROLE ( 'creator' ) ;
#1168 = FACE_OUTER_BOUND ( 'NONE', #353, .T. ) ;
#1169 = VECTOR ( 'NONE', #1426, 1000.000000000000000 ) ;
#1170 = CARTESIAN_POINT ( 'NONE',  ( -78.00000000000000000, -3.000000000000000000, -0.000000000000000000 ) ) ;
#1171 = AXIS2_PLACEMENT_3D ( 'NONE', #1794, #542, #1193 ) ;
#1172 = ORIENTED_EDGE ( 'NONE', *, *, #486, .F. ) ;
#1173 = DIRECTION ( 'NONE',  ( 0.000000000000000000, 0.000000000000000000, 1.000000000000000000 ) ) ;
#1174 = CARTESIAN_POINT ( 'NONE',  ( 17.00000000000000000, -1.199999999999999956, 17.00000000000000000 ) ) ;
#1175 = DIRECTION ( 'NONE',  ( -0.000000000000000000, 0.000000000000000000, 1.000000000000000000 ) ) ;
#1176 = ORIENTED_EDGE ( 'NONE', *, *, #426, .F. ) ;
#1177 = ORIENTED_EDGE ( 'NONE', *, *, #666, .F. ) ;
#1178 = DIRECTION ( 'NONE',  ( 0.000000000000000000, 0.000000000000000000, 1.000000000000000000 ) ) ;
#1179 = LINE ( 'NONE', #1791, #592 ) ;
#1180 = ORIENTED_EDGE ( 'NONE', *, *, #1801, .T. ) ;
#1181 = VECTOR ( 'NONE', #126, 1000.000000000000000 ) ;
#1182 = CARTESIAN_POINT ( 'NONE',  ( -72.00000000000000000, -3.000000000000000000, -30.00000000000000000 ) ) ;
#1183 = CARTESIAN_POINT ( 'NONE',  ( -44.00000000000000000, -3.000000000000000000, 49.00000000000000000 ) ) ;
#1184 = CYLINDRICAL_SURFACE ( 'NONE', #511, 1.799999999999989164 ) ;
#1185 = ORIENTED_EDGE ( 'NONE', *, *, #1257, .F. ) ;
#1186 = VERTEX_POINT ( 'NONE', #1844 ) ;
#1187 = COORDINATED_UNIVERSAL_TIME_OFFSET ( 8, 0, .AHEAD. ) ;
#1188 = DIRECTION ( 'NONE',  ( 0.000000000000000000, 0.000000000000000000, 1.000000000000000000 ) ) ;
#1189 = ADVANCED_FACE ( 'NONE', ( #594 ), #2001, .F. ) ;
#1190 = CARTESIAN_POINT ( 'NONE',  ( 46.00000000000000000, 0.000000000000000000, 21.00000000000000000 ) ) ;
#1191 = VERTEX_POINT ( 'NONE', #893 ) ;
#1192 = CARTESIAN_POINT ( 'NONE',  ( -12.00000000000000000, -4.000000000000000000, -54.00000000000000000 ) ) ;
#1193 = DIRECTION ( 'NONE',  ( 0.000000000000000000, 0.000000000000000000, 1.000000000000000000 ) ) ;
#1194 = EDGE_CURVE ( 'NONE', #1497, #1925, #275, .T. ) ;
#1195 = DIRECTION ( 'NONE',  ( 0.000000000000000000, 0.000000000000000000, -1.000000000000000000 ) ) ;
#1196 = ORIENTED_EDGE ( 'NONE', *, *, #1207, .T. ) ;
#1197 = ORIENTED_EDGE ( 'NONE', *, *, #998, .T. ) ;
#1198 = CALENDAR_DATE ( 2026, 26, 7 ) ;
#1199 = CARTESIAN_POINT ( 'NONE',  ( -100.0000000000000000, 0.000000000000000000, -57.00000000000000000 ) ) ;
#1200 = VECTOR ( 'NONE', #1368, 1000.000000000000000 ) ;
#1201 = CARTESIAN_POINT ( 'NONE',  ( 17.00000000000000000, -1.199999999999999956, 17.00000000000000000 ) ) ;
#1202 = ORIENTED_EDGE ( 'NONE', *, *, #1532, .T. ) ;
#1203 = AXIS2_PLACEMENT_3D ( 'NONE', #427, #1175, #739 ) ;
#1204 = LINE ( 'NONE', #96, #771 ) ;
#1205 = CARTESIAN_POINT ( 'NONE',  ( -72.00000000000000000, 0.000000000000000000, -54.00000000000000000 ) ) ;
#1206 = AXIS2_PLACEMENT_3D ( 'NONE', #1486, #425, #75 ) ;
#1207 = EDGE_CURVE ( 'NONE', #1410, #817, #1834, .T. ) ;
#1208 = CARTESIAN_POINT ( 'NONE',  ( -110.0000000000000000, -12.00000000000000000, 67.50000000000000000 ) ) ;
#1209 = ORIENTED_EDGE ( 'NONE', *, *, #1681, .F. ) ;
#1210 = ORIENTED_EDGE ( 'NONE', *, *, #1312, .F. ) ;
#1211 = CARTESIAN_POINT ( 'NONE',  ( 17.00000000000000000, -1.199999999999999956, 17.00000000000000000 ) ) ;
#1212 = CARTESIAN_POINT ( 'NONE',  ( -100.0000000000000000, -2.999999999999999112, 57.00000000000000000 ) ) ;
#1213 = ORIENTED_EDGE ( 'NONE', *, *, #571, .F. ) ;
#1214 = DIRECTION ( 'NONE',  ( 0.000000000000000000, 1.000000000000000000, 0.000000000000000000 ) ) ;
#1215 = DIRECTION ( 'NONE',  ( -0.000000000000000000, 1.000000000000000000, -0.000000000000000000 ) ) ;
#1216 = EDGE_CURVE ( 'NONE', #1719, #1961, #926, .T. ) ;
#1217 = DIRECTION ( 'NONE',  ( -0.000000000000000000, 0.000000000000000000, 1.000000000000000000 ) ) ;
#1218 = ADVANCED_FACE ( 'NONE', ( #306, #1556, #440, #265, #1685, #431, #2033, #621, #1234, #296, #1875, #469, #1516, #731 ), #901, .T. ) ;
#1219 = VECTOR ( 'NONE', #105, 1000.000000000000000 ) ;
#1220 = LOCAL_TIME ( 16, 48, 18.00000000000000000, #80 ) ;
#1221 = ORIENTED_EDGE ( 'NONE', *, *, #17, .T. ) ;
#1222 = ORIENTED_EDGE ( 'NONE', *, *, #465, .F. ) ;
#1223 = CARTESIAN_POINT ( 'NONE',  ( 4.000000000000000000, -3.000000000000000000, 0.000000000000000000 ) ) ;
#1224 = CARTESIAN_POINT ( 'NONE',  ( -56.00000000000000000, 0.000000000000000000, -30.00000000000000000 ) ) ;
#1225 = ORIENTED_EDGE ( 'NONE', *, *, #1576, .T. ) ;
#1226 = CARTESIAN_POINT ( 'NONE',  ( -78.00000000000000000, -3.000000000000000000, 49.00000000000000000 ) ) ;
#1227 = CARTESIAN_POINT ( 'NONE',  ( -12.00000000000000000, 0.000000000000000000, -30.00000000000000000 ) ) ;
#1228 = CARTESIAN_POINT ( 'NONE',  ( -8.000000000000000000, 0.000000000000000000, -30.00000000000000000 ) ) ;
#1229 = EDGE_CURVE ( 'NONE', #1797, #1410, #1694, .T. ) ;
#1230 = ORIENTED_EDGE ( 'NONE', *, *, #1070, .F. ) ;
#1231 = VERTEX_POINT ( 'NONE', #134 ) ;
#1232 = EDGE_CURVE ( 'NONE', #1153, #447, #755, .T. ) ;
#1233 = EDGE_CURVE ( 'NONE', #146, #1523, #785, .T. ) ;
#1234 = FACE_BOUND ( 'NONE', #539, .T. ) ;
#1235 = CARTESIAN_POINT ( 'NONE',  ( 46.00000000000000000, -4.000000000000000000, 21.00000000000000000 ) ) ;
#1236 = PLANE ( 'NONE',  #1036 ) ;
#1237 = CARTESIAN_POINT ( 'NONE',  ( -8.000000000000000000, -4.000000000000000000, -30.00000000000000000 ) ) ;
#1238 = VECTOR ( 'NONE', #1347, 1000.000000000000000 ) ;
#1239 = DIRECTION ( 'NONE',  ( 1.000000000000000000, -0.000000000000000000, 0.000000000000000000 ) ) ;
#1240 = VECTOR ( 'NONE', #1378, 1000.000000000000000 ) ;
#1241 = ORIENTED_EDGE ( 'NONE', *, *, #732, .T. ) ;
#1242 = VERTEX_POINT ( 'NONE', #1413 ) ;
#1243 = EDGE_CURVE ( 'NONE', #793, #1411, #1567, .T. ) ;
#1244 = CARTESIAN_POINT ( 'NONE',  ( 0.000000000000000000, -3.000000000000000000, -54.00000000000000000 ) ) ;
#1245 = VERTEX_POINT ( 'NONE', #166 ) ;
#1246 = DIRECTION ( 'NONE',  ( -0.000000000000000000, -0.000000000000000000, 1.000000000000000000 ) ) ;
#1247 = DIRECTION ( 'NONE',  ( -1.000000000000000000, -0.000000000000000000, -0.000000000000000000 ) ) ;
#1248 = CARTESIAN_POINT ( 'NONE',  ( 46.00000000000000000, 0.000000000000000000, 21.00000000000000000 ) ) ;
#1249 = ORIENTED_EDGE ( 'NONE', *, *, #465, .T. ) ;
#1250 = DIRECTION ( 'NONE',  ( -0.000000000000000000, 1.000000000000000000, -0.000000000000000000 ) ) ;
#1251 = EDGE_LOOP ( 'NONE', ( #1025, #1345, #1275, #2031, #1090, #1081, #1775, #1120, #1110, #1528 ) ) ;
#1252 = EDGE_LOOP ( 'NONE', ( #1185, #1934, #965, #496 ) ) ;
#1253 = AXIS2_PLACEMENT_3D ( 'NONE', #1613, #533, #1786 ) ;
#1254 = CARTESIAN_POINT ( 'NONE',  ( 110.0000000000000000, -3.000000000000000000, -67.50000000000000000 ) ) ;
#1255 = VECTOR ( 'NONE', #767, 1000.000000000000000 ) ;
#1256 = PLANE ( 'NONE',  #850 ) ;
#1257 = EDGE_CURVE ( 'NONE', #917, #558, #632, .T. ) ;
#1258 = LINE ( 'NONE', #1064, #1255 ) ;
#1259 = CARTESIAN_POINT ( 'NONE',  ( -108.0000000000000000, -12.00000000000000000, 67.50000000000000000 ) ) ;
#1260 = EDGE_CURVE ( 'NONE', #226, #374, #1815, .T. ) ;
#1261 = PLANE ( 'NONE',  #1460 ) ;
#1262 = EDGE_LOOP ( 'NONE', ( #327, #856, #1506, #322 ) ) ;
#1263 = EDGE_LOOP ( 'NONE', ( #869, #1761, #934, #1999 ) ) ;
#1264 = EDGE_LOOP ( 'NONE', ( #1770, #639, #810, #1908 ) ) ;
#1265 = DIRECTION ( 'NONE',  ( -0.000000000000000000, 1.000000000000000000, -0.000000000000000000 ) ) ;
#1266 = DIRECTION ( 'NONE',  ( 0.000000000000000000, 0.000000000000000000, -1.000000000000000000 ) ) ;
#1267 = DIRECTION ( 'NONE',  ( 1.000000000000000000, 0.000000000000000000, 0.000000000000000000 ) ) ;
#1268 = LINE ( 'NONE', #1228, #1785 ) ;
#1269 = ADVANCED_FACE ( 'NONE', ( #1947 ), #714, .F. ) ;
#1270 = AXIS2_PLACEMENT_3D ( 'NONE', #408, #1651, #81 ) ;
#1271 = ORIENTED_EDGE ( 'NONE', *, *, #877, .T. ) ;
#1272 = ORIENTED_EDGE ( 'NONE', *, *, #833, .F. ) ;
#1273 = VECTOR ( 'NONE', #1130, 1000.000000000000000 ) ;
#1274 = CARTESIAN_POINT ( 'NONE',  ( -0.000000000000000000, -3.000000000000000000, -0.000000000000000000 ) ) ;
#1275 = ORIENTED_EDGE ( 'NONE', *, *, #1260, .F. ) ;
#1276 = DIRECTION ( 'NONE',  ( 1.000000000000000000, 0.000000000000000000, 0.000000000000000000 ) ) ;
#1277 = EDGE_CURVE ( 'NONE', #146, #1672, #1632, .T. ) ;
#1278 = DIRECTION ( 'NONE',  ( 0.000000000000000000, 0.000000000000000000, 1.000000000000000000 ) ) ;
#1279 = EDGE_CURVE ( 'NONE', #1635, #1966, #1508, .T. ) ;
#1280 = VERTEX_POINT ( 'NONE', #1465 ) ;
#1281 = VECTOR ( 'NONE', #389, 1000.000000000000000 ) ;
#1282 = CARTESIAN_POINT ( 'NONE',  ( 12.00000000000000000, -4.000000000000000000, -30.00000000000000000 ) ) ;
#1283 = CARTESIAN_POINT ( 'NONE',  ( -110.0000000000000000, 0.000000000000000000, -67.50000000000000000 ) ) ;
#1284 = VERTEX_POINT ( 'NONE', #1983 ) ;
#1285 = DIRECTION ( 'NONE',  ( -0.000000000000000000, 1.000000000000000000, -0.000000000000000000 ) ) ;
#1286 = DIRECTION ( 'NONE',  ( 0.000000000000000000, 0.000000000000000000, 1.000000000000000000 ) ) ;
#1287 = ORIENTED_EDGE ( 'NONE', *, *, #32, .T. ) ;
#1288 = PLANE ( 'NONE',  #492 ) ;
#1289 = ORIENTED_EDGE ( 'NONE', *, *, #775, .T. ) ;
#1290 = EDGE_CURVE ( 'NONE', #1777, #1719, #107, .T. ) ;
#1291 = APPROVAL_DATE_TIME ( #659, #1379 ) ;
#1292 = DIRECTION ( 'NONE',  ( -0.000000000000000000, 1.000000000000000000, -0.000000000000000000 ) ) ;
#1293 = ORIENTED_EDGE ( 'NONE', *, *, #1953, .T. ) ;
#1294 = FACE_OUTER_BOUND ( 'NONE', #709, .T. ) ;
#1295 = CARTESIAN_POINT ( 'NONE',  ( 100.0000000000000000, 0.000000000000000000, -58.79999999999999716 ) ) ;
#1296 = ORIENTED_EDGE ( 'NONE', *, *, #1353, .T. ) ;
#1297 = VECTOR ( 'NONE', #937, 1000.000000000000000 ) ;
#1298 = AXIS2_PLACEMENT_3D ( 'NONE', #989, #1286, #1446 ) ;
#1299 = CARTESIAN_POINT ( 'NONE',  ( 12.00000000000000000, -3.000000000000000000, -54.00000000000000000 ) ) ;
#1300 = AXIS2_PLACEMENT_3D ( 'NONE', #684, #521, #1445 ) ;
#1301 = ADVANCED_FACE ( 'NONE', ( #411 ), #1020, .F. ) ;
#1302 = DIRECTION ( 'NONE',  ( 1.000000000000000000, 0.000000000000000000, 0.000000000000000000 ) ) ;
#1303 = CARTESIAN_POINT ( 'NONE',  ( -44.00000000000000000, 0.000000000000000000, 49.00000000000000000 ) ) ;
#1304 = EDGE_CURVE ( 'NONE', #1490, #120, #1491, .T. ) ;
#1305 = VERTEX_POINT ( 'NONE', #227 ) ;
#1306 = FACE_OUTER_BOUND ( 'NONE', #331, .T. ) ;
#1307 = CARTESIAN_POINT ( 'NONE',  ( -56.00000000000000000, 0.000000000000000000, -30.00000000000000000 ) ) ;
#1308 = ORIENTED_EDGE ( 'NONE', *, *, #14, .F. ) ;
#1309 = CARTESIAN_POINT ( 'NONE',  ( 46.00000000000000000, -1.199999999999999734, 21.00000000000000000 ) ) ;
#1310 = ORIENTED_EDGE ( 'NONE', *, *, #292, .T. ) ;
#1311 = FACE_OUTER_BOUND ( 'NONE', #1136, .T. ) ;
#1312 = EDGE_CURVE ( 'NONE', #1873, #661, #851, .T. ) ;
#1313 = CARTESIAN_POINT ( 'NONE',  ( -84.00000000000000000, 0.000000000000000000, -54.00000000000000000 ) ) ;
#1314 = AXIS2_PLACEMENT_3D ( 'NONE', #300, #928, #1549 ) ;
#1315 = CC_DESIGN_PERSON_AND_ORGANIZATION_ASSIGNMENT ( #966, #338, ( #1048 ) ) ;
#1316 = AXIS2_PLACEMENT_3D ( 'NONE', #1235, #1845, #936 ) ;
#1317 = ORIENTED_EDGE ( 'NONE', *, *, #1967, .T. ) ;
#1318 = DIRECTION ( 'NONE',  ( -0.000000000000000000, 1.000000000000000000, -0.000000000000000000 ) ) ;
#1319 = CARTESIAN_POINT ( 'NONE',  ( -100.0000000000000000, -2.999999999999999112, 55.20000000000000284 ) ) ;
#1320 = EDGE_CURVE ( 'NONE', #374, #1164, #424, .T. ) ;
#1321 = CARTESIAN_POINT ( 'NONE',  ( -100.0000000000000000, -16.00000000000000000, -55.20000000000000995 ) ) ;
#1322 = DIRECTION ( 'NONE',  ( 0.000000000000000000, -1.000000000000000000, 0.000000000000000000 ) ) ;
#1323 = ORIENTED_EDGE ( 'NONE', *, *, #184, .F. ) ;
#1324 = LINE ( 'NONE', #1462, #907 ) ;
#1325 = LINE ( 'NONE', #1062, #5 ) ;
#1326 = ORIENTED_EDGE ( 'NONE', *, *, #847, .F. ) ;
#1327 = DIRECTION ( 'NONE',  ( 1.000000000000000000, 0.000000000000000000, 0.000000000000000000 ) ) ;
#1328 = DIRECTION ( 'NONE',  ( 0.000000000000000000, 0.000000000000000000, 1.000000000000000000 ) ) ;
#1329 = CARTESIAN_POINT ( 'NONE',  ( -80.00000000000000000, -3.000000000000000000, -54.00000000000000000 ) ) ;
#1330 = LINE ( 'NONE', #1774, #1472 ) ;
#1331 = ORIENTED_EDGE ( 'NONE', *, *, #44, .F. ) ;
#1332 = VECTOR ( 'NONE', #1602, 1000.000000000000000 ) ;
#1333 = CARTESIAN_POINT ( 'NONE',  ( 46.00000000000000000, -4.000000000000000000, 47.00000000000000000 ) ) ;
#1334 = DIRECTION ( 'NONE',  ( 0.000000000000000000, 0.000000000000000000, -1.000000000000000000 ) ) ;
#1335 = AXIS2_PLACEMENT_3D ( 'NONE', #669, #518, #1607 ) ;
#1336 = ORIENTED_EDGE ( 'NONE', *, *, #1732, .F. ) ;
#1337 = CARTESIAN_POINT ( 'NONE',  ( 4.000000000000000000, -4.000000000000000000, -30.00000000000000000 ) ) ;
#1338 = DIRECTION ( 'NONE',  ( -0.000000000000000000, 1.000000000000000000, -0.000000000000000000 ) ) ;
#1339 = DIRECTION ( 'NONE',  ( -1.000000000000000000, 0.000000000000000000, -0.000000000000000000 ) ) ;
#1340 = EDGE_CURVE ( 'NONE', #600, #609, #1935, .T. ) ;
#1341 = VERTEX_POINT ( 'NONE', #725 ) ;
#1342 = EDGE_LOOP ( 'NONE', ( #1156, #1818, #101, #2030, #1608, #335 ) ) ;
#1343 = CARTESIAN_POINT ( 'NONE',  ( -84.00000000000000000, -4.000000000000000000, -54.00000000000000000 ) ) ;
#1344 = DIRECTION ( 'NONE',  ( 0.000000000000000000, 0.000000000000000000, -1.000000000000000000 ) ) ;
#1345 = ORIENTED_EDGE ( 'NONE', *, *, #1320, .F. ) ;
#1346 = AXIS2_PLACEMENT_3D ( 'NONE', #13, #1115, #1266 ) ;
#1347 = DIRECTION ( 'NONE',  ( -0.000000000000000000, -0.000000000000000000, 1.000000000000000000 ) ) ;
#1348 = LINE ( 'NONE', #228, #672 ) ;
#1349 = CARTESIAN_POINT ( 'NONE',  ( 17.00000000000000000, 0.000000000000000000, 51.00000000000000000 ) ) ;
#1350 = VERTEX_POINT ( 'NONE', #1182 ) ;
#1351 = ORIENTED_EDGE ( 'NONE', *, *, #315, .T. ) ;
#1352 = LINE ( 'NONE', #1979, #908 ) ;
#1353 = EDGE_CURVE ( 'NONE', #163, #1411, #1646, .T. ) ;
#1354 = LINE ( 'NONE', #1375, #1968 ) ;
#1355 = ORIENTED_EDGE ( 'NONE', *, *, #1463, .T. ) ;
#1356 = LINE ( 'NONE', #575, #508 ) ;
#1357 = DIRECTION ( 'NONE',  ( -0.000000000000000000, 1.000000000000000000, -0.000000000000000000 ) ) ;
#1358 = CARTESIAN_POINT ( 'NONE',  ( 46.00000000000000000, -3.000000000000000000, 37.75000000000000000 ) ) ;
#1359 = ORIENTED_EDGE ( 'NONE', *, *, #787, .F. ) ;
#1360 = ORIENTED_EDGE ( 'NONE', *, *, #721, .F. ) ;
#1361 = DATE_AND_TIME ( #1629, #1474 ) ;
#1362 = CARTESIAN_POINT ( 'NONE',  ( 16.00000000000000000, -4.000000000000000000, -30.00000000000000000 ) ) ;
#1363 = EDGE_CURVE ( 'NONE', #448, #1777, #1356, .T. ) ;
#1364 = CARTESIAN_POINT ( 'NONE',  ( -12.00000000000000000, 0.000000000000000000, -54.00000000000000000 ) ) ;
#1365 = EDGE_LOOP ( 'NONE', ( #520, #1433, #581, #1091 ) ) ;
#1366 = EDGE_CURVE ( 'NONE', #448, #1614, #1498, .T. ) ;
#1367 = AXIS2_PLACEMENT_3D ( 'NONE', #280, #1239, #2017 ) ;
#1368 = DIRECTION ( 'NONE',  ( -0.000000000000000000, 1.000000000000000000, -0.000000000000000000 ) ) ;
#1369 = CARTESIAN_POINT ( 'NONE',  ( -110.0000000000000000, 0.000000000000000000, 67.50000000000000000 ) ) ;
#1370 = AXIS2_PLACEMENT_3D ( 'NONE', #2027, #790, #779 ) ;
#1371 = DIRECTION ( 'NONE',  ( -1.000000000000000000, 0.000000000000000000, -0.000000000000000000 ) ) ;
#1372 = ORIENTED_EDGE ( 'NONE', *, *, #1216, .T. ) ;
#1373 = EDGE_LOOP ( 'NONE', ( #649, #801, #1484, #1977 ) ) ;
#1374 = CARTESIAN_POINT ( 'NONE',  ( -60.00000000000000000, -3.000000000000000000, -0.000000000000000000 ) ) ;
#1375 = CARTESIAN_POINT ( 'NONE',  ( -8.000000000000000000, -4.000000000000000000, -30.00000000000000000 ) ) ;
#1376 = ORIENTED_EDGE ( 'NONE', *, *, #1243, .T. ) ;
#1377 = DIRECTION ( 'NONE',  ( -0.000000000000000000, 0.000000000000000000, 1.000000000000000000 ) ) ;
#1378 = DIRECTION ( 'NONE',  ( -0.000000000000000000, 1.000000000000000000, -0.000000000000000000 ) ) ;
#1379 = APPROVAL ( #345, '未指定' ) ;
#1380 = CIRCLE ( 'NONE', #593, 1.799999999999989164 ) ;
#1381 = LINE ( 'NONE', #1730, #1990 ) ;
#1382 = EDGE_CURVE ( 'NONE', #95, #1747, #391, .T. ) ;
#1383 = ORIENTED_EDGE ( 'NONE', *, *, #1707, .F. ) ;
#1384 = EDGE_LOOP ( 'NONE', ( #91, #1928, #429, #49 ) ) ;
#1385 = LINE ( 'NONE', #1244, #1108 ) ;
#1386 = CYLINDRICAL_SURFACE ( 'NONE', #753, 1.799999999999989164 ) ;
#1387 = CARTESIAN_POINT ( 'NONE',  ( -0.000000000000000000, -3.000000000000000000, -30.00000000000000000 ) ) ;
#1388 = DIRECTION ( 'NONE',  ( -1.000000000000000000, 0.000000000000000000, 0.000000000000000000 ) ) ;
#1389 = DIRECTION ( 'NONE',  ( 0.000000000000000000, 0.000000000000000000, 1.000000000000000000 ) ) ;
#1390 = VERTEX_POINT ( 'NONE', #1778 ) ;
#1391 = EDGE_LOOP ( 'NONE', ( #838, #933, #664, #244 ) ) ;
#1392 = LINE ( 'NONE', #112, #1989 ) ;
#1393 = DIRECTION ( 'NONE',  ( -1.000000000000000000, 0.000000000000000000, -0.000000000000000000 ) ) ;
#1394 = CARTESIAN_POINT ( 'NONE',  ( -56.00000000000000000, -3.000000000000000000, -0.000000000000000000 ) ) ;
#1395 = LINE ( 'NONE', #626, #1006 ) ;
#1396 = VECTOR ( 'NONE', #1035, 1000.000000000000000 ) ;
#1397 = AXIS2_PLACEMENT_3D ( 'NONE', #544, #1657, #1339 ) ;
#1398 = LINE ( 'NONE', #2029, #1857 ) ;
#1399 = VECTOR ( 'NONE', #1915, 1000.000000000000000 ) ;
#1400 = ORIENTED_EDGE ( 'NONE', *, *, #1459, .T. ) ;
#1401 = ORIENTED_EDGE ( 'NONE', *, *, #844, .T. ) ;
#1402 = EDGE_CURVE ( 'NONE', #304, #1955, #1204, .T. ) ;
#1403 = DIRECTION ( 'NONE',  ( 0.000000000000000000, 0.000000000000000000, -1.000000000000000000 ) ) ;
#1404 = ADVANCED_FACE ( 'NONE', ( #1827 ), #1619, .F. ) ;
#1405 = CARTESIAN_POINT ( 'NONE',  ( -60.00000000000000000, -4.000000000000000000, -54.00000000000000000 ) ) ;
#1406 = CARTESIAN_POINT ( 'NONE',  ( -60.00000000000000000, -4.000000000000000000, -30.00000000000000000 ) ) ;
#1407 = DIRECTION ( 'NONE',  ( 0.000000000000000000, 0.000000000000000000, 1.000000000000000000 ) ) ;
#1408 = EDGE_LOOP ( 'NONE', ( #222, #174, #1038, #133 ) ) ;
#1409 = DIRECTION ( 'NONE',  ( -1.000000000000000000, 0.000000000000000000, -0.000000000000000000 ) ) ;
#1410 = VERTEX_POINT ( 'NONE', #62 ) ;
#1411 = VERTEX_POINT ( 'NONE', #1805 ) ;
#1412 = AXIS2_PLACEMENT_3D ( 'NONE', #255, #1334, #243 ) ;
#1413 = CARTESIAN_POINT ( 'NONE',  ( 17.00000000000000000, -1.199999999999999956, 51.00000000000000000 ) ) ;
#1414 = FACE_OUTER_BOUND ( 'NONE', #1913, .T. ) ;
#1415 = ADVANCED_FACE ( 'NONE', ( #683 ), #308, .F. ) ;
#1416 = CARTESIAN_POINT ( 'NONE',  ( 110.0000000000000000, -12.00000000000000000, -67.50000000000000000 ) ) ;
#1417 = ORIENTED_EDGE ( 'NONE', *, *, #547, .F. ) ;
#1418 = CARTESIAN_POINT ( 'NONE',  ( -100.0000000000000000, 0.000000000000000000, -57.00000000000000000 ) ) ;
#1419 = ORIENTED_EDGE ( 'NONE', *, *, #1382, .F. ) ;
#1420 = ORIENTED_EDGE ( 'NONE', *, *, #798, .T. ) ;
#1421 = LINE ( 'NONE', #827, #451 ) ;
#1422 = ADVANCED_FACE ( 'NONE', ( #116 ), #1236, .F. ) ;
#1423 = EDGE_CURVE ( 'NONE', #734, #163, #1095, .T. ) ;
#1424 = VECTOR ( 'NONE', #1724, 1000.000000000000000 ) ;
#1425 = CARTESIAN_POINT ( 'NONE',  ( -78.00000000000000000, 0.000000000000000000, 49.00000000000000000 ) ) ;
#1426 = DIRECTION ( 'NONE',  ( 0.000000000000000000, 0.000000000000000000, -1.000000000000000000 ) ) ;
#1427 = ORIENTED_EDGE ( 'NONE', *, *, #35, .T. ) ;
#1428 = VECTOR ( 'NONE', #885, 1000.000000000000000 ) ;
#1429 = AXIS2_PLACEMENT_3D ( 'NONE', #474, #1089, #1409 ) ;
#1430 = ORIENTED_EDGE ( 'NONE', *, *, #1097, .F. ) ;
#1431 = LINE ( 'NONE', #1146, #138 ) ;
#1432 = DIRECTION ( 'NONE',  ( 0.000000000000000000, 0.000000000000000000, -1.000000000000000000 ) ) ;
#1433 = ORIENTED_EDGE ( 'NONE', *, *, #1829, .T. ) ;
#1434 = CARTESIAN_POINT ( 'NONE',  ( -0.000000000000000000, -3.000000000000000000, -30.00000000000000000 ) ) ;
#1435 = DIRECTION ( 'NONE',  ( 0.000000000000000000, -1.000000000000000000, 0.000000000000000000 ) ) ;
#1436 = VERTEX_POINT ( 'NONE', #1226 ) ;
#1437 = EDGE_CURVE ( 'NONE', #1242, #1284, #1558, .T. ) ;
#1438 = EDGE_CURVE ( 'NONE', #968, #1955, #414, .T. ) ;
#1439 = AXIS2_PLACEMENT_3D ( 'NONE', #1190, #690, #422 ) ;
#1440 = DIRECTION ( 'NONE',  ( 0.000000000000000000, -0.000000000000000000, -1.000000000000000000 ) ) ;
#1441 = AXIS2_PLACEMENT_3D ( 'NONE', #983, #1758, #992 ) ;
#1442 =( NAMED_UNIT ( * ) PLANE_ANGLE_UNIT ( ) SI_UNIT ( $, .RADIAN. ) );
#1443 = DIRECTION ( 'NONE',  ( 0.000000000000000000, -0.000000000000000000, -1.000000000000000000 ) ) ;
#1444 = ORIENTED_EDGE ( 'NONE', *, *, #821, .T. ) ;
#1445 = DIRECTION ( 'NONE',  ( -1.000000000000000000, 0.000000000000000000, -0.000000000000000000 ) ) ;
#1446 = DIRECTION ( 'NONE',  ( 1.000000000000000000, 0.000000000000000000, -0.000000000000000000 ) ) ;
#1447 = ORIENTED_EDGE ( 'NONE', *, *, #1732, .T. ) ;
#1448 = EDGE_CURVE ( 'NONE', #567, #1747, #434, .T. ) ;
#1449 = FACE_OUTER_BOUND ( 'NONE', #913, .T. ) ;
#1450 = CARTESIAN_POINT ( 'NONE',  ( -68.00000000000000000, 0.000000000000000000, -54.00000000000000000 ) ) ;
#1451 = PLANE ( 'NONE',  #707 ) ;
#1452 = VERTEX_POINT ( 'NONE', #1540 ) ;
#1453 = DIRECTION ( 'NONE',  ( 1.000000000000000000, 0.000000000000000000, 0.000000000000000000 ) ) ;
#1454 = CARTESIAN_POINT ( 'NONE',  ( -68.00000000000000000, -3.000000000000000000, -30.00000000000000000 ) ) ;
#1455 = AXIS2_PLACEMENT_3D ( 'NONE', #1343, #1673, #836 ) ;
#1456 = VECTOR ( 'NONE', #1841, 1000.000000000000000 ) ;
#1457 = DIRECTION ( 'NONE',  ( -0.000000000000000000, 1.000000000000000000, -0.000000000000000000 ) ) ;
#1458 = ORIENTED_EDGE ( 'NONE', *, *, #1260, .T. ) ;
#1459 = EDGE_CURVE ( 'NONE', #1714, #1305, #1258, .T. ) ;
#1460 = AXIS2_PLACEMENT_3D ( 'NONE', #1123, #1937, #1453 ) ;
#1461 = DIRECTION ( 'NONE',  ( -1.000000000000000000, 0.000000000000000000, -0.000000000000000000 ) ) ;
#1462 = CARTESIAN_POINT ( 'NONE',  ( 0.000000000000000000, 0.000000000000000000, -30.00000000000000000 ) ) ;
#1463 = EDGE_CURVE ( 'NONE', #1955, #968, #1507, .T. ) ;
#1464 = ORIENTED_EDGE ( 'NONE', *, *, #113, .T. ) ;
#1465 = CARTESIAN_POINT ( 'NONE',  ( 54.34041365880614194, 0.000000000000000000, 51.00000000000000000 ) ) ;
#1466 = DIRECTION ( 'NONE',  ( -0.000000000000000000, 0.000000000000000000, 1.000000000000000000 ) ) ;
#1467 = CARTESIAN_POINT ( 'NONE',  ( 46.00000000000000000, -4.000000000000000000, 56.25000000000000000 ) ) ;
#1468 = LINE ( 'NONE', #1144, #985 ) ;
#1469 = ORIENTED_EDGE ( 'NONE', *, *, #1684, .F. ) ;
#1470 = VECTOR ( 'NONE', #1473, 1000.000000000000000 ) ;
#1471 = CARTESIAN_POINT ( 'NONE',  ( -60.00000000000000000, -3.000000000000000000, -54.00000000000000000 ) ) ;
#1472 = VECTOR ( 'NONE', #1163, 1000.000000000000000 ) ;
#1473 = DIRECTION ( 'NONE',  ( -0.000000000000000000, 1.000000000000000000, -0.000000000000000000 ) ) ;
#1474 = LOCAL_TIME ( 16, 48, 18.00000000000000000, #1187 ) ;
#1475 = ORIENTED_EDGE ( 'NONE', *, *, #1864, .T. ) ;
#1476 = DIRECTION ( 'NONE',  ( 1.000000000000000000, 0.000000000000000000, 0.000000000000000000 ) ) ;
#1477 = DIRECTION ( 'NONE',  ( -0.000000000000000000, 1.000000000000000000, -0.000000000000000000 ) ) ;
#1478 = DIRECTION ( 'NONE',  ( 1.000000000000000000, 0.000000000000000000, -0.000000000000000000 ) ) ;
#1479 = FACE_BOUND ( 'NONE', #1480, .T. ) ;
#1480 = EDGE_LOOP ( 'NONE', ( #1691, #702 ) ) ;
#1481 = SHAPE_DEFINITION_REPRESENTATION ( #746, #196 ) ;
#1482 = DIRECTION ( 'NONE',  ( -0.000000000000000000, 1.000000000000000000, -0.000000000000000000 ) ) ;
#1483 = DIRECTION ( 'NONE',  ( -0.000000000000000000, 1.000000000000000000, -0.000000000000000000 ) ) ;
#1484 = ORIENTED_EDGE ( 'NONE', *, *, #1707, .T. ) ;
#1485 = DIRECTION ( 'NONE',  ( 1.000000000000000000, 0.000000000000000000, 0.000000000000000000 ) ) ;
#1486 = CARTESIAN_POINT ( 'NONE',  ( 75.00000000000000000, -1.199999999999999956, 51.00000000000000000 ) ) ;
#1487 = EDGE_CURVE ( 'NONE', #1154, #1191, #1858, .T. ) ;
#1488 = LINE ( 'NONE', #706, #1889 ) ;
#1489 = EDGE_LOOP ( 'NONE', ( #1897, #267, #324, #1026 ) ) ;
#1490 = VERTEX_POINT ( 'NONE', #1717 ) ;
#1491 = CIRCLE ( 'NONE', #834, 1.799999999999989164 ) ;
#1492 = VECTOR ( 'NONE', #1986, 1000.000000000000000 ) ;
#1493 = CALENDAR_DATE ( 2026, 26, 7 ) ;
#1494 = CARTESIAN_POINT ( 'NONE',  ( 46.00000000000000000, -1.199999999999999734, 30.25000000000000711 ) ) ;
#1495 = AXIS2_PLACEMENT_3D ( 'NONE', #1151, #840, #662 ) ;
#1496 = DIRECTION ( 'NONE',  ( 1.000000000000000000, 0.000000000000000000, 0.000000000000000000 ) ) ;
#1497 = VERTEX_POINT ( 'NONE', #597 ) ;
#1498 = LINE ( 'NONE', #74, #607 ) ;
#1499 = CARTESIAN_POINT ( 'NONE',  ( -60.00000000000000000, -4.000000000000000000, -30.00000000000000000 ) ) ;
#1500 = DIRECTION ( 'NONE',  ( -0.000000000000000000, -0.000000000000000000, 1.000000000000000000 ) ) ;
#1501 = EDGE_CURVE ( 'NONE', #334, #1186, #622, .T. ) ;
#1502 = VERTEX_POINT ( 'NONE', #1688 ) ;
#1503 = ORIENTED_EDGE ( 'NONE', *, *, #720, .T. ) ;
#1504 = CARTESIAN_POINT ( 'NONE',  ( 75.00000000000000000, -1.199999999999999956, 17.00000000000000000 ) ) ;
#1505 = CARTESIAN_POINT ( 'NONE',  ( -12.00000000000000000, -4.000000000000000000, -30.00000000000000000 ) ) ;
#1506 = ORIENTED_EDGE ( 'NONE', *, *, #1532, .F. ) ;
#1507 = CIRCLE ( 'NONE', #685, 1.799999999999989164 ) ;
#1508 = LINE ( 'NONE', #245, #1002 ) ;
#1509 = DIRECTION ( 'NONE',  ( 0.000000000000000000, 0.000000000000000000, -1.000000000000000000 ) ) ;
#1510 = LOCAL_TIME ( 16, 48, 18.00000000000000000, #730 ) ;
#1511 = CARTESIAN_POINT ( 'NONE',  ( -78.00000000000000000, -3.000000000000000000, 19.00000000000000000 ) ) ;
#1512 = ORIENTED_EDGE ( 'NONE', *, *, #760, .F. ) ;
#1513 = ORIENTED_EDGE ( 'NONE', *, *, #1640, .F. ) ;
#1514 = EDGE_CURVE ( 'NONE', #773, #489, #1084, .T. ) ;
#1515 = EDGE_CURVE ( 'NONE', #164, #752, #1074, .T. ) ;
#1516 = FACE_BOUND ( 'NONE', #1582, .T. ) ;
#1517 = CARTESIAN_POINT ( 'NONE',  ( -12.00000000000000000, 0.000000000000000000, -54.00000000000000000 ) ) ;
#1518 = EDGE_LOOP ( 'NONE', ( #794, #1846, #879, #1862 ) ) ;
#1519 = DIRECTION ( 'NONE',  ( 0.000000000000000000, -1.000000000000000000, 0.000000000000000000 ) ) ;
#1520 = DIRECTION ( 'NONE',  ( 0.000000000000000000, 0.000000000000000000, -1.000000000000000000 ) ) ;
#1521 = LINE ( 'NONE', #1680, #1456 ) ;
#1522 = ORIENTED_EDGE ( 'NONE', *, *, #721, .T. ) ;
#1523 = VERTEX_POINT ( 'NONE', #758 ) ;
#1524 = DIRECTION ( 'NONE',  ( 1.000000000000000000, 0.000000000000000000, 0.000000000000000000 ) ) ;
#1525 = EDGE_CURVE ( 'NONE', #207, #640, #924, .T. ) ;
#1526 = CIRCLE ( 'NONE', #156, 1.799999999999989164 ) ;
#1527 = PLANE ( 'NONE',  #1542 ) ;
#1528 = ORIENTED_EDGE ( 'NONE', *, *, #737, .F. ) ;
#1529 = VECTOR ( 'NONE', #606, 1000.000000000000000 ) ;
#1530 = LINE ( 'NONE', #1677, #1056 ) ;
#1531 = CARTESIAN_POINT ( 'NONE',  ( -0.000000000000000000, -3.000000000000000000, -30.00000000000000000 ) ) ;
#1532 = EDGE_CURVE ( 'NONE', #410, #773, #1847, .T. ) ;
#1533 = AXIS2_PLACEMENT_3D ( 'NONE', #530, #1779, #381 ) ;
#1534 = CARTESIAN_POINT ( 'NONE',  ( -12.00000000000000000, -4.000000000000000000, -30.00000000000000000 ) ) ;
#1535 = EDGE_LOOP ( 'NONE', ( #214, #1722, #1351, #1308 ) ) ;
#1536 = ORIENTED_EDGE ( 'NONE', *, *, #877, .F. ) ;
#1537 = DIRECTION ( 'NONE',  ( 0.000000000000000000, 1.000000000000000000, 0.000000000000000000 ) ) ;
#1538 = DIRECTION ( 'NONE',  ( 0.000000000000000000, 0.000000000000000000, -1.000000000000000000 ) ) ;
#1539 = ORIENTED_EDGE ( 'NONE', *, *, #1459, .F. ) ;
#1540 = CARTESIAN_POINT ( 'NONE',  ( -110.0000000000000000, -12.00000000000000000, -67.50000000000000000 ) ) ;
#1541 = CARTESIAN_POINT ( 'NONE',  ( -56.00000000000000000, -4.000000000000000000, -54.00000000000000000 ) ) ;
#1542 = AXIS2_PLACEMENT_3D ( 'NONE', #1856, #1538, #595 ) ;
#1543 = CARTESIAN_POINT ( 'NONE',  ( 46.00000000000000000, -3.000000000000000000, 11.74999999999999822 ) ) ;
#1544 = VECTOR ( 'NONE', #1584, 1000.000000000000000 ) ;
#1545 = ORIENTED_EDGE ( 'NONE', *, *, #209, .T. ) ;
#1546 = ORIENTED_EDGE ( 'NONE', *, *, #1784, .F. ) ;
#1547 = LINE ( 'NONE', #582, #281 ) ;
#1548 = CARTESIAN_POINT ( 'NONE',  ( -8.000000000000000000, 0.000000000000000000, -30.00000000000000000 ) ) ;
#1549 = DIRECTION ( 'NONE',  ( 1.500301384628589584E-15, 0.000000000000000000, -1.000000000000000000 ) ) ;
#1550 = CARTESIAN_POINT ( 'NONE',  ( -80.00000000000000000, -3.000000000000000000, -30.00000000000000000 ) ) ;
#1551 = EDGE_CURVE ( 'NONE', #1797, #1873, #1530, .T. ) ;
#1552 = CARTESIAN_POINT ( 'NONE',  ( -56.00000000000000000, -4.000000000000000000, -30.00000000000000000 ) ) ;
#1553 = EDGE_CURVE ( 'NONE', #793, #734, #139, .T. ) ;
#1554 = EDGE_LOOP ( 'NONE', ( #1564, #1213, #1598, #253 ) ) ;
#1555 = VERTEX_POINT ( 'NONE', #1708 ) ;
#1556 = FACE_BOUND ( 'NONE', #1001, .T. ) ;
#1557 = DIRECTION ( 'NONE',  ( -1.000000000000000000, -0.000000000000000000, -0.000000000000000000 ) ) ;
#1558 = LINE ( 'NONE', #1838, #1200 ) ;
#1559 = DIRECTION ( 'NONE',  ( 0.000000000000000000, 0.000000000000000000, -1.000000000000000000 ) ) ;
#1560 = AXIS2_PLACEMENT_3D ( 'NONE', #1418, #1690, #1849 ) ;
#1561 = ORIENTED_EDGE ( 'NONE', *, *, #547, .T. ) ;
#1562 = DIRECTION ( 'NONE',  ( 0.000000000000000000, 1.000000000000000000, 0.000000000000000000 ) ) ;
#1563 = AXIS2_PLACEMENT_3D ( 'NONE', #258, #1963, #1678 ) ;
#1564 = ORIENTED_EDGE ( 'NONE', *, *, #247, .F. ) ;
#1565 = ORIENTED_EDGE ( 'NONE', *, *, #666, .T. ) ;
#1566 = EDGE_CURVE ( 'NONE', #600, #1697, #230, .T. ) ;
#1567 = LINE ( 'NONE', #1885, #1424 ) ;
#1568 = DIRECTION ( 'NONE',  ( -0.000000000000000000, 0.000000000000000000, 1.000000000000000000 ) ) ;
#1569 = CARTESIAN_POINT ( 'NONE',  ( 12.00000000000000000, -3.000000000000000000, -30.00000000000000000 ) ) ;
#1570 = DIRECTION ( 'NONE',  ( -0.000000000000000000, 0.000000000000000000, 1.000000000000000000 ) ) ;
#1571 = ORIENTED_EDGE ( 'NONE', *, *, #1553, .T. ) ;
#1572 = DIRECTION ( 'NONE',  ( 1.000000000000000000, 0.000000000000000000, 0.000000000000000000 ) ) ;
#1573 = EDGE_LOOP ( 'NONE', ( #647, #763, #1420, #127 ) ) ;
#1574 = ORIENTED_EDGE ( 'NONE', *, *, #1257, .T. ) ;
#1575 = VECTOR ( 'NONE', #1941, 1000.000000000000000 ) ;
#1576 = EDGE_CURVE ( 'NONE', #1987, #601, #2026, .T. ) ;
#1577 = EDGE_CURVE ( 'NONE', #1242, #1714, #1930, .T. ) ;
#1578 = LINE ( 'NONE', #1303, #545 ) ;
#1579 = VERTEX_POINT ( 'NONE', #831 ) ;
#1580 = CARTESIAN_POINT ( 'NONE',  ( 4.000000000000000000, -4.000000000000000000, -30.00000000000000000 ) ) ;
#1581 = ORIENTED_EDGE ( 'NONE', *, *, #1586, .F. ) ;
#1582 = EDGE_LOOP ( 'NONE', ( #1141, #473 ) ) ;
#1583 = ORIENTED_EDGE ( 'NONE', *, *, #361, .T. ) ;
#1584 = DIRECTION ( 'NONE',  ( 0.000000000000000000, 0.000000000000000000, -1.000000000000000000 ) ) ;
#1585 = CARTESIAN_POINT ( 'NONE',  ( 17.00000000000000000, -1.199999999999999956, 17.00000000000000000 ) ) ;
#1586 = EDGE_CURVE ( 'NONE', #977, #1555, #717, .T. ) ;
#1587 = AXIS2_PLACEMENT_3D ( 'NONE', #689, #1823, #1959 ) ;
#1588 = EDGE_CURVE ( 'NONE', #1410, #1390, #38, .T. ) ;
#1589 = DIRECTION ( 'NONE',  ( 0.000000000000000000, -0.000000000000000000, -1.000000000000000000 ) ) ;
#1590 = AXIS2_PLACEMENT_3D ( 'NONE', #342, #970, #1939 ) ;
#1591 = LINE ( 'NONE', #531, #24 ) ;
#1592 = ORIENTED_EDGE ( 'NONE', *, *, #1895, .F. ) ;
#1593 = CIRCLE ( 'NONE', #1533, 9.250000000000001776 ) ;
#1594 = VECTOR ( 'NONE', #1896, 1000.000000000000000 ) ;
#1595 = EDGE_LOOP ( 'NONE', ( #20, #442 ) ) ;
#1596 = COORDINATED_UNIVERSAL_TIME_OFFSET ( 8, 0, .AHEAD. ) ;
#1597 = CARTESIAN_POINT ( 'NONE',  ( 0.000000000000000000, -12.00000000000000000, 0.000000000000000000 ) ) ;
#1598 = ORIENTED_EDGE ( 'NONE', *, *, #1194, .F. ) ;
#1599 = ORIENTED_EDGE ( 'NONE', *, *, #1501, .F. ) ;
#1600 = EDGE_CURVE ( 'NONE', #1109, #163, #1330, .T. ) ;
#1601 = LINE ( 'NONE', #1580, #579 ) ;
#1602 = DIRECTION ( 'NONE',  ( 0.000000000000000000, 0.000000000000000000, -1.000000000000000000 ) ) ;
#1603 = VERTEX_POINT ( 'NONE', #363 ) ;
#1604 = VECTOR ( 'NONE', #745, 1000.000000000000000 ) ;
#1605 = DIRECTION ( 'NONE',  ( -0.000000000000000000, 1.000000000000000000, -0.000000000000000000 ) ) ;
#1606 = PERSON_AND_ORGANIZATION ( #857, #68 ) ;
#1607 = DIRECTION ( 'NONE',  ( 0.000000000000000000, 0.000000000000000000, -1.000000000000000000 ) ) ;
#1608 = ORIENTED_EDGE ( 'NONE', *, *, #143, .T. ) ;
#1609 = CARTESIAN_POINT ( 'NONE',  ( -100.0000000000000000, 0.000000000000000000, -55.20000000000000995 ) ) ;
#1610 = CARTESIAN_POINT ( 'NONE',  ( -0.000000000000000000, -3.000000000000000000, -30.00000000000000000 ) ) ;
#1611 = EDGE_CURVE ( 'NONE', #1024, #1280, #556, .T. ) ;
#1612 = EDGE_LOOP ( 'NONE', ( #1222, #1819, #899, #943 ) ) ;
#1613 = CARTESIAN_POINT ( 'NONE',  ( 46.00000000000000000, 0.000000000000000000, 47.00000000000000000 ) ) ;
#1614 = VERTEX_POINT ( 'NONE', #202 ) ;
#1615 = EDGE_CURVE ( 'NONE', #207, #120, #55, .T. ) ;
#1616 = DIRECTION ( 'NONE',  ( -0.000000000000000000, 0.000000000000000000, 1.000000000000000000 ) ) ;
#1617 = CARTESIAN_POINT ( 'NONE',  ( -78.00000000000000000, -4.000000000000000000, 49.00000000000000000 ) ) ;
#1618 = ORIENTED_EDGE ( 'NONE', *, *, #1438, .F. ) ;
#1619 = PLANE ( 'NONE',  #1914 ) ;
#1620 = LINE ( 'NONE', #187, #159 ) ;
#1621 = LINE ( 'NONE', #1918, #740 ) ;
#1622 = ORIENTED_EDGE ( 'NONE', *, *, #892, .F. ) ;
#1623 = VECTOR ( 'NONE', #1912, 1000.000000000000000 ) ;
#1624 = AXIS2_PLACEMENT_3D ( 'NONE', #1754, #1746, #675 ) ;
#1625 = DIRECTION ( 'NONE',  ( -0.000000000000000000, 0.000000000000000000, 1.000000000000000000 ) ) ;
#1626 = VERTEX_POINT ( 'NONE', #525 ) ;
#1627 = VECTOR ( 'NONE', #1267, 1000.000000000000000 ) ;
#1628 = ADVANCED_FACE ( 'NONE', ( #385, #45, #676, #373, #823, #687, #354, #697, #1479, #471, #1000, #1135, #1726 ), #1288, .F. ) ;
#1629 = CALENDAR_DATE ( 2026, 26, 7 ) ;
#1630 = FACE_OUTER_BOUND ( 'NONE', #1342, .T. ) ;
#1631 = ORIENTED_EDGE ( 'NONE', *, *, #1290, .T. ) ;
#1632 = LINE ( 'NONE', #1192, #871 ) ;
#1633 = CYLINDRICAL_SURFACE ( 'NONE', #1171, 9.250000000000005329 ) ;
#1634 = CARTESIAN_POINT ( 'NONE',  ( 4.000000000000000000, 0.000000000000000000, -30.00000000000000000 ) ) ;
#1635 = VERTEX_POINT ( 'NONE', #1299 ) ;
#1636 = FACE_OUTER_BOUND ( 'NONE', #295, .T. ) ;
#1637 = VERTEX_POINT ( 'NONE', #842 ) ;
#1638 = ADVANCED_FACE ( 'NONE', ( #1636 ), #855, .F. ) ;
#1639 = CIRCLE ( 'NONE', #198, 9.250000000000003553 ) ;
#1640 = EDGE_CURVE ( 'NONE', #1692, #939, #1380, .T. ) ;
#1641 = APPROVAL_STATUS ( 'not_yet_approved' ) ;
#1642 = CARTESIAN_POINT ( 'NONE',  ( -80.00000000000000000, -4.000000000000000000, -54.00000000000000000 ) ) ;
#1643 = EDGE_CURVE ( 'NONE', #364, #1245, #1468, .T. ) ;
#1644 = CARTESIAN_POINT ( 'NONE',  ( -108.0000000000000000, -12.00000000000000000, 65.50000000000000000 ) ) ;
#1645 = ORIENTED_EDGE ( 'NONE', *, *, #1985, .F. ) ;
#1646 = LINE ( 'NONE', #874, #1949 ) ;
#1647 = CARTESIAN_POINT ( 'NONE',  ( 17.00000000000000000, -1.199999999999999956, 51.00000000000000000 ) ) ;
#1648 = CARTESIAN_POINT ( 'NONE',  ( -110.0000000000000000, -12.00000000000000000, 67.50000000000000000 ) ) ;
#1649 = ORIENTED_EDGE ( 'NONE', *, *, #954, .F. ) ;
#1650 = ORIENTED_EDGE ( 'NONE', *, *, #461, .F. ) ;
#1651 = DIRECTION ( 'NONE',  ( -0.000000000000000000, 0.000000000000000000, 1.000000000000000000 ) ) ;
#1652 = CARTESIAN_POINT ( 'NONE',  ( 37.65958634119385806, -1.199999999999999734, 51.00000000000000000 ) ) ;
#1653 = VERTEX_POINT ( 'NONE', #1569 ) ;
#1654 = DIRECTION ( 'NONE',  ( -0.000000000000000000, -0.000000000000000000, 1.000000000000000000 ) ) ;
#1655 = LINE ( 'NONE', #1499, #186 ) ;
#1656 = EDGE_CURVE ( 'NONE', #1796, #6, #950, .T. ) ;
#1657 = DIRECTION ( 'NONE',  ( 0.000000000000000000, 0.000000000000000000, -1.000000000000000000 ) ) ;
#1658 = ORIENTED_EDGE ( 'NONE', *, *, #775, .F. ) ;
#1659 = EDGE_LOOP ( 'NONE', ( #1741, #178, #1931, #418 ) ) ;
#1660 = VECTOR ( 'NONE', #1485, 1000.000000000000000 ) ;
#1661 = CIRCLE ( 'NONE', #1590, 1.799999999999989164 ) ;
#1662 = DIRECTION ( 'NONE',  ( -0.000000000000000000, 1.000000000000000000, -0.000000000000000000 ) ) ;
#1663 = VECTOR ( 'NONE', #351, 1000.000000000000000 ) ;
#1664 = LINE ( 'NONE', #1505, #1219 ) ;
#1665 = ORIENTED_EDGE ( 'NONE', *, *, #1243, .F. ) ;
#1666 = DIRECTION ( 'NONE',  ( 0.000000000000000000, 0.000000000000000000, 1.000000000000000000 ) ) ;
#1667 = LINE ( 'NONE', #1041, #284 ) ;
#1668 = ADVANCED_FACE ( 'NONE', ( #1449 ), #192, .F. ) ;
#1669 = CARTESIAN_POINT ( 'NONE',  ( 100.0000000000000000, -2.999999999999999112, -57.00000000000000000 ) ) ;
#1670 = EDGE_CURVE ( 'NONE', #752, #1007, #991, .T. ) ;
#1671 = ORIENTED_EDGE ( 'NONE', *, *, #113, .F. ) ;
#1672 = VERTEX_POINT ( 'NONE', #1517 ) ;
#1673 = DIRECTION ( 'NONE',  ( 0.000000000000000000, 0.000000000000000000, -1.000000000000000000 ) ) ;
#1674 = DIRECTION ( 'NONE',  ( -1.000000000000000000, -0.000000000000000000, -0.000000000000000000 ) ) ;
#1675 = ORIENTED_EDGE ( 'NONE', *, *, #1069, .T. ) ;
#1676 = VECTOR ( 'NONE', #1766, 1000.000000000000000 ) ;
#1677 = CARTESIAN_POINT ( 'NONE',  ( 0.000000000000000000, -4.000000000000000000, -54.00000000000000000 ) ) ;
#1678 = DIRECTION ( 'NONE',  ( 0.000000000000000000, 0.000000000000000000, -1.000000000000000000 ) ) ;
#1679 = AXIS2_PLACEMENT_3D ( 'NONE', #1706, #158, #777 ) ;
#1680 = CARTESIAN_POINT ( 'NONE',  ( 54.34041365880614194, -4.000000000000000000, 51.00000000000000000 ) ) ;
#1681 = EDGE_CURVE ( 'NONE', #1186, #977, #1960, .T. ) ;
#1682 = ORIENTED_EDGE ( 'NONE', *, *, #247, .T. ) ;
#1683 = ORIENTED_EDGE ( 'NONE', *, *, #1382, .T. ) ;
#1684 = EDGE_CURVE ( 'NONE', #272, #1502, #1179, .T. ) ;
#1685 = FACE_BOUND ( 'NONE', #952, .T. ) ;
#1686 = DIRECTION ( 'NONE',  ( -0.000000000000000000, 1.000000000000000000, -0.000000000000000000 ) ) ;
#1687 = ORIENTED_EDGE ( 'NONE', *, *, #274, .F. ) ;
#1688 = CARTESIAN_POINT ( 'NONE',  ( -78.00000000000000000, 0.000000000000000000, 19.00000000000000000 ) ) ;
#1689 = FACE_OUTER_BOUND ( 'NONE', #868, .T. ) ;
#1690 = DIRECTION ( 'NONE',  ( 0.000000000000000000, 1.000000000000000000, 0.000000000000000000 ) ) ;
#1691 = ORIENTED_EDGE ( 'NONE', *, *, #1304, .F. ) ;
#1692 = VERTEX_POINT ( 'NONE', #432 ) ;
#1693 = AXIS2_PLACEMENT_3D ( 'NONE', #1040, #257, #1666 ) ;
#1694 = LINE ( 'NONE', #285, #667 ) ;
#1695 = VECTOR ( 'NONE', #1900, 1000.000000000000000 ) ;
#1696 = DIRECTION ( 'NONE',  ( 0.000000000000000000, 0.000000000000000000, 1.000000000000000000 ) ) ;
#1697 = VERTEX_POINT ( 'NONE', #400 ) ;
#1698 = AXIS2_PLACEMENT_3D ( 'NONE', #179, #341, #1589 ) ;
#1699 = DIRECTION ( 'NONE',  ( -0.000000000000000000, 1.000000000000000000, -0.000000000000000000 ) ) ;
#1700 = CARTESIAN_POINT ( 'NONE',  ( 108.0000000000000000, -12.00000000000000000, 67.50000000000000000 ) ) ;
#1701 = VECTOR ( 'NONE', #483, 1000.000000000000000 ) ;
#1702 = CARTESIAN_POINT ( 'NONE',  ( 110.0000000000000000, -12.00000000000000000, 67.50000000000000000 ) ) ;
#1703 = ORIENTED_EDGE ( 'NONE', *, *, #944, .T. ) ;
#1704 = ORIENTED_EDGE ( 'NONE', *, *, #960, .T. ) ;
#1705 = DIRECTION ( 'NONE',  ( -0.000000000000000000, 1.000000000000000000, -0.000000000000000000 ) ) ;
#1706 = CARTESIAN_POINT ( 'NONE',  ( 46.00000000000000000, -1.199999999999999734, 47.00000000000000000 ) ) ;
#1707 = EDGE_CURVE ( 'NONE', #1341, #1672, #882, .T. ) ;
#1708 = CARTESIAN_POINT ( 'NONE',  ( 54.34041365880614194, -1.199999999999999734, 17.00000000000000000 ) ) ;
#1709 = DIRECTION ( 'NONE',  ( -0.000000000000000000, 0.000000000000000000, 1.000000000000000000 ) ) ;
#1710 = CIRCLE ( 'NONE', #263, 1.799999999999989164 ) ;
#1711 = ORIENTED_EDGE ( 'NONE', *, *, #693, .T. ) ;
#1712 = FACE_OUTER_BOUND ( 'NONE', #378, .T. ) ;
#1713 = ORIENTED_EDGE ( 'NONE', *, *, #1743, .T. ) ;
#1714 = VERTEX_POINT ( 'NONE', #1652 ) ;
#1715 = LINE ( 'NONE', #1362, #971 ) ;
#1716 = LINE ( 'NONE', #614, #333 ) ;
#1717 = CARTESIAN_POINT ( 'NONE',  ( 100.0000000000000000, 0.000000000000000000, -55.20000000000000995 ) ) ;
#1718 = LINE ( 'NONE', #1541, #876 ) ;
#1719 = VERTEX_POINT ( 'NONE', #872 ) ;
#1720 = FACE_OUTER_BOUND ( 'NONE', #830, .T. ) ;
#1721 = EDGE_CURVE ( 'NONE', #1164, #1637, #815, .T. ) ;
#1722 = ORIENTED_EDGE ( 'NONE', *, *, #1985, .T. ) ;
#1723 = EDGE_LOOP ( 'NONE', ( #115, #256, #629, #250 ) ) ;
#1724 = DIRECTION ( 'NONE',  ( -0.000000000000000000, 1.000000000000000000, -0.000000000000000000 ) ) ;
#1725 = FACE_OUTER_BOUND ( 'NONE', #822, .T. ) ;
#1726 = FACE_OUTER_BOUND ( 'NONE', #1988, .T. ) ;
#1727 = DIRECTION ( 'NONE',  ( 0.000000000000000000, 0.000000000000000000, -1.000000000000000000 ) ) ;
#1728 = CIRCLE ( 'NONE', #611, 1.799999999999989164 ) ;
#1729 = ORIENTED_EDGE ( 'NONE', *, *, #1909, .F. ) ;
#1730 = CARTESIAN_POINT ( 'NONE',  ( 17.00000000000000000, 0.000000000000000000, 51.00000000000000000 ) ) ;
#1731 = AXIS2_PLACEMENT_3D ( 'NONE', #1174, #554, #875 ) ;
#1732 = EDGE_CURVE ( 'NONE', #580, #204, #1325, .T. ) ;
#1733 = EDGE_LOOP ( 'NONE', ( #1060, #930, #180, #1029 ) ) ;
#1734 = ADVANCED_FACE ( 'NONE', ( #1993 ), #538, .F. ) ;
#1735 = ORIENTED_EDGE ( 'NONE', *, *, #1232, .T. ) ;
#1736 =( NAMED_UNIT ( * ) SI_UNIT ( $, .STERADIAN. ) SOLID_ANGLE_UNIT ( ) );
#1737 = PLANE ( 'NONE',  #1957 ) ;
#1738 = FACE_OUTER_BOUND ( 'NONE', #423, .T. ) ;
#1739 = VECTOR ( 'NONE', #1496, 1000.000000000000000 ) ;
#1740 = EDGE_LOOP ( 'NONE', ( #283, #1650, #1942, #895 ) ) ;
#1741 = ORIENTED_EDGE ( 'NONE', *, *, #461, .T. ) ;
#1742 = EDGE_CURVE ( 'NONE', #1280, #226, #1945, .T. ) ;
#1743 = EDGE_CURVE ( 'NONE', #1436, #272, #266, .T. ) ;
#1744 = CARTESIAN_POINT ( 'NONE',  ( 12.00000000000000000, 0.000000000000000000, -30.00000000000000000 ) ) ;
#1745 = PLANE ( 'NONE',  #1698 ) ;
#1746 = DIRECTION ( 'NONE',  ( -0.000000000000000000, 1.000000000000000000, -0.000000000000000000 ) ) ;
#1747 = VERTEX_POINT ( 'NONE', #114 ) ;
#1748 = PERSON_AND_ORGANIZATION ( #857, #68 ) ;
#1749 = CARTESIAN_POINT ( 'NONE',  ( -0.000000000000000000, -3.000000000000000000, 65.50000000000000000 ) ) ;
#1750 = VERTEX_POINT ( 'NONE', #94 ) ;
#1751 = CIRCLE ( 'NONE', #478, 1.799999999999989164 ) ;
#1752 = LINE ( 'NONE', #197, #1663 ) ;
#1753 = VECTOR ( 'NONE', #1010, 1000.000000000000000 ) ;
#1754 = CARTESIAN_POINT ( 'NONE',  ( -100.0000000000000000, -16.00000000000000000, -57.00000000000000000 ) ) ;
#1755 = AXIS2_PLACEMENT_3D ( 'NONE', #897, #1806, #1520 ) ;
#1756 = DIRECTION ( 'NONE',  ( 0.000000000000000000, 0.000000000000000000, -1.000000000000000000 ) ) ;
#1757 = ORIENTED_EDGE ( 'NONE', *, *, #1279, .T. ) ;
#1758 = DIRECTION ( 'NONE',  ( -1.000000000000000000, 0.000000000000000000, 0.000000000000000000 ) ) ;
#1759 = FACE_OUTER_BOUND ( 'NONE', #1972, .T. ) ;
#1760 = EDGE_CURVE ( 'NONE', #1350, #1154, #551, .T. ) ;
#1761 = ORIENTED_EDGE ( 'NONE', *, *, #1363, .F. ) ;
#1762 = CARTESIAN_POINT ( 'NONE',  ( 54.34041365880614194, -4.000000000000000000, 17.00000000000000000 ) ) ;
#1763 = ADVANCED_FACE ( 'NONE', ( #1803 ), #733, .F. ) ;
#1764 = FACE_OUTER_BOUND ( 'NONE', #1384, .T. ) ;
#1765 = VECTOR ( 'NONE', #1214, 1000.000000000000000 ) ;
#1766 = DIRECTION ( 'NONE',  ( -0.000000000000000000, 0.000000000000000000, 1.000000000000000000 ) ) ;
#1767 = EDGE_LOOP ( 'NONE', ( #808, #456, #137, #106 ) ) ;
#1768 = LINE ( 'NONE', #1282, #754 ) ;
#1769 = DIRECTION ( 'NONE',  ( 1.000000000000000000, 0.000000000000000000, 0.000000000000000000 ) ) ;
#1770 = ORIENTED_EDGE ( 'NONE', *, *, #1140, .T. ) ;
#1771 = CARTESIAN_POINT ( 'NONE',  ( -60.00000000000000000, -4.000000000000000000, -54.00000000000000000 ) ) ;
#1772 = LINE ( 'NONE', #514, #1005 ) ;
#1773 = EDGE_CURVE ( 'NONE', #568, #448, #1825, .T. ) ;
#1774 = CARTESIAN_POINT ( 'NONE',  ( -84.00000000000000000, 0.000000000000000000, -30.00000000000000000 ) ) ;
#1775 = ORIENTED_EDGE ( 'NONE', *, *, #292, .F. ) ;
#1776 = DIRECTION ( 'NONE',  ( -0.000000000000000000, 1.000000000000000000, -0.000000000000000000 ) ) ;
#1777 = VERTEX_POINT ( 'NONE', #894 ) ;
#1778 = CARTESIAN_POINT ( 'NONE',  ( 4.000000000000000000, 0.000000000000000000, -54.00000000000000000 ) ) ;
#1779 = DIRECTION ( 'NONE',  ( 0.000000000000000000, 1.000000000000000000, 0.000000000000000000 ) ) ;
#1780 = AXIS2_PLACEMENT_3D ( 'NONE', #458, #602, #148 ) ;
#1781 = CARTESIAN_POINT ( 'NONE',  ( -68.00000000000000000, 0.000000000000000000, -30.00000000000000000 ) ) ;
#1782 = AXIS2_PLACEMENT_3D ( 'NONE', #1333, #1662, #59 ) ;
#1783 = EDGE_CURVE ( 'NONE', #304, #516, #1710, .T. ) ;
#1784 = EDGE_CURVE ( 'NONE', #1125, #713, #1835, .T. ) ;
#1785 = VECTOR ( 'NONE', #909, 1000.000000000000000 ) ;
#1786 = DIRECTION ( 'NONE',  ( 0.000000000000000000, 0.000000000000000000, 1.000000000000000000 ) ) ;
#1787 = ORIENTED_EDGE ( 'NONE', *, *, #1312, .T. ) ;
#1788 = AXIS2_PLACEMENT_3D ( 'NONE', #360, #1285, #51 ) ;
#1789 = APPROVAL_ROLE ( '' ) ;
#1790 = DIRECTION ( 'NONE',  ( -0.000000000000000000, 0.000000000000000000, 1.000000000000000000 ) ) ;
#1791 = CARTESIAN_POINT ( 'NONE',  ( -78.00000000000000000, -4.000000000000000000, 19.00000000000000000 ) ) ;
#1792 = ORIENTED_EDGE ( 'NONE', *, *, #523, .T. ) ;
#1793 = DIRECTION ( 'NONE',  ( -1.000000000000000000, -0.000000000000000000, -0.000000000000000000 ) ) ;
#1794 = CARTESIAN_POINT ( 'NONE',  ( 46.00000000000000000, -4.000000000000000000, 21.00000000000000000 ) ) ;
#1795 = DIRECTION ( 'NONE',  ( 0.000000000000000000, -1.000000000000000000, 0.000000000000000000 ) ) ;
#1796 = VERTEX_POINT ( 'NONE', #235 ) ;
#1797 = VERTEX_POINT ( 'NONE', #860 ) ;
#1798 = VECTOR ( 'NONE', #848, 1000.000000000000000 ) ;
#1799 = FACE_OUTER_BOUND ( 'NONE', #1489, .T. ) ;
#1800 =( GEOMETRIC_REPRESENTATION_CONTEXT ( 3 ) GLOBAL_UNCERTAINTY_ASSIGNED_CONTEXT ( ( #369 ) ) GLOBAL_UNIT_ASSIGNED_CONTEXT ( ( #47, #1442, #1736 ) ) REPRESENTATION_CONTEXT ( 'NONE', 'WORKASPACE' ) );
#1801 = EDGE_CURVE ( 'NONE', #558, #752, #82, .T. ) ;
#1802 = EDGE_CURVE ( 'NONE', #6, #1191, #1813, .T. ) ;
#1803 = FACE_OUTER_BOUND ( 'NONE', #890, .T. ) ;
#1804 = ORIENTED_EDGE ( 'NONE', *, *, #1229, .T. ) ;
#1805 = CARTESIAN_POINT ( 'NONE',  ( -80.00000000000000000, 0.000000000000000000, -30.00000000000000000 ) ) ;
#1806 = DIRECTION ( 'NONE',  ( 0.000000000000000000, -1.000000000000000000, 0.000000000000000000 ) ) ;
#1807 = CARTESIAN_POINT ( 'NONE',  ( -100.0000000000000000, -16.00000000000000000, 57.00000000000000000 ) ) ;
#1808 = ORIENTED_EDGE ( 'NONE', *, *, #589, .T. ) ;
#1809 = ORIENTED_EDGE ( 'NONE', *, *, #847, .T. ) ;
#1810 = PERSON_AND_ORGANIZATION_ROLE ( 'classification_officer' ) ;
#1811 = CARTESIAN_POINT ( 'NONE',  ( 100.0000000000000000, 0.000000000000000000, 55.20000000000000284 ) ) ;
#1812 = EDGE_CURVE ( 'NONE', #476, #883, #1664, .T. ) ;
#1813 = LINE ( 'NONE', #409, #65 ) ;
#1814 = EDGE_LOOP ( 'NONE', ( #199, #637, #591, #2028 ) ) ;
#1815 = LINE ( 'NONE', #1973, #641 ) ;
#1816 = CARTESIAN_POINT ( 'NONE',  ( -60.00000000000000000, 0.000000000000000000, -30.00000000000000000 ) ) ;
#1817 = CARTESIAN_POINT ( 'NONE',  ( 46.00000000000000000, -4.000000000000000000, 37.75000000000000000 ) ) ;
#1818 = ORIENTED_EDGE ( 'NONE', *, *, #486, .T. ) ;
#1819 = ORIENTED_EDGE ( 'NONE', *, *, #902, .F. ) ;
#1820 = AXIS2_PLACEMENT_3D ( 'NONE', #1406, #3, #462 ) ;
#1821 = VECTOR ( 'NONE', #495, 1000.000000000000000 ) ;
#1822 = CALENDAR_DATE ( 2026, 26, 7 ) ;
#1823 = DIRECTION ( 'NONE',  ( -0.000000000000000000, 1.000000000000000000, -0.000000000000000000 ) ) ;
#1824 = VECTOR ( 'NONE', #494, 1000.000000000000000 ) ;
#1825 = LINE ( 'NONE', #1644, #1148 ) ;
#1826 = VERTEX_POINT ( 'NONE', #723 ) ;
#1827 = FACE_OUTER_BOUND ( 'NONE', #1047, .T. ) ;
#1828 = DIRECTION ( 'NONE',  ( 0.000000000000000000, 0.000000000000000000, -1.000000000000000000 ) ) ;
#1829 = EDGE_CURVE ( 'NONE', #769, #1881, #1354, .T. ) ;
#1830 = CARTESIAN_POINT ( 'NONE',  ( -100.0000000000000000, -2.999999999999999112, 57.00000000000000000 ) ) ;
#1831 = ADVANCED_FACE ( 'NONE', ( #2003 ), #1256, .F. ) ;
#1832 = ORIENTED_EDGE ( 'NONE', *, *, #336, .T. ) ;
#1833 = ORIENTED_EDGE ( 'NONE', *, *, #312, .F. ) ;
#1834 = LINE ( 'NONE', #1223, #86 ) ;
#1835 = LINE ( 'NONE', #1971, #1798 ) ;
#1836 = EDGE_LOOP ( 'NONE', ( #358, #155, #241, #1946 ) ) ;
#1837 = VECTOR ( 'NONE', #1605, 1000.000000000000000 ) ;
#1838 = CARTESIAN_POINT ( 'NONE',  ( 17.00000000000000000, -1.199999999999999956, 51.00000000000000000 ) ) ;
#1839 = CARTESIAN_POINT ( 'NONE',  ( -78.00000000000000000, 0.000000000000000000, 19.00000000000000000 ) ) ;
#1840 = VECTOR ( 'NONE', #356, 1000.000000000000000 ) ;
#1841 = DIRECTION ( 'NONE',  ( 0.000000000000000000, -1.000000000000000000, 0.000000000000000000 ) ) ;
#1842 = ORIENTED_EDGE ( 'NONE', *, *, #648, .T. ) ;
#1843 = EDGE_LOOP ( 'NONE', ( #1883, #658, #200, #313 ) ) ;
#1844 = CARTESIAN_POINT ( 'NONE',  ( 46.00000000000000000, -3.000000000000000000, 30.25000000000000711 ) ) ;
#1845 = DIRECTION ( 'NONE',  ( -0.000000000000000000, 1.000000000000000000, -0.000000000000000000 ) ) ;
#1846 = ORIENTED_EDGE ( 'NONE', *, *, #500, .F. ) ;
#1847 = LINE ( 'NONE', #1394, #1929 ) ;
#1848 = PLANE ( 'NONE',  #1137 ) ;
#1849 = DIRECTION ( 'NONE',  ( 0.000000000000000000, 0.000000000000000000, 1.000000000000000000 ) ) ;
#1850 = ORIENTED_EDGE ( 'NONE', *, *, #375, .F. ) ;
#1851 = EDGE_LOOP ( 'NONE', ( #1126, #1704, #710, #90 ) ) ;
#1852 = ADVANCED_FACE ( 'NONE', ( #1414 ), #766, .F. ) ;
#1853 = AXIS2_PLACEMENT_3D ( 'NONE', #1157, #527, #377 ) ;
#1854 = CARTESIAN_POINT ( 'NONE',  ( 0.000000000000000000, -3.000000000000000000, 0.000000000000000000 ) ) ;
#1855 = CLOSED_SHELL ( 'NONE', ( #1924, #1269, #1668, #635, #1868, #475, #2010, #167, #290, #128, #1218, #1628, #76, #866, #359, #784, #1016, #260, #999, #11, #1301, #1980, #1085, #302, #915, #976, #546, #399, #488, #1763, #561, #439, #1422, #625, #1638, #1042, #1831, #144, #201, #942, #273, #1045, #208, #532, #371, #1415, #1852, #1734, #708, #349, #819, #499, #1404, #695, #1189, #1891, #636, #681 ) ) ;
#1856 = CARTESIAN_POINT ( 'NONE',  ( 12.00000000000000000, -4.000000000000000000, -54.00000000000000000 ) ) ;
#1857 = VECTOR ( 'NONE', #1250, 1000.000000000000000 ) ;
#1858 = LINE ( 'NONE', #624, #459 ) ;
#1859 = DIRECTION ( 'NONE',  ( -0.000000000000000000, 1.000000000000000000, -0.000000000000000000 ) ) ;
#1860 = VECTOR ( 'NONE', #48, 1000.000000000000000 ) ;
#1861 = LINE ( 'NONE', #638, #480 ) ;
#1862 = ORIENTED_EDGE ( 'NONE', *, *, #143, .F. ) ;
#1863 = ORIENTED_EDGE ( 'NONE', *, *, #1911, .F. ) ;
#1864 = EDGE_CURVE ( 'NONE', #1012, #1614, #168, .T. ) ;
#1865 = CARTESIAN_POINT ( 'NONE',  ( 54.34041365880614194, 0.000000000000000000, 17.00000000000000000 ) ) ;
#1866 = CARTESIAN_POINT ( 'NONE',  ( -44.00000000000000000, -3.000000000000000000, -0.000000000000000000 ) ) ;
#1867 = DIRECTION ( 'NONE',  ( 0.000000000000000000, 1.000000000000000000, 0.000000000000000000 ) ) ;
#1868 = ADVANCED_FACE ( 'NONE', ( #481 ), #1386, .F. ) ;
#1869 = CARTESIAN_POINT ( 'NONE',  ( -8.000000000000000000, -3.000000000000000000, -30.00000000000000000 ) ) ;
#1870 = AXIS2_PLACEMENT_3D ( 'NONE', #1103, #231, #1625 ) ;
#1871 = CARTESIAN_POINT ( 'NONE',  ( -68.00000000000000000, -4.000000000000000000, -30.00000000000000000 ) ) ;
#1872 = VECTOR ( 'NONE', #365, 1000.000000000000000 ) ;
#1873 = VERTEX_POINT ( 'NONE', #287 ) ;
#1874 = ORIENTED_EDGE ( 'NONE', *, *, #574, .T. ) ;
#1875 = FACE_BOUND ( 'NONE', #502, .T. ) ;
#1876 = CARTESIAN_POINT ( 'NONE',  ( 16.00000000000000000, -3.000000000000000000, -54.00000000000000000 ) ) ;
#1877 = DIRECTION ( 'NONE',  ( 0.000000000000000000, 0.000000000000000000, 1.000000000000000000 ) ) ;
#1878 = DIRECTION ( 'NONE',  ( 1.000000000000000000, -0.000000000000000000, 0.000000000000000000 ) ) ;
#1879 = EDGE_CURVE ( 'NONE', #29, #977, #1639, .T. ) ;
#1880 = EDGE_CURVE ( 'NONE', #1153, #567, #756, .T. ) ;
#1881 = VERTEX_POINT ( 'NONE', #1548 ) ;
#1882 = CARTESIAN_POINT ( 'NONE',  ( -44.00000000000000000, -4.000000000000000000, 49.00000000000000000 ) ) ;
#1883 = ORIENTED_EDGE ( 'NONE', *, *, #361, .F. ) ;
#1884 = ORIENTED_EDGE ( 'NONE', *, *, #825, .T. ) ;
#1885 = CARTESIAN_POINT ( 'NONE',  ( -80.00000000000000000, -4.000000000000000000, -30.00000000000000000 ) ) ;
#1886 = DIRECTION ( 'NONE',  ( 0.000000000000000000, 0.000000000000000000, -1.000000000000000000 ) ) ;
#1887 = FACE_BOUND ( 'NONE', #1263, .T. ) ;
#1888 = VECTOR ( 'NONE', #1327, 1000.000000000000000 ) ;
#1889 = VECTOR ( 'NONE', #555, 1000.000000000000000 ) ;
#1890 = CARTESIAN_POINT ( 'NONE',  ( 100.0000000000000000, 0.000000000000000000, 57.00000000000000000 ) ) ;
#1891 = ADVANCED_FACE ( 'NONE', ( #1725 ), #1527, .F. ) ;
#1892 = VECTOR ( 'NONE', #1996, 1000.000000000000000 ) ;
#1893 = ORIENTED_EDGE ( 'NONE', *, *, #225, .T. ) ;
#1894 = EDGE_LOOP ( 'NONE', ( #1622, #390, #2004, #824 ) ) ;
#1895 = EDGE_CURVE ( 'NONE', #1063, #1925, #949, .T. ) ;
#1896 = DIRECTION ( 'NONE',  ( -1.000000000000000000, 0.000000000000000000, 0.000000000000000000 ) ) ;
#1897 = ORIENTED_EDGE ( 'NONE', *, *, #1936, .T. ) ;
#1898 = CARTESIAN_POINT ( 'NONE',  ( 108.0000000000000000, -3.000000000000000000, 0.000000000000000000 ) ) ;
#1899 = AXIS2_PLACEMENT_3D ( 'NONE', #66, #981, #812 ) ;
#1900 = DIRECTION ( 'NONE',  ( -0.000000000000000000, 0.000000000000000000, 1.000000000000000000 ) ) ;
#1901 = ORIENTED_EDGE ( 'NONE', *, *, #337, .T. ) ;
#1902 = PRODUCT_DEFINITION_FORMATION_WITH_SPECIFIED_SOURCE ( '任何', '', #1048, .NOT_KNOWN. ) ;
#1903 = EDGE_LOOP ( 'NONE', ( #1132, #1210, #252, #900 ) ) ;
#1904 = PLANE ( 'NONE',  #986 ) ;
#1905 = PLANE ( 'NONE',  #379 ) ;
#1906 = CARTESIAN_POINT ( 'NONE',  ( -60.00000000000000000, -3.000000000000000000, -30.00000000000000000 ) ) ;
#1907 = LINE ( 'NONE', #1307, #1821 ) ;
#1908 = ORIENTED_EDGE ( 'NONE', *, *, #589, .F. ) ;
#1909 = EDGE_CURVE ( 'NONE', #939, #1692, #297, .T. ) ;
#1910 = CARTESIAN_POINT ( 'NONE',  ( 100.0000000000000000, -16.00000000000000000, -58.79999999999999005 ) ) ;
#1911 = EDGE_CURVE ( 'NONE', #1796, #1987, #276, .T. ) ;
#1912 = DIRECTION ( 'NONE',  ( 0.000000000000000000, 1.000000000000000000, 0.000000000000000000 ) ) ;
#1913 = EDGE_LOOP ( 'NONE', ( #1583, #677, #1522, #1149 ) ) ;
#1914 = AXIS2_PLACEMENT_3D ( 'NONE', #1337, #839, #553 ) ;
#1915 = DIRECTION ( 'NONE',  ( -1.000000000000000000, 0.000000000000000000, 0.000000000000000000 ) ) ;
#1916 = VECTOR ( 'NONE', #1098, 1000.000000000000000 ) ;
#1917 = APPLICATION_CONTEXT ( 'configuration controlled 3d designs of mechanical parts and assemblies' ) ;
#1918 = CARTESIAN_POINT ( 'NONE',  ( -80.00000000000000000, 0.000000000000000000, -30.00000000000000000 ) ) ;
#1919 = AXIS2_PLACEMENT_3D ( 'NONE', #1534, #131, #599 ) ;
#1920 = CARTESIAN_POINT ( 'NONE',  ( -100.0000000000000000, -2.999999999999999112, -57.00000000000000000 ) ) ;
#1921 = VERTEX_POINT ( 'NONE', #1224 ) ;
#1922 = MECHANICAL_CONTEXT ( 'NONE', #1917, 'mechanical' ) ;
#1923 = DIRECTION ( 'NONE',  ( 0.000000000000000000, 0.000000000000000000, -1.000000000000000000 ) ) ;
#1924 = ADVANCED_FACE ( 'NONE', ( #2024 ), #2014, .F. ) ;
#1925 = VERTEX_POINT ( 'NONE', #441 ) ;
#1926 = PLANE ( 'NONE',  #417 ) ;
#1927 = CARTESIAN_POINT ( 'NONE',  ( 12.00000000000000000, 0.000000000000000000, -30.00000000000000000 ) ) ;
#1928 = ORIENTED_EDGE ( 'NONE', *, *, #1801, .F. ) ;
#1929 = VECTOR ( 'NONE', #129, 1000.000000000000000 ) ;
#1930 = LINE ( 'NONE', #78, #887 ) ;
#1931 = ORIENTED_EDGE ( 'NONE', *, *, #892, .T. ) ;
#1932 = LINE ( 'NONE', #1138, #1544 ) ;
#1933 = PLANE ( 'NONE',  #1853 ) ;
#1934 = ORIENTED_EDGE ( 'NONE', *, *, #2032, .F. ) ;
#1935 = LINE ( 'NONE', #1159, #248 ) ;
#1936 = EDGE_CURVE ( 'NONE', #111, #211, #603, .T. ) ;
#1937 = DIRECTION ( 'NONE',  ( -0.000000000000000000, 0.000000000000000000, 1.000000000000000000 ) ) ;
#1938 = EDGE_CURVE ( 'NONE', #601, #1154, #1716, .T. ) ;
#1939 = DIRECTION ( 'NONE',  ( 0.000000000000000000, 0.000000000000000000, 1.000000000000000000 ) ) ;
#1940 = EDGE_LOOP ( 'NONE', ( #1658, #1599 ) ) ;
#1941 = DIRECTION ( 'NONE',  ( -0.000000000000000000, 1.000000000000000000, -0.000000000000000000 ) ) ;
#1942 = ORIENTED_EDGE ( 'NONE', *, *, #103, .F. ) ;
#1943 = COORDINATED_UNIVERSAL_TIME_OFFSET ( 8, 0, .AHEAD. ) ;
#1944 = DIRECTION ( 'NONE',  ( -1.000000000000000000, -0.000000000000000000, -0.000000000000000000 ) ) ;
#1945 = LINE ( 'NONE', #1017, #1739 ) ;
#1946 = ORIENTED_EDGE ( 'NONE', *, *, #1773, .T. ) ;
#1947 = FACE_OUTER_BOUND ( 'NONE', #751, .T. ) ;
#1948 = FACE_OUTER_BOUND ( 'NONE', #2012, .T. ) ;
#1949 = VECTOR ( 'NONE', #1476, 1000.000000000000000 ) ;
#1950 = CARTESIAN_POINT ( 'NONE',  ( 75.00000000000000000, 0.000000000000000000, 51.00000000000000000 ) ) ;
#1951 = PRODUCT_RELATED_PRODUCT_CATEGORY ( 'detail', '', ( #1048 ) ) ;
#1952 = VECTOR ( 'NONE', #963, 1000.000000000000000 ) ;
#1953 = EDGE_CURVE ( 'NONE', #1073, #713, #452, .T. ) ;
#1954 = EDGE_LOOP ( 'NONE', ( #1289, #1444, #154, #783, #314, #1209 ) ) ;
#1955 = VERTEX_POINT ( 'NONE', #1083 ) ;
#1956 = EDGE_CURVE ( 'NONE', #1697, #1714, #395, .T. ) ;
#1957 = AXIS2_PLACEMENT_3D ( 'NONE', #1617, #651, #339 ) ;
#1958 = SECURITY_CLASSIFICATION_LEVEL ( 'unclassified' ) ;
#1959 = DIRECTION ( 'NONE',  ( 0.000000000000000000, 0.000000000000000000, 1.000000000000000000 ) ) ;
#1960 = LINE ( 'NONE', #1981, #1470 ) ;
#1961 = VERTEX_POINT ( 'NONE', #2 ) ;
#1962 = DIRECTION ( 'NONE',  ( -0.000000000000000000, 1.000000000000000000, -0.000000000000000000 ) ) ;
#1963 = DIRECTION ( 'NONE',  ( 1.000000000000000000, 0.000000000000000000, 0.000000000000000000 ) ) ;
#1964 = LINE ( 'NONE', #1817, #88 ) ;
#1965 = ORIENTED_EDGE ( 'NONE', *, *, #762, .T. ) ;
#1966 = VERTEX_POINT ( 'NONE', #1876 ) ;
#1967 = EDGE_CURVE ( 'NONE', #609, #1626, #813, .T. ) ;
#1968 = VECTOR ( 'NONE', #307, 1000.000000000000000 ) ;
#1969 = CARTESIAN_POINT ( 'NONE',  ( 108.0000000000000000, -12.00000000000000000, 67.50000000000000000 ) ) ;
#1970 = CC_DESIGN_APPROVAL ( #1379, ( #957 ) ) ;
#1971 = CARTESIAN_POINT ( 'NONE',  ( 17.00000000000000000, -1.199999999999999956, 17.00000000000000000 ) ) ;
#1972 = EDGE_LOOP ( 'NONE', ( #1545, #904, #1683, #487 ) ) ;
#1973 = CARTESIAN_POINT ( 'NONE',  ( 75.00000000000000000, 0.000000000000000000, 51.00000000000000000 ) ) ;
#1974 = CARTESIAN_POINT ( 'NONE',  ( 100.0000000000000000, -2.999999999999999112, 58.79999999999999716 ) ) ;
#1975 = DIRECTION ( 'NONE',  ( -1.000000000000000000, 0.000000000000000000, 0.000000000000000000 ) ) ;
#1976 = ORIENTED_EDGE ( 'NONE', *, *, #1588, .F. ) ;
#1977 = ORIENTED_EDGE ( 'NONE', *, *, #1277, .F. ) ;
#1978 = PERSON_AND_ORGANIZATION_ROLE ( 'design_supplier' ) ;
#1979 = CARTESIAN_POINT ( 'NONE',  ( -108.0000000000000000, -12.00000000000000000, -67.50000000000000000 ) ) ;
#1980 = ADVANCED_FACE ( 'NONE', ( #1311 ), #1904, .F. ) ;
#1981 = CARTESIAN_POINT ( 'NONE',  ( 46.00000000000000000, -4.000000000000000000, 30.25000000000000711 ) ) ;
#1982 = ORIENTED_EDGE ( 'NONE', *, *, #1615, .T. ) ;
#1983 = CARTESIAN_POINT ( 'NONE',  ( 17.00000000000000000, 0.000000000000000000, 51.00000000000000000 ) ) ;
#1984 = CARTESIAN_POINT ( 'NONE',  ( 54.34041365880614194, -1.199999999999999734, 51.00000000000000000 ) ) ;
#1985 = EDGE_CURVE ( 'NONE', #939, #294, #1431, .T. ) ;
#1986 = DIRECTION ( 'NONE',  ( -0.000000000000000000, -0.000000000000000000, 1.000000000000000000 ) ) ;
#1987 = VERTEX_POINT ( 'NONE', #1450 ) ;
#1988 = EDGE_LOOP ( 'NONE', ( #1180, #1088, #1565, #1574 ) ) ;
#1989 = VECTOR ( 'NONE', #157, 1000.000000000000000 ) ;
#1990 = VECTOR ( 'NONE', #311, 1000.000000000000000 ) ;
#1991 = CARTESIAN_POINT ( 'NONE',  ( -84.00000000000000000, 0.000000000000000000, -54.00000000000000000 ) ) ;
#1992 = CIRCLE ( 'NONE', #972, 9.250000000000003553 ) ;
#1993 = FACE_OUTER_BOUND ( 'NONE', #1373, .T. ) ;
#1994 = ORIENTED_EDGE ( 'NONE', *, *, #60, .T. ) ;
#1995 = DIRECTION ( 'NONE',  ( 0.000000000000000000, 0.000000000000000000, 1.000000000000000000 ) ) ;
#1996 = DIRECTION ( 'NONE',  ( -0.000000000000000000, 1.000000000000000000, -0.000000000000000000 ) ) ;
#1997 = EDGE_CURVE ( 'NONE', #1350, #1750, #1932, .T. ) ;
#1998 = CARTESIAN_POINT ( 'NONE',  ( -12.00000000000000000, -3.000000000000000000, -54.00000000000000000 ) ) ;
#1999 = ORIENTED_EDGE ( 'NONE', *, *, #693, .F. ) ;
#2000 = ORIENTED_EDGE ( 'NONE', *, *, #825, .F. ) ;
#2001 = PLANE ( 'NONE',  #1780 ) ;
#2002 = AXIS2_PLACEMENT_3D ( 'NONE', #903, #1393, #298 ) ;
#2003 = FACE_OUTER_BOUND ( 'NONE', #40, .T. ) ;
#2004 = ORIENTED_EDGE ( 'NONE', *, *, #1643, .F. ) ;
#2005 = CC_DESIGN_APPROVAL ( #497, ( #1902 ) ) ;
#2006 = CARTESIAN_POINT ( 'NONE',  ( -84.00000000000000000, -4.000000000000000000, -30.00000000000000000 ) ) ;
#2007 = CARTESIAN_POINT ( 'NONE',  ( 4.000000000000000000, -3.000000000000000000, -30.00000000000000000 ) ) ;
#2008 = EDGE_CURVE ( 'NONE', #232, #164, #650, .T. ) ;
#2009 = FACE_OUTER_BOUND ( 'NONE', #1836, .T. ) ;
#2010 = ADVANCED_FACE ( 'NONE', ( #328 ), #1121, .T. ) ;
#2011 = ORIENTED_EDGE ( 'NONE', *, *, #1353, .F. ) ;
#2012 = EDGE_LOOP ( 'NONE', ( #145, #288, #673, #1850 ) ) ;
#2013 = CARTESIAN_POINT ( 'NONE',  ( -44.00000000000000000, -3.000000000000000000, 19.00000000000000000 ) ) ;
#2014 = CYLINDRICAL_SURFACE ( 'NONE', #1316, 9.250000000000005329 ) ;
#2015 = DIRECTION ( 'NONE',  ( -1.000000000000000000, 0.000000000000000000, 0.000000000000000000 ) ) ;
#2016 = DIRECTION ( 'NONE',  ( 1.000000000000000000, 0.000000000000000000, 0.000000000000000000 ) ) ;
#2017 = DIRECTION ( 'NONE',  ( 0.000000000000000000, 0.000000000000000000, -1.000000000000000000 ) ) ;
#2018 = ORIENTED_EDGE ( 'NONE', *, *, #1566, .F. ) ;
#2019 = EDGE_LOOP ( 'NONE', ( #526, #631 ) ) ;
#2020 = EDGE_CURVE ( 'NONE', #1653, #980, #1768, .T. ) ;
#2021 = VECTOR ( 'NONE', #1403, 1000.000000000000000 ) ;
#2022 = DIRECTION ( 'NONE',  ( 1.000000000000000000, 0.000000000000000000, 0.000000000000000000 ) ) ;
#2023 = AXIS2_PLACEMENT_3D ( 'NONE', #1871, #1106, #142 ) ;
#2024 = FACE_OUTER_BOUND ( 'NONE', #1954, .T. ) ;
#2025 = AXIS2_PLACEMENT_3D ( 'NONE', #1248, #151, #1407 ) ;
#2026 = LINE ( 'NONE', #615, #33 ) ;
#2027 = CARTESIAN_POINT ( 'NONE',  ( 12.00000000000000000, -4.000000000000000000, -30.00000000000000000 ) ) ;
#2028 = ORIENTED_EDGE ( 'NONE', *, *, #125, .F. ) ;
#2029 = CARTESIAN_POINT ( 'NONE',  ( 16.00000000000000000, -4.000000000000000000, -54.00000000000000000 ) ) ;
#2030 = ORIENTED_EDGE ( 'NONE', *, *, #1611, .T. ) ;
#2031 = ORIENTED_EDGE ( 'NONE', *, *, #1742, .F. ) ;
#2032 = EDGE_CURVE ( 'NONE', #1452, #917, #58, .T. ) ;
#2033 = FACE_BOUND ( 'NONE', #1940, .T. ) ;
ENDSEC;
END-ISO-10303-21;
