ISO-10303-21;
HEADER;
FILE_DESCRIPTION (( 'STEP AP203' ),
    '1' );
FILE_NAME ('mars_lander_control_box_lid_v1p1.step',
    '2026-07-26T09:22:15',
    ( '' ),
    ( '' ),
    'SwSTEP 2.0',
    'SolidWorks 2022',
    '' );
FILE_SCHEMA (( 'CONFIG_CONTROL_DESIGN' ));
ENDSEC;

DATA;
#1 = PLANE ( 'NONE',  #1137 ) ;
#2 = CARTESIAN_POINT ( 'NONE',  ( 46.00000000000000000, -4.000000000000000000, 21.00000000000000000 ) ) ;
#3 = DIRECTION ( 'NONE',  ( -1.000000000000000000, 0.000000000000000000, 0.000000000000000000 ) ) ;
#4 = CARTESIAN_POINT ( 'NONE',  ( -80.00000000000000000, 0.000000000000000000, -30.00000000000000000 ) ) ;
#5 = ORIENTED_EDGE ( 'NONE', *, *, #685, .F. ) ;
#6 = EDGE_LOOP ( 'NONE', ( #437, #7, #1687, #970 ) ) ;
#7 = ORIENTED_EDGE ( 'NONE', *, *, #1969, .T. ) ;
#8 = DIRECTION ( 'NONE',  ( 0.000000000000000000, 0.000000000000000000, 1.000000000000000000 ) ) ;
#9 = EDGE_LOOP ( 'NONE', ( #1572, #1883, #1908, #37 ) ) ;
#10 = CARTESIAN_POINT ( 'NONE',  ( 100.0000000000000000, 0.000000000000000000, -57.00000000000000000 ) ) ;
#11 = DIRECTION ( 'NONE',  ( 0.000000000000000000, -1.000000000000000000, 0.000000000000000000 ) ) ;
#12 = VECTOR ( 'NONE', #550, 1000.000000000000000 ) ;
#13 = FACE_BOUND ( 'NONE', #1421, .T. ) ;
#14 = VERTEX_POINT ( 'NONE', #344 ) ;
#15 = AXIS2_PLACEMENT_3D ( 'NONE', #1977, #3, #1254 ) ;
#16 =( LENGTH_UNIT ( ) NAMED_UNIT ( * ) SI_UNIT ( .MILLI., .METRE. ) );
#17 = VECTOR ( 'NONE', #1683, 1000.000000000000000 ) ;
#18 = CARTESIAN_POINT ( 'NONE',  ( 75.00000000000000000, -1.199999999999999956, 19.00000000000000000 ) ) ;
#19 = AXIS2_PLACEMENT_3D ( 'NONE', #265, #916, #1233 ) ;
#20 = EDGE_LOOP ( 'NONE', ( #466, #1700, #1280, #228 ) ) ;
#21 = ORIENTED_EDGE ( 'NONE', *, *, #1573, .F. ) ;
#22 = VERTEX_POINT ( 'NONE', #309 ) ;
#23 = CIRCLE ( 'NONE', #1638, 9.250000000000001776 ) ;
#24 = LINE ( 'NONE', #33, #115 ) ;
#25 = EDGE_LOOP ( 'NONE', ( #1231, #1221, #1100, #1212 ) ) ;
#26 = VECTOR ( 'NONE', #607, 1000.000000000000000 ) ;
#27 = LINE ( 'NONE', #786, #585 ) ;
#28 = LINE ( 'NONE', #1729, #272 ) ;
#29 = CARTESIAN_POINT ( 'NONE',  ( -0.000000000000000000, -3.000000000000000000, -0.000000000000000000 ) ) ;
#30 = ORIENTED_EDGE ( 'NONE', *, *, #1721, .F. ) ;
#31 = DIRECTION ( 'NONE',  ( -0.000000000000000000, 1.000000000000000000, -0.000000000000000000 ) ) ;
#32 = DIRECTION ( 'NONE',  ( 0.000000000000000000, 0.000000000000000000, -1.000000000000000000 ) ) ;
#33 = CARTESIAN_POINT ( 'NONE',  ( 12.00000000000000000, -3.000000000000000000, 0.000000000000000000 ) ) ;
#34 = ORIENTED_EDGE ( 'NONE', *, *, #1452, .F. ) ;
#35 = FACE_OUTER_BOUND ( 'NONE', #1753, .T. ) ;
#36 = DIRECTION ( 'NONE',  ( 0.000000000000000000, 0.000000000000000000, -1.000000000000000000 ) ) ;
#37 = ORIENTED_EDGE ( 'NONE', *, *, #1311, .T. ) ;
#38 = EDGE_CURVE ( 'NONE', #613, #1620, #1405, .T. ) ;
#39 = ORIENTED_EDGE ( 'NONE', *, *, #1122, .F. ) ;
#40 = EDGE_CURVE ( 'NONE', #654, #772, #1516, .T. ) ;
#41 = FACE_OUTER_BOUND ( 'NONE', #678, .T. ) ;
#42 = ADVANCED_FACE ( 'NONE', ( #1220 ), #464, .F. ) ;
#43 = CARTESIAN_POINT ( 'NONE',  ( -61.00000000000000000, -3.000000000000000000, 25.00000000000000000 ) ) ;
#44 = VERTEX_POINT ( 'NONE', #1542 ) ;
#45 = ORIENTED_EDGE ( 'NONE', *, *, #273, .F. ) ;
#46 = CARTESIAN_POINT ( 'NONE',  ( -80.00000000000000000, -4.000000000000000000, -54.00000000000000000 ) ) ;
#47 = EDGE_LOOP ( 'NONE', ( #158, #1666, #50, #73 ) ) ;
#48 = LINE ( 'NONE', #1534, #391 ) ;
#49 = CARTESIAN_POINT ( 'NONE',  ( 110.0000000000000000, -12.00000000000000000, 67.50000000000000000 ) ) ;
#50 = ORIENTED_EDGE ( 'NONE', *, *, #1158, .T. ) ;
#51 = ORIENTED_EDGE ( 'NONE', *, *, #969, .T. ) ;
#52 = ORIENTED_EDGE ( 'NONE', *, *, #1157, .F. ) ;
#53 = VERTEX_POINT ( 'NONE', #1557 ) ;
#54 = DIRECTION ( 'NONE',  ( -1.000000000000000000, 0.000000000000000000, 0.000000000000000000 ) ) ;
#55 = VECTOR ( 'NONE', #578, 1000.000000000000000 ) ;
#56 = AXIS2_PLACEMENT_3D ( 'NONE', #155, #779, #167 ) ;
#57 = CARTESIAN_POINT ( 'NONE',  ( -100.0000000000000000, -2.999999999999999112, -57.00000000000000000 ) ) ;
#58 = ADVANCED_FACE ( 'NONE', ( #1022 ), #1759, .F. ) ;
#59 = FACE_BOUND ( 'NONE', #293, .T. ) ;
#60 = VECTOR ( 'NONE', #1488, 1000.000000000000000 ) ;
#61 = CC_DESIGN_PERSON_AND_ORGANIZATION_ASSIGNMENT ( #1724, #1442, ( #146 ) ) ;
#62 = FACE_OUTER_BOUND ( 'NONE', #468, .T. ) ;
#63 = ORIENTED_EDGE ( 'NONE', *, *, #268, .T. ) ;
#64 = EDGE_LOOP ( 'NONE', ( #1253, #310, #421, #354 ) ) ;
#65 = ORIENTED_EDGE ( 'NONE', *, *, #1690, .T. ) ;
#66 = APPROVAL_ROLE ( '' ) ;
#67 = FACE_OUTER_BOUND ( 'NONE', #20, .T. ) ;
#68 = ADVANCED_FACE ( 'NONE', ( #436 ), #443, .F. ) ;
#69 = DIRECTION ( 'NONE',  ( -1.000000000000000000, 0.000000000000000000, -0.000000000000000000 ) ) ;
#70 = EDGE_CURVE ( 'NONE', #1496, #1211, #1971, .T. ) ;
#71 = CARTESIAN_POINT ( 'NONE',  ( -100.0000000000000000, 0.000000000000000000, 57.00000000000000000 ) ) ;
#72 = LINE ( 'NONE', #1459, #1290 ) ;
#73 = ORIENTED_EDGE ( 'NONE', *, *, #304, .F. ) ;
#74 = ORIENTED_EDGE ( 'NONE', *, *, #830, .F. ) ;
#75 = VERTEX_POINT ( 'NONE', #821 ) ;
#76 = VERTEX_POINT ( 'NONE', #857 ) ;
#77 = CALENDAR_DATE ( 2026, 26, 7 ) ;
#78 = DIRECTION ( 'NONE',  ( 1.000000000000000000, 0.000000000000000000, 0.000000000000000000 ) ) ;
#79 = CARTESIAN_POINT ( 'NONE',  ( -12.00000000000000000, -4.000000000000000000, -54.00000000000000000 ) ) ;
#80 = CARTESIAN_POINT ( 'NONE',  ( 100.0000000000000000, 0.000000000000000000, 55.20000000000000284 ) ) ;
#81 = DIRECTION ( 'NONE',  ( 1.000000000000000000, 0.000000000000000000, 0.000000000000000000 ) ) ;
#82 = ORIENTED_EDGE ( 'NONE', *, *, #1300, .T. ) ;
#83 = EDGE_CURVE ( 'NONE', #552, #99, #1467, .T. ) ;
#84 = APPROVAL_STATUS ( 'not_yet_approved' ) ;
#85 = PLANE ( 'NONE',  #937 ) ;
#86 = DIRECTION ( 'NONE',  ( 1.000000000000000000, 0.000000000000000000, 0.000000000000000000 ) ) ;
#87 = CIRCLE ( 'NONE', #494, 9.000000000000001776 ) ;
#88 = CARTESIAN_POINT ( 'NONE',  ( -100.0000000000000000, -16.00000000000000000, 57.00000000000000000 ) ) ;
#89 = DIRECTION ( 'NONE',  ( -0.000000000000000000, 1.000000000000000000, -0.000000000000000000 ) ) ;
#90 = EDGE_CURVE ( 'NONE', #654, #1055, #72, .T. ) ;
#91 = AXIS2_PLACEMENT_3D ( 'NONE', #1695, #1860, #984 ) ;
#92 = ORIENTED_EDGE ( 'NONE', *, *, #191, .F. ) ;
#93 = ORIENTED_EDGE ( 'NONE', *, *, #733, .F. ) ;
#94 = COORDINATED_UNIVERSAL_TIME_OFFSET ( 8, 0, .AHEAD. ) ;
#95 = CARTESIAN_POINT ( 'NONE',  ( 12.00000000000000000, 0.000000000000000000, -30.00000000000000000 ) ) ;
#96 = CARTESIAN_POINT ( 'NONE',  ( 0.000000000000000000, -3.000000000000000000, -30.00000000000000000 ) ) ;
#97 = DIRECTION ( 'NONE',  ( -0.000000000000000000, -0.000000000000000000, 1.000000000000000000 ) ) ;
#98 = CARTESIAN_POINT ( 'NONE',  ( 12.00000000000000000, -4.000000000000000000, -54.00000000000000000 ) ) ;
#99 = VERTEX_POINT ( 'NONE', #1446 ) ;
#100 = EDGE_CURVE ( 'NONE', #1846, #612, #1006, .T. ) ;
#101 = CARTESIAN_POINT ( 'NONE',  ( 108.0000000000000000, -3.000000000000000000, 0.000000000000000000 ) ) ;
#102 = ADVANCED_FACE ( 'NONE', ( #1768 ), #1296, .T. ) ;
#103 = VERTEX_POINT ( 'NONE', #401 ) ;
#104 = EDGE_CURVE ( 'NONE', #1618, #75, #1607, .T. ) ;
#105 = FACE_BOUND ( 'NONE', #1360, .T. ) ;
#106 = LINE ( 'NONE', #246, #622 ) ;
#107 = DIRECTION ( 'NONE',  ( 0.000000000000000000, 0.000000000000000000, -1.000000000000000000 ) ) ;
#108 = ORIENTED_EDGE ( 'NONE', *, *, #1897, .F. ) ;
#109 = CARTESIAN_POINT ( 'NONE',  ( 4.000000000000000000, -4.000000000000000000, -30.00000000000000000 ) ) ;
#110 = FACE_BOUND ( 'NONE', #889, .T. ) ;
#111 = AXIS2_PLACEMENT_3D ( 'NONE', #189, #1264, #1118 ) ;
#112 = DIRECTION ( 'NONE',  ( 1.000000000000000000, 0.000000000000000000, 0.000000000000000000 ) ) ;
#113 = CARTESIAN_POINT ( 'NONE',  ( 17.00000000000000000, -1.199999999999999956, 15.00000000000000000 ) ) ;
#114 = VECTOR ( 'NONE', #409, 1000.000000000000000 ) ;
#115 = VECTOR ( 'NONE', #1248, 1000.000000000000000 ) ;
#116 = AXIS2_PLACEMENT_3D ( 'NONE', #1219, #180, #410 ) ;
#117 = DIRECTION ( 'NONE',  ( 1.000000000000000000, 0.000000000000000000, 0.000000000000000000 ) ) ;
#118 = APPROVAL_PERSON_ORGANIZATION ( #1134, #438, #66 ) ;
#119 = EDGE_LOOP ( 'NONE', ( #1693, #929, #1469, #131 ) ) ;
#120 = AXIS2_PLACEMENT_3D ( 'NONE', #1575, #487, #1089 ) ;
#121 = LINE ( 'NONE', #1935, #1064 ) ;
#122 = EDGE_LOOP ( 'NONE', ( #1634, #1643 ) ) ;
#123 = CARTESIAN_POINT ( 'NONE',  ( -80.00000000000000000, -4.000000000000000000, -30.00000000000000000 ) ) ;
#124 = EDGE_CURVE ( 'NONE', #1832, #967, #562, .T. ) ;
#125 = ORIENTED_EDGE ( 'NONE', *, *, #706, .F. ) ;
#126 = PLANE ( 'NONE',  #175 ) ;
#127 = ADVANCED_FACE ( 'NONE', ( #696 ), #1617, .F. ) ;
#128 = EDGE_CURVE ( 'NONE', #595, #368, #1126, .T. ) ;
#129 = EDGE_CURVE ( 'NONE', #1893, #465, #258, .T. ) ;
#130 = LINE ( 'NONE', #726, #780 ) ;
#131 = ORIENTED_EDGE ( 'NONE', *, *, #1091, .F. ) ;
#132 = DIRECTION ( 'NONE',  ( 0.000000000000000000, 0.000000000000000000, -1.000000000000000000 ) ) ;
#133 = CARTESIAN_POINT ( 'NONE',  ( 46.00000000000000000, -4.000000000000000000, 30.25000000000000711 ) ) ;
#134 = LINE ( 'NONE', #563, #1314 ) ;
#135 = CYLINDRICAL_SURFACE ( 'NONE', #1585, 1.799999999999989164 ) ;
#136 = DIRECTION ( 'NONE',  ( -0.000000000000000000, 1.000000000000000000, -0.000000000000000000 ) ) ;
#137 = LINE ( 'NONE', #133, #531 ) ;
#138 = EDGE_CURVE ( 'NONE', #1790, #711, #987, .T. ) ;
#139 = ORIENTED_EDGE ( 'NONE', *, *, #1336, .T. ) ;
#140 = DIRECTION ( 'NONE',  ( -0.000000000000000000, 0.000000000000000000, 1.000000000000000000 ) ) ;
#141 = FACE_OUTER_BOUND ( 'NONE', #488, .T. ) ;
#142 = VECTOR ( 'NONE', #1578, 1000.000000000000000 ) ;
#143 = EDGE_CURVE ( 'NONE', #1268, #612, #1612, .T. ) ;
#144 = AXIS2_PLACEMENT_3D ( 'NONE', #209, #809, #69 ) ;
#145 = LINE ( 'NONE', #746, #1668 ) ;
#146 = PRODUCT_DEFINITION_FORMATION_WITH_SPECIFIED_SOURCE ( '任何', '', #1430, .NOT_KNOWN. ) ;
#147 = DIRECTION ( 'NONE',  ( 0.000000000000000000, 0.000000000000000000, -1.000000000000000000 ) ) ;
#148 = VECTOR ( 'NONE', #54, 1000.000000000000000 ) ;
#149 = LINE ( 'NONE', #748, #1133 ) ;
#150 = ORIENTED_EDGE ( 'NONE', *, *, #616, .T. ) ;
#151 = ORIENTED_EDGE ( 'NONE', *, *, #38, .F. ) ;
#152 = LINE ( 'NONE', #161, #459 ) ;
#153 = CARTESIAN_POINT ( 'NONE',  ( -56.00000000000000000, -4.000000000000000000, -54.00000000000000000 ) ) ;
#154 = LINE ( 'NONE', #1798, #818 ) ;
#155 = CARTESIAN_POINT ( 'NONE',  ( 17.00000000000000000, -1.199999999999999956, 15.00000000000000000 ) ) ;
#156 = LINE ( 'NONE', #1675, #1037 ) ;
#157 = EDGE_CURVE ( 'NONE', #14, #491, #965, .T. ) ;
#158 = ORIENTED_EDGE ( 'NONE', *, *, #1950, .T. ) ;
#159 = ORIENTED_EDGE ( 'NONE', *, *, #1659, .F. ) ;
#160 = ORIENTED_EDGE ( 'NONE', *, *, #1386, .T. ) ;
#161 = CARTESIAN_POINT ( 'NONE',  ( -108.0000000000000000, -12.00000000000000000, 65.50000000000000000 ) ) ;
#162 = ORIENTED_EDGE ( 'NONE', *, *, #1717, .T. ) ;
#163 = FACE_BOUND ( 'NONE', #452, .T. ) ;
#164 = PLANE ( 'NONE',  #396 ) ;
#165 = DIRECTION ( 'NONE',  ( 0.000000000000000000, 1.000000000000000000, 0.000000000000000000 ) ) ;
#166 = ORIENTED_EDGE ( 'NONE', *, *, #1672, .F. ) ;
#167 = DIRECTION ( 'NONE',  ( -1.000000000000000000, 0.000000000000000000, -0.000000000000000000 ) ) ;
#168 = LINE ( 'NONE', #1631, #1871 ) ;
#169 = VERTEX_POINT ( 'NONE', #1929 ) ;
#170 = ORIENTED_EDGE ( 'NONE', *, *, #806, .T. ) ;
#171 = LINE ( 'NONE', #771, #972 ) ;
#172 = ORIENTED_EDGE ( 'NONE', *, *, #593, .T. ) ;
#173 = DIRECTION ( 'NONE',  ( -0.000000000000000000, 1.000000000000000000, -0.000000000000000000 ) ) ;
#174 = PLANE ( 'NONE',  #1791 ) ;
#175 = AXIS2_PLACEMENT_3D ( 'NONE', #291, #1490, #1021 ) ;
#176 = DIRECTION ( 'NONE',  ( -0.000000000000000000, 1.000000000000000000, -0.000000000000000000 ) ) ;
#177 = VERTEX_POINT ( 'NONE', #1286 ) ;
#178 = VECTOR ( 'NONE', #582, 1000.000000000000000 ) ;
#179 = CARTESIAN_POINT ( 'NONE',  ( 0.000000000000000000, 0.000000000000000000, 0.000000000000000000 ) ) ;
#180 = DIRECTION ( 'NONE',  ( -0.000000000000000000, 1.000000000000000000, -0.000000000000000000 ) ) ;
#181 = EDGE_LOOP ( 'NONE', ( #1584, #812, #404, #479 ) ) ;
#182 = ORIENTED_EDGE ( 'NONE', *, *, #70, .F. ) ;
#183 = ORIENTED_EDGE ( 'NONE', *, *, #882, .T. ) ;
#184 = VECTOR ( 'NONE', #707, 1000.000000000000000 ) ;
#185 = CARTESIAN_POINT ( 'NONE',  ( -60.00000000000000000, -4.000000000000000000, -54.00000000000000000 ) ) ;
#186 = EDGE_LOOP ( 'NONE', ( #1267, #1853, #267, #318 ) ) ;
#187 = CYLINDRICAL_SURFACE ( 'NONE', #485, 9.250000000000001776 ) ;
#188 = ADVANCED_FACE ( 'NONE', ( #1303 ), #1159, .F. ) ;
#189 = CARTESIAN_POINT ( 'NONE',  ( 46.00000000000000000, -3.000000000000000000, 21.00000000000000000 ) ) ;
#190 = VERTEX_POINT ( 'NONE', #394 ) ;
#191 = EDGE_CURVE ( 'NONE', #1846, #1092, #901, .T. ) ;
#192 = ORIENTED_EDGE ( 'NONE', *, *, #1867, .F. ) ;
#193 = EDGE_CURVE ( 'NONE', #555, #1893, #377, .T. ) ;
#194 = ORIENTED_EDGE ( 'NONE', *, *, #1650, .T. ) ;
#195 =( NAMED_UNIT ( * ) SI_UNIT ( $, .STERADIAN. ) SOLID_ANGLE_UNIT ( ) );
#196 = CARTESIAN_POINT ( 'NONE',  ( -56.00000000000000000, -3.000000000000000000, -30.00000000000000000 ) ) ;
#197 = DIRECTION ( 'NONE',  ( -0.000000000000000000, 0.000000000000000000, 1.000000000000000000 ) ) ;
#198 = ORIENTED_EDGE ( 'NONE', *, *, #734, .T. ) ;
#199 = DIRECTION ( 'NONE',  ( 0.000000000000000000, 0.000000000000000000, -1.000000000000000000 ) ) ;
#200 = EDGE_LOOP ( 'NONE', ( #508, #606, #1649, #1868 ) ) ;
#201 = FACE_BOUND ( 'NONE', #321, .T. ) ;
#202 = CARTESIAN_POINT ( 'NONE',  ( -68.00000000000000000, 0.000000000000000000, -54.00000000000000000 ) ) ;
#203 = ORIENTED_EDGE ( 'NONE', *, *, #40, .T. ) ;
#204 = ORIENTED_EDGE ( 'NONE', *, *, #1672, .T. ) ;
#205 = ORIENTED_EDGE ( 'NONE', *, *, #1619, .T. ) ;
#206 = COORDINATED_UNIVERSAL_TIME_OFFSET ( 8, 0, .AHEAD. ) ;
#207 = CARTESIAN_POINT ( 'NONE',  ( 0.000000000000000000, -3.000000000000000000, -54.00000000000000000 ) ) ;
#208 = ORIENTED_EDGE ( 'NONE', *, *, #1730, .F. ) ;
#209 = CARTESIAN_POINT ( 'NONE',  ( -110.0000000000000000, -3.000000000000000000, -67.50000000000000000 ) ) ;
#210 = VECTOR ( 'NONE', #36, 1000.000000000000000 ) ;
#211 = CARTESIAN_POINT ( 'NONE',  ( 46.00000000000000000, -4.000000000000000000, 47.00000000000000000 ) ) ;
#212 = DIRECTION ( 'NONE',  ( -1.000000000000000000, 0.000000000000000000, -0.000000000000000000 ) ) ;
#213 = VERTEX_POINT ( 'NONE', #233 ) ;
#214 = EDGE_CURVE ( 'NONE', #1211, #940, #834, .T. ) ;
#215 = VERTEX_POINT ( 'NONE', #683 ) ;
#216 = SHAPE_DEFINITION_REPRESENTATION ( #597, #823 ) ;
#217 = DIRECTION ( 'NONE',  ( 0.000000000000000000, 1.000000000000000000, 0.000000000000000000 ) ) ;
#218 = CIRCLE ( 'NONE', #842, 9.250000000000005329 ) ;
#219 = AXIS2_PLACEMENT_3D ( 'NONE', #1083, #1381, #1396 ) ;
#220 = CARTESIAN_POINT ( 'NONE',  ( -110.0000000000000000, 0.000000000000000000, -67.50000000000000000 ) ) ;
#221 = EDGE_CURVE ( 'NONE', #800, #240, #1813, .T. ) ;
#222 = VECTOR ( 'NONE', #546, 1000.000000000000000 ) ;
#223 = DIRECTION ( 'NONE',  ( 1.000000000000000000, -0.000000000000000000, 0.000000000000000000 ) ) ;
#224 = AXIS2_PLACEMENT_3D ( 'NONE', #1242, #176, #777 ) ;
#225 = DIRECTION ( 'NONE',  ( 0.000000000000000000, 0.000000000000000000, -1.000000000000000000 ) ) ;
#226 = VERTEX_POINT ( 'NONE', #717 ) ;
#227 = VERTEX_POINT ( 'NONE', #1366 ) ;
#228 = ORIENTED_EDGE ( 'NONE', *, *, #104, .F. ) ;
#229 = PERSON_AND_ORGANIZATION_ROLE ( 'design_owner' ) ;
#230 = PLANE ( 'NONE',  #91 ) ;
#231 = CARTESIAN_POINT ( 'NONE',  ( -110.0000000000000000, 0.000000000000000000, -67.50000000000000000 ) ) ;
#232 = CARTESIAN_POINT ( 'NONE',  ( 16.00000000000000000, -4.000000000000000000, -30.00000000000000000 ) ) ;
#233 = CARTESIAN_POINT ( 'NONE',  ( -110.0000000000000000, -12.00000000000000000, 67.50000000000000000 ) ) ;
#234 = VERTEX_POINT ( 'NONE', #1515 ) ;
#235 = PERSON_AND_ORGANIZATION_ROLE ( 'creator' ) ;
#236 = LINE ( 'NONE', #691, #904 ) ;
#237 = DIRECTION ( 'NONE',  ( -0.000000000000000000, -0.000000000000000000, 1.000000000000000000 ) ) ;
#238 = DIRECTION ( 'NONE',  ( -1.000000000000000000, -0.000000000000000000, -0.000000000000000000 ) ) ;
#239 = CARTESIAN_POINT ( 'NONE',  ( 17.00000000000000000, 0.000000000000000000, 15.00000000000000000 ) ) ;
#240 = VERTEX_POINT ( 'NONE', #317 ) ;
#241 = COORDINATED_UNIVERSAL_TIME_OFFSET ( 8, 0, .AHEAD. ) ;
#242 = LINE ( 'NONE', #1471, #664 ) ;
#243 = CARTESIAN_POINT ( 'NONE',  ( -12.00000000000000000, -3.000000000000000000, -30.00000000000000000 ) ) ;
#244 = AXIS2_PLACEMENT_3D ( 'NONE', #750, #356, #8 ) ;
#245 = VECTOR ( 'NONE', #381, 1000.000000000000000 ) ;
#246 = CARTESIAN_POINT ( 'NONE',  ( -108.0000000000000000, -12.00000000000000000, -67.50000000000000000 ) ) ;
#247 = DIRECTION ( 'NONE',  ( -0.000000000000000000, 1.000000000000000000, -0.000000000000000000 ) ) ;
#248 = AXIS2_PLACEMENT_3D ( 'NONE', #98, #107, #536 ) ;
#249 = EDGE_CURVE ( 'NONE', #967, #822, #1395, .T. ) ;
#250 = VECTOR ( 'NONE', #387, 1000.000000000000000 ) ;
#251 = EDGE_CURVE ( 'NONE', #103, #1591, #781, .T. ) ;
#252 = ORIENTED_EDGE ( 'NONE', *, *, #1519, .T. ) ;
#253 = ADVANCED_FACE ( 'NONE', ( #610 ), #1787, .F. ) ;
#254 = ORIENTED_EDGE ( 'NONE', *, *, #1359, .F. ) ;
#255 = CARTESIAN_POINT ( 'NONE',  ( 100.0000000000000000, 0.000000000000000000, 58.79999999999999005 ) ) ;
#256 = FACE_BOUND ( 'NONE', #677, .T. ) ;
#257 = FACE_OUTER_BOUND ( 'NONE', #181, .T. ) ;
#258 = LINE ( 'NONE', #840, #429 ) ;
#259 = ORIENTED_EDGE ( 'NONE', *, *, #885, .F. ) ;
#260 = ORIENTED_EDGE ( 'NONE', *, *, #1320, .T. ) ;
#261 = CARTESIAN_POINT ( 'NONE',  ( -108.0000000000000000, -3.000000000000000000, 0.000000000000000000 ) ) ;
#262 = EDGE_CURVE ( 'NONE', #406, #1496, #297, .T. ) ;
#263 = FACE_OUTER_BOUND ( 'NONE', #1762, .T. ) ;
#264 = CARTESIAN_POINT ( 'NONE',  ( -56.00000000000000000, -3.000000000000000000, -0.000000000000000000 ) ) ;
#265 = CARTESIAN_POINT ( 'NONE',  ( -100.0000000000000000, -16.00000000000000000, -57.00000000000000000 ) ) ;
#266 = VERTEX_POINT ( 'NONE', #866 ) ;
#267 = ORIENTED_EDGE ( 'NONE', *, *, #1452, .T. ) ;
#268 = EDGE_CURVE ( 'NONE', #351, #76, #1826, .T. ) ;
#269 = CARTESIAN_POINT ( 'NONE',  ( 55.03119593409422095, 0.000000000000000000, 19.00000000000000000 ) ) ;
#270 = ADVANCED_FACE ( 'NONE', ( #419 ), #463, .F. ) ;
#271 = CYLINDRICAL_SURFACE ( 'NONE', #302, 9.250000000000001776 ) ;
#272 = VECTOR ( 'NONE', #1845, 1000.000000000000000 ) ;
#273 = EDGE_CURVE ( 'NONE', #1092, #1268, #1023, .T. ) ;
#274 = VECTOR ( 'NONE', #1005, 1000.000000000000000 ) ;
#275 = DIRECTION ( 'NONE',  ( 0.000000000000000000, 1.000000000000000000, 0.000000000000000000 ) ) ;
#276 = ORIENTED_EDGE ( 'NONE', *, *, #1747, .T. ) ;
#277 = AXIS2_PLACEMENT_3D ( 'NONE', #179, #486, #1244 ) ;
#278 = UNCERTAINTY_MEASURE_WITH_UNIT (LENGTH_MEASURE( 1.000000000000000082E-05 ), #16, 'distance_accuracy_value', 'NONE');
#279 = VECTOR ( 'NONE', #1540, 1000.000000000000000 ) ;
#280 = LINE ( 'NONE', #877, #1391 ) ;
#281 = ORIENTED_EDGE ( 'NONE', *, *, #405, .T. ) ;
#282 = VECTOR ( 'NONE', #473, 1000.000000000000000 ) ;
#283 = DIRECTION ( 'NONE',  ( 0.000000000000000000, 0.000000000000000000, -1.000000000000000000 ) ) ;
#284 = VECTOR ( 'NONE', #294, 1000.000000000000000 ) ;
#285 = CARTESIAN_POINT ( 'NONE',  ( 12.00000000000000000, -4.000000000000000000, -30.00000000000000000 ) ) ;
#286 = DIRECTION ( 'NONE',  ( 0.000000000000000000, 0.000000000000000000, 1.000000000000000000 ) ) ;
#287 = FACE_OUTER_BOUND ( 'NONE', #1682, .T. ) ;
#288 = CARTESIAN_POINT ( 'NONE',  ( -61.00000000000000000, -3.000000000000000000, 34.00000000000000000 ) ) ;
#289 = FACE_OUTER_BOUND ( 'NONE', #953, .T. ) ;
#290 = ORIENTED_EDGE ( 'NONE', *, *, #1529, .F. ) ;
#291 = CARTESIAN_POINT ( 'NONE',  ( -72.00000000000000000, -4.000000000000000000, -54.00000000000000000 ) ) ;
#292 = EDGE_CURVE ( 'NONE', #908, #1858, #149, .T. ) ;
#293 = EDGE_LOOP ( 'NONE', ( #883, #298 ) ) ;
#294 = DIRECTION ( 'NONE',  ( 0.000000000000000000, 1.000000000000000000, 0.000000000000000000 ) ) ;
#295 = DIRECTION ( 'NONE',  ( -0.000000000000000000, 1.000000000000000000, -0.000000000000000000 ) ) ;
#296 = FACE_OUTER_BOUND ( 'NONE', #1312, .T. ) ;
#297 = LINE ( 'NONE', #1176, #625 ) ;
#298 = ORIENTED_EDGE ( 'NONE', *, *, #1927, .F. ) ;
#299 = DIRECTION ( 'NONE',  ( 0.000000000000000000, 1.000000000000000000, 0.000000000000000000 ) ) ;
#300 = FACE_OUTER_BOUND ( 'NONE', #824, .T. ) ;
#301 = AXIS2_PLACEMENT_3D ( 'NONE', #1589, #1436, #995 ) ;
#302 = AXIS2_PLACEMENT_3D ( 'NONE', #713, #1623, #1937 ) ;
#303 = EDGE_CURVE ( 'NONE', #240, #53, #1069, .T. ) ;
#304 = EDGE_CURVE ( 'NONE', #1858, #215, #168, .T. ) ;
#305 = CYLINDRICAL_SURFACE ( 'NONE', #533, 1.799999999999989164 ) ;
#306 = PLANE ( 'NONE',  #56 ) ;
#307 = VECTOR ( 'NONE', #728, 1000.000000000000000 ) ;
#308 = DIRECTION ( 'NONE',  ( -0.000000000000000000, 1.000000000000000000, -0.000000000000000000 ) ) ;
#309 = CARTESIAN_POINT ( 'NONE',  ( -80.00000000000000000, -3.000000000000000000, -54.00000000000000000 ) ) ;
#310 = ORIENTED_EDGE ( 'NONE', *, *, #90, .T. ) ;
#311 = VERTEX_POINT ( 'NONE', #1356 ) ;
#312 = CARTESIAN_POINT ( 'NONE',  ( -60.00000000000000000, 0.000000000000000000, -30.00000000000000000 ) ) ;
#313 = EDGE_LOOP ( 'NONE', ( #645, #1015, #1857, #52 ) ) ;
#314 = CARTESIAN_POINT ( 'NONE',  ( -0.000000000000000000, -3.000000000000000000, -30.00000000000000000 ) ) ;
#315 = DIRECTION ( 'NONE',  ( 0.000000000000000000, -1.000000000000000000, 0.000000000000000000 ) ) ;
#316 = FACE_OUTER_BOUND ( 'NONE', #1412, .T. ) ;
#317 = CARTESIAN_POINT ( 'NONE',  ( 110.0000000000000000, 0.000000000000000000, 67.50000000000000000 ) ) ;
#318 = ORIENTED_EDGE ( 'NONE', *, *, #332, .F. ) ;
#319 = VERTEX_POINT ( 'NONE', #18 ) ;
#320 = CARTESIAN_POINT ( 'NONE',  ( -0.000000000000000000, -3.000000000000000000, -30.00000000000000000 ) ) ;
#321 = EDGE_LOOP ( 'NONE', ( #841, #789 ) ) ;
#322 = FACE_BOUND ( 'NONE', #484, .T. ) ;
#323 = CARTESIAN_POINT ( 'NONE',  ( 46.00000000000000000, -3.000000000000000000, 37.75000000000000000 ) ) ;
#324 = CARTESIAN_POINT ( 'NONE',  ( 0.000000000000000000, -12.00000000000000000, 0.000000000000000000 ) ) ;
#325 = ORIENTED_EDGE ( 'NONE', *, *, #1357, .F. ) ;
#326 = LINE ( 'NONE', #113, #1966 ) ;
#327 = VERTEX_POINT ( 'NONE', #1246 ) ;
#328 = EDGE_CURVE ( 'NONE', #213, #800, #156, .T. ) ;
#329 = ORIENTED_EDGE ( 'NONE', *, *, #191, .T. ) ;
#330 = ORIENTED_EDGE ( 'NONE', *, *, #988, .T. ) ;
#331 = DIRECTION ( 'NONE',  ( -1.000000000000000000, -0.000000000000000000, -0.000000000000000000 ) ) ;
#332 = EDGE_CURVE ( 'NONE', #808, #527, #1376, .T. ) ;
#333 = ORIENTED_EDGE ( 'NONE', *, *, #975, .T. ) ;
#334 = EDGE_CURVE ( 'NONE', #1769, #1439, #478, .T. ) ;
#335 = FACE_BOUND ( 'NONE', #1087, .T. ) ;
#336 = CARTESIAN_POINT ( 'NONE',  ( 16.00000000000000000, 0.000000000000000000, -54.00000000000000000 ) ) ;
#337 = ORIENTED_EDGE ( 'NONE', *, *, #1651, .T. ) ;
#338 = VECTOR ( 'NONE', #1816, 1000.000000000000000 ) ;
#339 = VERTEX_POINT ( 'NONE', #451 ) ;
#340 = AXIS2_PLACEMENT_3D ( 'NONE', #285, #1337, #1002 ) ;
#341 = DIRECTION ( 'NONE',  ( 0.000000000000000000, -1.000000000000000000, 0.000000000000000000 ) ) ;
#342 = PLANE ( 'NONE',  #1423 ) ;
#343 = VECTOR ( 'NONE', #1475, 1000.000000000000000 ) ;
#344 = CARTESIAN_POINT ( 'NONE',  ( 75.00000000000000000, 0.000000000000000000, 15.00000000000000000 ) ) ;
#345 = ORIENTED_EDGE ( 'NONE', *, *, #1951, .T. ) ;
#346 = AXIS2_PLACEMENT_3D ( 'NONE', #288, #431, #1067 ) ;
#347 = FACE_OUTER_BOUND ( 'NONE', #1056, .T. ) ;
#348 = ORIENTED_EDGE ( 'NONE', *, *, #251, .T. ) ;
#349 = DIRECTION ( 'NONE',  ( -0.000000000000000000, 1.000000000000000000, -0.000000000000000000 ) ) ;
#350 = DIRECTION ( 'NONE',  ( -0.000000000000000000, -0.000000000000000000, 1.000000000000000000 ) ) ;
#351 = VERTEX_POINT ( 'NONE', #1663 ) ;
#352 = DATE_AND_TIME ( #1433, #692 ) ;
#353 = LINE ( 'NONE', #837, #1319 ) ;
#354 = ORIENTED_EDGE ( 'NONE', *, *, #475, .F. ) ;
#355 = ORIENTED_EDGE ( 'NONE', *, *, #993, .T. ) ;
#356 = DIRECTION ( 'NONE',  ( 0.000000000000000000, 1.000000000000000000, 0.000000000000000000 ) ) ;
#357 = CARTESIAN_POINT ( 'NONE',  ( 100.0000000000000000, -16.00000000000000000, -57.00000000000000000 ) ) ;
#358 = EDGE_CURVE ( 'NONE', #520, #711, #326, .T. ) ;
#359 = DIRECTION ( 'NONE',  ( 0.000000000000000000, 0.000000000000000000, -1.000000000000000000 ) ) ;
#360 = ORIENTED_EDGE ( 'NONE', *, *, #1122, .T. ) ;
#361 = ORIENTED_EDGE ( 'NONE', *, *, #1699, .F. ) ;
#362 = CARTESIAN_POINT ( 'NONE',  ( 12.00000000000000000, -4.000000000000000000, -54.00000000000000000 ) ) ;
#363 = DIRECTION ( 'NONE',  ( -1.000000000000000000, 0.000000000000000000, -0.000000000000000000 ) ) ;
#364 = DIRECTION ( 'NONE',  ( 0.000000000000000000, 0.000000000000000000, 1.000000000000000000 ) ) ;
#365 = PLANE ( 'NONE',  #1476 ) ;
#366 = ORIENTED_EDGE ( 'NONE', *, *, #1803, .F. ) ;
#367 = ORIENTED_EDGE ( 'NONE', *, *, #1177, .F. ) ;
#368 = VERTEX_POINT ( 'NONE', #1014 ) ;
#369 = PERSON_AND_ORGANIZATION ( #1648, #1635 ) ;
#370 = CARTESIAN_POINT ( 'NONE',  ( 100.0000000000000000, -2.999999999999999112, -57.00000000000000000 ) ) ;
#371 = VECTOR ( 'NONE', #643, 1000.000000000000000 ) ;
#372 = VECTOR ( 'NONE', #1605, 1000.000000000000000 ) ;
#373 = LINE ( 'NONE', #79, #933 ) ;
#374 = CIRCLE ( 'NONE', #745, 1.799999999999989164 ) ;
#375 = CARTESIAN_POINT ( 'NONE',  ( 100.0000000000000000, -16.00000000000000000, 57.00000000000000000 ) ) ;
#376 = AXIS2_PLACEMENT_3D ( 'NONE', #1326, #580, #1513 ) ;
#377 = LINE ( 'NONE', #982, #1317 ) ;
#378 = ORIENTED_EDGE ( 'NONE', *, *, #157, .F. ) ;
#379 = ORIENTED_EDGE ( 'NONE', *, *, #214, .F. ) ;
#380 = DIRECTION ( 'NONE',  ( 0.000000000000000000, 0.000000000000000000, -1.000000000000000000 ) ) ;
#381 = DIRECTION ( 'NONE',  ( -0.000000000000000000, -0.000000000000000000, 1.000000000000000000 ) ) ;
#382 = LINE ( 'NONE', #1606, #1734 ) ;
#383 = CARTESIAN_POINT ( 'NONE',  ( -84.00000000000000000, -4.000000000000000000, -54.00000000000000000 ) ) ;
#384 = ORIENTED_EDGE ( 'NONE', *, *, #303, .F. ) ;
#385 = ORIENTED_EDGE ( 'NONE', *, *, #1952, .F. ) ;
#386 = PERSON_AND_ORGANIZATION ( #1648, #1635 ) ;
#387 = DIRECTION ( 'NONE',  ( -0.000000000000000000, 1.000000000000000000, -0.000000000000000000 ) ) ;
#388 = CARTESIAN_POINT ( 'NONE',  ( 17.00000000000000000, -1.199999999999999956, 19.00000000000000000 ) ) ;
#389 = EDGE_CURVE ( 'NONE', #22, #169, #1625, .T. ) ;
#390 = DIRECTION ( 'NONE',  ( -1.000000000000000000, 0.000000000000000000, -0.000000000000000000 ) ) ;
#391 = VECTOR ( 'NONE', #173, 1000.000000000000000 ) ;
#392 = ADVANCED_FACE ( 'NONE', ( #906 ), #342, .F. ) ;
#393 = ADVANCED_FACE ( 'NONE', ( #1404 ), #792, .F. ) ;
#394 = CARTESIAN_POINT ( 'NONE',  ( 55.03119593409422095, -1.199999999999999734, 19.00000000000000000 ) ) ;
#395 = CARTESIAN_POINT ( 'NONE',  ( 0.000000000000000000, -3.000000000000000000, -54.00000000000000000 ) ) ;
#396 = AXIS2_PLACEMENT_3D ( 'NONE', #1523, #1692, #359 ) ;
#397 = CARTESIAN_POINT ( 'NONE',  ( -8.000000000000000000, -4.000000000000000000, -30.00000000000000000 ) ) ;
#398 = AXIS2_PLACEMENT_3D ( 'NONE', #185, #1258, #633 ) ;
#399 = VECTOR ( 'NONE', #1955, 1000.000000000000000 ) ;
#400 = CARTESIAN_POINT ( 'NONE',  ( 0.000000000000000000, -3.000000000000000000, -54.00000000000000000 ) ) ;
#401 = CARTESIAN_POINT ( 'NONE',  ( -80.00000000000000000, 0.000000000000000000, -30.00000000000000000 ) ) ;
#402 = ORIENTED_EDGE ( 'NONE', *, *, #221, .T. ) ;
#403 = AXIS2_PLACEMENT_3D ( 'NONE', #109, #1478, #1784 ) ;
#404 = ORIENTED_EDGE ( 'NONE', *, *, #543, .T. ) ;
#405 = EDGE_CURVE ( 'NONE', #1949, #1620, #353, .T. ) ;
#406 = VERTEX_POINT ( 'NONE', #196 ) ;
#407 = CARTESIAN_POINT ( 'NONE',  ( -61.00000000000000000, -3.000000000000000000, 43.00000000000000000 ) ) ;
#408 = LINE ( 'NONE', #123, #1701 ) ;
#409 = DIRECTION ( 'NONE',  ( -0.000000000000000000, 0.000000000000000000, 1.000000000000000000 ) ) ;
#410 = DIRECTION ( 'NONE',  ( 0.000000000000000000, 0.000000000000000000, 1.000000000000000000 ) ) ;
#411 = VERTEX_POINT ( 'NONE', #43 ) ;
#412 = EDGE_CURVE ( 'NONE', #1439, #1677, #1731, .T. ) ;
#413 = EDGE_LOOP ( 'NONE', ( #547, #631, #738, #1664 ) ) ;
#414 = ADVANCED_FACE ( 'NONE', ( #67 ), #1745, .F. ) ;
#415 = ORIENTED_EDGE ( 'NONE', *, *, #1532, .T. ) ;
#416 = LINE ( 'NONE', #541, #1830 ) ;
#417 = CARTESIAN_POINT ( 'NONE',  ( 17.00000000000000000, -1.199999999999999956, 19.00000000000000000 ) ) ;
#418 = CARTESIAN_POINT ( 'NONE',  ( -56.00000000000000000, 0.000000000000000000, -30.00000000000000000 ) ) ;
#419 = FACE_OUTER_BOUND ( 'NONE', #727, .T. ) ;
#420 = DIRECTION ( 'NONE',  ( 0.000000000000000000, 0.000000000000000000, 1.000000000000000000 ) ) ;
#421 = ORIENTED_EDGE ( 'NONE', *, *, #1179, .T. ) ;
#422 = DIRECTION ( 'NONE',  ( 0.000000000000000000, 0.000000000000000000, 1.000000000000000000 ) ) ;
#423 = CARTESIAN_POINT ( 'NONE',  ( 0.000000000000000000, 0.000000000000000000, -54.00000000000000000 ) ) ;
#424 = ADVANCED_FACE ( 'NONE', ( #1443 ), #1255, .F. ) ;
#425 = AXIS2_PLACEMENT_3D ( 'NONE', #442, #299, #1474 ) ;
#426 = PLANE ( 'NONE',  #1696 ) ;
#427 = CARTESIAN_POINT ( 'NONE',  ( 0.000000000000000000, -4.000000000000000000, -30.00000000000000000 ) ) ;
#428 = AXIS2_PLACEMENT_3D ( 'NONE', #1109, #700, #1877 ) ;
#429 = VECTOR ( 'NONE', #1914, 1000.000000000000000 ) ;
#430 = CARTESIAN_POINT ( 'NONE',  ( 100.0000000000000000, 0.000000000000000000, -58.79999999999999716 ) ) ;
#431 = DIRECTION ( 'NONE',  ( 0.000000000000000000, -1.000000000000000000, 0.000000000000000000 ) ) ;
#432 = EDGE_CURVE ( 'NONE', #808, #957, #374, .T. ) ;
#433 = CARTESIAN_POINT ( 'NONE',  ( 17.00000000000000000, -1.199999999999999956, 19.00000000000000000 ) ) ;
#434 = ORIENTED_EDGE ( 'NONE', *, *, #303, .T. ) ;
#435 = LINE ( 'NONE', #1043, #55 ) ;
#436 = FACE_OUTER_BOUND ( 'NONE', #1626, .T. ) ;
#437 = ORIENTED_EDGE ( 'NONE', *, *, #1863, .F. ) ;
#438 = APPROVAL ( #679, '未指定' ) ;
#439 = CYLINDRICAL_SURFACE ( 'NONE', #719, 9.000000000000001776 ) ;
#440 = CARTESIAN_POINT ( 'NONE',  ( -100.0000000000000000, 0.000000000000000000, -57.00000000000000000 ) ) ;
#441 = LINE ( 'NONE', #1046, #17 ) ;
#442 = CARTESIAN_POINT ( 'NONE',  ( 100.0000000000000000, 0.000000000000000000, -57.00000000000000000 ) ) ;
#443 = PLANE ( 'NONE',  #460 ) ;
#444 = ADVANCED_FACE ( 'NONE', ( #976 ), #662, .F. ) ;
#445 = ORIENTED_EDGE ( 'NONE', *, *, #471, .T. ) ;
#446 = ADVANCED_FACE ( 'NONE', ( #680 ), #230, .T. ) ;
#447 = EDGE_CURVE ( 'NONE', #852, #240, #1876, .T. ) ;
#448 = DIRECTION ( 'NONE',  ( -0.000000000000000000, 0.000000000000000000, 1.000000000000000000 ) ) ;
#449 = DIRECTION ( 'NONE',  ( -0.000000000000000000, 1.000000000000000000, -0.000000000000000000 ) ) ;
#450 = FACE_OUTER_BOUND ( 'NONE', #119, .T. ) ;
#451 = CARTESIAN_POINT ( 'NONE',  ( 4.000000000000000000, 0.000000000000000000, -54.00000000000000000 ) ) ;
#452 = EDGE_LOOP ( 'NONE', ( #632, #769, #1571, #764 ) ) ;
#453 = ORIENTED_EDGE ( 'NONE', *, *, #1739, .F. ) ;
#454 = DIRECTION ( 'NONE',  ( 0.000000000000000000, 0.000000000000000000, -1.000000000000000000 ) ) ;
#455 = ORIENTED_EDGE ( 'NONE', *, *, #1323, .T. ) ;
#456 = CARTESIAN_POINT ( 'NONE',  ( -60.00000000000000000, -4.000000000000000000, -54.00000000000000000 ) ) ;
#457 = CARTESIAN_POINT ( 'NONE',  ( -110.0000000000000000, -3.000000000000000000, -67.50000000000000000 ) ) ;
#458 = CIRCLE ( 'NONE', #1377, 1.799999999999989164 ) ;
#459 = VECTOR ( 'NONE', #1370, 1000.000000000000000 ) ;
#460 = AXIS2_PLACEMENT_3D ( 'NONE', #427, #1036, #1059 ) ;
#461 = DIRECTION ( 'NONE',  ( -0.000000000000000000, 1.000000000000000000, -0.000000000000000000 ) ) ;
#462 = AXIS2_PLACEMENT_3D ( 'NONE', #1207, #449, #924 ) ;
#463 = CYLINDRICAL_SURFACE ( 'NONE', #19, 1.799999999999989164 ) ;
#464 = PLANE ( 'NONE',  #1704 ) ;
#465 = VERTEX_POINT ( 'NONE', #1566 ) ;
#466 = ORIENTED_EDGE ( 'NONE', *, *, #1201, .T. ) ;
#467 = PLANE ( 'NONE',  #398 ) ;
#468 = EDGE_LOOP ( 'NONE', ( #455, #652, #139, #603 ) ) ;
#469 = LINE ( 'NONE', #314, #1128 ) ;
#470 = CARTESIAN_POINT ( 'NONE',  ( 0.000000000000000000, -4.000000000000000000, -30.00000000000000000 ) ) ;
#471 = EDGE_CURVE ( 'NONE', #967, #1832, #1614, .T. ) ;
#472 = ADVANCED_FACE ( 'NONE', ( #827 ), #85, .F. ) ;
#473 = DIRECTION ( 'NONE',  ( 0.000000000000000000, 1.000000000000000000, 0.000000000000000000 ) ) ;
#474 = ORIENTED_EDGE ( 'NONE', *, *, #1820, .F. ) ;
#475 = EDGE_CURVE ( 'NONE', #1592, #1402, #1283, .T. ) ;
#476 = DIRECTION ( 'NONE',  ( 1.000000000000000000, 0.000000000000000000, 0.000000000000000000 ) ) ;
#477 = EDGE_CURVE ( 'NONE', #169, #327, #236, .T. ) ;
#478 = LINE ( 'NONE', #1053, #1776 ) ;
#479 = ORIENTED_EDGE ( 'NONE', *, *, #1293, .F. ) ;
#480 = DIRECTION ( 'NONE',  ( -0.000000000000000000, 1.000000000000000000, -0.000000000000000000 ) ) ;
#481 = VERTEX_POINT ( 'NONE', #207 ) ;
#482 = LINE ( 'NONE', #1110, #1222 ) ;
#483 = DIRECTION ( 'NONE',  ( -0.000000000000000000, 1.000000000000000000, -0.000000000000000000 ) ) ;
#484 = EDGE_LOOP ( 'NONE', ( #1547, #385 ) ) ;
#485 = AXIS2_PLACEMENT_3D ( 'NONE', #211, #1569, #1522 ) ;
#486 = DIRECTION ( 'NONE',  ( 0.000000000000000000, 0.000000000000000000, 1.000000000000000000 ) ) ;
#487 = DIRECTION ( 'NONE',  ( 0.000000000000000000, -1.000000000000000000, 0.000000000000000000 ) ) ;
#488 = EDGE_LOOP ( 'NONE', ( #45, #194, #1665, #260 ) ) ;
#489 = ORIENTED_EDGE ( 'NONE', *, *, #646, .F. ) ;
#490 = DIRECTION ( 'NONE',  ( 0.000000000000000000, 0.000000000000000000, -1.000000000000000000 ) ) ;
#491 = VERTEX_POINT ( 'NONE', #961 ) ;
#492 = DIRECTION ( 'NONE',  ( 0.000000000000000000, -0.000000000000000000, -1.000000000000000000 ) ) ;
#493 = CARTESIAN_POINT ( 'NONE',  ( 0.000000000000000000, -1.199999999999999956, 0.000000000000000000 ) ) ;
#494 = AXIS2_PLACEMENT_3D ( 'NONE', #1531, #1058, #454 ) ;
#495 = ORIENTED_EDGE ( 'NONE', *, *, #193, .F. ) ;
#496 = AXIS2_PLACEMENT_3D ( 'NONE', #1481, #1925, #558 ) ;
#497 = DATE_AND_TIME ( #77, #743 ) ;
#498 = DIRECTION ( 'NONE',  ( 0.000000000000000000, -1.000000000000000000, 0.000000000000000000 ) ) ;
#499 = VECTOR ( 'NONE', #1888, 1000.000000000000000 ) ;
#500 = ORIENTED_EDGE ( 'NONE', *, *, #1536, .F. ) ;
#501 = EDGE_CURVE ( 'NONE', #1393, #351, #694, .T. ) ;
#502 = ORIENTED_EDGE ( 'NONE', *, *, #40, .F. ) ;
#503 = VECTOR ( 'NONE', #1613, 1000.000000000000000 ) ;
#504 = CARTESIAN_POINT ( 'NONE',  ( 46.00000000000000000, 0.000000000000000000, 21.00000000000000000 ) ) ;
#505 = ORIENTED_EDGE ( 'NONE', *, *, #1472, .F. ) ;
#506 = CARTESIAN_POINT ( 'NONE',  ( 0.000000000000000000, -3.000000000000000000, 0.000000000000000000 ) ) ;
#507 = DIRECTION ( 'NONE',  ( 0.000000000000000000, 0.000000000000000000, -1.000000000000000000 ) ) ;
#508 = ORIENTED_EDGE ( 'NONE', *, *, #543, .F. ) ;
#509 = EDGE_LOOP ( 'NONE', ( #758, #515, #783, #259 ) ) ;
#510 = CALENDAR_DATE ( 2026, 26, 7 ) ;
#511 = CARTESIAN_POINT ( 'NONE',  ( 110.0000000000000000, -3.000000000000000000, 67.50000000000000000 ) ) ;
#512 = DIRECTION ( 'NONE',  ( 0.000000000000000000, 0.000000000000000000, -1.000000000000000000 ) ) ;
#513 = FACE_OUTER_BOUND ( 'NONE', #1815, .T. ) ;
#514 = CARTESIAN_POINT ( 'NONE',  ( 108.0000000000000000, -12.00000000000000000, -65.50000000000000000 ) ) ;
#515 = ORIENTED_EDGE ( 'NONE', *, *, #706, .T. ) ;
#516 = EDGE_LOOP ( 'NONE', ( #495, #366, #21, #1332 ) ) ;
#517 = ADVANCED_FACE ( 'NONE', ( #1556 ), #854, .F. ) ;
#518 = ORIENTED_EDGE ( 'NONE', *, *, #1020, .F. ) ;
#519 = ORIENTED_EDGE ( 'NONE', *, *, #1659, .T. ) ;
#520 = VERTEX_POINT ( 'NONE', #1291 ) ;
#521 = CARTESIAN_POINT ( 'NONE',  ( 46.00000000000000000, -4.000000000000000000, 21.00000000000000000 ) ) ;
#522 = CARTESIAN_POINT ( 'NONE',  ( -72.00000000000000000, 0.000000000000000000, -30.00000000000000000 ) ) ;
#523 = DIRECTION ( 'NONE',  ( -0.000000000000000000, 1.000000000000000000, -0.000000000000000000 ) ) ;
#524 = DIRECTION ( 'NONE',  ( -1.000000000000000000, -0.000000000000000000, -0.000000000000000000 ) ) ;
#525 = ORIENTED_EDGE ( 'NONE', *, *, #1472, .T. ) ;
#526 = VERTEX_POINT ( 'NONE', #1298 ) ;
#527 = VERTEX_POINT ( 'NONE', #712 ) ;
#528 = ORIENTED_EDGE ( 'NONE', *, *, #262, .T. ) ;
#529 = VECTOR ( 'NONE', #1175, 1000.000000000000000 ) ;
#530 = DIRECTION ( 'NONE',  ( -0.000000000000000000, 1.000000000000000000, -0.000000000000000000 ) ) ;
#531 = VECTOR ( 'NONE', #1018, 1000.000000000000000 ) ;
#532 = LINE ( 'NONE', #992, #245 ) ;
#533 = AXIS2_PLACEMENT_3D ( 'NONE', #905, #1514, #914 ) ;
#534 = DIRECTION ( 'NONE',  ( -0.000000000000000000, -0.000000000000000000, 1.000000000000000000 ) ) ;
#535 = VECTOR ( 'NONE', #1392, 1000.000000000000000 ) ;
#536 = DIRECTION ( 'NONE',  ( -1.000000000000000000, 0.000000000000000000, -0.000000000000000000 ) ) ;
#537 = VERTEX_POINT ( 'NONE', #269 ) ;
#538 = ORIENTED_EDGE ( 'NONE', *, *, #1382, .T. ) ;
#539 = PERSON_AND_ORGANIZATION ( #1648, #1635 ) ;
#540 = EDGE_CURVE ( 'NONE', #1047, #213, #991, .T. ) ;
#541 = CARTESIAN_POINT ( 'NONE',  ( -84.00000000000000000, -3.000000000000000000, -0.000000000000000000 ) ) ;
#542 = EDGE_CURVE ( 'NONE', #1462, #234, #242, .T. ) ;
#543 = EDGE_CURVE ( 'NONE', #1850, #44, #1763, .T. ) ;
#544 = DIRECTION ( 'NONE',  ( 1.000000000000000000, 0.000000000000000000, 0.000000000000000000 ) ) ;
#545 = DIRECTION ( 'NONE',  ( 0.000000000000000000, 0.000000000000000000, 1.000000000000000000 ) ) ;
#546 = DIRECTION ( 'NONE',  ( -1.000000000000000000, -0.000000000000000000, -0.000000000000000000 ) ) ;
#547 = ORIENTED_EDGE ( 'NONE', *, *, #1117, .F. ) ;
#548 = DIRECTION ( 'NONE',  ( 0.000000000000000000, 0.000000000000000000, 1.000000000000000000 ) ) ;
#549 = LINE ( 'NONE', #1115, #1825 ) ;
#550 = DIRECTION ( 'NONE',  ( -0.000000000000000000, 1.000000000000000000, -0.000000000000000000 ) ) ;
#551 = DIRECTION ( 'NONE',  ( 0.000000000000000000, 0.000000000000000000, -1.000000000000000000 ) ) ;
#552 = VERTEX_POINT ( 'NONE', #868 ) ;
#553 = PRODUCT_RELATED_PRODUCT_CATEGORY ( 'detail', '', ( #1430 ) ) ;
#554 = ADVANCED_FACE ( 'NONE', ( #1456 ), #1329, .T. ) ;
#555 = VERTEX_POINT ( 'NONE', #1944 ) ;
#556 = ORIENTED_EDGE ( 'NONE', *, *, #412, .T. ) ;
#557 = LINE ( 'NONE', #1775, #718 ) ;
#558 = DIRECTION ( 'NONE',  ( 1.000000000000000000, 0.000000000000000000, 0.000000000000000000 ) ) ;
#559 = CIRCLE ( 'NONE', #425, 1.799999999999989164 ) ;
#560 = ADVANCED_FACE ( 'NONE', ( #1171 ), #699, .F. ) ;
#561 = AXIS2_PLACEMENT_3D ( 'NONE', #1078, #893, #1848 ) ;
#562 = CIRCLE ( 'NONE', #1905, 9.250000000000001776 ) ;
#563 = CARTESIAN_POINT ( 'NONE',  ( -108.0000000000000000, -12.00000000000000000, -65.50000000000000000 ) ) ;
#564 = DIRECTION ( 'NONE',  ( 0.000000000000000000, -1.000000000000000000, 0.000000000000000000 ) ) ;
#565 = VECTOR ( 'NONE', #1429, 1000.000000000000000 ) ;
#566 = VECTOR ( 'NONE', #938, 1000.000000000000000 ) ;
#567 = ORIENTED_EDGE ( 'NONE', *, *, #667, .F. ) ;
#568 = ORIENTED_EDGE ( 'NONE', *, *, #684, .T. ) ;
#569 = DIRECTION ( 'NONE',  ( 1.000000000000000000, 0.000000000000000000, 0.000000000000000000 ) ) ;
#570 = FACE_BOUND ( 'NONE', #1738, .T. ) ;
#571 = DIRECTION ( 'NONE',  ( 0.000000000000000000, 1.000000000000000000, 0.000000000000000000 ) ) ;
#572 = CARTESIAN_POINT ( 'NONE',  ( 46.00000000000000000, -4.000000000000000000, 37.75000000000000000 ) ) ;
#573 = CARTESIAN_POINT ( 'NONE',  ( 38.95993607983563578, -1.199999999999999734, 15.00000000000000000 ) ) ;
#574 = ORIENTED_EDGE ( 'NONE', *, *, #623, .T. ) ;
#575 = EDGE_LOOP ( 'NONE', ( #528, #858, #1723, #1714 ) ) ;
#576 = DIRECTION ( 'NONE',  ( 0.000000000000000000, -1.000000000000000000, 0.000000000000000000 ) ) ;
#577 = DIRECTION ( 'NONE',  ( 0.000000000000000000, -1.000000000000000000, 0.000000000000000000 ) ) ;
#578 = DIRECTION ( 'NONE',  ( 1.000000000000000000, 0.000000000000000000, 0.000000000000000000 ) ) ;
#579 = ORIENTED_EDGE ( 'NONE', *, *, #1155, .F. ) ;
#580 = DIRECTION ( 'NONE',  ( -1.000000000000000000, 0.000000000000000000, -0.000000000000000000 ) ) ;
#581 = CARTESIAN_POINT ( 'NONE',  ( 108.0000000000000000, -2.999999999999999112, 65.50000000000000000 ) ) ;
#582 = DIRECTION ( 'NONE',  ( 1.000000000000000000, 0.000000000000000000, 0.000000000000000000 ) ) ;
#583 = CC_DESIGN_PERSON_AND_ORGANIZATION_ASSIGNMENT ( #539, #235, ( #1495 ) ) ;
#584 = EDGE_LOOP ( 'NONE', ( #1907, #489 ) ) ;
#585 = VECTOR ( 'NONE', #931, 1000.000000000000000 ) ;
#586 = DIRECTION ( 'NONE',  ( 0.000000000000000000, 0.000000000000000000, -1.000000000000000000 ) ) ;
#587 = AXIS2_PLACEMENT_3D ( 'NONE', #1147, #1154, #363 ) ;
#588 = DIRECTION ( 'NONE',  ( -0.000000000000000000, 1.000000000000000000, -0.000000000000000000 ) ) ;
#589 = AXIS2_PLACEMENT_3D ( 'NONE', #1123, #1713, #1587 ) ;
#590 = CARTESIAN_POINT ( 'NONE',  ( 17.00000000000000000, 0.000000000000000000, 15.00000000000000000 ) ) ;
#591 = EDGE_CURVE ( 'NONE', #952, #1249, #1911, .T. ) ;
#592 = CARTESIAN_POINT ( 'NONE',  ( 100.0000000000000000, -2.999999999999999112, 58.79999999999999716 ) ) ;
#593 = EDGE_CURVE ( 'NONE', #705, #1341, #844, .T. ) ;
#594 = EDGE_CURVE ( 'NONE', #552, #22, #1153, .T. ) ;
#595 = VERTEX_POINT ( 'NONE', #407 ) ;
#596 = CARTESIAN_POINT ( 'NONE',  ( -100.0000000000000000, -2.999999999999999112, -55.20000000000000284 ) ) ;
#597 = PRODUCT_DEFINITION_SHAPE ( 'NONE', 'NONE',  #1495 ) ;
#598 = CARTESIAN_POINT ( 'NONE',  ( 110.0000000000000000, -12.00000000000000000, 67.50000000000000000 ) ) ;
#599 = CARTESIAN_POINT ( 'NONE',  ( -108.0000000000000000, -12.00000000000000000, -65.50000000000000000 ) ) ;
#600 = CARTESIAN_POINT ( 'NONE',  ( 108.0000000000000000, -12.00000000000000000, 67.50000000000000000 ) ) ;
#601 = DIRECTION ( 'NONE',  ( 1.000000000000000000, 0.000000000000000000, 0.000000000000000000 ) ) ;
#602 = EDGE_LOOP ( 'NONE', ( #203, #1464, #1947, #1956 ) ) ;
#603 = ORIENTED_EDGE ( 'NONE', *, *, #1647, .F. ) ;
#604 = ORIENTED_EDGE ( 'NONE', *, *, #1492, .F. ) ;
#605 = DIRECTION ( 'NONE',  ( 0.000000000000000000, 1.000000000000000000, 0.000000000000000000 ) ) ;
#606 = ORIENTED_EDGE ( 'NONE', *, *, #1300, .F. ) ;
#607 = DIRECTION ( 'NONE',  ( -0.000000000000000000, 1.000000000000000000, -0.000000000000000000 ) ) ;
#608 = CARTESIAN_POINT ( 'NONE',  ( 75.00000000000000000, -1.199999999999999956, 15.00000000000000000 ) ) ;
#609 = CARTESIAN_POINT ( 'NONE',  ( 75.00000000000000000, -1.199999999999999956, 19.00000000000000000 ) ) ;
#610 = FACE_OUTER_BOUND ( 'NONE', #1954, .T. ) ;
#611 = EDGE_LOOP ( 'NONE', ( #1070, #1851, #474, #1554 ) ) ;
#612 = VERTEX_POINT ( 'NONE', #255 ) ;
#613 = VERTEX_POINT ( 'NONE', #1146 ) ;
#614 = CARTESIAN_POINT ( 'NONE',  ( -0.000000000000000000, 0.000000000000000000, -30.00000000000000000 ) ) ;
#615 = DIRECTION ( 'NONE',  ( -0.000000000000000000, 0.000000000000000000, 1.000000000000000000 ) ) ;
#616 = EDGE_CURVE ( 'NONE', #537, #190, #557, .T. ) ;
#617 = EDGE_LOOP ( 'NONE', ( #1397, #659, #355, #1252 ) ) ;
#618 = AXIS2_PLACEMENT_3D ( 'NONE', #1750, #1273, #364 ) ;
#619 = DIRECTION ( 'NONE',  ( 0.000000000000000000, 1.000000000000000000, 0.000000000000000000 ) ) ;
#620 = ADVANCED_FACE ( 'NONE', ( #1622 ), #1792, .F. ) ;
#621 = DIRECTION ( 'NONE',  ( -1.000000000000000000, 0.000000000000000000, -0.000000000000000000 ) ) ;
#622 = VECTOR ( 'NONE', #839, 1000.000000000000000 ) ;
#623 = EDGE_CURVE ( 'NONE', #177, #311, #121, .T. ) ;
#624 = AXIS2_PLACEMENT_3D ( 'NONE', #665, #1764, #1457 ) ;
#625 = VECTOR ( 'NONE', #630, 1000.000000000000000 ) ;
#626 = CARTESIAN_POINT ( 'NONE',  ( 46.00000000000000000, 0.000000000000000000, 37.75000000000000000 ) ) ;
#627 = VERTEX_POINT ( 'NONE', #1183 ) ;
#628 = CIRCLE ( 'NONE', #346, 9.000000000000001776 ) ;
#629 = VECTOR ( 'NONE', #350, 1000.000000000000000 ) ;
#630 = DIRECTION ( 'NONE',  ( -1.000000000000000000, 0.000000000000000000, 0.000000000000000000 ) ) ;
#631 = ORIENTED_EDGE ( 'NONE', *, *, #851, .T. ) ;
#632 = ORIENTED_EDGE ( 'NONE', *, *, #1009, .F. ) ;
#633 = DIRECTION ( 'NONE',  ( -1.000000000000000000, 0.000000000000000000, -0.000000000000000000 ) ) ;
#634 = ORIENTED_EDGE ( 'NONE', *, *, #1526, .T. ) ;
#635 = DIRECTION ( 'NONE',  ( -1.000000000000000000, -0.000000000000000000, -0.000000000000000000 ) ) ;
#636 = DIRECTION ( 'NONE',  ( -0.000000000000000000, 0.000000000000000000, 1.000000000000000000 ) ) ;
#637 = LINE ( 'NONE', #29, #535 ) ;
#638 = EDGE_LOOP ( 'NONE', ( #1841, #34 ) ) ;
#639 = EDGE_CURVE ( 'NONE', #327, #552, #416, .T. ) ;
#640 = CARTESIAN_POINT ( 'NONE',  ( 110.0000000000000000, 0.000000000000000000, 67.50000000000000000 ) ) ;
#641 = DIRECTION ( 'NONE',  ( -0.000000000000000000, 1.000000000000000000, -0.000000000000000000 ) ) ;
#642 = EDGE_LOOP ( 'NONE', ( #1090, #1773, #741, #1151 ) ) ;
#643 = DIRECTION ( 'NONE',  ( -0.000000000000000000, 1.000000000000000000, -0.000000000000000000 ) ) ;
#644 = LINE ( 'NONE', #788, #1958 ) ;
#645 = ORIENTED_EDGE ( 'NONE', *, *, #830, .T. ) ;
#646 = EDGE_CURVE ( 'NONE', #76, #1247, #1198, .T. ) ;
#647 = VERTEX_POINT ( 'NONE', #1027 ) ;
#648 = EDGE_LOOP ( 'NONE', ( #1279, #785 ) ) ;
#649 = LINE ( 'NONE', #1375, #742 ) ;
#650 = CARTESIAN_POINT ( 'NONE',  ( -72.00000000000000000, -4.000000000000000000, -30.00000000000000000 ) ) ;
#651 = CARTESIAN_POINT ( 'NONE',  ( 17.00000000000000000, 0.000000000000000000, 19.00000000000000000 ) ) ;
#652 = ORIENTED_EDGE ( 'NONE', *, *, #1020, .T. ) ;
#653 = CARTESIAN_POINT ( 'NONE',  ( -84.00000000000000000, -4.000000000000000000, -30.00000000000000000 ) ) ;
#654 = VERTEX_POINT ( 'NONE', #1636 ) ;
#655 = LINE ( 'NONE', #774, #658 ) ;
#656 = CARTESIAN_POINT ( 'NONE',  ( 0.000000000000000000, -4.000000000000000000, -54.00000000000000000 ) ) ;
#657 = ORIENTED_EDGE ( 'NONE', *, *, #389, .F. ) ;
#658 = VECTOR ( 'NONE', #635, 1000.000000000000000 ) ;
#659 = ORIENTED_EDGE ( 'NONE', *, *, #83, .T. ) ;
#660 = EDGE_LOOP ( 'NONE', ( #182, #896, #1127, #379 ) ) ;
#661 = VECTOR ( 'NONE', #237, 1000.000000000000000 ) ;
#662 = PLANE ( 'NONE',  #589 ) ;
#663 = VECTOR ( 'NONE', #996, 1000.000000000000000 ) ;
#664 = VECTOR ( 'NONE', #1604, 1000.000000000000000 ) ;
#665 = CARTESIAN_POINT ( 'NONE',  ( -100.0000000000000000, -2.999999999999999112, 57.00000000000000000 ) ) ;
#666 = EDGE_CURVE ( 'NONE', #1439, #647, #879, .T. ) ;
#667 = EDGE_CURVE ( 'NONE', #772, #226, #752, .T. ) ;
#668 = LINE ( 'NONE', #1398, #930 ) ;
#669 = LINE ( 'NONE', #1835, #736 ) ;
#670 = ORIENTED_EDGE ( 'NONE', *, *, #143, .F. ) ;
#671 = ORIENTED_EDGE ( 'NONE', *, *, #1802, .F. ) ;
#672 = APPROVAL_DATE_TIME ( #1113, #438 ) ;
#673 = DIRECTION ( 'NONE',  ( 1.000000000000000000, 0.000000000000000000, 0.000000000000000000 ) ) ;
#674 = FACE_OUTER_BOUND ( 'NONE', #9, .T. ) ;
#675 = CARTESIAN_POINT ( 'NONE',  ( -108.0000000000000000, -2.999999999999999112, 65.50000000000000000 ) ) ;
#676 = DIRECTION ( 'NONE',  ( 1.000000000000000000, 0.000000000000000000, -0.000000000000000000 ) ) ;
#677 = EDGE_LOOP ( 'NONE', ( #1453, #500 ) ) ;
#678 = EDGE_LOOP ( 'NONE', ( #1741, #703, #782, #1170 ) ) ;
#679 = APPROVAL_STATUS ( 'not_yet_approved' ) ;
#680 = FACE_OUTER_BOUND ( 'NONE', #796, .T. ) ;
#681 = DIRECTION ( 'NONE',  ( -0.000000000000000000, 1.000000000000000000, -0.000000000000000000 ) ) ;
#682 = CARTESIAN_POINT ( 'NONE',  ( 110.0000000000000000, -12.00000000000000000, -67.50000000000000000 ) ) ;
#683 = CARTESIAN_POINT ( 'NONE',  ( -72.00000000000000000, 0.000000000000000000, -54.00000000000000000 ) ) ;
#684 = EDGE_CURVE ( 'NONE', #1795, #800, #1335, .T. ) ;
#685 = EDGE_CURVE ( 'NONE', #647, #339, #1653, .T. ) ;
#686 = ORIENTED_EDGE ( 'NONE', *, *, #1451, .T. ) ;
#687 = EDGE_CURVE ( 'NONE', #1689, #555, #1975, .T. ) ;
#688 = ORIENTED_EDGE ( 'NONE', *, *, #1216, .T. ) ;
#689 = AXIS2_PLACEMENT_3D ( 'NONE', #1074, #1679, #1295 ) ;
#690 = APPROVAL_DATE_TIME ( #698, #1761 ) ;
#691 = CARTESIAN_POINT ( 'NONE',  ( -0.000000000000000000, -3.000000000000000000, -30.00000000000000000 ) ) ;
#692 = LOCAL_TIME ( 17, 22, 15.00000000000000000, #206 ) ;
#693 = FACE_BOUND ( 'NONE', #200, .T. ) ;
#694 = CIRCLE ( 'NONE', #120, 1.799999999999989164 ) ;
#695 = DIRECTION ( 'NONE',  ( 0.000000000000000000, 0.000000000000000000, 1.000000000000000000 ) ) ;
#696 = FACE_OUTER_BOUND ( 'NONE', #64, .T. ) ;
#697 = VERTEX_POINT ( 'NONE', #608 ) ;
#698 = DATE_AND_TIME ( #1105, #1034 ) ;
#699 = CYLINDRICAL_SURFACE ( 'NONE', #1582, 1.799999999999989164 ) ;
#700 = DIRECTION ( 'NONE',  ( 0.000000000000000000, 1.000000000000000000, 0.000000000000000000 ) ) ;
#701 = CARTESIAN_POINT ( 'NONE',  ( -60.00000000000000000, 0.000000000000000000, -30.00000000000000000 ) ) ;
#702 = DIRECTION ( 'NONE',  ( 0.000000000000000000, 0.000000000000000000, 1.000000000000000000 ) ) ;
#703 = ORIENTED_EDGE ( 'NONE', *, *, #851, .F. ) ;
#704 = ORIENTED_EDGE ( 'NONE', *, *, #1739, .T. ) ;
#705 = VERTEX_POINT ( 'NONE', #581 ) ;
#706 = EDGE_CURVE ( 'NONE', #1142, #1413, #145, .T. ) ;
#707 = DIRECTION ( 'NONE',  ( -0.000000000000000000, -0.000000000000000000, 1.000000000000000000 ) ) ;
#708 = CARTESIAN_POINT ( 'NONE',  ( -72.00000000000000000, -3.000000000000000000, -54.00000000000000000 ) ) ;
#709 = DIRECTION ( 'NONE',  ( 0.000000000000000000, 0.000000000000000000, -1.000000000000000000 ) ) ;
#710 = DIRECTION ( 'NONE',  ( 0.000000000000000000, 0.000000000000000000, 1.000000000000000000 ) ) ;
#711 = VERTEX_POINT ( 'NONE', #590 ) ;
#712 = CARTESIAN_POINT ( 'NONE',  ( 100.0000000000000000, 0.000000000000000000, -55.20000000000000995 ) ) ;
#713 = CARTESIAN_POINT ( 'NONE',  ( 46.00000000000000000, -4.000000000000000000, 47.00000000000000000 ) ) ;
#714 = CIRCLE ( 'NONE', #1479, 1.799999999999989164 ) ;
#715 = VECTOR ( 'NONE', #601, 1000.000000000000000 ) ;
#716 = CARTESIAN_POINT ( 'NONE',  ( 46.00000000000000000, -3.000000000000000000, 11.74999999999999822 ) ) ;
#717 = CARTESIAN_POINT ( 'NONE',  ( 12.00000000000000000, -3.000000000000000000, -30.00000000000000000 ) ) ;
#718 = VECTOR ( 'NONE', #576, 1000.000000000000000 ) ;
#719 = AXIS2_PLACEMENT_3D ( 'NONE', #1796, #1342, #744 ) ;
#720 = DIRECTION ( 'NONE',  ( 0.000000000000000000, 0.000000000000000000, -1.000000000000000000 ) ) ;
#721 = ORIENTED_EDGE ( 'NONE', *, *, #1094, .T. ) ;
#722 = ORIENTED_EDGE ( 'NONE', *, *, #540, .T. ) ;
#723 = DIRECTION ( 'NONE',  ( 0.000000000000000000, 1.000000000000000000, 0.000000000000000000 ) ) ;
#724 = LINE ( 'NONE', #1330, #1507 ) ;
#725 = CARTESIAN_POINT ( 'NONE',  ( 46.00000000000000000, -4.000000000000000000, 11.74999999999999822 ) ) ;
#726 = CARTESIAN_POINT ( 'NONE',  ( -100.0000000000000000, -16.00000000000000000, 58.79999999999999005 ) ) ;
#727 = EDGE_LOOP ( 'NONE', ( #1077, #1772, #360, #1334 ) ) ;
#728 = DIRECTION ( 'NONE',  ( 0.000000000000000000, 0.000000000000000000, -1.000000000000000000 ) ) ;
#729 = FACE_BOUND ( 'NONE', #1054, .T. ) ;
#730 = FACE_OUTER_BOUND ( 'NONE', #47, .T. ) ;
#731 = FACE_OUTER_BOUND ( 'NONE', #910, .T. ) ;
#732 = EDGE_CURVE ( 'NONE', #319, #1698, #1190, .T. ) ;
#733 = EDGE_CURVE ( 'NONE', #526, #1080, #154, .T. ) ;
#734 = EDGE_CURVE ( 'NONE', #595, #411, #628, .T. ) ;
#735 = DIRECTION ( 'NONE',  ( 0.000000000000000000, 0.000000000000000000, 1.000000000000000000 ) ) ;
#736 = VECTOR ( 'NONE', #483, 1000.000000000000000 ) ;
#737 = PLANE ( 'NONE',  #496 ) ;
#738 = ORIENTED_EDGE ( 'NONE', *, *, #157, .T. ) ;
#739 = VECTOR ( 'NONE', #238, 1000.000000000000000 ) ;
#740 = DIRECTION ( 'NONE',  ( 1.000000000000000000, -0.000000000000000000, 0.000000000000000000 ) ) ;
#741 = ORIENTED_EDGE ( 'NONE', *, *, #944, .F. ) ;
#742 = VECTOR ( 'NONE', #31, 1000.000000000000000 ) ;
#743 = LOCAL_TIME ( 17, 22, 15.00000000000000000, #1594 ) ;
#744 = DIRECTION ( 'NONE',  ( 0.000000000000000000, 0.000000000000000000, 1.000000000000000000 ) ) ;
#745 = AXIS2_PLACEMENT_3D ( 'NONE', #370, #1896, #380 ) ;
#746 = CARTESIAN_POINT ( 'NONE',  ( -100.0000000000000000, -16.00000000000000000, 55.20000000000000995 ) ) ;
#747 = DIRECTION ( 'NONE',  ( 0.000000000000000000, -1.000000000000000000, 0.000000000000000000 ) ) ;
#748 = CARTESIAN_POINT ( 'NONE',  ( -72.00000000000000000, -3.000000000000000000, -0.000000000000000000 ) ) ;
#749 = EDGE_CURVE ( 'NONE', #794, #952, #887, .T. ) ;
#750 = CARTESIAN_POINT ( 'NONE',  ( 46.00000000000000000, 0.000000000000000000, 47.00000000000000000 ) ) ;
#751 = DIRECTION ( 'NONE',  ( 1.000000000000000000, 0.000000000000000000, -0.000000000000000000 ) ) ;
#752 = LINE ( 'NONE', #1681, #977 ) ;
#753 = ADVANCED_FACE ( 'NONE', ( #316 ), #1812, .F. ) ;
#754 = LINE ( 'NONE', #600, #776 ) ;
#755 = DIRECTION ( 'NONE',  ( -0.000000000000000000, 0.000000000000000000, 1.000000000000000000 ) ) ;
#756 = CARTESIAN_POINT ( 'NONE',  ( 16.00000000000000000, -3.000000000000000000, 0.000000000000000000 ) ) ;
#757 = ADVANCED_FACE ( 'NONE', ( #1344, #13 ), #1364, .T. ) ;
#758 = ORIENTED_EDGE ( 'NONE', *, *, #1709, .T. ) ;
#759 = VERTEX_POINT ( 'NONE', #1963 ) ;
#760 = CARTESIAN_POINT ( 'NONE',  ( -61.00000000000000000, -4.000000000000000000, 25.00000000000000000 ) ) ;
#761 = DIRECTION ( 'NONE',  ( -1.000000000000000000, 0.000000000000000000, 0.000000000000000000 ) ) ;
#762 = LINE ( 'NONE', #956, #804 ) ;
#763 = DIRECTION ( 'NONE',  ( 0.000000000000000000, 1.000000000000000000, 0.000000000000000000 ) ) ;
#764 = ORIENTED_EDGE ( 'NONE', *, *, #623, .F. ) ;
#765 = ORIENTED_EDGE ( 'NONE', *, *, #128, .T. ) ;
#766 = CARTESIAN_POINT ( 'NONE',  ( 0.000000000000000000, -3.000000000000000000, -54.00000000000000000 ) ) ;
#767 = DIRECTION ( 'NONE',  ( -0.000000000000000000, 1.000000000000000000, -0.000000000000000000 ) ) ;
#768 = ORIENTED_EDGE ( 'NONE', *, *, #1243, .T. ) ;
#769 = ORIENTED_EDGE ( 'NONE', *, *, #1599, .F. ) ;
#770 = ORIENTED_EDGE ( 'NONE', *, *, #882, .F. ) ;
#771 = CARTESIAN_POINT ( 'NONE',  ( 0.000000000000000000, -4.000000000000000000, -54.00000000000000000 ) ) ;
#772 = VERTEX_POINT ( 'NONE', #1808 ) ;
#773 = AXIS2_PLACEMENT_3D ( 'NONE', #795, #1715, #1980 ) ;
#774 = CARTESIAN_POINT ( 'NONE',  ( -72.00000000000000000, 0.000000000000000000, -54.00000000000000000 ) ) ;
#775 = LINE ( 'NONE', #1251, #1189 ) ;
#776 = VECTOR ( 'NONE', #1088, 1000.000000000000000 ) ;
#777 = DIRECTION ( 'NONE',  ( 0.000000000000000000, 0.000000000000000000, 1.000000000000000000 ) ) ;
#778 = ORIENTED_EDGE ( 'NONE', *, *, #1008, .T. ) ;
#779 = DIRECTION ( 'NONE',  ( 0.000000000000000000, 0.000000000000000000, -1.000000000000000000 ) ) ;
#780 = VECTOR ( 'NONE', #1199, 1000.000000000000000 ) ;
#781 = LINE ( 'NONE', #4, #279 ) ;
#782 = ORIENTED_EDGE ( 'NONE', *, *, #1427, .F. ) ;
#783 = ORIENTED_EDGE ( 'NONE', *, *, #1357, .T. ) ;
#784 = CARTESIAN_POINT ( 'NONE',  ( 36.96880406590577195, 0.000000000000000000, 19.00000000000000000 ) ) ;
#785 = ORIENTED_EDGE ( 'NONE', *, *, #471, .F. ) ;
#786 = CARTESIAN_POINT ( 'NONE',  ( 0.000000000000000000, -4.000000000000000000, -30.00000000000000000 ) ) ;
#787 = EDGE_CURVE ( 'NONE', #1247, #76, #817, .T. ) ;
#788 = CARTESIAN_POINT ( 'NONE',  ( -84.00000000000000000, 0.000000000000000000, -30.00000000000000000 ) ) ;
#789 = ORIENTED_EDGE ( 'NONE', *, *, #947, .F. ) ;
#790 = ORIENTED_EDGE ( 'NONE', *, *, #749, .F. ) ;
#791 = ORIENTED_EDGE ( 'NONE', *, *, #1449, .T. ) ;
#792 = CYLINDRICAL_SURFACE ( 'NONE', #1292, 9.250000000000005329 ) ;
#793 = VERTEX_POINT ( 'NONE', #1505 ) ;
#794 = VERTEX_POINT ( 'NONE', #599 ) ;
#795 = CARTESIAN_POINT ( 'NONE',  ( 46.00000000000000000, -1.199999999999999734, 21.00000000000000000 ) ) ;
#796 = EDGE_LOOP ( 'NONE', ( #1313, #704, #1339, #205 ) ) ;
#797 = FACE_OUTER_BOUND ( 'NONE', #186, .T. ) ;
#798 = CARTESIAN_POINT ( 'NONE',  ( 17.00000000000000000, -1.199999999999999956, 15.00000000000000000 ) ) ;
#799 = EDGE_LOOP ( 'NONE', ( #125, #1530, #1210, #1460 ) ) ;
#800 = VERTEX_POINT ( 'NONE', #1673 ) ;
#801 = EDGE_CURVE ( 'NONE', #853, #1949, #1352, .T. ) ;
#802 = ORIENTED_EDGE ( 'NONE', *, *, #249, .F. ) ;
#803 = ORIENTED_EDGE ( 'NONE', *, *, #1619, .F. ) ;
#804 = VECTOR ( 'NONE', #11, 1000.000000000000000 ) ;
#805 = ADVANCED_FACE ( 'NONE', ( #1051 ), #305, .F. ) ;
#806 = EDGE_CURVE ( 'NONE', #1933, #822, #23, .T. ) ;
#807 = DIRECTION ( 'NONE',  ( -1.000000000000000000, 0.000000000000000000, -0.000000000000000000 ) ) ;
#808 = VERTEX_POINT ( 'NONE', #1373 ) ;
#809 = DIRECTION ( 'NONE',  ( 0.000000000000000000, 0.000000000000000000, -1.000000000000000000 ) ) ;
#810 = CARTESIAN_POINT ( 'NONE',  ( -108.0000000000000000, -12.00000000000000000, 65.50000000000000000 ) ) ;
#811 = DIRECTION ( 'NONE',  ( -0.000000000000000000, -0.000000000000000000, 1.000000000000000000 ) ) ;
#812 = ORIENTED_EDGE ( 'NONE', *, *, #1890, .T. ) ;
#813 = VECTOR ( 'NONE', #709, 1000.000000000000000 ) ;
#814 =( GEOMETRIC_REPRESENTATION_CONTEXT ( 3 ) GLOBAL_UNCERTAINTY_ASSIGNED_CONTEXT ( ( #278 ) ) GLOBAL_UNIT_ASSIGNED_CONTEXT ( ( #16, #1394, #195 ) ) REPRESENTATION_CONTEXT ( 'NONE', 'WORKASPACE' ) );
#815 = VECTOR ( 'NONE', #89, 1000.000000000000000 ) ;
#816 = DIRECTION ( 'NONE',  ( -0.000000000000000000, 0.000000000000000000, 1.000000000000000000 ) ) ;
#817 = CIRCLE ( 'NONE', #1707, 1.799999999999989164 ) ;
#818 = VECTOR ( 'NONE', #136, 1000.000000000000000 ) ;
#819 = LINE ( 'NONE', #1732, #1316 ) ;
#820 = FACE_OUTER_BOUND ( 'NONE', #799, .T. ) ;
#821 = CARTESIAN_POINT ( 'NONE',  ( -68.00000000000000000, 0.000000000000000000, -30.00000000000000000 ) ) ;
#822 = VERTEX_POINT ( 'NONE', #626 ) ;
#823 = ADVANCED_BREP_SHAPE_REPRESENTATION ( 'mars_lander_control_box_lid_v1p1', ( #1351, #277 ), #814 ) ;
#824 = EDGE_LOOP ( 'NONE', ( #971, #1415, #1024, #1305 ) ) ;
#825 = EDGE_LOOP ( 'NONE', ( #1400, #1289, #1007, #966 ) ) ;
#826 = APPLICATION_PROTOCOL_DEFINITION ( 'international standard', 'config_control_design', 1994, #1705 ) ;
#827 = FACE_OUTER_BOUND ( 'NONE', #1281, .T. ) ;
#828 = ADVANCED_FACE ( 'NONE', ( #1230 ), #1836, .F. ) ;
#829 = CARTESIAN_POINT ( 'NONE',  ( 108.0000000000000000, -12.00000000000000000, 65.50000000000000000 ) ) ;
#830 = EDGE_CURVE ( 'NONE', #1677, #481, #637, .T. ) ;
#831 = CARTESIAN_POINT ( 'NONE',  ( 110.0000000000000000, -3.000000000000000000, 67.50000000000000000 ) ) ;
#832 = EDGE_CURVE ( 'NONE', #940, #234, #1821, .T. ) ;
#833 = ADVANCED_FACE ( 'NONE', ( #1363 ), #1974, .T. ) ;
#834 = LINE ( 'NONE', #1437, #1581 ) ;
#835 = ORIENTED_EDGE ( 'NONE', *, *, #1894, .F. ) ;
#836 = ORIENTED_EDGE ( 'NONE', *, *, #1802, .T. ) ;
#837 = CARTESIAN_POINT ( 'NONE',  ( 36.96880406590577195, -4.000000000000000000, 19.00000000000000000 ) ) ;
#838 = PLANE ( 'NONE',  #144 ) ;
#839 = DIRECTION ( 'NONE',  ( -1.000000000000000000, -0.000000000000000000, -0.000000000000000000 ) ) ;
#840 = CARTESIAN_POINT ( 'NONE',  ( -8.000000000000000000, 0.000000000000000000, -30.00000000000000000 ) ) ;
#841 = ORIENTED_EDGE ( 'NONE', *, *, #1029, .F. ) ;
#842 = AXIS2_PLACEMENT_3D ( 'NONE', #504, #605, #1688 ) ;
#843 = PERSON_AND_ORGANIZATION_ROLE ( 'creator' ) ;
#844 = LINE ( 'NONE', #101, #875 ) ;
#845 = VECTOR ( 'NONE', #480, 1000.000000000000000 ) ;
#846 = PLANE ( 'NONE',  #587 ) ;
#847 = VECTOR ( 'NONE', #217, 1000.000000000000000 ) ;
#848 = LINE ( 'NONE', #701, #1824 ) ;
#849 = CARTESIAN_POINT ( 'NONE',  ( 46.00000000000000000, -3.000000000000000000, 47.00000000000000000 ) ) ;
#850 = EDGE_LOOP ( 'NONE', ( #337, #1754, #82, #1042 ) ) ;
#851 = EDGE_CURVE ( 'NONE', #697, #14, #280, .T. ) ;
#852 = VERTEX_POINT ( 'NONE', #598 ) ;
#853 = VERTEX_POINT ( 'NONE', #573 ) ;
#854 = PLANE ( 'NONE',  #1906 ) ;
#855 = PLANE ( 'NONE',  #1737 ) ;
#856 = CARTESIAN_POINT ( 'NONE',  ( 100.0000000000000000, -16.00000000000000000, -58.79999999999999005 ) ) ;
#857 = CARTESIAN_POINT ( 'NONE',  ( -100.0000000000000000, 0.000000000000000000, -58.79999999999999716 ) ) ;
#858 = ORIENTED_EDGE ( 'NONE', *, *, #1867, .T. ) ;
#859 = ORIENTED_EDGE ( 'NONE', *, *, #1032, .F. ) ;
#860 = VERTEX_POINT ( 'NONE', #430 ) ;
#861 = CARTESIAN_POINT ( 'NONE',  ( -12.00000000000000000, -4.000000000000000000, -30.00000000000000000 ) ) ;
#862 = ADVANCED_FACE ( 'NONE', ( #287 ), #1, .F. ) ;
#863 = EDGE_CURVE ( 'NONE', #537, #1698, #1039, .T. ) ;
#864 = DIRECTION ( 'NONE',  ( -0.000000000000000000, 1.000000000000000000, -0.000000000000000000 ) ) ;
#865 = DIRECTION ( 'NONE',  ( -0.000000000000000000, 1.000000000000000000, -0.000000000000000000 ) ) ;
#866 = CARTESIAN_POINT ( 'NONE',  ( -84.00000000000000000, 0.000000000000000000, -30.00000000000000000 ) ) ;
#867 = ORIENTED_EDGE ( 'NONE', *, *, #1671, .T. ) ;
#868 = CARTESIAN_POINT ( 'NONE',  ( -84.00000000000000000, -3.000000000000000000, -54.00000000000000000 ) ) ;
#869 = AXIS2_PLACEMENT_3D ( 'NONE', #88, #1428, #695 ) ;
#870 = CARTESIAN_POINT ( 'NONE',  ( 12.00000000000000000, -4.000000000000000000, -30.00000000000000000 ) ) ;
#871 = VECTOR ( 'NONE', #888, 1000.000000000000000 ) ;
#872 = VECTOR ( 'NONE', #1508, 1000.000000000000000 ) ;
#873 = CARTESIAN_POINT ( 'NONE',  ( 75.00000000000000000, -1.199999999999999956, 19.00000000000000000 ) ) ;
#874 = CC_DESIGN_APPROVAL ( #1441, ( #1495 ) ) ;
#875 = VECTOR ( 'NONE', #132, 1000.000000000000000 ) ;
#876 = CIRCLE ( 'NONE', #1833, 9.250000000000005329 ) ;
#877 = CARTESIAN_POINT ( 'NONE',  ( 75.00000000000000000, -1.199999999999999956, 15.00000000000000000 ) ) ;
#878 = EDGE_LOOP ( 'NONE', ( #1752, #1806, #1558, #290 ) ) ;
#879 = LINE ( 'NONE', #1756, #250 ) ;
#880 = DIRECTION ( 'NONE',  ( 0.000000000000000000, 0.000000000000000000, -1.000000000000000000 ) ) ;
#881 = LINE ( 'NONE', #1499, #1057 ) ;
#882 = EDGE_CURVE ( 'NONE', #266, #103, #1811, .T. ) ;
#883 = ORIENTED_EDGE ( 'NONE', *, *, #1709, .F. ) ;
#884 = EDGE_CURVE ( 'NONE', #1047, #1795, #1960, .T. ) ;
#885 = EDGE_CURVE ( 'NONE', #1431, #1685, #130, .T. ) ;
#886 = FACE_OUTER_BOUND ( 'NONE', #413, .T. ) ;
#887 = LINE ( 'NONE', #1076, #282 ) ;
#888 = DIRECTION ( 'NONE',  ( 1.000000000000000000, 0.000000000000000000, 0.000000000000000000 ) ) ;
#889 = EDGE_LOOP ( 'NONE', ( #1026, #378, #1214, #1608, #166, #1837, #151, #1408, #1130, #1783 ) ) ;
#890 = DIRECTION ( 'NONE',  ( 0.000000000000000000, 0.000000000000000000, -1.000000000000000000 ) ) ;
#891 = DIRECTION ( 'NONE',  ( -0.000000000000000000, 1.000000000000000000, -0.000000000000000000 ) ) ;
#892 = DIRECTION ( 'NONE',  ( 0.000000000000000000, -1.000000000000000000, 0.000000000000000000 ) ) ;
#893 = DIRECTION ( 'NONE',  ( -1.000000000000000000, 0.000000000000000000, -0.000000000000000000 ) ) ;
#894 = ADVANCED_FACE ( 'NONE', ( #886 ), #1178, .F. ) ;
#895 = CARTESIAN_POINT ( 'NONE',  ( -100.0000000000000000, -16.00000000000000000, -58.79999999999999005 ) ) ;
#896 = ORIENTED_EDGE ( 'NONE', *, *, #262, .F. ) ;
#897 = AXIS2_PLACEMENT_3D ( 'NONE', #1116, #1302, #390 ) ;
#898 = DIRECTION ( 'NONE',  ( 1.000000000000000000, 0.000000000000000000, 0.000000000000000000 ) ) ;
#899 = EDGE_LOOP ( 'NONE', ( #1943, #361 ) ) ;
#900 = VECTOR ( 'NONE', #1124, 1000.000000000000000 ) ;
#901 = CIRCLE ( 'NONE', #1548, 1.799999999999989164 ) ;
#902 = PLANE ( 'NONE',  #376 ) ;
#903 = ADVANCED_FACE ( 'NONE', ( #141 ), #135, .F. ) ;
#904 = VECTOR ( 'NONE', #1849, 1000.000000000000000 ) ;
#905 = CARTESIAN_POINT ( 'NONE',  ( -100.0000000000000000, -16.00000000000000000, -57.00000000000000000 ) ) ;
#906 = FACE_OUTER_BOUND ( 'NONE', #1073, .T. ) ;
#907 = DIRECTION ( 'NONE',  ( 1.000000000000000000, 0.000000000000000000, 0.000000000000000000 ) ) ;
#908 = VERTEX_POINT ( 'NONE', #1641 ) ;
#909 = CARTESIAN_POINT ( 'NONE',  ( -80.00000000000000000, 0.000000000000000000, -54.00000000000000000 ) ) ;
#910 = EDGE_LOOP ( 'NONE', ( #198, #1438, #688, #1107 ) ) ;
#911 = ADVANCED_FACE ( 'NONE', ( #731 ), #439, .F. ) ;
#912 = FACE_BOUND ( 'NONE', #1401, .T. ) ;
#913 = DIRECTION ( 'NONE',  ( 0.000000000000000000, 0.000000000000000000, 1.000000000000000000 ) ) ;
#914 = DIRECTION ( 'NONE',  ( 0.000000000000000000, 0.000000000000000000, 1.000000000000000000 ) ) ;
#915 = LINE ( 'NONE', #766, #1193 ) ;
#916 = DIRECTION ( 'NONE',  ( -0.000000000000000000, 1.000000000000000000, -0.000000000000000000 ) ) ;
#917 = EDGE_LOOP ( 'NONE', ( #1543, #415, #765, #1498 ) ) ;
#918 = ORIENTED_EDGE ( 'NONE', *, *, #1597, .F. ) ;
#919 = VERTEX_POINT ( 'NONE', #1657 ) ;
#920 = LINE ( 'NONE', #46, #1129 ) ;
#921 = VERTEX_POINT ( 'NONE', #1044 ) ;
#922 = LINE ( 'NONE', #810, #1019 ) ;
#923 = PLANE ( 'NONE',  #979 ) ;
#924 = DIRECTION ( 'NONE',  ( 7.501506923142946932E-16, 0.000000000000000000, -1.000000000000000000 ) ) ;
#925 = ORIENTED_EDGE ( 'NONE', *, *, #1881, .T. ) ;
#926 = CARTESIAN_POINT ( 'NONE',  ( -110.0000000000000000, 0.000000000000000000, 67.50000000000000000 ) ) ;
#927 = CARTESIAN_POINT ( 'NONE',  ( -60.00000000000000000, -4.000000000000000000, -30.00000000000000000 ) ) ;
#928 = CARTESIAN_POINT ( 'NONE',  ( -72.00000000000000000, -4.000000000000000000, -30.00000000000000000 ) ) ;
#929 = ORIENTED_EDGE ( 'NONE', *, *, #358, .F. ) ;
#930 = VECTOR ( 'NONE', #1549, 1000.000000000000000 ) ;
#931 = DIRECTION ( 'NONE',  ( -0.000000000000000000, 1.000000000000000000, -0.000000000000000000 ) ) ;
#932 = FACE_OUTER_BOUND ( 'NONE', #313, .T. ) ;
#933 = VECTOR ( 'NONE', #681, 1000.000000000000000 ) ;
#934 = EDGE_LOOP ( 'NONE', ( #802, #445, #160, #170 ) ) ;
#935 = LOCAL_TIME ( 17, 22, 15.00000000000000000, #94 ) ;
#936 = CLOSED_SHELL ( 'NONE', ( #393, #1887, #911, #1119, #805, #1260, #560, #1928, #1765, #1297, #833, #1169, #1817, #102, #757, #446, #1389, #554, #1343, #903, #270, #253, #828, #1145, #753, #1095, #1892, #894, #1967, #1917, #1390, #444, #392, #424, #1299, #1049, #58, #948, #1411, #472, #414, #1973, #1574, #862, #42, #1182, #1744, #1822, #517, #1033, #978, #620, #68, #1869, #127, #188, #1245 ) ) ;
#937 = AXIS2_PLACEMENT_3D ( 'NONE', #1434, #78, #1114 ) ;
#938 = DIRECTION ( 'NONE',  ( -0.000000000000000000, 1.000000000000000000, -0.000000000000000000 ) ) ;
#939 = DIRECTION ( 'NONE',  ( 1.000000000000000000, 0.000000000000000000, 0.000000000000000000 ) ) ;
#940 = VERTEX_POINT ( 'NONE', #1025 ) ;
#941 = LINE ( 'NONE', #1852, #1225 ) ;
#942 = ORIENTED_EDGE ( 'NONE', *, *, #666, .T. ) ;
#943 = FACE_OUTER_BOUND ( 'NONE', #934, .T. ) ;
#944 = EDGE_CURVE ( 'NONE', #526, #1618, #1353, .T. ) ;
#945 = CARTESIAN_POINT ( 'NONE',  ( -8.000000000000000000, -3.000000000000000000, -30.00000000000000000 ) ) ;
#946 = ORIENTED_EDGE ( 'NONE', *, *, #594, .T. ) ;
#947 = EDGE_CURVE ( 'NONE', #1383, #227, #1229, .T. ) ;
#948 = ADVANCED_FACE ( 'NONE', ( #300 ), #902, .F. ) ;
#949 = ORIENTED_EDGE ( 'NONE', *, *, #1951, .F. ) ;
#950 = CALENDAR_DATE ( 2026, 26, 7 ) ;
#951 = DIRECTION ( 'NONE',  ( -0.000000000000000000, 1.000000000000000000, -0.000000000000000000 ) ) ;
#952 = VERTEX_POINT ( 'NONE', #1941 ) ;
#953 = EDGE_LOOP ( 'NONE', ( #65, #162, #1143, #208 ) ) ;
#954 = LINE ( 'NONE', #1546, #1345 ) ;
#955 = FACE_BOUND ( 'NONE', #648, .T. ) ;
#956 = CARTESIAN_POINT ( 'NONE',  ( 38.95993607983563578, -4.000000000000000000, 15.00000000000000000 ) ) ;
#957 = VERTEX_POINT ( 'NONE', #1789 ) ;
#958 = ORIENTED_EDGE ( 'NONE', *, *, #947, .T. ) ;
#959 = ORIENTED_EDGE ( 'NONE', *, *, #1323, .F. ) ;
#960 = EDGE_CURVE ( 'NONE', #711, #613, #1632, .T. ) ;
#961 = CARTESIAN_POINT ( 'NONE',  ( 53.04006392016435711, 0.000000000000000000, 15.00000000000000000 ) ) ;
#962 = DIRECTION ( 'NONE',  ( -0.000000000000000000, 1.000000000000000000, -0.000000000000000000 ) ) ;
#963 = CARTESIAN_POINT ( 'NONE',  ( -100.0000000000000000, 0.000000000000000000, -55.20000000000000995 ) ) ;
#964 = CIRCLE ( 'NONE', #111, 9.250000000000003553 ) ;
#965 = LINE ( 'NONE', #239, #222 ) ;
#966 = ORIENTED_EDGE ( 'NONE', *, *, #1386, .F. ) ;
#967 = VERTEX_POINT ( 'NONE', #323 ) ;
#968 = AXIS2_PLACEMENT_3D ( 'NONE', #71, #1913, #545 ) ;
#969 = EDGE_CURVE ( 'NONE', #921, #1790, #876, .T. ) ;
#970 = ORIENTED_EDGE ( 'NONE', *, *, #405, .F. ) ;
#971 = ORIENTED_EDGE ( 'NONE', *, *, #292, .T. ) ;
#972 = VECTOR ( 'NONE', #1361, 1000.000000000000000 ) ;
#973 = ORIENTED_EDGE ( 'NONE', *, *, #104, .T. ) ;
#974 = VECTOR ( 'NONE', #767, 1000.000000000000000 ) ;
#975 = EDGE_CURVE ( 'NONE', #852, #1236, #1872, .T. ) ;
#976 = FACE_OUTER_BOUND ( 'NONE', #1804, .T. ) ;
#977 = VECTOR ( 'NONE', #1354, 1000.000000000000000 ) ;
#978 = ADVANCED_FACE ( 'NONE', ( #62 ), #923, .F. ) ;
#979 = AXIS2_PLACEMENT_3D ( 'NONE', #656, #1570, #212 ) ;
#980 = CARTESIAN_POINT ( 'NONE',  ( -100.0000000000000000, 0.000000000000000000, 58.79999999999999005 ) ) ;
#981 = LINE ( 'NONE', #856, #12 ) ;
#982 = CARTESIAN_POINT ( 'NONE',  ( -12.00000000000000000, 0.000000000000000000, -30.00000000000000000 ) ) ;
#983 = ORIENTED_EDGE ( 'NONE', *, *, #1271, .F. ) ;
#984 = DIRECTION ( 'NONE',  ( -1.000000000000000000, 0.000000000000000000, -0.000000000000000000 ) ) ;
#985 = LINE ( 'NONE', #829, #1932 ) ;
#986 = CARTESIAN_POINT ( 'NONE',  ( 0.000000000000000000, 0.000000000000000000, -54.00000000000000000 ) ) ;
#987 = LINE ( 'NONE', #1579, #1196 ) ;
#988 = EDGE_CURVE ( 'NONE', #1620, #1959, #1697, .T. ) ;
#989 = EDGE_LOOP ( 'NONE', ( #384, #1112, #333, #1327 ) ) ;
#990 = PERSON_AND_ORGANIZATION ( #1648, #1635 ) ;
#991 = LINE ( 'NONE', #1011, #184 ) ;
#992 = CARTESIAN_POINT ( 'NONE',  ( -12.00000000000000000, 0.000000000000000000, -30.00000000000000000 ) ) ;
#993 = EDGE_CURVE ( 'NONE', #99, #266, #644, .T. ) ;
#994 = EDGE_LOOP ( 'NONE', ( #172, #1422, #345, #276 ) ) ;
#995 = DIRECTION ( 'NONE',  ( 1.000000000000000000, 0.000000000000000000, 0.000000000000000000 ) ) ;
#996 = DIRECTION ( 'NONE',  ( 0.000000000000000000, 0.000000000000000000, -1.000000000000000000 ) ) ;
#997 = EDGE_LOOP ( 'NONE', ( #778, #1968, #790, #538 ) ) ;
#998 = EDGE_LOOP ( 'NONE', ( #574, #1016, #1722, #1567 ) ) ;
#999 = CIRCLE ( 'NONE', #1660, 9.000000000000001776 ) ;
#1000 = DIRECTION ( 'NONE',  ( 1.000000000000000000, 0.000000000000000000, 0.000000000000000000 ) ) ;
#1001 = AXIS2_PLACEMENT_3D ( 'NONE', #1192, #577, #1965 ) ;
#1002 = DIRECTION ( 'NONE',  ( -0.000000000000000000, 0.000000000000000000, 1.000000000000000000 ) ) ;
#1003 = AXIS2_PLACEMENT_3D ( 'NONE', #1150, #1168, #1760 ) ;
#1004 = VECTOR ( 'NONE', #1939, 1000.000000000000000 ) ;
#1005 = DIRECTION ( 'NONE',  ( 1.000000000000000000, 0.000000000000000000, 0.000000000000000000 ) ) ;
#1006 = LINE ( 'NONE', #1921, #815 ) ;
#1007 = ORIENTED_EDGE ( 'NONE', *, *, #1536, .T. ) ;
#1008 = EDGE_CURVE ( 'NONE', #1511, #1341, #1372, .T. ) ;
#1009 = EDGE_CURVE ( 'NONE', #1689, #177, #775, .T. ) ;
#1010 = EDGE_LOOP ( 'NONE', ( #1235, #1121, #348, #918 ) ) ;
#1011 = CARTESIAN_POINT ( 'NONE',  ( -110.0000000000000000, -12.00000000000000000, 67.50000000000000000 ) ) ;
#1012 = CARTESIAN_POINT ( 'NONE',  ( 12.00000000000000000, 0.000000000000000000, -30.00000000000000000 ) ) ;
#1013 = CARTESIAN_POINT ( 'NONE',  ( -108.0000000000000000, -12.00000000000000000, 67.50000000000000000 ) ) ;
#1014 = CARTESIAN_POINT ( 'NONE',  ( -61.00000000000000000, 0.000000000000000000, 43.00000000000000000 ) ) ;
#1015 = ORIENTED_EDGE ( 'NONE', *, *, #1647, .T. ) ;
#1016 = ORIENTED_EDGE ( 'NONE', *, *, #1730, .T. ) ;
#1017 = CARTESIAN_POINT ( 'NONE',  ( -100.0000000000000000, 0.000000000000000000, -57.00000000000000000 ) ) ;
#1018 = DIRECTION ( 'NONE',  ( -0.000000000000000000, 1.000000000000000000, -0.000000000000000000 ) ) ;
#1019 = VECTOR ( 'NONE', #1385, 1000.000000000000000 ) ;
#1020 = EDGE_CURVE ( 'NONE', #1769, #339, #669, .T. ) ;
#1021 = DIRECTION ( 'NONE',  ( -1.000000000000000000, 0.000000000000000000, -0.000000000000000000 ) ) ;
#1022 = FACE_OUTER_BOUND ( 'NONE', #1780, .T. ) ;
#1023 = LINE ( 'NONE', #1684, #872 ) ;
#1024 = ORIENTED_EDGE ( 'NONE', *, *, #1781, .T. ) ;
#1025 = CARTESIAN_POINT ( 'NONE',  ( -56.00000000000000000, -3.000000000000000000, -54.00000000000000000 ) ) ;
#1026 = ORIENTED_EDGE ( 'NONE', *, *, #1519, .F. ) ;
#1027 = CARTESIAN_POINT ( 'NONE',  ( 4.000000000000000000, 0.000000000000000000, -30.00000000000000000 ) ) ;
#1028 = AXIS2_PLACEMENT_3D ( 'NONE', #1786, #275, #286 ) ;
#1029 = EDGE_CURVE ( 'NONE', #227, #1383, #964, .T. ) ;
#1030 = PLANE ( 'NONE',  #340 ) ;
#1031 = CIRCLE ( 'NONE', #1771, 1.799999999999989164 ) ;
#1032 = EDGE_CURVE ( 'NONE', #1592, #654, #28, .T. ) ;
#1033 = ADVANCED_FACE ( 'NONE', ( #932 ), #365, .F. ) ;
#1034 = LOCAL_TIME ( 17, 22, 15.00000000000000000, #241 ) ;
#1035 = DIRECTION ( 'NONE',  ( 0.000000000000000000, 1.000000000000000000, 0.000000000000000000 ) ) ;
#1036 = DIRECTION ( 'NONE',  ( -0.000000000000000000, 0.000000000000000000, 1.000000000000000000 ) ) ;
#1037 = VECTOR ( 'NONE', #1978, 1000.000000000000000 ) ;
#1038 = VECTOR ( 'NONE', #448, 1000.000000000000000 ) ;
#1039 = LINE ( 'NONE', #1206, #1639 ) ;
#1040 = CARTESIAN_POINT ( 'NONE',  ( -12.00000000000000000, -4.000000000000000000, -30.00000000000000000 ) ) ;
#1041 = DIRECTION ( 'NONE',  ( 1.000000000000000000, 0.000000000000000000, 0.000000000000000000 ) ) ;
#1042 = ORIENTED_EDGE ( 'NONE', *, *, #1890, .F. ) ;
#1043 = CARTESIAN_POINT ( 'NONE',  ( -108.0000000000000000, -12.00000000000000000, 67.50000000000000000 ) ) ;
#1044 = CARTESIAN_POINT ( 'NONE',  ( 46.00000000000000000, 0.000000000000000000, 11.74999999999999822 ) ) ;
#1045 = DIRECTION ( 'NONE',  ( -0.000000000000000000, -0.000000000000000000, 1.000000000000000000 ) ) ;
#1046 = CARTESIAN_POINT ( 'NONE',  ( -0.000000000000000000, -3.000000000000000000, -65.50000000000000000 ) ) ;
#1047 = VERTEX_POINT ( 'NONE', #1086 ) ;
#1048 = LINE ( 'NONE', #264, #114 ) ;
#1049 = ADVANCED_FACE ( 'NONE', ( #1718 ), #164, .F. ) ;
#1050 = CARTESIAN_POINT ( 'NONE',  ( 46.00000000000000000, -3.000000000000000000, 21.00000000000000000 ) ) ;
#1051 = FACE_OUTER_BOUND ( 'NONE', #1788, .T. ) ;
#1052 = DIRECTION ( 'NONE',  ( 1.000000000000000000, 0.000000000000000000, 0.000000000000000000 ) ) ;
#1053 = CARTESIAN_POINT ( 'NONE',  ( 4.000000000000000000, -3.000000000000000000, 0.000000000000000000 ) ) ;
#1054 = EDGE_LOOP ( 'NONE', ( #1873, #1378, #1645, #1904 ) ) ;
#1055 = VERTEX_POINT ( 'NONE', #336 ) ;
#1056 = EDGE_LOOP ( 'NONE', ( #1676, #1915, #791, #1120 ) ) ;
#1057 = VECTOR ( 'NONE', #898, 1000.000000000000000 ) ;
#1058 = DIRECTION ( 'NONE',  ( 0.000000000000000000, -1.000000000000000000, 0.000000000000000000 ) ) ;
#1059 = DIRECTION ( 'NONE',  ( 1.000000000000000000, 0.000000000000000000, 0.000000000000000000 ) ) ;
#1060 = AXIS2_PLACEMENT_3D ( 'NONE', #609, #476, #1555 ) ;
#1061 = AXIS2_PLACEMENT_3D ( 'NONE', #1310, #710, #676 ) ;
#1062 = DIRECTION ( 'NONE',  ( -0.000000000000000000, 0.000000000000000000, 1.000000000000000000 ) ) ;
#1063 = SECURITY_CLASSIFICATION ( '', '', #1603 ) ;
#1064 = VECTOR ( 'NONE', #569, 1000.000000000000000 ) ;
#1065 = DIRECTION ( 'NONE',  ( 1.000000000000000000, 0.000000000000000000, 0.000000000000000000 ) ) ;
#1066 = AXIS2_PLACEMENT_3D ( 'NONE', #1050, #315, #720 ) ;
#1067 = DIRECTION ( 'NONE',  ( 0.000000000000000000, 0.000000000000000000, -1.000000000000000000 ) ) ;
#1068 = APPLICATION_PROTOCOL_DEFINITION ( 'international standard', 'config_control_design', 1994, #1749 ) ;
#1069 = LINE ( 'NONE', #640, #1384 ) ;
#1070 = ORIENTED_EDGE ( 'NONE', *, *, #863, .T. ) ;
#1071 = ORIENTED_EDGE ( 'NONE', *, *, #1241, .T. ) ;
#1072 = LINE ( 'NONE', #760, #845 ) ;
#1073 = EDGE_LOOP ( 'NONE', ( #1194, #1224, #671, #1180 ) ) ;
#1074 = CARTESIAN_POINT ( 'NONE',  ( -61.00000000000000000, 0.000000000000000000, 34.00000000000000000 ) ) ;
#1075 = CARTESIAN_POINT ( 'NONE',  ( 100.0000000000000000, -2.999999999999999112, 55.20000000000000284 ) ) ;
#1076 = CARTESIAN_POINT ( 'NONE',  ( -108.0000000000000000, -12.00000000000000000, -65.50000000000000000 ) ) ;
#1077 = ORIENTED_EDGE ( 'NONE', *, *, #268, .F. ) ;
#1078 = CARTESIAN_POINT ( 'NONE',  ( -60.00000000000000000, -4.000000000000000000, -30.00000000000000000 ) ) ;
#1079 = DIRECTION ( 'NONE',  ( -0.000000000000000000, 1.000000000000000000, -0.000000000000000000 ) ) ;
#1080 = VERTEX_POINT ( 'NONE', #202 ) ;
#1081 = ORIENTED_EDGE ( 'NONE', *, *, #334, .F. ) ;
#1082 = EDGE_LOOP ( 'NONE', ( #1923, #1369, #1862, #1710 ) ) ;
#1083 = CARTESIAN_POINT ( 'NONE',  ( 100.0000000000000000, -2.999999999999999112, 57.00000000000000000 ) ) ;
#1084 = CC_DESIGN_DATE_AND_TIME_ASSIGNMENT ( #1144, #1755, ( #1063 ) ) ;
#1085 = DIRECTION ( 'NONE',  ( 0.000000000000000000, 0.000000000000000000, 1.000000000000000000 ) ) ;
#1086 = CARTESIAN_POINT ( 'NONE',  ( -110.0000000000000000, -12.00000000000000000, -67.50000000000000000 ) ) ;
#1087 = EDGE_LOOP ( 'NONE', ( #74, #1306, #1081, #959 ) ) ;
#1088 = DIRECTION ( 'NONE',  ( -0.000000000000000000, -0.000000000000000000, 1.000000000000000000 ) ) ;
#1089 = DIRECTION ( 'NONE',  ( 0.000000000000000000, 0.000000000000000000, -1.000000000000000000 ) ) ;
#1090 = ORIENTED_EDGE ( 'NONE', *, *, #292, .F. ) ;
#1091 = EDGE_CURVE ( 'NONE', #1790, #853, #762, .T. ) ;
#1092 = VERTEX_POINT ( 'NONE', #1075 ) ;
#1093 = LINE ( 'NONE', #653, #1099 ) ;
#1094 = EDGE_CURVE ( 'NONE', #75, #1080, #1551, .T. ) ;
#1095 = ADVANCED_FACE ( 'NONE', ( #1535 ), #174, .F. ) ;
#1096 = CIRCLE ( 'NONE', #244, 9.250000000000001776 ) ;
#1097 = PLANE ( 'NONE',  #1417 ) ;
#1098 = DIRECTION ( 'NONE',  ( 0.000000000000000000, -1.000000000000000000, 0.000000000000000000 ) ) ;
#1099 = VECTOR ( 'NONE', #1559, 1000.000000000000000 ) ;
#1100 = ORIENTED_EDGE ( 'NONE', *, *, #1803, .T. ) ;
#1101 = VECTOR ( 'NONE', #907, 1000.000000000000000 ) ;
#1102 = ORIENTED_EDGE ( 'NONE', *, *, #639, .F. ) ;
#1103 = VERTEX_POINT ( 'NONE', #945 ) ;
#1104 = VECTOR ( 'NONE', #461, 1000.000000000000000 ) ;
#1105 = CALENDAR_DATE ( 2026, 26, 7 ) ;
#1106 = DIRECTION ( 'NONE',  ( -0.000000000000000000, 0.000000000000000000, 1.000000000000000000 ) ) ;
#1107 = ORIENTED_EDGE ( 'NONE', *, *, #128, .F. ) ;
#1108 = ORIENTED_EDGE ( 'NONE', *, *, #477, .F. ) ;
#1109 = CARTESIAN_POINT ( 'NONE',  ( 46.00000000000000000, 0.000000000000000000, 21.00000000000000000 ) ) ;
#1110 = CARTESIAN_POINT ( 'NONE',  ( -84.00000000000000000, 0.000000000000000000, -54.00000000000000000 ) ) ;
#1111 = CARTESIAN_POINT ( 'NONE',  ( 46.00000000000000000, 0.000000000000000000, 21.00000000000000000 ) ) ;
#1112 = ORIENTED_EDGE ( 'NONE', *, *, #447, .F. ) ;
#1113 = DATE_AND_TIME ( #510, #1195 ) ;
#1114 = DIRECTION ( 'NONE',  ( 0.000000000000000000, 0.000000000000000000, -1.000000000000000000 ) ) ;
#1115 = CARTESIAN_POINT ( 'NONE',  ( -0.000000000000000000, -3.000000000000000000, 65.50000000000000000 ) ) ;
#1116 = CARTESIAN_POINT ( 'NONE',  ( -84.00000000000000000, -4.000000000000000000, -54.00000000000000000 ) ) ;
#1117 = EDGE_CURVE ( 'NONE', #697, #759, #1563, .T. ) ;
#1118 = DIRECTION ( 'NONE',  ( 0.000000000000000000, 0.000000000000000000, -1.000000000000000000 ) ) ;
#1119 = ADVANCED_FACE ( 'NONE', ( #797 ), #1409, .F. ) ;
#1120 = ORIENTED_EDGE ( 'NONE', *, *, #1181, .F. ) ;
#1121 = ORIENTED_EDGE ( 'NONE', *, *, #1894, .T. ) ;
#1122 = EDGE_CURVE ( 'NONE', #1393, #1247, #48, .T. ) ;
#1123 = CARTESIAN_POINT ( 'NONE',  ( 0.000000000000000000, -1.199999999999999956, 0.000000000000000000 ) ) ;
#1124 = DIRECTION ( 'NONE',  ( -0.000000000000000000, -0.000000000000000000, 1.000000000000000000 ) ) ;
#1125 = LINE ( 'NONE', #1277, #1477 ) ;
#1126 = LINE ( 'NONE', #1751, #499 ) ;
#1127 = ORIENTED_EDGE ( 'NONE', *, *, #1451, .F. ) ;
#1128 = VECTOR ( 'NONE', #761, 1000.000000000000000 ) ;
#1129 = VECTOR ( 'NONE', #641, 1000.000000000000000 ) ;
#1130 = ORIENTED_EDGE ( 'NONE', *, *, #138, .F. ) ;
#1131 = ORIENTED_EDGE ( 'NONE', *, *, #1952, .T. ) ;
#1132 = ORIENTED_EDGE ( 'NONE', *, *, #143, .T. ) ;
#1133 = VECTOR ( 'NONE', #32, 1000.000000000000000 ) ;
#1134 = PERSON_AND_ORGANIZATION ( #1648, #1635 ) ;
#1135 = CARTESIAN_POINT ( 'NONE',  ( -0.000000000000000000, -3.000000000000000000, -30.00000000000000000 ) ) ;
#1136 = AXIS2_PLACEMENT_3D ( 'NONE', #1595, #498, #1275 ) ;
#1137 = AXIS2_PLACEMENT_3D ( 'NONE', #1493, #1065, #1652 ) ;
#1138 = LINE ( 'NONE', #231, #1450 ) ;
#1139 = FACE_OUTER_BOUND ( 'NONE', #1525, .T. ) ;
#1140 = CARTESIAN_POINT ( 'NONE',  ( -68.00000000000000000, -4.000000000000000000, -30.00000000000000000 ) ) ;
#1141 = ORIENTED_EDGE ( 'NONE', *, *, #1746, .T. ) ;
#1142 = VERTEX_POINT ( 'NONE', #1262 ) ;
#1143 = ORIENTED_EDGE ( 'NONE', *, *, #129, .T. ) ;
#1144 = DATE_AND_TIME ( #950, #935 ) ;
#1145 = ADVANCED_FACE ( 'NONE', ( #943 ), #187, .F. ) ;
#1146 = CARTESIAN_POINT ( 'NONE',  ( 17.00000000000000000, 0.000000000000000000, 19.00000000000000000 ) ) ;
#1147 = CARTESIAN_POINT ( 'NONE',  ( -12.00000000000000000, -4.000000000000000000, -54.00000000000000000 ) ) ;
#1148 = CARTESIAN_POINT ( 'NONE',  ( 0.000000000000000000, 0.000000000000000000, -30.00000000000000000 ) ) ;
#1149 = CC_DESIGN_PERSON_AND_ORGANIZATION_ASSIGNMENT ( #369, #1586, ( #1063 ) ) ;
#1150 = CARTESIAN_POINT ( 'NONE',  ( 16.00000000000000000, -4.000000000000000000, -30.00000000000000000 ) ) ;
#1151 = ORIENTED_EDGE ( 'NONE', *, *, #1950, .F. ) ;
#1152 = ORIENTED_EDGE ( 'NONE', *, *, #70, .T. ) ;
#1153 = LINE ( 'NONE', #395, #1512 ) ;
#1154 = DIRECTION ( 'NONE',  ( 0.000000000000000000, 0.000000000000000000, -1.000000000000000000 ) ) ;
#1155 = EDGE_CURVE ( 'NONE', #1814, #1249, #922, .T. ) ;
#1156 = LINE ( 'NONE', #400, #274 ) ;
#1157 = EDGE_CURVE ( 'NONE', #1677, #1553, #27, .T. ) ;
#1158 = EDGE_CURVE ( 'NONE', #1080, #215, #655, .T. ) ;
#1159 = PLANE ( 'NONE',  #1003 ) ;
#1160 = ORIENTED_EDGE ( 'NONE', *, *, #1597, .T. ) ;
#1161 = EDGE_LOOP ( 'NONE', ( #1621, #670 ) ) ;
#1162 = CIRCLE ( 'NONE', #618, 1.799999999999989164 ) ;
#1163 = DIRECTION ( 'NONE',  ( -0.000000000000000000, 0.000000000000000000, 1.000000000000000000 ) ) ;
#1164 = FACE_OUTER_BOUND ( 'NONE', #611, .T. ) ;
#1165 = VECTOR ( 'NONE', #247, 1000.000000000000000 ) ;
#1166 = VECTOR ( 'NONE', #1045, 1000.000000000000000 ) ;
#1167 = PLANE ( 'NONE',  #1733 ) ;
#1168 = DIRECTION ( 'NONE',  ( 1.000000000000000000, 0.000000000000000000, 0.000000000000000000 ) ) ;
#1169 = ADVANCED_FACE ( 'NONE', ( #912, #335, #163, #1669, #1855, #1418, #201, #955, #1870, #322, #1239, #1834, #59, #35 ), #1844, .T. ) ;
#1170 = ORIENTED_EDGE ( 'NONE', *, *, #732, .T. ) ;
#1171 = FACE_OUTER_BOUND ( 'NONE', #509, .T. ) ;
#1172 = CC_DESIGN_PERSON_AND_ORGANIZATION_ASSIGNMENT ( #1282, #843, ( #146 ) ) ;
#1173 = ORIENTED_EDGE ( 'NONE', *, *, #594, .F. ) ;
#1174 = PLANE ( 'NONE',  #1001 ) ;
#1175 = DIRECTION ( 'NONE',  ( -0.000000000000000000, 1.000000000000000000, -0.000000000000000000 ) ) ;
#1176 = CARTESIAN_POINT ( 'NONE',  ( -0.000000000000000000, -3.000000000000000000, -30.00000000000000000 ) ) ;
#1177 = EDGE_CURVE ( 'NONE', #1591, #99, #482, .T. ) ;
#1178 = PLANE ( 'NONE',  #1909 ) ;
#1179 = EDGE_CURVE ( 'NONE', #1055, #1402, #668, .T. ) ;
#1180 = ORIENTED_EDGE ( 'NONE', *, *, #358, .T. ) ;
#1181 = EDGE_CURVE ( 'NONE', #1211, #793, #1819, .T. ) ;
#1182 = ADVANCED_FACE ( 'NONE', ( #1691 ), #1097, .F. ) ;
#1183 = CARTESIAN_POINT ( 'NONE',  ( 17.00000000000000000, -1.199999999999999956, 19.00000000000000000 ) ) ;
#1184 = FACE_OUTER_BOUND ( 'NONE', #850, .T. ) ;
#1185 = ORIENTED_EDGE ( 'NONE', *, *, #801, .F. ) ;
#1186 = CARTESIAN_POINT ( 'NONE',  ( 16.00000000000000000, 0.000000000000000000, -30.00000000000000000 ) ) ;
#1187 = DIRECTION ( 'NONE',  ( 1.000000000000000000, 0.000000000000000000, 0.000000000000000000 ) ) ;
#1188 = CARTESIAN_POINT ( 'NONE',  ( -84.00000000000000000, 0.000000000000000000, -30.00000000000000000 ) ) ;
#1189 = VECTOR ( 'NONE', #1856, 1000.000000000000000 ) ;
#1190 = LINE ( 'NONE', #1642, #1104 ) ;
#1191 = VECTOR ( 'NONE', #571, 1000.000000000000000 ) ;
#1192 = CARTESIAN_POINT ( 'NONE',  ( 0.000000000000000000, 0.000000000000000000, 0.000000000000000000 ) ) ;
#1193 = VECTOR ( 'NONE', #1052, 1000.000000000000000 ) ;
#1194 = ORIENTED_EDGE ( 'NONE', *, *, #960, .T. ) ;
#1195 = LOCAL_TIME ( 17, 22, 15.00000000000000000, #1424 ) ;
#1196 = VECTOR ( 'NONE', #524, 1000.000000000000000 ) ;
#1197 = LINE ( 'NONE', #725, #529 ) ;
#1198 = CIRCLE ( 'NONE', #1227, 1.799999999999989164 ) ;
#1199 = DIRECTION ( 'NONE',  ( -0.000000000000000000, 1.000000000000000000, -0.000000000000000000 ) ) ;
#1200 = DIRECTION ( 'NONE',  ( 0.000000000000000000, -0.000000000000000000, -1.000000000000000000 ) ) ;
#1201 = EDGE_CURVE ( 'NONE', #1618, #908, #469, .T. ) ;
#1202 = DIRECTION ( 'NONE',  ( -0.000000000000000000, 1.000000000000000000, -0.000000000000000000 ) ) ;
#1203 = EDGE_LOOP ( 'NONE', ( #1205, #1981 ) ) ;
#1204 = DIRECTION ( 'NONE',  ( -1.000000000000000000, -0.000000000000000000, -0.000000000000000000 ) ) ;
#1205 = ORIENTED_EDGE ( 'NONE', *, *, #1504, .F. ) ;
#1206 = CARTESIAN_POINT ( 'NONE',  ( 17.00000000000000000, 0.000000000000000000, 19.00000000000000000 ) ) ;
#1207 = CARTESIAN_POINT ( 'NONE',  ( 46.00000000000000000, -1.199999999999999734, 21.00000000000000000 ) ) ;
#1208 = PLANE ( 'NONE',  #15 ) ;
#1209 = CARTESIAN_POINT ( 'NONE',  ( 100.0000000000000000, -16.00000000000000000, -55.20000000000000995 ) ) ;
#1210 = ORIENTED_EDGE ( 'NONE', *, *, #885, .T. ) ;
#1211 = VERTEX_POINT ( 'NONE', #1371 ) ;
#1212 = ORIENTED_EDGE ( 'NONE', *, *, #687, .F. ) ;
#1213 = DIRECTION ( 'NONE',  ( -1.000000000000000000, 0.000000000000000000, 0.000000000000000000 ) ) ;
#1214 = ORIENTED_EDGE ( 'NONE', *, *, #1562, .F. ) ;
#1215 = EDGE_CURVE ( 'NONE', #527, #860, #458, .T. ) ;
#1216 = EDGE_CURVE ( 'NONE', #1509, #368, #1506, .T. ) ;
#1217 = CARTESIAN_POINT ( 'NONE',  ( -110.0000000000000000, -3.000000000000000000, 67.50000000000000000 ) ) ;
#1218 = CARTESIAN_POINT ( 'NONE',  ( 4.000000000000000000, 0.000000000000000000, -30.00000000000000000 ) ) ;
#1219 = CARTESIAN_POINT ( 'NONE',  ( 100.0000000000000000, -16.00000000000000000, -57.00000000000000000 ) ) ;
#1220 = FACE_OUTER_BOUND ( 'NONE', #575, .T. ) ;
#1221 = ORIENTED_EDGE ( 'NONE', *, *, #1799, .T. ) ;
#1222 = VECTOR ( 'NONE', #1716, 1000.000000000000000 ) ;
#1223 = LINE ( 'NONE', #1842, #1961 ) ;
#1224 = ORIENTED_EDGE ( 'NONE', *, *, #1969, .F. ) ;
#1225 = VECTOR ( 'NONE', #490, 1000.000000000000000 ) ;
#1226 = DIRECTION ( 'NONE',  ( 0.000000000000000000, 0.000000000000000000, 1.000000000000000000 ) ) ;
#1227 = AXIS2_PLACEMENT_3D ( 'NONE', #1017, #723, #422 ) ;
#1228 = DIRECTION ( 'NONE',  ( 0.000000000000000000, 0.000000000000000000, 1.000000000000000000 ) ) ;
#1229 = CIRCLE ( 'NONE', #1066, 9.250000000000003553 ) ;
#1230 = FACE_OUTER_BOUND ( 'NONE', #917, .T. ) ;
#1231 = ORIENTED_EDGE ( 'NONE', *, *, #1009, .T. ) ;
#1232 = CARTESIAN_POINT ( 'NONE',  ( 100.0000000000000000, -2.999999999999999112, -57.00000000000000000 ) ) ;
#1233 = DIRECTION ( 'NONE',  ( 0.000000000000000000, 0.000000000000000000, 1.000000000000000000 ) ) ;
#1234 = ORIENTED_EDGE ( 'NONE', *, *, #1781, .F. ) ;
#1235 = ORIENTED_EDGE ( 'NONE', *, *, #389, .T. ) ;
#1236 = VERTEX_POINT ( 'NONE', #682 ) ;
#1237 = CARTESIAN_POINT ( 'NONE',  ( 12.00000000000000000, -3.000000000000000000, -54.00000000000000000 ) ) ;
#1238 = ORIENTED_EDGE ( 'NONE', *, *, #1181, .T. ) ;
#1239 = FACE_BOUND ( 'NONE', #899, .T. ) ;
#1240 = DIRECTION ( 'NONE',  ( 0.000000000000000000, 0.000000000000000000, 1.000000000000000000 ) ) ;
#1241 = EDGE_CURVE ( 'NONE', #759, #491, #1125, .T. ) ;
#1242 = CARTESIAN_POINT ( 'NONE',  ( -61.00000000000000000, -4.000000000000000000, 34.00000000000000000 ) ) ;
#1243 = EDGE_CURVE ( 'NONE', #793, #1583, #848, .T. ) ;
#1244 = DIRECTION ( 'NONE',  ( 1.000000000000000000, 0.000000000000000000, 0.000000000000000000 ) ) ;
#1245 = ADVANCED_FACE ( 'NONE', ( #257 ), #1766, .F. ) ;
#1246 = CARTESIAN_POINT ( 'NONE',  ( -84.00000000000000000, -3.000000000000000000, -30.00000000000000000 ) ) ;
#1247 = VERTEX_POINT ( 'NONE', #963 ) ;
#1248 = DIRECTION ( 'NONE',  ( 0.000000000000000000, 0.000000000000000000, -1.000000000000000000 ) ) ;
#1249 = VERTEX_POINT ( 'NONE', #675 ) ;
#1250 = CARTESIAN_POINT ( 'NONE',  ( -12.00000000000000000, -4.000000000000000000, -30.00000000000000000 ) ) ;
#1251 = CARTESIAN_POINT ( 'NONE',  ( -12.00000000000000000, -3.000000000000000000, -0.000000000000000000 ) ) ;
#1252 = ORIENTED_EDGE ( 'NONE', *, *, #1671, .F. ) ;
#1253 = ORIENTED_EDGE ( 'NONE', *, *, #1032, .T. ) ;
#1254 = DIRECTION ( 'NONE',  ( 0.000000000000000000, 0.000000000000000000, 1.000000000000000000 ) ) ;
#1255 = PLANE ( 'NONE',  #1269 ) ;
#1256 = AXIS2_PLACEMENT_3D ( 'NONE', #1111, #1388, #1240 ) ;
#1257 = ORIENTED_EDGE ( 'NONE', *, *, #884, .F. ) ;
#1258 = DIRECTION ( 'NONE',  ( 0.000000000000000000, 0.000000000000000000, -1.000000000000000000 ) ) ;
#1259 = ORIENTED_EDGE ( 'NONE', *, *, #540, .F. ) ;
#1260 = ADVANCED_FACE ( 'NONE', ( #513 ), #1735, .F. ) ;
#1261 = VECTOR ( 'NONE', #1678, 1000.000000000000000 ) ;
#1262 = CARTESIAN_POINT ( 'NONE',  ( -100.0000000000000000, -2.999999999999999112, 55.20000000000000284 ) ) ;
#1263 = EDGE_CURVE ( 'NONE', #1829, #1553, #1458, .T. ) ;
#1264 = DIRECTION ( 'NONE',  ( 0.000000000000000000, -1.000000000000000000, 0.000000000000000000 ) ) ;
#1265 = VECTOR ( 'NONE', #1748, 1000.000000000000000 ) ;
#1266 = CC_DESIGN_APPROVAL ( #438, ( #146 ) ) ;
#1267 = ORIENTED_EDGE ( 'NONE', *, *, #432, .T. ) ;
#1268 = VERTEX_POINT ( 'NONE', #80 ) ;
#1269 = AXIS2_PLACEMENT_3D ( 'NONE', #1414, #1884, #1106 ) ;
#1270 = DIRECTION ( 'NONE',  ( -0.000000000000000000, 0.000000000000000000, 1.000000000000000000 ) ) ;
#1271 = EDGE_CURVE ( 'NONE', #957, #860, #981, .T. ) ;
#1272 = LINE ( 'NONE', #1284, #1265 ) ;
#1273 = DIRECTION ( 'NONE',  ( 0.000000000000000000, 1.000000000000000000, 0.000000000000000000 ) ) ;
#1274 = DIRECTION ( 'NONE',  ( 0.000000000000000000, 1.000000000000000000, 0.000000000000000000 ) ) ;
#1275 = DIRECTION ( 'NONE',  ( 0.000000000000000000, 0.000000000000000000, -1.000000000000000000 ) ) ;
#1276 = CARTESIAN_POINT ( 'NONE',  ( 38.95993607983563578, 0.000000000000000000, 15.00000000000000000 ) ) ;
#1277 = CARTESIAN_POINT ( 'NONE',  ( 53.04006392016435711, -4.000000000000000000, 15.00000000000000000 ) ) ;
#1278 = DIRECTION ( 'NONE',  ( -0.000000000000000000, 1.000000000000000000, -0.000000000000000000 ) ) ;
#1279 = ORIENTED_EDGE ( 'NONE', *, *, #124, .F. ) ;
#1280 = ORIENTED_EDGE ( 'NONE', *, *, #1897, .T. ) ;
#1281 = EDGE_LOOP ( 'NONE', ( #1740, #973, #721, #93 ) ) ;
#1282 = PERSON_AND_ORGANIZATION ( #1648, #1635 ) ;
#1283 = LINE ( 'NONE', #362, #566 ) ;
#1284 = CARTESIAN_POINT ( 'NONE',  ( -8.000000000000000000, -4.000000000000000000, -54.00000000000000000 ) ) ;
#1285 = LINE ( 'NONE', #232, #142 ) ;
#1286 = CARTESIAN_POINT ( 'NONE',  ( -12.00000000000000000, -3.000000000000000000, -54.00000000000000000 ) ) ;
#1287 = AXIS2_PLACEMENT_3D ( 'NONE', #375, #523, #1920 ) ;
#1288 = ORIENTED_EDGE ( 'NONE', *, *, #591, .F. ) ;
#1289 = ORIENTED_EDGE ( 'NONE', *, *, #249, .T. ) ;
#1290 = VECTOR ( 'NONE', #1278, 1000.000000000000000 ) ;
#1291 = CARTESIAN_POINT ( 'NONE',  ( 17.00000000000000000, -1.199999999999999956, 15.00000000000000000 ) ) ;
#1292 = AXIS2_PLACEMENT_3D ( 'NONE', #521, #951, #1725 ) ;
#1293 = EDGE_CURVE ( 'NONE', #772, #44, #1285, .T. ) ;
#1294 = CARTESIAN_POINT ( 'NONE',  ( 75.00000000000000000, 0.000000000000000000, 19.00000000000000000 ) ) ;
#1295 = DIRECTION ( 'NONE',  ( 0.000000000000000000, 0.000000000000000000, 1.000000000000000000 ) ) ;
#1296 = PLANE ( 'NONE',  #1061 ) ;
#1297 = ADVANCED_FACE ( 'NONE', ( #1758 ), #1616, .T. ) ;
#1298 = CARTESIAN_POINT ( 'NONE',  ( -68.00000000000000000, -3.000000000000000000, -54.00000000000000000 ) ) ;
#1299 = ADVANCED_FACE ( 'NONE', ( #1139 ), #1466, .F. ) ;
#1300 = EDGE_CURVE ( 'NONE', #1402, #1850, #382, .T. ) ;
#1301 = CARTESIAN_POINT ( 'NONE',  ( 108.0000000000000000, -12.00000000000000000, 65.50000000000000000 ) ) ;
#1302 = DIRECTION ( 'NONE',  ( 0.000000000000000000, 0.000000000000000000, -1.000000000000000000 ) ) ;
#1303 = FACE_OUTER_BOUND ( 'NONE', #602, .T. ) ;
#1304 = EDGE_LOOP ( 'NONE', ( #1875, #942, #1358, #518 ) ) ;
#1305 = ORIENTED_EDGE ( 'NONE', *, *, #1533, .F. ) ;
#1306 = ORIENTED_EDGE ( 'NONE', *, *, #412, .F. ) ;
#1307 = DIRECTION ( 'NONE',  ( 0.000000000000000000, 0.000000000000000000, 1.000000000000000000 ) ) ;
#1308 = CARTESIAN_POINT ( 'NONE',  ( -8.000000000000000000, -4.000000000000000000, -30.00000000000000000 ) ) ;
#1309 = CARTESIAN_POINT ( 'NONE',  ( -61.00000000000000000, 0.000000000000000000, 25.00000000000000000 ) ) ;
#1310 = CARTESIAN_POINT ( 'NONE',  ( -108.0000000000000000, -12.00000000000000000, -65.50000000000000000 ) ) ;
#1311 = EDGE_CURVE ( 'NONE', #1236, #1047, #106, .T. ) ;
#1312 = EDGE_LOOP ( 'NONE', ( #1152, #1238, #768, #192 ) ) ;
#1313 = ORIENTED_EDGE ( 'NONE', *, *, #1155, .T. ) ;
#1314 = VECTOR ( 'NONE', #112, 1000.000000000000000 ) ;
#1315 = DIRECTION ( 'NONE',  ( -1.000000000000000000, 0.000000000000000000, 0.000000000000000000 ) ) ;
#1316 = VECTOR ( 'NONE', #1588, 1000.000000000000000 ) ;
#1317 = VECTOR ( 'NONE', #1590, 1000.000000000000000 ) ;
#1318 = FACE_BOUND ( 'NONE', #1593, .T. ) ;
#1319 = VECTOR ( 'NONE', #530, 1000.000000000000000 ) ;
#1320 = EDGE_CURVE ( 'NONE', #612, #1268, #1162, .T. ) ;
#1321 = VECTOR ( 'NONE', #507, 1000.000000000000000 ) ;
#1322 = CARTESIAN_POINT ( 'NONE',  ( 46.00000000000000000, -4.000000000000000000, 56.25000000000000000 ) ) ;
#1323 = EDGE_CURVE ( 'NONE', #481, #1769, #1156, .T. ) ;
#1324 = CARTESIAN_POINT ( 'NONE',  ( -80.00000000000000000, -3.000000000000000000, -0.000000000000000000 ) ) ;
#1325 = ORIENTED_EDGE ( 'NONE', *, *, #1094, .F. ) ;
#1326 = CARTESIAN_POINT ( 'NONE',  ( -72.00000000000000000, -4.000000000000000000, -30.00000000000000000 ) ) ;
#1327 = ORIENTED_EDGE ( 'NONE', *, *, #1470, .T. ) ;
#1328 = ORIENTED_EDGE ( 'NONE', *, *, #666, .F. ) ;
#1329 = PLANE ( 'NONE',  #1482 ) ;
#1330 = CARTESIAN_POINT ( 'NONE',  ( -72.00000000000000000, 0.000000000000000000, -30.00000000000000000 ) ) ;
#1331 = CARTESIAN_POINT ( 'NONE',  ( -100.0000000000000000, 0.000000000000000000, 55.20000000000000284 ) ) ;
#1332 = ORIENTED_EDGE ( 'NONE', *, *, #129, .F. ) ;
#1333 = DIRECTION ( 'NONE',  ( -1.000000000000000000, 0.000000000000000000, -0.000000000000000000 ) ) ;
#1334 = ORIENTED_EDGE ( 'NONE', *, *, #787, .T. ) ;
#1335 = LINE ( 'NONE', #1658, #1166 ) ;
#1336 = EDGE_CURVE ( 'NONE', #339, #1829, #1878, .T. ) ;
#1337 = DIRECTION ( 'NONE',  ( -1.000000000000000000, 0.000000000000000000, -0.000000000000000000 ) ) ;
#1338 = AXIS2_PLACEMENT_3D ( 'NONE', #357, #349, #1085 ) ;
#1339 = ORIENTED_EDGE ( 'NONE', *, *, #1747, .F. ) ;
#1340 = LINE ( 'NONE', #1510, #1931 ) ;
#1341 = VERTEX_POINT ( 'NONE', #1598 ) ;
#1342 = DIRECTION ( 'NONE',  ( -0.000000000000000000, 1.000000000000000000, -0.000000000000000000 ) ) ;
#1343 = ADVANCED_FACE ( 'NONE', ( #820 ), #1445, .F. ) ;
#1344 = FACE_OUTER_BOUND ( 'NONE', #1517, .T. ) ;
#1345 = VECTOR ( 'NONE', #199, 1000.000000000000000 ) ;
#1346 = CARTESIAN_POINT ( 'NONE',  ( -60.00000000000000000, -4.000000000000000000, -30.00000000000000000 ) ) ;
#1347 = VECTOR ( 'NONE', #962, 1000.000000000000000 ) ;
#1348 = EDGE_LOOP ( 'NONE', ( #1602, #1882, #1703, #1485 ) ) ;
#1349 = CC_DESIGN_APPROVAL ( #1761, ( #1063 ) ) ;
#1350 = CARTESIAN_POINT ( 'NONE',  ( -100.0000000000000000, -2.999999999999999112, 58.79999999999999716 ) ) ;
#1351 = MANIFOLD_SOLID_BREP ( 'Vent_Slot_6', #936 ) ;
#1352 = CIRCLE ( 'NONE', #462, 9.250000000000003553 ) ;
#1353 = LINE ( 'NONE', #1948, #1038 ) ;
#1354 = DIRECTION ( 'NONE',  ( -1.000000000000000000, 0.000000000000000000, 0.000000000000000000 ) ) ;
#1355 = CARTESIAN_POINT ( 'NONE',  ( -100.0000000000000000, -2.999999999999999112, 57.00000000000000000 ) ) ;
#1356 = CARTESIAN_POINT ( 'NONE',  ( -8.000000000000000000, -3.000000000000000000, -54.00000000000000000 ) ) ;
#1357 = EDGE_CURVE ( 'NONE', #1413, #1685, #1448, .T. ) ;
#1358 = ORIENTED_EDGE ( 'NONE', *, *, #685, .T. ) ;
#1359 = EDGE_CURVE ( 'NONE', #1685, #1413, #1861, .T. ) ;
#1360 = EDGE_LOOP ( 'NONE', ( #30, #1840, #1560, #5 ) ) ;
#1361 = DIRECTION ( 'NONE',  ( -0.000000000000000000, 1.000000000000000000, -0.000000000000000000 ) ) ;
#1362 = ORIENTED_EDGE ( 'NONE', *, *, #1311, .F. ) ;
#1363 = FACE_OUTER_BOUND ( 'NONE', #1082, .T. ) ;
#1364 = PLANE ( 'NONE',  #1387 ) ;
#1365 = FACE_OUTER_BOUND ( 'NONE', #1979, .T. ) ;
#1366 = CARTESIAN_POINT ( 'NONE',  ( 46.00000000000000000, -3.000000000000000000, 30.25000000000000711 ) ) ;
#1367 = DIRECTION ( 'NONE',  ( -0.000000000000000000, 0.000000000000000000, 1.000000000000000000 ) ) ;
#1368 = ORIENTED_EDGE ( 'NONE', *, *, #1157, .T. ) ;
#1369 = ORIENTED_EDGE ( 'NONE', *, *, #221, .F. ) ;
#1370 = DIRECTION ( 'NONE',  ( -1.000000000000000000, -0.000000000000000000, -0.000000000000000000 ) ) ;
#1371 = CARTESIAN_POINT ( 'NONE',  ( -60.00000000000000000, -3.000000000000000000, -54.00000000000000000 ) ) ;
#1372 = LINE ( 'NONE', #514, #1539 ) ;
#1373 = CARTESIAN_POINT ( 'NONE',  ( 100.0000000000000000, -2.999999999999999112, -55.20000000000000284 ) ) ;
#1374 = EDGE_LOOP ( 'NONE', ( #1440, #525, #51, #1379, #1518, #281, #330, #1544 ) ) ;
#1375 = CARTESIAN_POINT ( 'NONE',  ( 17.00000000000000000, -1.199999999999999956, 19.00000000000000000 ) ) ;
#1376 = LINE ( 'NONE', #1209, #1934 ) ;
#1377 = AXIS2_PLACEMENT_3D ( 'NONE', #10, #619, #1226 ) ;
#1378 = ORIENTED_EDGE ( 'NONE', *, *, #1243, .F. ) ;
#1379 = ORIENTED_EDGE ( 'NONE', *, *, #1091, .T. ) ;
#1380 = VECTOR ( 'NONE', #1202, 1000.000000000000000 ) ;
#1381 = DIRECTION ( 'NONE',  ( 0.000000000000000000, -1.000000000000000000, 0.000000000000000000 ) ) ;
#1382 = EDGE_CURVE ( 'NONE', #794, #1511, #134, .T. ) ;
#1383 = VERTEX_POINT ( 'NONE', #716 ) ;
#1384 = VECTOR ( 'NONE', #1528, 1000.000000000000000 ) ;
#1385 = DIRECTION ( 'NONE',  ( 0.000000000000000000, 1.000000000000000000, 0.000000000000000000 ) ) ;
#1386 = EDGE_CURVE ( 'NONE', #1832, #1933, #1778, .T. ) ;
#1387 = AXIS2_PLACEMENT_3D ( 'NONE', #324, #892, #1200 ) ;
#1388 = DIRECTION ( 'NONE',  ( 0.000000000000000000, 1.000000000000000000, 0.000000000000000000 ) ) ;
#1389 = ADVANCED_FACE ( 'NONE', ( #1970 ), #1167, .T. ) ;
#1390 = ADVANCED_FACE ( 'NONE', ( #1946 ), #426, .F. ) ;
#1391 = VECTOR ( 'NONE', #588, 1000.000000000000000 ) ;
#1392 = DIRECTION ( 'NONE',  ( 0.000000000000000000, 0.000000000000000000, -1.000000000000000000 ) ) ;
#1393 = VERTEX_POINT ( 'NONE', #596 ) ;
#1394 =( NAMED_UNIT ( * ) PLANE_ANGLE_UNIT ( ) SI_UNIT ( $, .RADIAN. ) );
#1395 = LINE ( 'NONE', #572, #343 ) ;
#1396 = DIRECTION ( 'NONE',  ( 0.000000000000000000, 0.000000000000000000, -1.000000000000000000 ) ) ;
#1397 = ORIENTED_EDGE ( 'NONE', *, *, #639, .T. ) ;
#1398 = CARTESIAN_POINT ( 'NONE',  ( 12.00000000000000000, 0.000000000000000000, -54.00000000000000000 ) ) ;
#1399 = CARTESIAN_POINT ( 'NONE',  ( -68.00000000000000000, 0.000000000000000000, -30.00000000000000000 ) ) ;
#1400 = ORIENTED_EDGE ( 'NONE', *, *, #124, .T. ) ;
#1401 = EDGE_LOOP ( 'NONE', ( #1420, #567, #502, #859 ) ) ;
#1402 = VERTEX_POINT ( 'NONE', #1810 ) ;
#1403 = CARTESIAN_POINT ( 'NONE',  ( 46.00000000000000000, 0.000000000000000000, 56.25000000000000000 ) ) ;
#1404 = FACE_OUTER_BOUND ( 'NONE', #1374, .T. ) ;
#1405 = LINE ( 'NONE', #651, #1101 ) ;
#1406 = ORIENTED_EDGE ( 'NONE', *, *, #1720, .T. ) ;
#1407 = CARTESIAN_POINT ( 'NONE',  ( -72.00000000000000000, 0.000000000000000000, -30.00000000000000000 ) ) ;
#1408 = ORIENTED_EDGE ( 'NONE', *, *, #960, .F. ) ;
#1409 = CYLINDRICAL_SURFACE ( 'NONE', #1338, 1.799999999999989164 ) ;
#1410 = DIRECTION ( 'NONE',  ( -1.000000000000000000, -0.000000000000000000, -0.000000000000000000 ) ) ;
#1411 = ADVANCED_FACE ( 'NONE', ( #730 ), #126, .F. ) ;
#1412 = EDGE_LOOP ( 'NONE', ( #505, #958, #925, #204, #150, #1874, #1071, #252 ) ) ;
#1413 = VERTEX_POINT ( 'NONE', #1331 ) ;
#1414 = CARTESIAN_POINT ( 'NONE',  ( -84.00000000000000000, -4.000000000000000000, -30.00000000000000000 ) ) ;
#1415 = ORIENTED_EDGE ( 'NONE', *, *, #304, .T. ) ;
#1416 = LINE ( 'NONE', #1919, #372 ) ;
#1417 = AXIS2_PLACEMENT_3D ( 'NONE', #1250, #1706, #1062 ) ;
#1418 = FACE_BOUND ( 'NONE', #1843, .T. ) ;
#1419 = DIRECTION ( 'NONE',  ( 0.000000000000000000, 1.000000000000000000, 0.000000000000000000 ) ) ;
#1420 = ORIENTED_EDGE ( 'NONE', *, *, #1651, .F. ) ;
#1421 = EDGE_LOOP ( 'NONE', ( #1818, #159, #803, #949 ) ) ;
#1422 = ORIENTED_EDGE ( 'NONE', *, *, #1008, .F. ) ;
#1423 = AXIS2_PLACEMENT_3D ( 'NONE', #1425, #807, #1270 ) ;
#1424 = COORDINATED_UNIVERSAL_TIME_OFFSET ( 8, 0, .AHEAD. ) ;
#1425 = CARTESIAN_POINT ( 'NONE',  ( 17.00000000000000000, -1.199999999999999956, 19.00000000000000000 ) ) ;
#1426 = LINE ( 'NONE', #397, #1347 ) ;
#1427 = EDGE_CURVE ( 'NONE', #319, #697, #1656, .T. ) ;
#1428 = DIRECTION ( 'NONE',  ( -0.000000000000000000, 1.000000000000000000, -0.000000000000000000 ) ) ;
#1429 = DIRECTION ( 'NONE',  ( -0.000000000000000000, 1.000000000000000000, -0.000000000000000000 ) ) ;
#1430 = PRODUCT ( 'mars_lander_control_box_lid_v1p1', 'mars_lander_control_box_lid_v1p1', '', ( #1654 ) ) ;
#1431 = VERTEX_POINT ( 'NONE', #1350 ) ;
#1432 = ORIENTED_EDGE ( 'NONE', *, *, #1650, .F. ) ;
#1433 = CALENDAR_DATE ( 2026, 26, 7 ) ;
#1434 = CARTESIAN_POINT ( 'NONE',  ( -68.00000000000000000, -4.000000000000000000, -30.00000000000000000 ) ) ;
#1435 = DIRECTION ( 'NONE',  ( 0.000000000000000000, 1.000000000000000000, 0.000000000000000000 ) ) ;
#1436 = DIRECTION ( 'NONE',  ( -0.000000000000000000, 0.000000000000000000, 1.000000000000000000 ) ) ;
#1437 = CARTESIAN_POINT ( 'NONE',  ( 0.000000000000000000, -3.000000000000000000, -54.00000000000000000 ) ) ;
#1438 = ORIENTED_EDGE ( 'NONE', *, *, #1600, .T. ) ;
#1439 = VERTEX_POINT ( 'NONE', #1624 ) ;
#1440 = ORIENTED_EDGE ( 'NONE', *, *, #1029, .T. ) ;
#1441 = APPROVAL ( #1712, '未指定' ) ;
#1442 = PERSON_AND_ORGANIZATION_ROLE ( 'design_supplier' ) ;
#1443 = FACE_OUTER_BOUND ( 'NONE', #617, .T. ) ;
#1444 = CARTESIAN_POINT ( 'NONE',  ( -108.0000000000000000, -12.00000000000000000, 65.50000000000000000 ) ) ;
#1445 = CYLINDRICAL_SURFACE ( 'NONE', #869, 1.799999999999989164 ) ;
#1446 = CARTESIAN_POINT ( 'NONE',  ( -84.00000000000000000, 0.000000000000000000, -54.00000000000000000 ) ) ;
#1447 = ORIENTED_EDGE ( 'NONE', *, *, #1863, .T. ) ;
#1448 = CIRCLE ( 'NONE', #968, 1.799999999999989164 ) ;
#1449 = EDGE_CURVE ( 'NONE', #234, #793, #1340, .T. ) ;
#1450 = VECTOR ( 'NONE', #1576, 1000.000000000000000 ) ;
#1451 = EDGE_CURVE ( 'NONE', #940, #406, #1048, .T. ) ;
#1452 = EDGE_CURVE ( 'NONE', #860, #527, #559, .T. ) ;
#1453 = ORIENTED_EDGE ( 'NONE', *, *, #806, .F. ) ;
#1454 = VECTOR ( 'NONE', #1367, 1000.000000000000000 ) ;
#1455 = APPROVAL_DATE_TIME ( #352, #1441 ) ;
#1456 = FACE_OUTER_BOUND ( 'NONE', #994, .T. ) ;
#1457 = DIRECTION ( 'NONE',  ( 0.000000000000000000, 0.000000000000000000, -1.000000000000000000 ) ) ;
#1458 = LINE ( 'NONE', #1148, #1609 ) ;
#1459 = CARTESIAN_POINT ( 'NONE',  ( 16.00000000000000000, -4.000000000000000000, -54.00000000000000000 ) ) ;
#1460 = ORIENTED_EDGE ( 'NONE', *, *, #1359, .T. ) ;
#1461 = ORIENTED_EDGE ( 'NONE', *, *, #332, .T. ) ;
#1462 = VERTEX_POINT ( 'NONE', #418 ) ;
#1463 = CARTESIAN_POINT ( 'NONE',  ( 108.0000000000000000, -12.00000000000000000, 67.50000000000000000 ) ) ;
#1464 = ORIENTED_EDGE ( 'NONE', *, *, #1293, .T. ) ;
#1465 = FACE_OUTER_BOUND ( 'NONE', #825, .T. ) ;
#1466 = PLANE ( 'NONE',  #897 ) ;
#1467 = LINE ( 'NONE', #383, #565 ) ;
#1468 = ORIENTED_EDGE ( 'NONE', *, *, #591, .T. ) ;
#1469 = ORIENTED_EDGE ( 'NONE', *, *, #1526, .F. ) ;
#1470 = EDGE_CURVE ( 'NONE', #1236, #53, #1630, .T. ) ;
#1471 = CARTESIAN_POINT ( 'NONE',  ( -56.00000000000000000, 0.000000000000000000, -30.00000000000000000 ) ) ;
#1472 = EDGE_CURVE ( 'NONE', #1383, #921, #1197, .T. ) ;
#1473 = CARTESIAN_POINT ( 'NONE',  ( 46.00000000000000000, -3.000000000000000000, 56.25000000000000000 ) ) ;
#1474 = DIRECTION ( 'NONE',  ( 0.000000000000000000, 0.000000000000000000, 1.000000000000000000 ) ) ;
#1475 = DIRECTION ( 'NONE',  ( -0.000000000000000000, 1.000000000000000000, -0.000000000000000000 ) ) ;
#1476 = AXIS2_PLACEMENT_3D ( 'NONE', #470, #621, #636 ) ;
#1477 = VECTOR ( 'NONE', #1886, 1000.000000000000000 ) ;
#1478 = DIRECTION ( 'NONE',  ( 1.000000000000000000, 0.000000000000000000, 0.000000000000000000 ) ) ;
#1479 = AXIS2_PLACEMENT_3D ( 'NONE', #57, #1568, #512 ) ;
#1480 = APPROVAL_PERSON_ORGANIZATION ( #1565, #1761, #1895 ) ;
#1481 = CARTESIAN_POINT ( 'NONE',  ( 17.00000000000000000, -1.199999999999999956, 19.00000000000000000 ) ) ;
#1482 = AXIS2_PLACEMENT_3D ( 'NONE', #1463, #1315, #1307 ) ;
#1483 = VECTOR ( 'NONE', #1486, 1000.000000000000000 ) ;
#1484 = CARTESIAN_POINT ( 'NONE',  ( 17.00000000000000000, -1.199999999999999956, 19.00000000000000000 ) ) ;
#1485 = ORIENTED_EDGE ( 'NONE', *, *, #1717, .F. ) ;
#1486 = DIRECTION ( 'NONE',  ( 1.000000000000000000, 0.000000000000000000, 0.000000000000000000 ) ) ;
#1487 = ORIENTED_EDGE ( 'NONE', *, *, #1177, .T. ) ;
#1488 = DIRECTION ( 'NONE',  ( 1.000000000000000000, 0.000000000000000000, 0.000000000000000000 ) ) ;
#1489 = LINE ( 'NONE', #870, #399 ) ;
#1490 = DIRECTION ( 'NONE',  ( 0.000000000000000000, 0.000000000000000000, -1.000000000000000000 ) ) ;
#1491 = CARTESIAN_POINT ( 'NONE',  ( -60.00000000000000000, -3.000000000000000000, -0.000000000000000000 ) ) ;
#1492 = EDGE_CURVE ( 'NONE', #213, #852, #435, .T. ) ;
#1493 = CARTESIAN_POINT ( 'NONE',  ( -56.00000000000000000, -4.000000000000000000, -30.00000000000000000 ) ) ;
#1494 = DIRECTION ( 'NONE',  ( -0.000000000000000000, 1.000000000000000000, -0.000000000000000000 ) ) ;
#1495 = PRODUCT_DEFINITION ( '未知', '', #146, #1500 ) ;
#1496 = VERTEX_POINT ( 'NONE', #1805 ) ;
#1497 = FACE_BOUND ( 'NONE', #1203, .T. ) ;
#1498 = ORIENTED_EDGE ( 'NONE', *, *, #1504, .T. ) ;
#1499 = CARTESIAN_POINT ( 'NONE',  ( -60.00000000000000000, 0.000000000000000000, -30.00000000000000000 ) ) ;
#1500 = DESIGN_CONTEXT ( 'detailed design', #1705, 'design' ) ;
#1501 = CARTESIAN_POINT ( 'NONE',  ( 17.00000000000000000, -1.199999999999999956, 15.00000000000000000 ) ) ;
#1502 = EDGE_CURVE ( 'NONE', #44, #1055, #1646, .T. ) ;
#1503 = EDGE_CURVE ( 'NONE', #1583, #1462, #881, .T. ) ;
#1504 = EDGE_CURVE ( 'NONE', #368, #1509, #999, .T. ) ;
#1505 = CARTESIAN_POINT ( 'NONE',  ( -60.00000000000000000, 0.000000000000000000, -54.00000000000000000 ) ) ;
#1506 = CIRCLE ( 'NONE', #689, 9.000000000000001776 ) ;
#1507 = VECTOR ( 'NONE', #1945, 1000.000000000000000 ) ;
#1508 = DIRECTION ( 'NONE',  ( -0.000000000000000000, 1.000000000000000000, -0.000000000000000000 ) ) ;
#1509 = VERTEX_POINT ( 'NONE', #1309 ) ;
#1510 = CARTESIAN_POINT ( 'NONE',  ( -60.00000000000000000, 0.000000000000000000, -54.00000000000000000 ) ) ;
#1511 = VERTEX_POINT ( 'NONE', #1926 ) ;
#1512 = VECTOR ( 'NONE', #1000, 1000.000000000000000 ) ;
#1513 = DIRECTION ( 'NONE',  ( -0.000000000000000000, 0.000000000000000000, 1.000000000000000000 ) ) ;
#1514 = DIRECTION ( 'NONE',  ( -0.000000000000000000, 1.000000000000000000, -0.000000000000000000 ) ) ;
#1515 = CARTESIAN_POINT ( 'NONE',  ( -56.00000000000000000, 0.000000000000000000, -54.00000000000000000 ) ) ;
#1516 = LINE ( 'NONE', #756, #1454 ) ;
#1517 = EDGE_LOOP ( 'NONE', ( #1362, #1655, #604, #1259 ) ) ;
#1518 = ORIENTED_EDGE ( 'NONE', *, *, #801, .T. ) ;
#1519 = EDGE_CURVE ( 'NONE', #491, #921, #218, .T. ) ;
#1520 = CARTESIAN_POINT ( 'NONE',  ( -68.00000000000000000, -3.000000000000000000, -30.00000000000000000 ) ) ;
#1521 = CC_DESIGN_DATE_AND_TIME_ASSIGNMENT ( #497, #1910, ( #1495 ) ) ;
#1522 = DIRECTION ( 'NONE',  ( 0.000000000000000000, 0.000000000000000000, 1.000000000000000000 ) ) ;
#1523 = CARTESIAN_POINT ( 'NONE',  ( -80.00000000000000000, -4.000000000000000000, -30.00000000000000000 ) ) ;
#1524 = CARTESIAN_POINT ( 'NONE',  ( 46.00000000000000000, 0.000000000000000000, 47.00000000000000000 ) ) ;
#1525 = EDGE_LOOP ( 'NONE', ( #946, #1160, #1487, #1940 ) ) ;
#1526 = EDGE_CURVE ( 'NONE', #853, #520, #1223, .T. ) ;
#1527 = PLANE ( 'NONE',  #561 ) ;
#1528 = DIRECTION ( 'NONE',  ( 0.000000000000000000, 0.000000000000000000, -1.000000000000000000 ) ) ;
#1529 = EDGE_CURVE ( 'NONE', #190, #759, #1541, .T. ) ;
#1530 = ORIENTED_EDGE ( 'NONE', *, *, #1927, .T. ) ;
#1531 = CARTESIAN_POINT ( 'NONE',  ( -61.00000000000000000, -3.000000000000000000, 34.00000000000000000 ) ) ;
#1532 = EDGE_CURVE ( 'NONE', #411, #595, #87, .T. ) ;
#1533 = EDGE_CURVE ( 'NONE', #908, #1538, #1667, .T. ) ;
#1534 = CARTESIAN_POINT ( 'NONE',  ( -100.0000000000000000, -16.00000000000000000, -55.20000000000000995 ) ) ;
#1535 = FACE_OUTER_BOUND ( 'NONE', #878, .T. ) ;
#1536 = EDGE_CURVE ( 'NONE', #822, #1933, #1096, .T. ) ;
#1537 = DIRECTION ( 'NONE',  ( 0.000000000000000000, 0.000000000000000000, 1.000000000000000000 ) ) ;
#1538 = VERTEX_POINT ( 'NONE', #1407 ) ;
#1539 = VECTOR ( 'NONE', #1419, 1000.000000000000000 ) ;
#1540 = DIRECTION ( 'NONE',  ( 0.000000000000000000, 0.000000000000000000, -1.000000000000000000 ) ) ;
#1541 = CIRCLE ( 'NONE', #773, 9.250000000000003553 ) ;
#1542 = CARTESIAN_POINT ( 'NONE',  ( 16.00000000000000000, 0.000000000000000000, -30.00000000000000000 ) ) ;
#1543 = ORIENTED_EDGE ( 'NONE', *, *, #1600, .F. ) ;
#1544 = ORIENTED_EDGE ( 'NONE', *, *, #1881, .F. ) ;
#1545 = APPROVAL_PERSON_ORGANIZATION ( #990, #1441, #1859 ) ;
#1546 = CARTESIAN_POINT ( 'NONE',  ( 75.00000000000000000, 0.000000000000000000, 19.00000000000000000 ) ) ;
#1547 = ORIENTED_EDGE ( 'NONE', *, *, #432, .F. ) ;
#1548 = AXIS2_PLACEMENT_3D ( 'NONE', #1736, #1779, #225 ) ;
#1549 = DIRECTION ( 'NONE',  ( -1.000000000000000000, -0.000000000000000000, -0.000000000000000000 ) ) ;
#1550 = AXIS2_PLACEMENT_3D ( 'NONE', #650, #816, #673 ) ;
#1551 = LINE ( 'NONE', #1399, #210 ) ;
#1552 = ORIENTED_EDGE ( 'NONE', *, *, #1215, .T. ) ;
#1553 = VERTEX_POINT ( 'NONE', #614 ) ;
#1554 = ORIENTED_EDGE ( 'NONE', *, *, #616, .F. ) ;
#1555 = DIRECTION ( 'NONE',  ( 0.000000000000000000, 0.000000000000000000, -1.000000000000000000 ) ) ;
#1556 = FACE_OUTER_BOUND ( 'NONE', #1348, .T. ) ;
#1557 = CARTESIAN_POINT ( 'NONE',  ( 110.0000000000000000, 0.000000000000000000, -67.50000000000000000 ) ) ;
#1558 = ORIENTED_EDGE ( 'NONE', *, *, #1117, .T. ) ;
#1559 = DIRECTION ( 'NONE',  ( -0.000000000000000000, 1.000000000000000000, -0.000000000000000000 ) ) ;
#1560 = ORIENTED_EDGE ( 'NONE', *, *, #1336, .F. ) ;
#1561 = DIRECTION ( 'NONE',  ( 0.000000000000000000, -1.000000000000000000, 0.000000000000000000 ) ) ;
#1562 = EDGE_CURVE ( 'NONE', #1698, #14, #954, .T. ) ;
#1563 = LINE ( 'NONE', #798, #1728 ) ;
#1564 = EDGE_LOOP ( 'NONE', ( #92, #1432 ) ) ;
#1565 = PERSON_AND_ORGANIZATION ( #1648, #1635 ) ;
#1566 = CARTESIAN_POINT ( 'NONE',  ( -8.000000000000000000, 0.000000000000000000, -54.00000000000000000 ) ) ;
#1567 = ORIENTED_EDGE ( 'NONE', *, *, #1799, .F. ) ;
#1568 = DIRECTION ( 'NONE',  ( 0.000000000000000000, -1.000000000000000000, 0.000000000000000000 ) ) ;
#1569 = DIRECTION ( 'NONE',  ( -0.000000000000000000, 1.000000000000000000, -0.000000000000000000 ) ) ;
#1570 = DIRECTION ( 'NONE',  ( 0.000000000000000000, 0.000000000000000000, -1.000000000000000000 ) ) ;
#1571 = ORIENTED_EDGE ( 'NONE', *, *, #1690, .F. ) ;
#1572 = ORIENTED_EDGE ( 'NONE', *, *, #884, .T. ) ;
#1573 = EDGE_CURVE ( 'NONE', #465, #919, #1831, .T. ) ;
#1574 = ADVANCED_FACE ( 'NONE', ( #347 ), #467, .F. ) ;
#1575 = CARTESIAN_POINT ( 'NONE',  ( -100.0000000000000000, -2.999999999999999112, -57.00000000000000000 ) ) ;
#1576 = DIRECTION ( 'NONE',  ( -1.000000000000000000, -0.000000000000000000, -0.000000000000000000 ) ) ;
#1577 = AXIS2_PLACEMENT_3D ( 'NONE', #506, #1561, #492 ) ;
#1578 = DIRECTION ( 'NONE',  ( -0.000000000000000000, 1.000000000000000000, -0.000000000000000000 ) ) ;
#1579 = CARTESIAN_POINT ( 'NONE',  ( 17.00000000000000000, 0.000000000000000000, 15.00000000000000000 ) ) ;
#1580 = CIRCLE ( 'NONE', #428, 9.250000000000005329 ) ;
#1581 = VECTOR ( 'NONE', #81, 1000.000000000000000 ) ;
#1582 = AXIS2_PLACEMENT_3D ( 'NONE', #1924, #1918, #548 ) ;
#1583 = VERTEX_POINT ( 'NONE', #312 ) ;
#1584 = ORIENTED_EDGE ( 'NONE', *, *, #667, .T. ) ;
#1585 = AXIS2_PLACEMENT_3D ( 'NONE', #1670, #891, #913 ) ;
#1586 = PERSON_AND_ORGANIZATION_ROLE ( 'classification_officer' ) ;
#1587 = DIRECTION ( 'NONE',  ( 0.000000000000000000, -0.000000000000000000, -1.000000000000000000 ) ) ;
#1588 = DIRECTION ( 'NONE',  ( -0.000000000000000000, 1.000000000000000000, -0.000000000000000000 ) ) ;
#1589 = CARTESIAN_POINT ( 'NONE',  ( 12.00000000000000000, -4.000000000000000000, -30.00000000000000000 ) ) ;
#1590 = DIRECTION ( 'NONE',  ( 1.000000000000000000, 0.000000000000000000, 0.000000000000000000 ) ) ;
#1591 = VERTEX_POINT ( 'NONE', #909 ) ;
#1592 = VERTEX_POINT ( 'NONE', #1237 ) ;
#1593 = EDGE_LOOP ( 'NONE', ( #108, #1234, #1686, #1325 ) ) ;
#1594 = COORDINATED_UNIVERSAL_TIME_OFFSET ( 8, 0, .AHEAD. ) ;
#1595 = CARTESIAN_POINT ( 'NONE',  ( 46.00000000000000000, -3.000000000000000000, 47.00000000000000000 ) ) ;
#1596 = LINE ( 'NONE', #1885, #1865 ) ;
#1597 = EDGE_CURVE ( 'NONE', #22, #1591, #920, .T. ) ;
#1598 = CARTESIAN_POINT ( 'NONE',  ( 108.0000000000000000, -3.000000000000000000, -65.50000000000000000 ) ) ;
#1599 = EDGE_CURVE ( 'NONE', #1103, #1689, #1702, .T. ) ;
#1600 = EDGE_CURVE ( 'NONE', #411, #1509, #1072, .T. ) ;
#1601 = DIRECTION ( 'NONE',  ( 0.000000000000000000, 1.000000000000000000, 0.000000000000000000 ) ) ;
#1602 = ORIENTED_EDGE ( 'NONE', *, *, #1599, .T. ) ;
#1603 = SECURITY_CLASSIFICATION_LEVEL ( 'unclassified' ) ;
#1604 = DIRECTION ( 'NONE',  ( 0.000000000000000000, 0.000000000000000000, -1.000000000000000000 ) ) ;
#1605 = DIRECTION ( 'NONE',  ( -0.000000000000000000, 0.000000000000000000, 1.000000000000000000 ) ) ;
#1606 = CARTESIAN_POINT ( 'NONE',  ( 12.00000000000000000, 0.000000000000000000, -30.00000000000000000 ) ) ;
#1607 = LINE ( 'NONE', #1140, #1165 ) ;
#1608 = ORIENTED_EDGE ( 'NONE', *, *, #863, .F. ) ;
#1609 = VECTOR ( 'NONE', #534, 1000.000000000000000 ) ;
#1610 = CIRCLE ( 'NONE', #1962, 1.799999999999989164 ) ;
#1611 = ORIENTED_EDGE ( 'NONE', *, *, #832, .F. ) ;
#1612 = CIRCLE ( 'NONE', #1774, 1.799999999999989164 ) ;
#1613 = DIRECTION ( 'NONE',  ( 0.000000000000000000, 0.000000000000000000, 1.000000000000000000 ) ) ;
#1614 = CIRCLE ( 'NONE', #1136, 9.250000000000001776 ) ;
#1615 = FACE_BOUND ( 'NONE', #584, .T. ) ;
#1616 = PLANE ( 'NONE',  #1770 ) ;
#1617 = PLANE ( 'NONE',  #248 ) ;
#1618 = VERTEX_POINT ( 'NONE', #1520 ) ;
#1619 = EDGE_CURVE ( 'NONE', #1711, #1814, #152, .T. ) ;
#1620 = VERTEX_POINT ( 'NONE', #784 ) ;
#1621 = ORIENTED_EDGE ( 'NONE', *, *, #1320, .F. ) ;
#1622 = FACE_OUTER_BOUND ( 'NONE', #1304, .T. ) ;
#1623 = DIRECTION ( 'NONE',  ( -0.000000000000000000, 1.000000000000000000, -0.000000000000000000 ) ) ;
#1624 = CARTESIAN_POINT ( 'NONE',  ( 4.000000000000000000, -3.000000000000000000, -30.00000000000000000 ) ) ;
#1625 = LINE ( 'NONE', #1324, #1004 ) ;
#1626 = EDGE_LOOP ( 'NONE', ( #556, #1368, #1880, #1328 ) ) ;
#1627 = ORIENTED_EDGE ( 'NONE', *, *, #684, .F. ) ;
#1628 = DIRECTION ( 'NONE',  ( 1.000000000000000000, 0.000000000000000000, 0.000000000000000000 ) ) ;
#1629 = FACE_BOUND ( 'NONE', #1161, .T. ) ;
#1630 = LINE ( 'NONE', #1957, #1191 ) ;
#1631 = CARTESIAN_POINT ( 'NONE',  ( -72.00000000000000000, -4.000000000000000000, -54.00000000000000000 ) ) ;
#1632 = LINE ( 'NONE', #1680, #629 ) ;
#1633 = VECTOR ( 'NONE', #890, 1000.000000000000000 ) ;
#1634 = ORIENTED_EDGE ( 'NONE', *, *, #734, .F. ) ;
#1635 = ORGANIZATION ( '未指定', '未指定', '' ) ;
#1636 = CARTESIAN_POINT ( 'NONE',  ( 16.00000000000000000, -3.000000000000000000, -54.00000000000000000 ) ) ;
#1637 = LINE ( 'NONE', #417, #178 ) ;
#1638 = AXIS2_PLACEMENT_3D ( 'NONE', #1524, #165, #1537 ) ;
#1639 = VECTOR ( 'NONE', #117, 1000.000000000000000 ) ;
#1640 = DIRECTION ( 'NONE',  ( 0.000000000000000000, 0.000000000000000000, 1.000000000000000000 ) ) ;
#1641 = CARTESIAN_POINT ( 'NONE',  ( -72.00000000000000000, -3.000000000000000000, -30.00000000000000000 ) ) ;
#1642 = CARTESIAN_POINT ( 'NONE',  ( 75.00000000000000000, -1.199999999999999956, 19.00000000000000000 ) ) ;
#1643 = ORIENTED_EDGE ( 'NONE', *, *, #1532, .F. ) ;
#1644 = FACE_BOUND ( 'NONE', #638, .T. ) ;
#1645 = ORIENTED_EDGE ( 'NONE', *, *, #1449, .F. ) ;
#1646 = LINE ( 'NONE', #1186, #1633 ) ;
#1647 = EDGE_CURVE ( 'NONE', #481, #1829, #171, .T. ) ;
#1648 = PERSON ( '未指定', '未指定', '未指定', ('未指定'), ('未指定'), ('未指定') ) ;
#1649 = ORIENTED_EDGE ( 'NONE', *, *, #1179, .F. ) ;
#1650 = EDGE_CURVE ( 'NONE', #1092, #1846, #1797, .T. ) ;
#1651 = EDGE_CURVE ( 'NONE', #226, #1592, #24, .T. ) ;
#1652 = DIRECTION ( 'NONE',  ( 0.000000000000000000, 0.000000000000000000, -1.000000000000000000 ) ) ;
#1653 = LINE ( 'NONE', #1218, #307 ) ;
#1654 = MECHANICAL_CONTEXT ( 'NONE', #1749, 'mechanical' ) ;
#1655 = ORIENTED_EDGE ( 'NONE', *, *, #975, .F. ) ;
#1656 = LINE ( 'NONE', #873, #813 ) ;
#1657 = CARTESIAN_POINT ( 'NONE',  ( -12.00000000000000000, 0.000000000000000000, -54.00000000000000000 ) ) ;
#1658 = CARTESIAN_POINT ( 'NONE',  ( -110.0000000000000000, 0.000000000000000000, 67.50000000000000000 ) ) ;
#1659 = EDGE_CURVE ( 'NONE', #1814, #794, #941, .T. ) ;
#1660 = AXIS2_PLACEMENT_3D ( 'NONE', #1794, #1035, #1640 ) ;
#1661 = PLANE ( 'NONE',  #1060 ) ;
#1662 = VECTOR ( 'NONE', #1213, 1000.000000000000000 ) ;
#1663 = CARTESIAN_POINT ( 'NONE',  ( -100.0000000000000000, -2.999999999999999112, -58.79999999999999716 ) ) ;
#1664 = ORIENTED_EDGE ( 'NONE', *, *, #1241, .F. ) ;
#1665 = ORIENTED_EDGE ( 'NONE', *, *, #100, .T. ) ;
#1666 = ORIENTED_EDGE ( 'NONE', *, *, #733, .T. ) ;
#1667 = LINE ( 'NONE', #928, #338 ) ;
#1668 = VECTOR ( 'NONE', #295, 1000.000000000000000 ) ;
#1669 = FACE_BOUND ( 'NONE', #660, .T. ) ;
#1670 = CARTESIAN_POINT ( 'NONE',  ( 100.0000000000000000, -16.00000000000000000, 57.00000000000000000 ) ) ;
#1671 = EDGE_CURVE ( 'NONE', #327, #266, #1093, .T. ) ;
#1672 = EDGE_CURVE ( 'NONE', #1959, #537, #1580, .T. ) ;
#1673 = CARTESIAN_POINT ( 'NONE',  ( -110.0000000000000000, 0.000000000000000000, 67.50000000000000000 ) ) ;
#1674 = CARTESIAN_POINT ( 'NONE',  ( 46.00000000000000000, 0.000000000000000000, 30.25000000000000711 ) ) ;
#1675 = CARTESIAN_POINT ( 'NONE',  ( -110.0000000000000000, -3.000000000000000000, 67.50000000000000000 ) ) ;
#1676 = ORIENTED_EDGE ( 'NONE', *, *, #214, .T. ) ;
#1677 = VERTEX_POINT ( 'NONE', #96 ) ;
#1678 = DIRECTION ( 'NONE',  ( -1.000000000000000000, -0.000000000000000000, -0.000000000000000000 ) ) ;
#1679 = DIRECTION ( 'NONE',  ( 0.000000000000000000, 1.000000000000000000, 0.000000000000000000 ) ) ;
#1680 = CARTESIAN_POINT ( 'NONE',  ( 17.00000000000000000, 0.000000000000000000, 19.00000000000000000 ) ) ;
#1681 = CARTESIAN_POINT ( 'NONE',  ( -0.000000000000000000, -3.000000000000000000, -30.00000000000000000 ) ) ;
#1682 = EDGE_LOOP ( 'NONE', ( #686, #1406, #1889, #1611 ) ) ;
#1683 = DIRECTION ( 'NONE',  ( -1.000000000000000000, 0.000000000000000000, 0.000000000000000000 ) ) ;
#1684 = CARTESIAN_POINT ( 'NONE',  ( 100.0000000000000000, -16.00000000000000000, 55.20000000000000995 ) ) ;
#1685 = VERTEX_POINT ( 'NONE', #980 ) ;
#1686 = ORIENTED_EDGE ( 'NONE', *, *, #1158, .F. ) ;
#1687 = ORIENTED_EDGE ( 'NONE', *, *, #38, .T. ) ;
#1688 = DIRECTION ( 'NONE',  ( 0.000000000000000000, 0.000000000000000000, 1.000000000000000000 ) ) ;
#1689 = VERTEX_POINT ( 'NONE', #243 ) ;
#1690 = EDGE_CURVE ( 'NONE', #311, #1103, #1416, .T. ) ;
#1691 = FACE_OUTER_BOUND ( 'NONE', #25, .T. ) ;
#1692 = DIRECTION ( 'NONE',  ( 1.000000000000000000, 0.000000000000000000, 0.000000000000000000 ) ) ;
#1693 = ORIENTED_EDGE ( 'NONE', *, *, #138, .T. ) ;
#1694 = CARTESIAN_POINT ( 'NONE',  ( 36.96880406590577195, -1.199999999999999734, 19.00000000000000000 ) ) ;
#1695 = CARTESIAN_POINT ( 'NONE',  ( -108.0000000000000000, -12.00000000000000000, 65.50000000000000000 ) ) ;
#1696 = AXIS2_PLACEMENT_3D ( 'NONE', #1484, #140, #1938 ) ;
#1697 = CIRCLE ( 'NONE', #1256, 9.250000000000005329 ) ;
#1698 = VERTEX_POINT ( 'NONE', #1294 ) ;
#1699 = EDGE_CURVE ( 'NONE', #351, #1393, #714, .T. ) ;
#1700 = ORIENTED_EDGE ( 'NONE', *, *, #1533, .T. ) ;
#1701 = VECTOR ( 'NONE', #864, 1000.000000000000000 ) ;
#1702 = LINE ( 'NONE', #320, #1662 ) ;
#1703 = ORIENTED_EDGE ( 'NONE', *, *, #193, .T. ) ;
#1704 = AXIS2_PLACEMENT_3D ( 'NONE', #927, #197, #939 ) ;
#1705 = APPLICATION_CONTEXT ( 'configuration controlled 3d designs of mechanical parts and assemblies' ) ;
#1706 = DIRECTION ( 'NONE',  ( -1.000000000000000000, 0.000000000000000000, -0.000000000000000000 ) ) ;
#1707 = AXIS2_PLACEMENT_3D ( 'NONE', #440, #763, #1823 ) ;
#1708 = DIRECTION ( 'NONE',  ( 0.000000000000000000, -0.000000000000000000, -1.000000000000000000 ) ) ;
#1709 = EDGE_CURVE ( 'NONE', #1431, #1142, #1900, .T. ) ;
#1710 = ORIENTED_EDGE ( 'NONE', *, *, #1492, .T. ) ;
#1711 = VERTEX_POINT ( 'NONE', #1301 ) ;
#1712 = APPROVAL_STATUS ( 'not_yet_approved' ) ;
#1713 = DIRECTION ( 'NONE',  ( 0.000000000000000000, -1.000000000000000000, 0.000000000000000000 ) ) ;
#1714 = ORIENTED_EDGE ( 'NONE', *, *, #1720, .F. ) ;
#1715 = DIRECTION ( 'NONE',  ( -0.000000000000000000, 1.000000000000000000, -0.000000000000000000 ) ) ;
#1716 = DIRECTION ( 'NONE',  ( -1.000000000000000000, -0.000000000000000000, -0.000000000000000000 ) ) ;
#1717 = EDGE_CURVE ( 'NONE', #1103, #1893, #1426, .T. ) ;
#1718 = FACE_OUTER_BOUND ( 'NONE', #1010, .T. ) ;
#1719 = ORIENTED_EDGE ( 'NONE', *, *, #477, .T. ) ;
#1720 = EDGE_CURVE ( 'NONE', #406, #1462, #819, .T. ) ;
#1721 = EDGE_CURVE ( 'NONE', #1553, #647, #1596, .T. ) ;
#1722 = ORIENTED_EDGE ( 'NONE', *, *, #1573, .T. ) ;
#1723 = ORIENTED_EDGE ( 'NONE', *, *, #1503, .T. ) ;
#1724 = PERSON_AND_ORGANIZATION ( #1648, #1635 ) ;
#1725 = DIRECTION ( 'NONE',  ( 0.000000000000000000, 0.000000000000000000, 1.000000000000000000 ) ) ;
#1726 = FACE_OUTER_BOUND ( 'NONE', #998, .T. ) ;
#1727 = DIRECTION ( 'NONE',  ( -0.000000000000000000, -0.000000000000000000, 1.000000000000000000 ) ) ;
#1728 = VECTOR ( 'NONE', #1410, 1000.000000000000000 ) ;
#1729 = CARTESIAN_POINT ( 'NONE',  ( 0.000000000000000000, -3.000000000000000000, -54.00000000000000000 ) ) ;
#1730 = EDGE_CURVE ( 'NONE', #311, #465, #1272, .T. ) ;
#1731 = LINE ( 'NONE', #1135, #148 ) ;
#1732 = CARTESIAN_POINT ( 'NONE',  ( -56.00000000000000000, -4.000000000000000000, -30.00000000000000000 ) ) ;
#1733 = AXIS2_PLACEMENT_3D ( 'NONE', #1013, #740, #586 ) ;
#1734 = VECTOR ( 'NONE', #1727, 1000.000000000000000 ) ;
#1735 = CYLINDRICAL_SURFACE ( 'NONE', #1287, 1.799999999999989164 ) ;
#1736 = CARTESIAN_POINT ( 'NONE',  ( 100.0000000000000000, -2.999999999999999112, 57.00000000000000000 ) ) ;
#1737 = AXIS2_PLACEMENT_3D ( 'NONE', #1308, #1041, #880 ) ;
#1738 = EDGE_LOOP ( 'NONE', ( #254, #325 ) ) ;
#1739 = EDGE_CURVE ( 'NONE', #1249, #705, #549, .T. ) ;
#1740 = ORIENTED_EDGE ( 'NONE', *, *, #944, .T. ) ;
#1741 = ORIENTED_EDGE ( 'NONE', *, *, #1562, .T. ) ;
#1742 = AXIS2_PLACEMENT_3D ( 'NONE', #1217, #420, #751 ) ;
#1743 = ORIENTED_EDGE ( 'NONE', *, *, #1976, .F. ) ;
#1744 = ADVANCED_FACE ( 'NONE', ( #1726 ), #846, .F. ) ;
#1745 = PLANE ( 'NONE',  #1550 ) ;
#1746 = EDGE_CURVE ( 'NONE', #53, #1795, #1138, .T. ) ;
#1747 = EDGE_CURVE ( 'NONE', #1711, #705, #985, .T. ) ;
#1748 = DIRECTION ( 'NONE',  ( -0.000000000000000000, 1.000000000000000000, -0.000000000000000000 ) ) ;
#1749 = APPLICATION_CONTEXT ( 'configuration controlled 3d designs of mechanical parts and assemblies' ) ;
#1750 = CARTESIAN_POINT ( 'NONE',  ( 100.0000000000000000, 0.000000000000000000, 57.00000000000000000 ) ) ;
#1751 = CARTESIAN_POINT ( 'NONE',  ( -61.00000000000000000, -4.000000000000000000, 43.00000000000000000 ) ) ;
#1752 = ORIENTED_EDGE ( 'NONE', *, *, #1820, .T. ) ;
#1753 = EDGE_LOOP ( 'NONE', ( #1827, #453, #1288, #1743 ) ) ;
#1754 = ORIENTED_EDGE ( 'NONE', *, *, #475, .T. ) ;
#1755 = DATE_TIME_ROLE ( 'classification_date' ) ;
#1756 = CARTESIAN_POINT ( 'NONE',  ( 4.000000000000000000, -4.000000000000000000, -30.00000000000000000 ) ) ;
#1757 = LINE ( 'NONE', #522, #900 ) ;
#1758 = FACE_OUTER_BOUND ( 'NONE', #989, .T. ) ;
#1759 = PLANE ( 'NONE',  #1964 ) ;
#1760 = DIRECTION ( 'NONE',  ( 0.000000000000000000, 0.000000000000000000, -1.000000000000000000 ) ) ;
#1761 = APPROVAL ( #84, '未指定' ) ;
#1762 = EDGE_LOOP ( 'NONE', ( #402, #434, #1141, #568 ) ) ;
#1763 = LINE ( 'NONE', #95, #60 ) ;
#1764 = DIRECTION ( 'NONE',  ( 0.000000000000000000, -1.000000000000000000, 0.000000000000000000 ) ) ;
#1765 = ADVANCED_FACE ( 'NONE', ( #674 ), #838, .T. ) ;
#1766 = PLANE ( 'NONE',  #301 ) ;
#1767 = CARTESIAN_POINT ( 'NONE',  ( -84.00000000000000000, -4.000000000000000000, -30.00000000000000000 ) ) ;
#1768 = FACE_OUTER_BOUND ( 'NONE', #997, .T. ) ;
#1769 = VERTEX_POINT ( 'NONE', #1912 ) ;
#1770 = AXIS2_PLACEMENT_3D ( 'NONE', #831, #223, #1901 ) ;
#1771 = AXIS2_PLACEMENT_3D ( 'NONE', #1232, #341, #1838 ) ;
#1772 = ORIENTED_EDGE ( 'NONE', *, *, #1699, .T. ) ;
#1773 = ORIENTED_EDGE ( 'NONE', *, *, #1201, .F. ) ;
#1774 = AXIS2_PLACEMENT_3D ( 'NONE', #1902, #1601, #702 ) ;
#1775 = CARTESIAN_POINT ( 'NONE',  ( 55.03119593409422095, -4.000000000000000000, 19.00000000000000000 ) ) ;
#1776 = VECTOR ( 'NONE', #755, 1000.000000000000000 ) ;
#1777 = CARTESIAN_POINT ( 'NONE',  ( -8.000000000000000000, 0.000000000000000000, -30.00000000000000000 ) ) ;
#1778 = LINE ( 'NONE', #1322, #1899 ) ;
#1779 = DIRECTION ( 'NONE',  ( 0.000000000000000000, -1.000000000000000000, 0.000000000000000000 ) ) ;
#1780 = EDGE_LOOP ( 'NONE', ( #1719, #867, #183, #835 ) ) ;
#1781 = EDGE_CURVE ( 'NONE', #215, #1538, #1757, .T. ) ;
#1782 = EDGE_LOOP ( 'NONE', ( #770, #1942, #367, #1847 ) ) ;
#1783 = ORIENTED_EDGE ( 'NONE', *, *, #969, .F. ) ;
#1784 = DIRECTION ( 'NONE',  ( 0.000000000000000000, 0.000000000000000000, -1.000000000000000000 ) ) ;
#1785 = LINE ( 'NONE', #1346, #1380 ) ;
#1786 = CARTESIAN_POINT ( 'NONE',  ( -100.0000000000000000, 0.000000000000000000, 57.00000000000000000 ) ) ;
#1787 = CYLINDRICAL_SURFACE ( 'NONE', #116, 1.799999999999989164 ) ;
#1788 = EDGE_LOOP ( 'NONE', ( #1864, #63, #1930, #39 ) ) ;
#1789 = CARTESIAN_POINT ( 'NONE',  ( 100.0000000000000000, -2.999999999999999112, -58.79999999999999716 ) ) ;
#1790 = VERTEX_POINT ( 'NONE', #1276 ) ;
#1791 = AXIS2_PLACEMENT_3D ( 'NONE', #493, #1098, #1708 ) ;
#1792 = PLANE ( 'NONE',  #403 ) ;
#1793 = FACE_BOUND ( 'NONE', #516, .T. ) ;
#1794 = CARTESIAN_POINT ( 'NONE',  ( -61.00000000000000000, 0.000000000000000000, 34.00000000000000000 ) ) ;
#1795 = VERTEX_POINT ( 'NONE', #220 ) ;
#1796 = CARTESIAN_POINT ( 'NONE',  ( -61.00000000000000000, -4.000000000000000000, 34.00000000000000000 ) ) ;
#1797 = CIRCLE ( 'NONE', #219, 1.799999999999989164 ) ;
#1798 = CARTESIAN_POINT ( 'NONE',  ( -68.00000000000000000, -4.000000000000000000, -54.00000000000000000 ) ) ;
#1799 = EDGE_CURVE ( 'NONE', #177, #919, #373, .T. ) ;
#1800 = LINE ( 'NONE', #433, #871 ) ;
#1801 = VECTOR ( 'NONE', #1953, 1000.000000000000000 ) ;
#1802 = EDGE_CURVE ( 'NONE', #520, #627, #1898, .T. ) ;
#1803 = EDGE_CURVE ( 'NONE', #919, #555, #532, .T. ) ;
#1804 = EDGE_LOOP ( 'NONE', ( #634, #836, #1447, #1185 ) ) ;
#1805 = CARTESIAN_POINT ( 'NONE',  ( -60.00000000000000000, -3.000000000000000000, -30.00000000000000000 ) ) ;
#1806 = ORIENTED_EDGE ( 'NONE', *, *, #1427, .T. ) ;
#1807 = DIRECTION ( 'NONE',  ( 0.000000000000000000, 0.000000000000000000, -1.000000000000000000 ) ) ;
#1808 = CARTESIAN_POINT ( 'NONE',  ( 16.00000000000000000, -3.000000000000000000, -30.00000000000000000 ) ) ;
#1809 = FACE_BOUND ( 'NONE', #1782, .T. ) ;
#1810 = CARTESIAN_POINT ( 'NONE',  ( 12.00000000000000000, 0.000000000000000000, -54.00000000000000000 ) ) ;
#1811 = LINE ( 'NONE', #1188, #1483 ) ;
#1812 = CYLINDRICAL_SURFACE ( 'NONE', #1936, 9.250000000000005329 ) ;
#1813 = LINE ( 'NONE', #926, #715 ) ;
#1814 = VERTEX_POINT ( 'NONE', #1444 ) ;
#1815 = EDGE_LOOP ( 'NONE', ( #329, #1922, #1132, #1972 ) ) ;
#1816 = DIRECTION ( 'NONE',  ( -0.000000000000000000, 1.000000000000000000, -0.000000000000000000 ) ) ;
#1817 = ADVANCED_FACE ( 'NONE', ( #693, #105, #1793, #729, #1318, #1809, #110, #256, #1497, #1644, #1615, #1629, #570, #263 ), #1174, .F. ) ;
#1818 = ORIENTED_EDGE ( 'NONE', *, *, #1382, .F. ) ;
#1819 = LINE ( 'NONE', #456, #371 ) ;
#1820 = EDGE_CURVE ( 'NONE', #190, #319, #1637, .T. ) ;
#1821 = LINE ( 'NONE', #153, #26 ) ;
#1822 = ADVANCED_FACE ( 'NONE', ( #289 ), #855, .F. ) ;
#1823 = DIRECTION ( 'NONE',  ( 0.000000000000000000, 0.000000000000000000, 1.000000000000000000 ) ) ;
#1824 = VECTOR ( 'NONE', #97, 1000.000000000000000 ) ;
#1825 = VECTOR ( 'NONE', #544, 1000.000000000000000 ) ;
#1826 = LINE ( 'NONE', #895, #974 ) ;
#1827 = ORIENTED_EDGE ( 'NONE', *, *, #593, .F. ) ;
#1828 = ORIENTED_EDGE ( 'NONE', *, *, #328, .T. ) ;
#1829 = VERTEX_POINT ( 'NONE', #423 ) ;
#1830 = VECTOR ( 'NONE', #283, 1000.000000000000000 ) ;
#1831 = LINE ( 'NONE', #1866, #1261 ) ;
#1832 = VERTEX_POINT ( 'NONE', #1473 ) ;
#1833 = AXIS2_PLACEMENT_3D ( 'NONE', #1879, #1274, #1228 ) ;
#1834 = FACE_BOUND ( 'NONE', #1564, .T. ) ;
#1835 = CARTESIAN_POINT ( 'NONE',  ( 4.000000000000000000, -4.000000000000000000, -54.00000000000000000 ) ) ;
#1836 = CYLINDRICAL_SURFACE ( 'NONE', #224, 9.000000000000001776 ) ;
#1837 = ORIENTED_EDGE ( 'NONE', *, *, #988, .F. ) ;
#1838 = DIRECTION ( 'NONE',  ( 0.000000000000000000, 0.000000000000000000, -1.000000000000000000 ) ) ;
#1839 = DIRECTION ( 'NONE',  ( -0.000000000000000000, 1.000000000000000000, -0.000000000000000000 ) ) ;
#1840 = ORIENTED_EDGE ( 'NONE', *, *, #1263, .F. ) ;
#1841 = ORIENTED_EDGE ( 'NONE', *, *, #1215, .F. ) ;
#1842 = CARTESIAN_POINT ( 'NONE',  ( 17.00000000000000000, -1.199999999999999956, 15.00000000000000000 ) ) ;
#1843 = EDGE_LOOP ( 'NONE', ( #1102, #1108, #657, #1173 ) ) ;
#1844 = PLANE ( 'NONE',  #1577 ) ;
#1845 = DIRECTION ( 'NONE',  ( 1.000000000000000000, 0.000000000000000000, 0.000000000000000000 ) ) ;
#1846 = VERTEX_POINT ( 'NONE', #592 ) ;
#1847 = ORIENTED_EDGE ( 'NONE', *, *, #251, .F. ) ;
#1848 = DIRECTION ( 'NONE',  ( -0.000000000000000000, 0.000000000000000000, 1.000000000000000000 ) ) ;
#1849 = DIRECTION ( 'NONE',  ( -1.000000000000000000, 0.000000000000000000, 0.000000000000000000 ) ) ;
#1850 = VERTEX_POINT ( 'NONE', #1012 ) ;
#1851 = ORIENTED_EDGE ( 'NONE', *, *, #732, .F. ) ;
#1852 = CARTESIAN_POINT ( 'NONE',  ( -108.0000000000000000, -12.00000000000000000, 67.50000000000000000 ) ) ;
#1853 = ORIENTED_EDGE ( 'NONE', *, *, #1271, .T. ) ;
#1854 = CC_DESIGN_PERSON_AND_ORGANIZATION_ASSIGNMENT ( #386, #229, ( #1430 ) ) ;
#1855 = FACE_BOUND ( 'NONE', #642, .T. ) ;
#1856 = DIRECTION ( 'NONE',  ( 0.000000000000000000, 0.000000000000000000, -1.000000000000000000 ) ) ;
#1857 = ORIENTED_EDGE ( 'NONE', *, *, #1263, .T. ) ;
#1858 = VERTEX_POINT ( 'NONE', #708 ) ;
#1859 = APPROVAL_ROLE ( '' ) ;
#1860 = DIRECTION ( 'NONE',  ( 0.000000000000000000, 0.000000000000000000, -1.000000000000000000 ) ) ;
#1861 = CIRCLE ( 'NONE', #1028, 1.799999999999989164 ) ;
#1862 = ORIENTED_EDGE ( 'NONE', *, *, #328, .F. ) ;
#1863 = EDGE_CURVE ( 'NONE', #627, #1949, #1800, .T. ) ;
#1864 = ORIENTED_EDGE ( 'NONE', *, *, #501, .T. ) ;
#1865 = VECTOR ( 'NONE', #86, 1000.000000000000000 ) ;
#1866 = CARTESIAN_POINT ( 'NONE',  ( -12.00000000000000000, 0.000000000000000000, -54.00000000000000000 ) ) ;
#1867 = EDGE_CURVE ( 'NONE', #1496, #1583, #1785, .T. ) ;
#1868 = ORIENTED_EDGE ( 'NONE', *, *, #1502, .F. ) ;
#1869 = ADVANCED_FACE ( 'NONE', ( #1184 ), #1030, .F. ) ;
#1870 = FACE_BOUND ( 'NONE', #122, .T. ) ;
#1871 = VECTOR ( 'NONE', #1079, 1000.000000000000000 ) ;
#1872 = LINE ( 'NONE', #49, #1321 ) ;
#1873 = ORIENTED_EDGE ( 'NONE', *, *, #1503, .F. ) ;
#1874 = ORIENTED_EDGE ( 'NONE', *, *, #1529, .T. ) ;
#1875 = ORIENTED_EDGE ( 'NONE', *, *, #334, .T. ) ;
#1876 = LINE ( 'NONE', #511, #847 ) ;
#1877 = DIRECTION ( 'NONE',  ( 0.000000000000000000, 0.000000000000000000, 1.000000000000000000 ) ) ;
#1878 = LINE ( 'NONE', #986, #739 ) ;
#1879 = CARTESIAN_POINT ( 'NONE',  ( 46.00000000000000000, 0.000000000000000000, 21.00000000000000000 ) ) ;
#1880 = ORIENTED_EDGE ( 'NONE', *, *, #1721, .T. ) ;
#1881 = EDGE_CURVE ( 'NONE', #227, #1959, #137, .T. ) ;
#1882 = ORIENTED_EDGE ( 'NONE', *, *, #687, .T. ) ;
#1883 = ORIENTED_EDGE ( 'NONE', *, *, #1746, .F. ) ;
#1884 = DIRECTION ( 'NONE',  ( -1.000000000000000000, 0.000000000000000000, -0.000000000000000000 ) ) ;
#1885 = CARTESIAN_POINT ( 'NONE',  ( 0.000000000000000000, 0.000000000000000000, -30.00000000000000000 ) ) ;
#1886 = DIRECTION ( 'NONE',  ( -0.000000000000000000, 1.000000000000000000, -0.000000000000000000 ) ) ;
#1887 = ADVANCED_FACE ( 'NONE', ( #1465 ), #271, .F. ) ;
#1888 = DIRECTION ( 'NONE',  ( -0.000000000000000000, 1.000000000000000000, -0.000000000000000000 ) ) ;
#1889 = ORIENTED_EDGE ( 'NONE', *, *, #542, .T. ) ;
#1890 = EDGE_CURVE ( 'NONE', #226, #1850, #1489, .T. ) ;
#1891 = EDGE_LOOP ( 'NONE', ( #1916, #1468, #579, #519 ) ) ;
#1892 = ADVANCED_FACE ( 'NONE', ( #1164 ), #737, .F. ) ;
#1893 = VERTEX_POINT ( 'NONE', #1777 ) ;
#1894 = EDGE_CURVE ( 'NONE', #169, #103, #408, .T. ) ;
#1895 = APPROVAL_ROLE ( '' ) ;
#1896 = DIRECTION ( 'NONE',  ( 0.000000000000000000, -1.000000000000000000, 0.000000000000000000 ) ) ;
#1897 = EDGE_CURVE ( 'NONE', #1538, #75, #724, .T. ) ;
#1898 = LINE ( 'NONE', #388, #661 ) ;
#1899 = VECTOR ( 'NONE', #865, 1000.000000000000000 ) ;
#1900 = CIRCLE ( 'NONE', #624, 1.799999999999989164 ) ;
#1901 = DIRECTION ( 'NONE',  ( 0.000000000000000000, 0.000000000000000000, -1.000000000000000000 ) ) ;
#1902 = CARTESIAN_POINT ( 'NONE',  ( 100.0000000000000000, 0.000000000000000000, 57.00000000000000000 ) ) ;
#1903 = CC_DESIGN_SECURITY_CLASSIFICATION ( #1063, ( #146 ) ) ;
#1904 = ORIENTED_EDGE ( 'NONE', *, *, #542, .F. ) ;
#1905 = AXIS2_PLACEMENT_3D ( 'NONE', #849, #564, #551 ) ;
#1906 = AXIS2_PLACEMENT_3D ( 'NONE', #861, #1163, #1628 ) ;
#1907 = ORIENTED_EDGE ( 'NONE', *, *, #787, .F. ) ;
#1908 = ORIENTED_EDGE ( 'NONE', *, *, #1470, .F. ) ;
#1909 = AXIS2_PLACEMENT_3D ( 'NONE', #1501, #1807, #1333 ) ;
#1910 = DATE_TIME_ROLE ( 'creation_date' ) ;
#1911 = LINE ( 'NONE', #261, #503 ) ;
#1912 = CARTESIAN_POINT ( 'NONE',  ( 4.000000000000000000, -3.000000000000000000, -54.00000000000000000 ) ) ;
#1913 = DIRECTION ( 'NONE',  ( 0.000000000000000000, 1.000000000000000000, 0.000000000000000000 ) ) ;
#1914 = DIRECTION ( 'NONE',  ( 0.000000000000000000, 0.000000000000000000, -1.000000000000000000 ) ) ;
#1915 = ORIENTED_EDGE ( 'NONE', *, *, #832, .T. ) ;
#1916 = ORIENTED_EDGE ( 'NONE', *, *, #749, .T. ) ;
#1917 = ADVANCED_FACE ( 'NONE', ( #450 ), #306, .F. ) ;
#1918 = DIRECTION ( 'NONE',  ( -0.000000000000000000, 1.000000000000000000, -0.000000000000000000 ) ) ;
#1919 = CARTESIAN_POINT ( 'NONE',  ( -8.000000000000000000, -3.000000000000000000, -0.000000000000000000 ) ) ;
#1920 = DIRECTION ( 'NONE',  ( 0.000000000000000000, 0.000000000000000000, 1.000000000000000000 ) ) ;
#1921 = CARTESIAN_POINT ( 'NONE',  ( 100.0000000000000000, -16.00000000000000000, 58.79999999999999005 ) ) ;
#1922 = ORIENTED_EDGE ( 'NONE', *, *, #273, .T. ) ;
#1923 = ORIENTED_EDGE ( 'NONE', *, *, #447, .T. ) ;
#1924 = CARTESIAN_POINT ( 'NONE',  ( -100.0000000000000000, -16.00000000000000000, 57.00000000000000000 ) ) ;
#1925 = DIRECTION ( 'NONE',  ( -0.000000000000000000, 0.000000000000000000, 1.000000000000000000 ) ) ;
#1926 = CARTESIAN_POINT ( 'NONE',  ( 108.0000000000000000, -12.00000000000000000, -65.50000000000000000 ) ) ;
#1927 = EDGE_CURVE ( 'NONE', #1142, #1431, #1610, .T. ) ;
#1928 = ADVANCED_FACE ( 'NONE', ( #1365 ), #1208, .T. ) ;
#1929 = CARTESIAN_POINT ( 'NONE',  ( -80.00000000000000000, -3.000000000000000000, -30.00000000000000000 ) ) ;
#1930 = ORIENTED_EDGE ( 'NONE', *, *, #646, .T. ) ;
#1931 = VECTOR ( 'NONE', #1204, 1000.000000000000000 ) ;
#1932 = VECTOR ( 'NONE', #1435, 1000.000000000000000 ) ;
#1933 = VERTEX_POINT ( 'NONE', #1403 ) ;
#1934 = VECTOR ( 'NONE', #1839, 1000.000000000000000 ) ;
#1935 = CARTESIAN_POINT ( 'NONE',  ( 0.000000000000000000, -3.000000000000000000, -54.00000000000000000 ) ) ;
#1936 = AXIS2_PLACEMENT_3D ( 'NONE', #2, #1494, #735 ) ;
#1937 = DIRECTION ( 'NONE',  ( 0.000000000000000000, 0.000000000000000000, 1.000000000000000000 ) ) ;
#1938 = DIRECTION ( 'NONE',  ( 1.000000000000000000, 0.000000000000000000, 0.000000000000000000 ) ) ;
#1939 = DIRECTION ( 'NONE',  ( -0.000000000000000000, 0.000000000000000000, 1.000000000000000000 ) ) ;
#1940 = ORIENTED_EDGE ( 'NONE', *, *, #83, .F. ) ;
#1941 = CARTESIAN_POINT ( 'NONE',  ( -108.0000000000000000, -2.999999999999999112, -65.50000000000000000 ) ) ;
#1942 = ORIENTED_EDGE ( 'NONE', *, *, #993, .F. ) ;
#1943 = ORIENTED_EDGE ( 'NONE', *, *, #501, .F. ) ;
#1944 = CARTESIAN_POINT ( 'NONE',  ( -12.00000000000000000, 0.000000000000000000, -30.00000000000000000 ) ) ;
#1945 = DIRECTION ( 'NONE',  ( 1.000000000000000000, 0.000000000000000000, 0.000000000000000000 ) ) ;
#1946 = FACE_OUTER_BOUND ( 'NONE', #6, .T. ) ;
#1947 = ORIENTED_EDGE ( 'NONE', *, *, #1502, .T. ) ;
#1948 = CARTESIAN_POINT ( 'NONE',  ( -68.00000000000000000, -3.000000000000000000, -0.000000000000000000 ) ) ;
#1949 = VERTEX_POINT ( 'NONE', #1694 ) ;
#1950 = EDGE_CURVE ( 'NONE', #1858, #526, #915, .T. ) ;
#1951 = EDGE_CURVE ( 'NONE', #1511, #1711, #754, .T. ) ;
#1952 = EDGE_CURVE ( 'NONE', #957, #808, #1031, .T. ) ;
#1953 = DIRECTION ( 'NONE',  ( -0.000000000000000000, 1.000000000000000000, -0.000000000000000000 ) ) ;
#1954 = EDGE_LOOP ( 'NONE', ( #983, #1131, #1461, #1552 ) ) ;
#1955 = DIRECTION ( 'NONE',  ( -0.000000000000000000, 1.000000000000000000, -0.000000000000000000 ) ) ;
#1956 = ORIENTED_EDGE ( 'NONE', *, *, #90, .F. ) ;
#1957 = CARTESIAN_POINT ( 'NONE',  ( 110.0000000000000000, -3.000000000000000000, -67.50000000000000000 ) ) ;
#1958 = VECTOR ( 'NONE', #811, 1000.000000000000000 ) ;
#1959 = VERTEX_POINT ( 'NONE', #1674 ) ;
#1960 = LINE ( 'NONE', #457, #284 ) ;
#1961 = VECTOR ( 'NONE', #331, 1000.000000000000000 ) ;
#1962 = AXIS2_PLACEMENT_3D ( 'NONE', #1355, #747, #147 ) ;
#1963 = CARTESIAN_POINT ( 'NONE',  ( 53.04006392016435711, -1.199999999999999734, 15.00000000000000000 ) ) ;
#1964 = AXIS2_PLACEMENT_3D ( 'NONE', #1767, #615, #1187 ) ;
#1965 = DIRECTION ( 'NONE',  ( 0.000000000000000000, -0.000000000000000000, -1.000000000000000000 ) ) ;
#1966 = VECTOR ( 'NONE', #308, 1000.000000000000000 ) ;
#1967 = ADVANCED_FACE ( 'NONE', ( #41 ), #1661, .F. ) ;
#1968 = ORIENTED_EDGE ( 'NONE', *, *, #1976, .T. ) ;
#1969 = EDGE_CURVE ( 'NONE', #627, #613, #649, .T. ) ;
#1970 = FACE_OUTER_BOUND ( 'NONE', #1891, .T. ) ;
#1971 = LINE ( 'NONE', #1491, #663 ) ;
#1972 = ORIENTED_EDGE ( 'NONE', *, *, #100, .F. ) ;
#1973 = ADVANCED_FACE ( 'NONE', ( #296 ), #1527, .F. ) ;
#1974 = PLANE ( 'NONE',  #1742 ) ;
#1975 = LINE ( 'NONE', #1040, #1801 ) ;
#1976 = EDGE_CURVE ( 'NONE', #1341, #952, #441, .T. ) ;
#1977 = CARTESIAN_POINT ( 'NONE',  ( -110.0000000000000000, -3.000000000000000000, 67.50000000000000000 ) ) ;
#1978 = DIRECTION ( 'NONE',  ( 0.000000000000000000, 1.000000000000000000, 0.000000000000000000 ) ) ;
#1979 = EDGE_LOOP ( 'NONE', ( #1627, #1257, #722, #1828 ) ) ;
#1980 = DIRECTION ( 'NONE',  ( 3.000602769257178773E-15, 0.000000000000000000, -1.000000000000000000 ) ) ;
#1981 = ORIENTED_EDGE ( 'NONE', *, *, #1216, .F. ) ;
ENDSEC;
END-ISO-10303-21;
