ISO-10303-21;
HEADER;
FILE_DESCRIPTION (( 'STEP AP203' ),
    '1' );
FILE_NAME ('mars_lander_control_box_lid_v1p3.step',
    '2026-07-26T09:26:24',
    ( '' ),
    ( '' ),
    'SwSTEP 2.0',
    'SolidWorks 2022',
    '' );
FILE_SCHEMA (( 'CONFIG_CONTROL_DESIGN' ));
ENDSEC;

DATA;
#1 = CARTESIAN_POINT ( 'NONE',  ( 100.0000000000000000, 0.000000000000000000, -58.79999999999999716 ) ) ;
#2 = DIRECTION ( 'NONE',  ( -0.000000000000000000, -0.000000000000000000, 1.000000000000000000 ) ) ;
#3 = CARTESIAN_POINT ( 'NONE',  ( 12.00000000000000000, 0.000000000000000000, -54.00000000000000000 ) ) ;
#4 = EDGE_LOOP ( 'NONE', ( #890, #1617, #431, #1666 ) ) ;
#5 = CARTESIAN_POINT ( 'NONE',  ( -72.00000000000000000, -4.000000000000000000, -54.00000000000000000 ) ) ;
#6 = CIRCLE ( 'NONE', #1373, 1.799999999999989164 ) ;
#7 = LINE ( 'NONE', #1691, #486 ) ;
#8 = VERTEX_POINT ( 'NONE', #1151 ) ;
#9 = VERTEX_POINT ( 'NONE', #253 ) ;
#10 = AXIS2_PLACEMENT_3D ( 'NONE', #72, #1127, #1503 ) ;
#11 = LINE ( 'NONE', #930, #1326 ) ;
#12 = AXIS2_PLACEMENT_3D ( 'NONE', #1149, #735, #99 ) ;
#13 = DIRECTION ( 'NONE',  ( 0.000000000000000000, 0.000000000000000000, -1.000000000000000000 ) ) ;
#14 = EDGE_CURVE ( 'NONE', #329, #132, #577, .T. ) ;
#15 = DIRECTION ( 'NONE',  ( 0.000000000000000000, 1.000000000000000000, 0.000000000000000000 ) ) ;
#16 = VERTEX_POINT ( 'NONE', #1366 ) ;
#17 = DIRECTION ( 'NONE',  ( 1.000000000000000000, 0.000000000000000000, 0.000000000000000000 ) ) ;
#18 = ORIENTED_EDGE ( 'NONE', *, *, #943, .T. ) ;
#19 = COORDINATED_UNIVERSAL_TIME_OFFSET ( 8, 0, .AHEAD. ) ;
#20 = CIRCLE ( 'NONE', #989, 1.799999999999989164 ) ;
#21 = VERTEX_POINT ( 'NONE', #1461 ) ;
#22 = AXIS2_PLACEMENT_3D ( 'NONE', #71, #87, #354 ) ;
#23 = LINE ( 'NONE', #951, #904 ) ;
#24 = LINE ( 'NONE', #1328, #1425 ) ;
#25 = ADVANCED_FACE ( 'NONE', ( #1301 ), #765, .F. ) ;
#26 = CARTESIAN_POINT ( 'NONE',  ( 12.00000000000000000, -3.000000000000000000, -30.00000000000000000 ) ) ;
#27 = ORIENTED_EDGE ( 'NONE', *, *, #76, .T. ) ;
#28 = CARTESIAN_POINT ( 'NONE',  ( -72.00000000000000000, -4.000000000000000000, -30.00000000000000000 ) ) ;
#29 = EDGE_LOOP ( 'NONE', ( #265, #1518, #1323, #1634 ) ) ;
#30 = CARTESIAN_POINT ( 'NONE',  ( 100.0000000000000000, -2.999999999999999112, 57.00000000000000000 ) ) ;
#31 = CARTESIAN_POINT ( 'NONE',  ( -60.00000000000000000, 0.000000000000000000, -30.00000000000000000 ) ) ;
#32 = FACE_OUTER_BOUND ( 'NONE', #1632, .T. ) ;
#33 = EDGE_CURVE ( 'NONE', #85, #394, #1614, .T. ) ;
#34 = ORIENTED_EDGE ( 'NONE', *, *, #933, .T. ) ;
#35 = DIRECTION ( 'NONE',  ( 1.000000000000000000, 0.000000000000000000, 0.000000000000000000 ) ) ;
#36 = VERTEX_POINT ( 'NONE', #1595 ) ;
#37 = CARTESIAN_POINT ( 'NONE',  ( 108.0000000000000000, -12.00000000000000000, 67.50000000000000000 ) ) ;
#38 = FACE_OUTER_BOUND ( 'NONE', #208, .T. ) ;
#39 = AXIS2_PLACEMENT_3D ( 'NONE', #595, #1137, #487 ) ;
#40 = VECTOR ( 'NONE', #465, 1000.000000000000000 ) ;
#41 = CIRCLE ( 'NONE', #584, 9.000000000000001776 ) ;
#42 = ORIENTED_EDGE ( 'NONE', *, *, #880, .F. ) ;
#44 = ORIENTED_EDGE ( 'NONE', *, *, #452, .F. ) ;
#43 = CARTESIAN_POINT ( 'NONE',  ( -60.00000000000000000, -3.000000000000000000, -54.00000000000000000 ) ) ;
#45 = ORIENTED_EDGE ( 'NONE', *, *, #656, .T. ) ;
#46 = CARTESIAN_POINT ( 'NONE',  ( -72.00000000000000000, -3.000000000000000000, -54.00000000000000000 ) ) ;
#47 = PLANE ( 'NONE',  #10 ) ;
#48 = VECTOR ( 'NONE', #1639, 1000.000000000000000 ) ;
#49 = AXIS2_PLACEMENT_3D ( 'NONE', #1536, #1668, #347 ) ;
#50 = EDGE_CURVE ( 'NONE', #589, #1146, #654, .T. ) ;
#51 = ORIENTED_EDGE ( 'NONE', *, *, #1308, .F. ) ;
#52 = VERTEX_POINT ( 'NONE', #152 ) ;
#54 = VERTEX_POINT ( 'NONE', #505 ) ;
#53 = CARTESIAN_POINT ( 'NONE',  ( -61.00000000000000000, 0.000000000000000000, 34.00000000000000000 ) ) ;
#55 = ORIENTED_EDGE ( 'NONE', *, *, #1054, .T. ) ;
#56 = CARTESIAN_POINT ( 'NONE',  ( 16.00000000000000000, -4.000000000000000000, -30.00000000000000000 ) ) ;
#57 = DIRECTION ( 'NONE',  ( 0.000000000000000000, -1.000000000000000000, 0.000000000000000000 ) ) ;
#58 = EDGE_CURVE ( 'NONE', #21, #1204, #1188, .T. ) ;
#59 = PRODUCT ( 'mars_lander_control_box_lid_v1p3', 'mars_lander_control_box_lid_v1p3', '', ( #814 ) ) ;
#60 = EDGE_LOOP ( 'NONE', ( #1279, #1459, #455, #1561 ) ) ;
#61 = DIRECTION ( 'NONE',  ( -0.000000000000000000, -0.000000000000000000, 1.000000000000000000 ) ) ;
#62 = ORIENTED_EDGE ( 'NONE', *, *, #605, .T. ) ;
#63 = PLANE ( 'NONE',  #648 ) ;
#64 = DIRECTION ( 'NONE',  ( -1.000000000000000000, 0.000000000000000000, 0.000000000000000000 ) ) ;
#65 = CIRCLE ( 'NONE', #1263, 1.799999999999989164 ) ;
#66 = PLANE ( 'NONE',  #1178 ) ;
#67 = VECTOR ( 'NONE', #384, 1000.000000000000000 ) ;
#68 = LOCAL_TIME ( 17, 26, 24.00000000000000000, #19 ) ;
#69 = CARTESIAN_POINT ( 'NONE',  ( -110.0000000000000000, 0.000000000000000000, -67.50000000000000000 ) ) ;
#70 = ORIENTED_EDGE ( 'NONE', *, *, #817, .F. ) ;
#71 = CARTESIAN_POINT ( 'NONE',  ( -100.0000000000000000, -2.999999999999999112, -57.00000000000000000 ) ) ;
#72 = CARTESIAN_POINT ( 'NONE',  ( 12.00000000000000000, -4.000000000000000000, -30.00000000000000000 ) ) ;
#73 = CARTESIAN_POINT ( 'NONE',  ( 46.00000000000000000, 0.000000000000000000, 47.00000000000000000 ) ) ;
#74 = VECTOR ( 'NONE', #1682, 1000.000000000000000 ) ;
#75 = AXIS2_PLACEMENT_3D ( 'NONE', #1544, #1166, #1141 ) ;
#76 = EDGE_CURVE ( 'NONE', #621, #79, #1355, .T. ) ;
#78 = ORIENTED_EDGE ( 'NONE', *, *, #1144, .F. ) ;
#77 = CYLINDRICAL_SURFACE ( 'NONE', #39, 9.250000000000001776 ) ;
#79 = VERTEX_POINT ( 'NONE', #1695 ) ;
#80 = CYLINDRICAL_SURFACE ( 'NONE', #49, 1.799999999999989164 ) ;
#81 = FACE_OUTER_BOUND ( 'NONE', #1165, .T. ) ;
#82 = DIRECTION ( 'NONE',  ( -1.000000000000000000, 0.000000000000000000, -0.000000000000000000 ) ) ;
#84 = VERTEX_POINT ( 'NONE', #1189 ) ;
#83 = LINE ( 'NONE', #603, #1424 ) ;
#85 = VERTEX_POINT ( 'NONE', #417 ) ;
#86 = ADVANCED_FACE ( 'NONE', ( #1704 ), #250, .F. ) ;
#87 = DIRECTION ( 'NONE',  ( 0.000000000000000000, -1.000000000000000000, 0.000000000000000000 ) ) ;
#88 = FACE_BOUND ( 'NONE', #90, .T. ) ;
#89 = LINE ( 'NONE', #360, #611 ) ;
#90 = EDGE_LOOP ( 'NONE', ( #643, #1493 ) ) ;
#91 = EDGE_CURVE ( 'NONE', #36, #16, #1327, .T. ) ;
#92 = VECTOR ( 'NONE', #1233, 1000.000000000000000 ) ;
#93 = AXIS2_PLACEMENT_3D ( 'NONE', #506, #1277, #82 ) ;
#94 = CC_DESIGN_APPROVAL ( #713, ( #1454 ) ) ;
#96 = VERTEX_POINT ( 'NONE', #773 ) ;
#95 = DIRECTION ( 'NONE',  ( 0.000000000000000000, 0.000000000000000000, 1.000000000000000000 ) ) ;
#97 = ORIENTED_EDGE ( 'NONE', *, *, #477, .F. ) ;
#98 = CARTESIAN_POINT ( 'NONE',  ( 4.000000000000000000, -3.000000000000000000, 0.000000000000000000 ) ) ;
#99 = DIRECTION ( 'NONE',  ( 0.000000000000000000, -0.000000000000000000, -1.000000000000000000 ) ) ;
#100 = EDGE_CURVE ( 'NONE', #54, #740, #785, .T. ) ;
#101 = LINE ( 'NONE', #1429, #342 ) ;
#102 = AXIS2_PLACEMENT_3D ( 'NONE', #5, #1579, #273 ) ;
#103 = VECTOR ( 'NONE', #1457, 1000.000000000000000 ) ;
#105 = ORIENTED_EDGE ( 'NONE', *, *, #1155, .F. ) ;
#104 = DIRECTION ( 'NONE',  ( 0.000000000000000000, 1.000000000000000000, 0.000000000000000000 ) ) ;
#106 = DIRECTION ( 'NONE',  ( 0.000000000000000000, 0.000000000000000000, -1.000000000000000000 ) ) ;
#107 = VERTEX_POINT ( 'NONE', #1603 ) ;
#108 = CARTESIAN_POINT ( 'NONE',  ( -0.000000000000000000, -3.000000000000000000, -30.00000000000000000 ) ) ;
#109 = CARTESIAN_POINT ( 'NONE',  ( -100.0000000000000000, -16.00000000000000000, 58.79999999999999005 ) ) ;
#110 = EDGE_CURVE ( 'NONE', #1392, #1359, #23, .T. ) ;
#112 = ORIENTED_EDGE ( 'NONE', *, *, #1396, .T. ) ;
#111 = DIRECTION ( 'NONE',  ( -1.000000000000000000, -0.000000000000000000, -0.000000000000000000 ) ) ;
#113 = FACE_OUTER_BOUND ( 'NONE', #60, .T. ) ;
#114 = FACE_BOUND ( 'NONE', #756, .T. ) ;
#115 = LINE ( 'NONE', #1436, #1555 ) ;
#116 = DIRECTION ( 'NONE',  ( 0.000000000000000000, 1.000000000000000000, 0.000000000000000000 ) ) ;
#117 = AXIS2_PLACEMENT_3D ( 'NONE', #157, #1122, #812 ) ;
#118 = ORIENTED_EDGE ( 'NONE', *, *, #443, .F. ) ;
#119 = AXIS2_PLACEMENT_3D ( 'NONE', #544, #816, #942 ) ;
#120 = DIRECTION ( 'NONE',  ( 0.000000000000000000, 0.000000000000000000, -1.000000000000000000 ) ) ;
#121 = ORIENTED_EDGE ( 'NONE', *, *, #1481, .T. ) ;
#122 = DATE_AND_TIME ( #802, #1242 ) ;
#123 = AXIS2_PLACEMENT_3D ( 'NONE', #748, #1669, #1032 ) ;
#124 = EDGE_LOOP ( 'NONE', ( #156, #191 ) ) ;
#125 = EDGE_CURVE ( 'NONE', #673, #700, #941, .T. ) ;
#126 = CARTESIAN_POINT ( 'NONE',  ( -72.00000000000000000, 0.000000000000000000, -30.00000000000000000 ) ) ;
#127 = FACE_OUTER_BOUND ( 'NONE', #1410, .T. ) ;
#128 = PLANE ( 'NONE',  #1287 ) ;
#129 = EDGE_CURVE ( 'NONE', #1485, #861, #543, .T. ) ;
#130 = VERTEX_POINT ( 'NONE', #1336 ) ;
#131 = DIRECTION ( 'NONE',  ( 0.000000000000000000, 0.000000000000000000, 1.000000000000000000 ) ) ;
#132 = VERTEX_POINT ( 'NONE', #1205 ) ;
#133 = ORIENTED_EDGE ( 'NONE', *, *, #1402, .T. ) ;
#134 = FACE_OUTER_BOUND ( 'NONE', #1321, .T. ) ;
#135 = DIRECTION ( 'NONE',  ( 0.000000000000000000, 0.000000000000000000, -1.000000000000000000 ) ) ;
#136 = LINE ( 'NONE', #1181, #285 ) ;
#137 = ORIENTED_EDGE ( 'NONE', *, *, #1155, .T. ) ;
#138 = ADVANCED_FACE ( 'NONE', ( #134 ), #1196, .F. ) ;
#139 = LINE ( 'NONE', #1340, #1515 ) ;
#140 = DIRECTION ( 'NONE',  ( 1.000000000000000000, 0.000000000000000000, 0.000000000000000000 ) ) ;
#141 = VERTEX_POINT ( 'NONE', #1315 ) ;
#142 = DIRECTION ( 'NONE',  ( 1.000000000000000000, 0.000000000000000000, 0.000000000000000000 ) ) ;
#143 = CARTESIAN_POINT ( 'NONE',  ( 110.0000000000000000, -3.000000000000000000, -67.50000000000000000 ) ) ;
#144 = DIRECTION ( 'NONE',  ( 0.000000000000000000, -1.000000000000000000, 0.000000000000000000 ) ) ;
#145 = ORIENTED_EDGE ( 'NONE', *, *, #586, .F. ) ;
#146 = VECTOR ( 'NONE', #424, 1000.000000000000000 ) ;
#147 = DIRECTION ( 'NONE',  ( -1.000000000000000000, 0.000000000000000000, 0.000000000000000000 ) ) ;
#148 = VERTEX_POINT ( 'NONE', #1 ) ;
#149 = PERSON_AND_ORGANIZATION ( #979, #1428 ) ;
#150 = ORIENTED_EDGE ( 'NONE', *, *, #1375, .F. ) ;
#151 = AXIS2_PLACEMENT_3D ( 'NONE', #1136, #1358, #686 ) ;
#152 = CARTESIAN_POINT ( 'NONE',  ( -108.0000000000000000, -2.999999999999999112, -65.50000000000000000 ) ) ;
#153 = LINE ( 'NONE', #410, #449 ) ;
#154 = EDGE_CURVE ( 'NONE', #1039, #329, #921, .T. ) ;
#155 = CARTESIAN_POINT ( 'NONE',  ( -84.00000000000000000, -3.000000000000000000, -30.00000000000000000 ) ) ;
#156 = ORIENTED_EDGE ( 'NONE', *, *, #1140, .F. ) ;
#157 = CARTESIAN_POINT ( 'NONE',  ( 100.0000000000000000, 0.000000000000000000, -57.00000000000000000 ) ) ;
#158 = VERTEX_POINT ( 'NONE', #514 ) ;
#159 = DATE_TIME_ROLE ( 'classification_date' ) ;
#160 = VERTEX_POINT ( 'NONE', #126 ) ;
#161 = VECTOR ( 'NONE', #1304, 1000.000000000000000 ) ;
#162 = DIRECTION ( 'NONE',  ( 0.000000000000000000, 0.000000000000000000, 1.000000000000000000 ) ) ;
#163 = DIRECTION ( 'NONE',  ( -0.000000000000000000, -0.000000000000000000, 1.000000000000000000 ) ) ;
#164 = EDGE_CURVE ( 'NONE', #1359, #1120, #1574, .T. ) ;
#165 = CYLINDRICAL_SURFACE ( 'NONE', #363, 9.250000000000005329 ) ;
#166 = VERTEX_POINT ( 'NONE', #398 ) ;
#167 = DIRECTION ( 'NONE',  ( -0.000000000000000000, 1.000000000000000000, -0.000000000000000000 ) ) ;
#168 = ORIENTED_EDGE ( 'NONE', *, *, #1289, .T. ) ;
#169 = EDGE_CURVE ( 'NONE', #451, #1486, #11, .T. ) ;
#170 = CARTESIAN_POINT ( 'NONE',  ( 46.00000000000000000, -4.000000000000000000, 37.75000000000000000 ) ) ;
#171 = DIRECTION ( 'NONE',  ( 1.000000000000000000, 0.000000000000000000, 0.000000000000000000 ) ) ;
#172 = CC_DESIGN_PERSON_AND_ORGANIZATION_ASSIGNMENT ( #374, #1458, ( #59 ) ) ;
#173 = FACE_BOUND ( 'NONE', #846, .T. ) ;
#174 = EDGE_LOOP ( 'NONE', ( #695, #1089, #1099, #1446 ) ) ;
#175 = LINE ( 'NONE', #555, #92 ) ;
#176 = ORIENTED_EDGE ( 'NONE', *, *, #1000, .T. ) ;
#177 = DIRECTION ( 'NONE',  ( -0.000000000000000000, 1.000000000000000000, -0.000000000000000000 ) ) ;
#178 = DIRECTION ( 'NONE',  ( -0.000000000000000000, 1.000000000000000000, -0.000000000000000000 ) ) ;
#179 = EDGE_CURVE ( 'NONE', #221, #235, #1450, .T. ) ;
#180 = VECTOR ( 'NONE', #585, 1000.000000000000000 ) ;
#181 = VECTOR ( 'NONE', #1559, 1000.000000000000000 ) ;
#182 =( GEOMETRIC_REPRESENTATION_CONTEXT ( 3 ) GLOBAL_UNCERTAINTY_ASSIGNED_CONTEXT ( ( #732 ) ) GLOBAL_UNIT_ASSIGNED_CONTEXT ( ( #1413, #519, #382 ) ) REPRESENTATION_CONTEXT ( 'NONE', 'WORKASPACE' ) );
#183 = ORIENTED_EDGE ( 'NONE', *, *, #662, .T. ) ;
#184 = ORIENTED_EDGE ( 'NONE', *, *, #125, .T. ) ;
#185 = DIRECTION ( 'NONE',  ( 0.000000000000000000, 0.000000000000000000, 1.000000000000000000 ) ) ;
#186 = VERTEX_POINT ( 'NONE', #270 ) ;
#187 = EDGE_CURVE ( 'NONE', #306, #197, #1071, .T. ) ;
#188 = PLANE ( 'NONE',  #1623 ) ;
#189 = CARTESIAN_POINT ( 'NONE',  ( 46.00000000000000000, -4.000000000000000000, 47.00000000000000000 ) ) ;
#190 = VECTOR ( 'NONE', #1045, 1000.000000000000000 ) ;
#191 = ORIENTED_EDGE ( 'NONE', *, *, #870, .F. ) ;
#192 = DIRECTION ( 'NONE',  ( -1.000000000000000000, 0.000000000000000000, -0.000000000000000000 ) ) ;
#193 = ORIENTED_EDGE ( 'NONE', *, *, #880, .T. ) ;
#194 = ADVANCED_FACE ( 'NONE', ( #441 ), #1394, .F. ) ;
#195 = CARTESIAN_POINT ( 'NONE',  ( -61.00000000000000000, 0.000000000000000000, 43.00000000000000000 ) ) ;
#196 = DIRECTION ( 'NONE',  ( 0.000000000000000000, 0.000000000000000000, -1.000000000000000000 ) ) ;
#197 = VERTEX_POINT ( 'NONE', #195 ) ;
#199 = ORIENTED_EDGE ( 'NONE', *, *, #443, .T. ) ;
#198 = DIRECTION ( 'NONE',  ( 0.000000000000000000, 0.000000000000000000, -1.000000000000000000 ) ) ;
#200 = DIRECTION ( 'NONE',  ( -0.000000000000000000, 1.000000000000000000, -0.000000000000000000 ) ) ;
#201 = CARTESIAN_POINT ( 'NONE',  ( 0.000000000000000000, 0.000000000000000000, -30.00000000000000000 ) ) ;
#202 = VECTOR ( 'NONE', #1029, 1000.000000000000000 ) ;
#203 = CARTESIAN_POINT ( 'NONE',  ( 16.00000000000000000, -4.000000000000000000, -30.00000000000000000 ) ) ;
#204 = ADVANCED_FACE ( 'NONE', ( #823 ), #1521, .F. ) ;
#205 = AXIS2_PLACEMENT_3D ( 'NONE', #897, #610, #1302 ) ;
#207 = ORIENTED_EDGE ( 'NONE', *, *, #1130, .T. ) ;
#206 = DIRECTION ( 'NONE',  ( 0.000000000000000000, 0.000000000000000000, -1.000000000000000000 ) ) ;
#208 = EDGE_LOOP ( 'NONE', ( #312, #1475, #27, #321 ) ) ;
#209 = ADVANCED_BREP_SHAPE_REPRESENTATION ( 'mars_lander_control_box_lid_v1p3', ( #639, #259 ), #182 ) ;
#210 = CARTESIAN_POINT ( 'NONE',  ( -60.00000000000000000, 0.000000000000000000, -54.00000000000000000 ) ) ;
#211 = PLANE ( 'NONE',  #12 ) ;
#212 = LINE ( 'NONE', #737, #527 ) ;
#213 = EDGE_CURVE ( 'NONE', #1249, #1146, #1126, .T. ) ;
#215 = VERTEX_POINT ( 'NONE', #322 ) ;
#214 = CARTESIAN_POINT ( 'NONE',  ( -56.00000000000000000, 0.000000000000000000, -30.00000000000000000 ) ) ;
#216 = EDGE_LOOP ( 'NONE', ( #992, #820, #775, #287 ) ) ;
#217 = CARTESIAN_POINT ( 'NONE',  ( 4.000000000000000000, -3.000000000000000000, -30.00000000000000000 ) ) ;
#218 = LINE ( 'NONE', #1291, #293 ) ;
#219 = ADVANCED_FACE ( 'NONE', ( #1610 ), #63, .F. ) ;
#220 = DIRECTION ( 'NONE',  ( -0.000000000000000000, 1.000000000000000000, -0.000000000000000000 ) ) ;
#221 = VERTEX_POINT ( 'NONE', #46 ) ;
#222 = CARTESIAN_POINT ( 'NONE',  ( -100.0000000000000000, -16.00000000000000000, -57.00000000000000000 ) ) ;
#223 = ORIENTED_EDGE ( 'NONE', *, *, #484, .F. ) ;
#224 = LINE ( 'NONE', #1018, #736 ) ;
#225 = FACE_BOUND ( 'NONE', #1418, .T. ) ;
#226 = EDGE_CURVE ( 'NONE', #589, #1305, #962, .T. ) ;
#227 = CARTESIAN_POINT ( 'NONE',  ( -68.00000000000000000, -3.000000000000000000, -54.00000000000000000 ) ) ;
#228 = AXIS2_PLACEMENT_3D ( 'NONE', #1309, #1560, #779 ) ;
#229 = CIRCLE ( 'NONE', #1451, 9.250000000000005329 ) ;
#230 = VECTOR ( 'NONE', #236, 1000.000000000000000 ) ;
#232 = ORIENTED_EDGE ( 'NONE', *, *, #233, .F. ) ;
#231 = CARTESIAN_POINT ( 'NONE',  ( -100.0000000000000000, 0.000000000000000000, 57.00000000000000000 ) ) ;
#233 = EDGE_CURVE ( 'NONE', #1258, #1392, #994, .T. ) ;
#234 = PLANE ( 'NONE',  #1162 ) ;
#235 = VERTEX_POINT ( 'NONE', #970 ) ;
#236 = DIRECTION ( 'NONE',  ( -0.000000000000000000, 1.000000000000000000, -0.000000000000000000 ) ) ;
#237 = CARTESIAN_POINT ( 'NONE',  ( 110.0000000000000000, 0.000000000000000000, -67.50000000000000000 ) ) ;
#238 = AXIS2_PLACEMENT_3D ( 'NONE', #281, #1585, #162 ) ;
#239 = ADVANCED_FACE ( 'NONE', ( #1513 ), #188, .F. ) ;
#241 = EDGE_LOOP ( 'NONE', ( #1077, #908, #1592, #1284 ) ) ;
#240 = CARTESIAN_POINT ( 'NONE',  ( 0.000000000000000000, -12.00000000000000000, 0.000000000000000000 ) ) ;
#242 = PLANE ( 'NONE',  #990 ) ;
#243 = DIRECTION ( 'NONE',  ( -0.000000000000000000, 1.000000000000000000, -0.000000000000000000 ) ) ;
#244 = DIRECTION ( 'NONE',  ( 0.000000000000000000, 0.000000000000000000, -1.000000000000000000 ) ) ;
#245 = DIRECTION ( 'NONE',  ( 0.000000000000000000, 0.000000000000000000, -1.000000000000000000 ) ) ;
#246 = EDGE_CURVE ( 'NONE', #548, #761, #856, .T. ) ;
#247 = VERTEX_POINT ( 'NONE', #574 ) ;
#248 = DIRECTION ( 'NONE',  ( 1.000000000000000000, 0.000000000000000000, 0.000000000000000000 ) ) ;
#249 = APPROVAL_ROLE ( '' ) ;
#250 = CYLINDRICAL_SURFACE ( 'NONE', #485, 1.799999999999989164 ) ;
#251 = LINE ( 'NONE', #1696, #1531 ) ;
#252 = FACE_OUTER_BOUND ( 'NONE', #1053, .T. ) ;
#253 = CARTESIAN_POINT ( 'NONE',  ( 108.0000000000000000, -2.999999999999999112, 65.50000000000000000 ) ) ;
#254 = AXIS2_PLACEMENT_3D ( 'NONE', #240, #1057, #1455 ) ;
#255 = ORIENTED_EDGE ( 'NONE', *, *, #1638, .T. ) ;
#256 = AXIS2_PLACEMENT_3D ( 'NONE', #448, #691, #986 ) ;
#257 = DIRECTION ( 'NONE',  ( 1.000000000000000000, 0.000000000000000000, 0.000000000000000000 ) ) ;
#258 = DATE_AND_TIME ( #920, #1377 ) ;
#259 = AXIS2_PLACEMENT_3D ( 'NONE', #532, #1070, #140 ) ;
#260 = ORIENTED_EDGE ( 'NONE', *, *, #1620, .F. ) ;
#261 = CARTESIAN_POINT ( 'NONE',  ( -72.00000000000000000, -4.000000000000000000, -54.00000000000000000 ) ) ;
#262 = CARTESIAN_POINT ( 'NONE',  ( -72.00000000000000000, -3.000000000000000000, -0.000000000000000000 ) ) ;
#263 = ADVANCED_FACE ( 'NONE', ( #307 ), #1229, .F. ) ;
#264 = PLANE ( 'NONE',  #1238 ) ;
#265 = ORIENTED_EDGE ( 'NONE', *, *, #799, .T. ) ;
#266 = VECTOR ( 'NONE', #734, 1000.000000000000000 ) ;
#267 = FACE_OUTER_BOUND ( 'NONE', #1643, .T. ) ;
#268 = APPLICATION_PROTOCOL_DEFINITION ( 'international standard', 'config_control_design', 1994, #1710 ) ;
#269 = ORIENTED_EDGE ( 'NONE', *, *, #733, .F. ) ;
#270 = CARTESIAN_POINT ( 'NONE',  ( -0.000000000000000000, 0.000000000000000000, -30.00000000000000000 ) ) ;
#271 = CARTESIAN_POINT ( 'NONE',  ( -108.0000000000000000, -3.000000000000000000, 0.000000000000000000 ) ) ;
#272 = ORIENTED_EDGE ( 'NONE', *, *, #375, .T. ) ;
#273 = DIRECTION ( 'NONE',  ( -1.000000000000000000, 0.000000000000000000, -0.000000000000000000 ) ) ;
#274 = CARTESIAN_POINT ( 'NONE',  ( -61.00000000000000000, -4.000000000000000000, 34.00000000000000000 ) ) ;
#275 = EDGE_LOOP ( 'NONE', ( #783, #501, #573, #1058 ) ) ;
#276 = LINE ( 'NONE', #530, #103 ) ;
#277 = VERTEX_POINT ( 'NONE', #1621 ) ;
#278 = EDGE_CURVE ( 'NONE', #596, #731, #20, .T. ) ;
#279 = APPROVAL_ROLE ( '' ) ;
#280 = ORIENTED_EDGE ( 'NONE', *, *, #889, .T. ) ;
#281 = CARTESIAN_POINT ( 'NONE',  ( 100.0000000000000000, -16.00000000000000000, 57.00000000000000000 ) ) ;
#282 = CARTESIAN_POINT ( 'NONE',  ( -100.0000000000000000, -2.999999999999999112, 57.00000000000000000 ) ) ;
#283 = LINE ( 'NONE', #203, #1288 ) ;
#284 = ORIENTED_EDGE ( 'NONE', *, *, #870, .T. ) ;
#285 = VECTOR ( 'NONE', #111, 1000.000000000000000 ) ;
#286 = CARTESIAN_POINT ( 'NONE',  ( 100.0000000000000000, -16.00000000000000000, 57.00000000000000000 ) ) ;
#287 = ORIENTED_EDGE ( 'NONE', *, *, #318, .F. ) ;
#288 = DATE_AND_TIME ( #642, #811 ) ;
#289 = VECTOR ( 'NONE', #523, 1000.000000000000000 ) ;
#290 = ORIENTED_EDGE ( 'NONE', *, *, #767, .F. ) ;
#291 = ADVANCED_FACE ( 'NONE', ( #1235 ), #1388, .T. ) ;
#292 = CARTESIAN_POINT ( 'NONE',  ( -84.00000000000000000, -3.000000000000000000, -0.000000000000000000 ) ) ;
#293 = VECTOR ( 'NONE', #1420, 1000.000000000000000 ) ;
#294 = DIRECTION ( 'NONE',  ( 0.000000000000000000, 0.000000000000000000, 1.000000000000000000 ) ) ;
#295 = CARTESIAN_POINT ( 'NONE',  ( 12.00000000000000000, -4.000000000000000000, -54.00000000000000000 ) ) ;
#296 = EDGE_LOOP ( 'NONE', ( #1216, #1469, #328, #517 ) ) ;
#297 = DIRECTION ( 'NONE',  ( 0.000000000000000000, 0.000000000000000000, -1.000000000000000000 ) ) ;
#298 = ORIENTED_EDGE ( 'NONE', *, *, #1011, .T. ) ;
#299 = VECTOR ( 'NONE', #630, 1000.000000000000000 ) ;
#300 = DIRECTION ( 'NONE',  ( -1.000000000000000000, 0.000000000000000000, -0.000000000000000000 ) ) ;
#301 = CARTESIAN_POINT ( 'NONE',  ( 12.00000000000000000, -3.000000000000000000, -54.00000000000000000 ) ) ;
#302 = LINE ( 'NONE', #430, #1034 ) ;
#303 = ORIENTED_EDGE ( 'NONE', *, *, #1333, .F. ) ;
#304 = ADVANCED_FACE ( 'NONE', ( #1496 ), #831, .F. ) ;
#305 = CARTESIAN_POINT ( 'NONE',  ( 16.00000000000000000, -3.000000000000000000, -30.00000000000000000 ) ) ;
#306 = VERTEX_POINT ( 'NONE', #1247 ) ;
#307 = FACE_OUTER_BOUND ( 'NONE', #947, .T. ) ;
#308 = DIRECTION ( 'NONE',  ( 0.000000000000000000, 1.000000000000000000, 0.000000000000000000 ) ) ;
#309 = EDGE_CURVE ( 'NONE', #277, #887, #1490, .T. ) ;
#310 = ORIENTED_EDGE ( 'NONE', *, *, #1198, .F. ) ;
#311 = FACE_OUTER_BOUND ( 'NONE', #578, .T. ) ;
#312 = ORIENTED_EDGE ( 'NONE', *, *, #246, .F. ) ;
#313 = CIRCLE ( 'NONE', #1033, 1.799999999999989164 ) ;
#314 = CARTESIAN_POINT ( 'NONE',  ( -60.00000000000000000, -4.000000000000000000, -54.00000000000000000 ) ) ;
#315 = CARTESIAN_POINT ( 'NONE',  ( -0.000000000000000000, -3.000000000000000000, -30.00000000000000000 ) ) ;
#316 = AXIS2_PLACEMENT_3D ( 'NONE', #1337, #1083, #1056 ) ;
#317 = AXIS2_PLACEMENT_3D ( 'NONE', #189, #1622, #707 ) ;
#318 = EDGE_CURVE ( 'NONE', #687, #520, #1502, .T. ) ;
#319 = ORIENTED_EDGE ( 'NONE', *, *, #1646, .F. ) ;
#321 = ORIENTED_EDGE ( 'NONE', *, *, #1075, .T. ) ;
#320 = CARTESIAN_POINT ( 'NONE',  ( 16.00000000000000000, -3.000000000000000000, 0.000000000000000000 ) ) ;
#322 = CARTESIAN_POINT ( 'NONE',  ( 16.00000000000000000, -3.000000000000000000, -54.00000000000000000 ) ) ;
#323 = CARTESIAN_POINT ( 'NONE',  ( -56.00000000000000000, -3.000000000000000000, -30.00000000000000000 ) ) ;
#324 = EDGE_CURVE ( 'NONE', #673, #433, #598, .T. ) ;
#325 = AXIS2_PLACEMENT_3D ( 'NONE', #769, #1322, #131 ) ;
#326 = VERTEX_POINT ( 'NONE', #1268 ) ;
#328 = ORIENTED_EDGE ( 'NONE', *, *, #110, .F. ) ;
#327 = DIRECTION ( 'NONE',  ( -0.000000000000000000, 0.000000000000000000, 1.000000000000000000 ) ) ;
#329 = VERTEX_POINT ( 'NONE', #614 ) ;
#330 = ADVANCED_FACE ( 'NONE', ( #1426 ), #481, .F. ) ;
#331 = DIRECTION ( 'NONE',  ( 0.000000000000000000, 0.000000000000000000, -1.000000000000000000 ) ) ;
#332 = CYLINDRICAL_SURFACE ( 'NONE', #317, 9.250000000000001776 ) ;
#333 = FACE_OUTER_BOUND ( 'NONE', #29, .T. ) ;
#335 = ORIENTED_EDGE ( 'NONE', *, *, #662, .F. ) ;
#334 = CARTESIAN_POINT ( 'NONE',  ( 4.000000000000000000, 0.000000000000000000, -30.00000000000000000 ) ) ;
#336 = ORIENTED_EDGE ( 'NONE', *, *, #1646, .T. ) ;
#337 = LINE ( 'NONE', #1404, #349 ) ;
#338 = CARTESIAN_POINT ( 'NONE',  ( 0.000000000000000000, -4.000000000000000000, -30.00000000000000000 ) ) ;
#339 = EDGE_CURVE ( 'NONE', #701, #158, #538, .T. ) ;
#340 = AXIS2_PLACEMENT_3D ( 'NONE', #53, #967, #1510 ) ;
#341 = DIRECTION ( 'NONE',  ( 0.000000000000000000, 0.000000000000000000, -1.000000000000000000 ) ) ;
#342 = VECTOR ( 'NONE', #1307, 1000.000000000000000 ) ;
#344 = ORIENTED_EDGE ( 'NONE', *, *, #1111, .T. ) ;
#343 = CYLINDRICAL_SURFACE ( 'NONE', #1147, 1.799999999999989164 ) ;
#345 = EDGE_CURVE ( 'NONE', #862, #160, #901, .T. ) ;
#346 = VERTEX_POINT ( 'NONE', #494 ) ;
#347 = DIRECTION ( 'NONE',  ( 0.000000000000000000, 0.000000000000000000, 1.000000000000000000 ) ) ;
#348 = DIRECTION ( 'NONE',  ( -0.000000000000000000, 0.000000000000000000, 1.000000000000000000 ) ) ;
#349 = VECTOR ( 'NONE', #1675, 1000.000000000000000 ) ;
#351 = ORIENTED_EDGE ( 'NONE', *, *, #1262, .F. ) ;
#350 = DIRECTION ( 'NONE',  ( 0.000000000000000000, 0.000000000000000000, 1.000000000000000000 ) ) ;
#352 = ORIENTED_EDGE ( 'NONE', *, *, #1498, .T. ) ;
#353 = EDGE_CURVE ( 'NONE', #1578, #1485, #488, .T. ) ;
#354 = DIRECTION ( 'NONE',  ( 0.000000000000000000, 0.000000000000000000, -1.000000000000000000 ) ) ;
#355 = DIRECTION ( 'NONE',  ( 0.000000000000000000, 0.000000000000000000, -1.000000000000000000 ) ) ;
#356 = CARTESIAN_POINT ( 'NONE',  ( -108.0000000000000000, -12.00000000000000000, 65.50000000000000000 ) ) ;
#357 = EDGE_CURVE ( 'NONE', #36, #1039, #590, .T. ) ;
#358 = FACE_OUTER_BOUND ( 'NONE', #1312, .T. ) ;
#359 = CARTESIAN_POINT ( 'NONE',  ( -0.000000000000000000, -3.000000000000000000, -30.00000000000000000 ) ) ;
#360 = CARTESIAN_POINT ( 'NONE',  ( 12.00000000000000000, 0.000000000000000000, -30.00000000000000000 ) ) ;
#361 = VECTOR ( 'NONE', #702, 1000.000000000000000 ) ;
#362 = APPROVAL ( #1702, '未指定' ) ;
#363 = AXIS2_PLACEMENT_3D ( 'NONE', #1472, #1655, #997 ) ;
#364 = LINE ( 'NONE', #899, #473 ) ;
#365 = ADVANCED_FACE ( 'NONE', ( #1148 ), #1134, .F. ) ;
#366 = DIRECTION ( 'NONE',  ( -1.000000000000000000, 0.000000000000000000, -0.000000000000000000 ) ) ;
#367 = DIRECTION ( 'NONE',  ( 0.000000000000000000, 0.000000000000000000, -1.000000000000000000 ) ) ;
#368 = FACE_OUTER_BOUND ( 'NONE', #647, .T. ) ;
#369 = ADVANCED_FACE ( 'NONE', ( #1659 ), #234, .F. ) ;
#370 = DIRECTION ( 'NONE',  ( 1.000000000000000000, 0.000000000000000000, 0.000000000000000000 ) ) ;
#371 = ORIENTED_EDGE ( 'NONE', *, *, #339, .F. ) ;
#372 = CARTESIAN_POINT ( 'NONE',  ( -60.00000000000000000, 0.000000000000000000, -54.00000000000000000 ) ) ;
#373 = ORIENTED_EDGE ( 'NONE', *, *, #278, .F. ) ;
#374 = PERSON_AND_ORGANIZATION ( #979, #1428 ) ;
#375 = EDGE_CURVE ( 'NONE', #433, #247, #464, .T. ) ;
#376 = DIRECTION ( 'NONE',  ( 0.000000000000000000, 0.000000000000000000, 1.000000000000000000 ) ) ;
#377 = CARTESIAN_POINT ( 'NONE',  ( -60.00000000000000000, 0.000000000000000000, -30.00000000000000000 ) ) ;
#378 = DIRECTION ( 'NONE',  ( 0.000000000000000000, 0.000000000000000000, 1.000000000000000000 ) ) ;
#379 = ORIENTED_EDGE ( 'NONE', *, *, #757, .F. ) ;
#380 = LINE ( 'NONE', #511, #1594 ) ;
#381 = ORIENTED_EDGE ( 'NONE', *, *, #842, .F. ) ;
#382 =( NAMED_UNIT ( * ) SI_UNIT ( $, .STERADIAN. ) SOLID_ANGLE_UNIT ( ) );
#383 = DIRECTION ( 'NONE',  ( -0.000000000000000000, 1.000000000000000000, -0.000000000000000000 ) ) ;
#384 = DIRECTION ( 'NONE',  ( 0.000000000000000000, 0.000000000000000000, -1.000000000000000000 ) ) ;
#385 = EDGE_LOOP ( 'NONE', ( #569, #97, #1232, #1590 ) ) ;
#386 = EDGE_CURVE ( 'NONE', #740, #1023, #224, .T. ) ;
#387 = VECTOR ( 'NONE', #1015, 1000.000000000000000 ) ;
#388 = PLANE ( 'NONE',  #254 ) ;
#389 = CIRCLE ( 'NONE', #117, 1.799999999999989164 ) ;
#390 = ORIENTED_EDGE ( 'NONE', *, *, #357, .F. ) ;
#391 = AXIS2_PLACEMENT_3D ( 'NONE', #1421, #963, #786 ) ;
#392 = ADVANCED_FACE ( 'NONE', ( #1526 ), #1008, .T. ) ;
#393 = DIRECTION ( 'NONE',  ( -0.000000000000000000, 1.000000000000000000, -0.000000000000000000 ) ) ;
#394 = VERTEX_POINT ( 'NONE', #1556 ) ;
#395 = APPROVAL_DATE_TIME ( #1342, #877 ) ;
#396 = VECTOR ( 'NONE', #1427, 1000.000000000000000 ) ;
#397 = ORIENTED_EDGE ( 'NONE', *, *, #817, .T. ) ;
#398 = CARTESIAN_POINT ( 'NONE',  ( 12.00000000000000000, 0.000000000000000000, -54.00000000000000000 ) ) ;
#399 = DIRECTION ( 'NONE',  ( 0.000000000000000000, 0.000000000000000000, -1.000000000000000000 ) ) ;
#400 = EDGE_CURVE ( 'NONE', #1392, #1456, #723, .T. ) ;
#401 = LINE ( 'NONE', #934, #634 ) ;
#402 = ORIENTED_EDGE ( 'NONE', *, *, #1075, .F. ) ;
#403 = VECTOR ( 'NONE', #683, 1000.000000000000000 ) ;
#404 = VECTOR ( 'NONE', #503, 1000.000000000000000 ) ;
#405 = FACE_OUTER_BOUND ( 'NONE', #1331, .T. ) ;
#406 = ORIENTED_EDGE ( 'NONE', *, *, #1624, .T. ) ;
#407 = APPROVAL_DATE_TIME ( #122, #713 ) ;
#408 = VERTEX_POINT ( 'NONE', #1030 ) ;
#409 = DIRECTION ( 'NONE',  ( -0.000000000000000000, 1.000000000000000000, -0.000000000000000000 ) ) ;
#410 = CARTESIAN_POINT ( 'NONE',  ( 110.0000000000000000, 0.000000000000000000, 67.50000000000000000 ) ) ;
#411 = CARTESIAN_POINT ( 'NONE',  ( 100.0000000000000000, -16.00000000000000000, 55.20000000000000995 ) ) ;
#412 = EDGE_CURVE ( 'NONE', #84, #1017, #337, .T. ) ;
#413 = DIRECTION ( 'NONE',  ( -1.000000000000000000, 0.000000000000000000, -0.000000000000000000 ) ) ;
#414 = ORIENTED_EDGE ( 'NONE', *, *, #164, .T. ) ;
#415 = PERSON_AND_ORGANIZATION ( #979, #1428 ) ;
#416 = ORIENTED_EDGE ( 'NONE', *, *, #76, .F. ) ;
#417 = CARTESIAN_POINT ( 'NONE',  ( -61.00000000000000000, -3.000000000000000000, 25.00000000000000000 ) ) ;
#418 = LINE ( 'NONE', #262, #67 ) ;
#419 = EDGE_CURVE ( 'NONE', #1027, #520, #1024, .T. ) ;
#420 = CC_DESIGN_PERSON_AND_ORGANIZATION_ASSIGNMENT ( #149, #1354, ( #669 ) ) ;
#421 = FACE_BOUND ( 'NONE', #554, .T. ) ;
#422 = ORIENTED_EDGE ( 'NONE', *, *, #656, .F. ) ;
#423 = VECTOR ( 'NONE', #61, 1000.000000000000000 ) ;
#424 = DIRECTION ( 'NONE',  ( -0.000000000000000000, 1.000000000000000000, -0.000000000000000000 ) ) ;
#425 = EDGE_LOOP ( 'NONE', ( #437, #1031, #1259, #623 ) ) ;
#426 = AXIS2_PLACEMENT_3D ( 'NONE', #1317, #645, #1705 ) ;
#427 = DIRECTION ( 'NONE',  ( 1.000000000000000000, 0.000000000000000000, 0.000000000000000000 ) ) ;
#428 = DIRECTION ( 'NONE',  ( 0.000000000000000000, 0.000000000000000000, -1.000000000000000000 ) ) ;
#429 = ADVANCED_FACE ( 'NONE', ( #1275 ), #80, .F. ) ;
#430 = CARTESIAN_POINT ( 'NONE',  ( -80.00000000000000000, -3.000000000000000000, -0.000000000000000000 ) ) ;
#431 = ORIENTED_EDGE ( 'NONE', *, *, #542, .F. ) ;
#432 = CARTESIAN_POINT ( 'NONE',  ( 12.00000000000000000, -3.000000000000000000, 0.000000000000000000 ) ) ;
#433 = VERTEX_POINT ( 'NONE', #217 ) ;
#434 = DIRECTION ( 'NONE',  ( 0.000000000000000000, 0.000000000000000000, 1.000000000000000000 ) ) ;
#435 = CARTESIAN_POINT ( 'NONE',  ( -0.000000000000000000, -3.000000000000000000, -30.00000000000000000 ) ) ;
#436 = EDGE_CURVE ( 'NONE', #54, #862, #741, .T. ) ;
#437 = ORIENTED_EDGE ( 'NONE', *, *, #1144, .T. ) ;
#439 = ORIENTED_EDGE ( 'NONE', *, *, #1255, .T. ) ;
#438 = DIRECTION ( 'NONE',  ( -1.000000000000000000, 0.000000000000000000, 0.000000000000000000 ) ) ;
#440 = ORIENTED_EDGE ( 'NONE', *, *, #33, .F. ) ;
#441 = FACE_OUTER_BOUND ( 'NONE', #216, .T. ) ;
#442 = DIRECTION ( 'NONE',  ( 1.000000000000000000, 0.000000000000000000, 0.000000000000000000 ) ) ;
#443 = EDGE_CURVE ( 'NONE', #1217, #1438, #7, .T. ) ;
#444 = ORIENTED_EDGE ( 'NONE', *, *, #353, .T. ) ;
#445 = CARTESIAN_POINT ( 'NONE',  ( -100.0000000000000000, -2.999999999999999112, -55.20000000000000284 ) ) ;
#446 = VECTOR ( 'NONE', #1633, 1000.000000000000000 ) ;
#447 = DIRECTION ( 'NONE',  ( 0.000000000000000000, 0.000000000000000000, 1.000000000000000000 ) ) ;
#448 = CARTESIAN_POINT ( 'NONE',  ( -84.00000000000000000, -4.000000000000000000, -30.00000000000000000 ) ) ;
#449 = VECTOR ( 'NONE', #135, 1000.000000000000000 ) ;
#450 = VECTOR ( 'NONE', #1175, 1000.000000000000000 ) ;
#451 = VERTEX_POINT ( 'NONE', #1311 ) ;
#452 = EDGE_CURVE ( 'NONE', #346, #52, #790, .T. ) ;
#454 = ORIENTED_EDGE ( 'NONE', *, *, #1036, .T. ) ;
#453 = LINE ( 'NONE', #681, #446 ) ;
#455 = ORIENTED_EDGE ( 'NONE', *, *, #586, .T. ) ;
#456 = CARTESIAN_POINT ( 'NONE',  ( -110.0000000000000000, -12.00000000000000000, 67.50000000000000000 ) ) ;
#457 = CARTESIAN_POINT ( 'NONE',  ( 100.0000000000000000, -16.00000000000000000, 58.79999999999999005 ) ) ;
#458 = AXIS2_PLACEMENT_3D ( 'NONE', #918, #1591, #1184 ) ;
#459 = VECTOR ( 'NONE', #35, 1000.000000000000000 ) ;
#460 = FACE_BOUND ( 'NONE', #796, .T. ) ;
#461 = DIRECTION ( 'NONE',  ( 1.000000000000000000, 0.000000000000000000, 0.000000000000000000 ) ) ;
#462 = ORIENTED_EDGE ( 'NONE', *, *, #110, .T. ) ;
#463 = ADVANCED_FACE ( 'NONE', ( #267 ), #640, .F. ) ;
#464 = LINE ( 'NONE', #753, #876 ) ;
#465 = DIRECTION ( 'NONE',  ( 1.000000000000000000, 0.000000000000000000, 0.000000000000000000 ) ) ;
#466 = FACE_BOUND ( 'NONE', #469, .T. ) ;
#467 = ADVANCED_FACE ( 'NONE', ( #1711 ), #1700, .F. ) ;
#469 = EDGE_LOOP ( 'NONE', ( #1599, #1608 ) ) ;
#468 = DIRECTION ( 'NONE',  ( -0.000000000000000000, 1.000000000000000000, -0.000000000000000000 ) ) ;
#470 = ORIENTED_EDGE ( 'NONE', *, *, #1182, .T. ) ;
#471 = DIRECTION ( 'NONE',  ( 1.000000000000000000, 0.000000000000000000, 0.000000000000000000 ) ) ;
#472 = DIRECTION ( 'NONE',  ( 0.000000000000000000, 0.000000000000000000, -1.000000000000000000 ) ) ;
#473 = VECTOR ( 'NONE', #1303, 1000.000000000000000 ) ;
#474 = CARTESIAN_POINT ( 'NONE',  ( 16.00000000000000000, -4.000000000000000000, -54.00000000000000000 ) ) ;
#475 = CIRCLE ( 'NONE', #119, 9.250000000000001776 ) ;
#476 = LOCAL_TIME ( 17, 26, 24.00000000000000000, #1228 ) ;
#477 = EDGE_CURVE ( 'NONE', #1241, #186, #380, .T. ) ;
#479 = EDGE_LOOP ( 'NONE', ( #597, #42, #1042, #232 ) ) ;
#478 = DIRECTION ( 'NONE',  ( 0.000000000000000000, 0.000000000000000000, 1.000000000000000000 ) ) ;
#480 = EDGE_LOOP ( 'NONE', ( #780, #1192, #183, #1295 ) ) ;
#481 = CYLINDRICAL_SURFACE ( 'NONE', #75, 1.799999999999989164 ) ;
#482 = FACE_BOUND ( 'NONE', #1227, .T. ) ;
#483 = CARTESIAN_POINT ( 'NONE',  ( -108.0000000000000000, -12.00000000000000000, -65.50000000000000000 ) ) ;
#484 = EDGE_CURVE ( 'NONE', #1086, #84, #139, .T. ) ;
#485 = AXIS2_PLACEMENT_3D ( 'NONE', #533, #409, #1219 ) ;
#486 = VECTOR ( 'NONE', #393, 1000.000000000000000 ) ;
#487 = DIRECTION ( 'NONE',  ( 0.000000000000000000, 0.000000000000000000, 1.000000000000000000 ) ) ;
#488 = LINE ( 'NONE', #1001, #1543 ) ;
#489 = FACE_BOUND ( 'NONE', #1274, .T. ) ;
#490 = CARTESIAN_POINT ( 'NONE',  ( -12.00000000000000000, 0.000000000000000000, -54.00000000000000000 ) ) ;
#491 = ORIENTED_EDGE ( 'NONE', *, *, #1554, .F. ) ;
#492 = ADVANCED_FACE ( 'NONE', ( #1439 ), #1059, .F. ) ;
#493 = DIRECTION ( 'NONE',  ( 0.000000000000000000, 0.000000000000000000, -1.000000000000000000 ) ) ;
#494 = CARTESIAN_POINT ( 'NONE',  ( 108.0000000000000000, -3.000000000000000000, -65.50000000000000000 ) ) ;
#495 = ORIENTED_EDGE ( 'NONE', *, *, #213, .F. ) ;
#496 = PLANE ( 'NONE',  #123 ) ;
#497 = EDGE_CURVE ( 'NONE', #451, #589, #1600, .T. ) ;
#498 = LINE ( 'NONE', #1143, #1374 ) ;
#499 = VECTOR ( 'NONE', #13, 1000.000000000000000 ) ;
#501 = ORIENTED_EDGE ( 'NONE', *, *, #1271, .F. ) ;
#500 = FACE_OUTER_BOUND ( 'NONE', #479, .T. ) ;
#502 = EDGE_CURVE ( 'NONE', #754, #1359, #276, .T. ) ;
#503 = DIRECTION ( 'NONE',  ( -1.000000000000000000, 0.000000000000000000, 0.000000000000000000 ) ) ;
#504 = FACE_BOUND ( 'NONE', #1351, .T. ) ;
#505 = CARTESIAN_POINT ( 'NONE',  ( -68.00000000000000000, -3.000000000000000000, -30.00000000000000000 ) ) ;
#506 = CARTESIAN_POINT ( 'NONE',  ( -110.0000000000000000, -3.000000000000000000, -67.50000000000000000 ) ) ;
#507 = AXIS2_PLACEMENT_3D ( 'NONE', #1370, #177, #697 ) ;
#508 = FACE_OUTER_BOUND ( 'NONE', #679, .T. ) ;
#509 = ORIENTED_EDGE ( 'NONE', *, *, #502, .T. ) ;
#510 = ADVANCED_FACE ( 'NONE', ( #800 ), #1068, .F. ) ;
#511 = CARTESIAN_POINT ( 'NONE',  ( 0.000000000000000000, 0.000000000000000000, -30.00000000000000000 ) ) ;
#512 = APPROVAL_ROLE ( '' ) ;
#513 = VERTEX_POINT ( 'NONE', #1447 ) ;
#514 = CARTESIAN_POINT ( 'NONE',  ( -100.0000000000000000, -2.999999999999999112, -58.79999999999999716 ) ) ;
#515 = DIRECTION ( 'NONE',  ( -0.000000000000000000, 1.000000000000000000, -0.000000000000000000 ) ) ;
#516 = CARTESIAN_POINT ( 'NONE',  ( -84.00000000000000000, -4.000000000000000000, -54.00000000000000000 ) ) ;
#517 = ORIENTED_EDGE ( 'NONE', *, *, #400, .T. ) ;
#518 = CARTESIAN_POINT ( 'NONE',  ( -12.00000000000000000, -4.000000000000000000, -30.00000000000000000 ) ) ;
#519 =( NAMED_UNIT ( * ) PLANE_ANGLE_UNIT ( ) SI_UNIT ( $, .RADIAN. ) );
#520 = VERTEX_POINT ( 'NONE', #372 ) ;
#521 = ORIENTED_EDGE ( 'NONE', *, *, #1466, .T. ) ;
#522 = CARTESIAN_POINT ( 'NONE',  ( -110.0000000000000000, 0.000000000000000000, 67.50000000000000000 ) ) ;
#523 = DIRECTION ( 'NONE',  ( -1.000000000000000000, 0.000000000000000000, 0.000000000000000000 ) ) ;
#524 = VECTOR ( 'NONE', #1589, 1000.000000000000000 ) ;
#525 = CARTESIAN_POINT ( 'NONE',  ( 110.0000000000000000, -3.000000000000000000, 67.50000000000000000 ) ) ;
#526 = ADVANCED_FACE ( 'NONE', ( #405 ), #242, .F. ) ;
#527 = VECTOR ( 'NONE', #15, 1000.000000000000000 ) ;
#528 = ORIENTED_EDGE ( 'NONE', *, *, #179, .T. ) ;
#529 = CC_DESIGN_APPROVAL ( #877, ( #669 ) ) ;
#530 = CARTESIAN_POINT ( 'NONE',  ( -110.0000000000000000, 0.000000000000000000, 67.50000000000000000 ) ) ;
#531 = ORIENTED_EDGE ( 'NONE', *, *, #1047, .T. ) ;
#532 = CARTESIAN_POINT ( 'NONE',  ( 0.000000000000000000, 0.000000000000000000, 0.000000000000000000 ) ) ;
#533 = CARTESIAN_POINT ( 'NONE',  ( -100.0000000000000000, -16.00000000000000000, 57.00000000000000000 ) ) ;
#534 = LINE ( 'NONE', #1206, #499 ) ;
#535 = EDGE_CURVE ( 'NONE', #940, #16, #1468, .T. ) ;
#536 = LINE ( 'NONE', #411, #1663 ) ;
#537 = ORIENTED_EDGE ( 'NONE', *, *, #1564, .F. ) ;
#538 = CIRCLE ( 'NONE', #22, 1.799999999999989164 ) ;
#539 = CARTESIAN_POINT ( 'NONE',  ( 0.000000000000000000, -4.000000000000000000, -54.00000000000000000 ) ) ;
#540 = ORIENTED_EDGE ( 'NONE', *, *, #233, .T. ) ;
#541 = ORIENTED_EDGE ( 'NONE', *, *, #1411, .T. ) ;
#542 = EDGE_CURVE ( 'NONE', #1305, #919, #762, .T. ) ;
#543 = LINE ( 'NONE', #1470, #1296 ) ;
#544 = CARTESIAN_POINT ( 'NONE',  ( 46.00000000000000000, 0.000000000000000000, 47.00000000000000000 ) ) ;
#545 = CARTESIAN_POINT ( 'NONE',  ( 0.000000000000000000, -3.000000000000000000, 0.000000000000000000 ) ) ;
#546 = ORIENTED_EDGE ( 'NONE', *, *, #436, .F. ) ;
#547 = FACE_OUTER_BOUND ( 'NONE', #1139, .T. ) ;
#548 = VERTEX_POINT ( 'NONE', #911 ) ;
#549 = ORIENTED_EDGE ( 'NONE', *, *, #1678, .T. ) ;
#550 = DIRECTION ( 'NONE',  ( -0.000000000000000000, 0.000000000000000000, 1.000000000000000000 ) ) ;
#551 = FACE_OUTER_BOUND ( 'NONE', #744, .T. ) ;
#552 = ADVANCED_FACE ( 'NONE', ( #113 ), #1573, .F. ) ;
#553 = FACE_BOUND ( 'NONE', #813, .T. ) ;
#554 = EDGE_LOOP ( 'NONE', ( #993, #1625, #1706, #1508 ) ) ;
#555 = CARTESIAN_POINT ( 'NONE',  ( -0.000000000000000000, -3.000000000000000000, 65.50000000000000000 ) ) ;
#556 = ORIENTED_EDGE ( 'NONE', *, *, #1289, .F. ) ;
#557 = EDGE_CURVE ( 'NONE', #708, #408, #1195, .T. ) ;
#558 = VECTOR ( 'NONE', #1596, 1000.000000000000000 ) ;
#559 = DIRECTION ( 'NONE',  ( -1.000000000000000000, 0.000000000000000000, 0.000000000000000000 ) ) ;
#560 = LINE ( 'NONE', #715, #983 ) ;
#561 = ORIENTED_EDGE ( 'NONE', *, *, #1237, .F. ) ;
#563 = EDGE_LOOP ( 'NONE', ( #133, #793, #34, #1379 ) ) ;
#562 = PLANE ( 'NONE',  #981 ) ;
#564 = ORIENTED_EDGE ( 'NONE', *, *, #1246, .F. ) ;
#565 = VECTOR ( 'NONE', #427, 1000.000000000000000 ) ;
#566 = EDGE_CURVE ( 'NONE', #221, #1256, #1174, .T. ) ;
#567 = DIRECTION ( 'NONE',  ( 1.000000000000000000, 0.000000000000000000, 0.000000000000000000 ) ) ;
#568 = FACE_OUTER_BOUND ( 'NONE', #1098, .T. ) ;
#569 = ORIENTED_EDGE ( 'NONE', *, *, #1460, .F. ) ;
#570 = EDGE_LOOP ( 'NONE', ( #1313, #854 ) ) ;
#572 = ORIENTED_EDGE ( 'NONE', *, *, #535, .F. ) ;
#571 = CARTESIAN_POINT ( 'NONE',  ( -61.00000000000000000, 0.000000000000000000, 34.00000000000000000 ) ) ;
#573 = ORIENTED_EDGE ( 'NONE', *, *, #987, .F. ) ;
#574 = CARTESIAN_POINT ( 'NONE',  ( 4.000000000000000000, 0.000000000000000000, -30.00000000000000000 ) ) ;
#575 = LINE ( 'NONE', #201, #40 ) ;
#576 = ADVANCED_FACE ( 'NONE', ( #1474 ), #562, .T. ) ;
#577 = LINE ( 'NONE', #1492, #48 ) ;
#578 = EDGE_LOOP ( 'NONE', ( #1641, #1516, #803, #792 ) ) ;
#579 = CARTESIAN_POINT ( 'NONE',  ( -110.0000000000000000, -3.000000000000000000, 67.50000000000000000 ) ) ;
#580 = VERTEX_POINT ( 'NONE', #305 ) ;
#581 = DIRECTION ( 'NONE',  ( -1.000000000000000000, 0.000000000000000000, -0.000000000000000000 ) ) ;
#582 = CARTESIAN_POINT ( 'NONE',  ( -100.0000000000000000, 0.000000000000000000, -57.00000000000000000 ) ) ;
#583 = CIRCLE ( 'NONE', #1348, 9.250000000000003553 ) ;
#584 = AXIS2_PLACEMENT_3D ( 'NONE', #1019, #1558, #472 ) ;
#585 = DIRECTION ( 'NONE',  ( -0.000000000000000000, -0.000000000000000000, 1.000000000000000000 ) ) ;
#586 = EDGE_CURVE ( 'NONE', #394, #197, #1662, .T. ) ;
#588 = ORIENTED_EDGE ( 'NONE', *, *, #1529, .T. ) ;
#587 = CARTESIAN_POINT ( 'NONE',  ( 108.0000000000000000, -12.00000000000000000, 65.50000000000000000 ) ) ;
#589 = VERTEX_POINT ( 'NONE', #1106 ) ;
#590 = LINE ( 'NONE', #359, #646 ) ;
#591 = AXIS2_PLACEMENT_3D ( 'NONE', #690, #706, #300 ) ;
#592 = LINE ( 'NONE', #315, #1535 ) ;
#593 = FACE_OUTER_BOUND ( 'NONE', #296, .T. ) ;
#594 = PRODUCT_RELATED_PRODUCT_CATEGORY ( 'detail', '', ( #59 ) ) ;
#596 = VERTEX_POINT ( 'NONE', #1250 ) ;
#595 = CARTESIAN_POINT ( 'NONE',  ( 46.00000000000000000, -4.000000000000000000, 47.00000000000000000 ) ) ;
#597 = ORIENTED_EDGE ( 'NONE', *, *, #1630, .F. ) ;
#598 = LINE ( 'NONE', #98, #1103 ) ;
#599 = CARTESIAN_POINT ( 'NONE',  ( 108.0000000000000000, -12.00000000000000000, -65.50000000000000000 ) ) ;
#600 = EDGE_CURVE ( 'NONE', #215, #580, #1368, .T. ) ;
#601 = LINE ( 'NONE', #356, #1094 ) ;
#602 = ORIENTED_EDGE ( 'NONE', *, *, #1063, .F. ) ;
#604 = ORIENTED_EDGE ( 'NONE', *, *, #987, .T. ) ;
#603 = CARTESIAN_POINT ( 'NONE',  ( 0.000000000000000000, -3.000000000000000000, -54.00000000000000000 ) ) ;
#605 = EDGE_CURVE ( 'NONE', #197, #394, #923, .T. ) ;
#606 = CARTESIAN_POINT ( 'NONE',  ( -0.000000000000000000, -3.000000000000000000, -30.00000000000000000 ) ) ;
#607 = LINE ( 'NONE', #1545, #698 ) ;
#608 = AXIS2_PLACEMENT_3D ( 'NONE', #1038, #909, #245 ) ;
#609 = CIRCLE ( 'NONE', #1480, 1.799999999999989164 ) ;
#610 = DIRECTION ( 'NONE',  ( 0.000000000000000000, 1.000000000000000000, 0.000000000000000000 ) ) ;
#611 = VECTOR ( 'NONE', #1153, 1000.000000000000000 ) ;
#612 = DIRECTION ( 'NONE',  ( -0.000000000000000000, 1.000000000000000000, -0.000000000000000000 ) ) ;
#613 = ORIENTED_EDGE ( 'NONE', *, *, #14, .T. ) ;
#614 = CARTESIAN_POINT ( 'NONE',  ( -84.00000000000000000, -3.000000000000000000, -54.00000000000000000 ) ) ;
#615 = CARTESIAN_POINT ( 'NONE',  ( -72.00000000000000000, -4.000000000000000000, -30.00000000000000000 ) ) ;
#616 = ADVANCED_FACE ( 'NONE', ( #1384 ), #1618, .F. ) ;
#617 = AXIS2_PLACEMENT_3D ( 'NONE', #1116, #1635, #447 ) ;
#618 = LINE ( 'NONE', #474, #696 ) ;
#619 = CARTESIAN_POINT ( 'NONE',  ( -72.00000000000000000, -3.000000000000000000, -30.00000000000000000 ) ) ;
#620 = ADVANCED_FACE ( 'NONE', ( #547 ), #1642, .T. ) ;
#621 = VERTEX_POINT ( 'NONE', #710 ) ;
#622 = DIRECTION ( 'NONE',  ( -0.000000000000000000, 0.000000000000000000, 1.000000000000000000 ) ) ;
#623 = ORIENTED_EDGE ( 'NONE', *, *, #1630, .T. ) ;
#624 = CARTESIAN_POINT ( 'NONE',  ( -100.0000000000000000, -2.999999999999999112, -57.00000000000000000 ) ) ;
#625 = PLANE ( 'NONE',  #1584 ) ;
#626 = EDGE_CURVE ( 'NONE', #1486, #513, #828, .T. ) ;
#627 = ORIENTED_EDGE ( 'NONE', *, *, #1411, .F. ) ;
#629 = ORIENTED_EDGE ( 'NONE', *, *, #419, .F. ) ;
#628 = CARTESIAN_POINT ( 'NONE',  ( -68.00000000000000000, 0.000000000000000000, -54.00000000000000000 ) ) ;
#630 = DIRECTION ( 'NONE',  ( 0.000000000000000000, 0.000000000000000000, -1.000000000000000000 ) ) ;
#631 = EDGE_LOOP ( 'NONE', ( #1298, #150, #629, #70 ) ) ;
#632 = FACE_BOUND ( 'NONE', #570, .T. ) ;
#633 = CARTESIAN_POINT ( 'NONE',  ( 0.000000000000000000, 0.000000000000000000, -54.00000000000000000 ) ) ;
#634 = VECTOR ( 'NONE', #1465, 1000.000000000000000 ) ;
#635 = VECTOR ( 'NONE', #163, 1000.000000000000000 ) ;
#636 = ADVANCED_FACE ( 'NONE', ( #311 ), #1361, .F. ) ;
#637 = CARTESIAN_POINT ( 'NONE',  ( -84.00000000000000000, 0.000000000000000000, -30.00000000000000000 ) ) ;
#638 = ORIENTED_EDGE ( 'NONE', *, *, #179, .F. ) ;
#639 = MANIFOLD_SOLID_BREP ( 'Vent_Slot_6', #704 ) ;
#640 = PLANE ( 'NONE',  #1462 ) ;
#641 = ORIENTED_EDGE ( 'NONE', *, *, #1460, .T. ) ;
#642 = CALENDAR_DATE ( 2026, 26, 7 ) ;
#643 = ORIENTED_EDGE ( 'NONE', *, *, #1466, .F. ) ;
#644 = DIRECTION ( 'NONE',  ( -0.000000000000000000, 1.000000000000000000, -0.000000000000000000 ) ) ;
#645 = DIRECTION ( 'NONE',  ( 0.000000000000000000, 0.000000000000000000, -1.000000000000000000 ) ) ;
#646 = VECTOR ( 'NONE', #874, 1000.000000000000000 ) ;
#647 = EDGE_LOOP ( 'NONE', ( #1680, #810, #193, #1619 ) ) ;
#648 = AXIS2_PLACEMENT_3D ( 'NONE', #985, #581, #1380 ) ;
#649 = FACE_OUTER_BOUND ( 'NONE', #1681, .T. ) ;
#650 = EDGE_LOOP ( 'NONE', ( #379, #711, #1335, #1200 ) ) ;
#651 = CARTESIAN_POINT ( 'NONE',  ( 0.000000000000000000, -4.000000000000000000, -30.00000000000000000 ) ) ;
#652 = SHAPE_DEFINITION_REPRESENTATION ( #1512, #209 ) ;
#653 = EDGE_LOOP ( 'NONE', ( #1138, #872, #935, #44 ) ) ;
#654 = LINE ( 'NONE', #815, #1073 ) ;
#655 = CARTESIAN_POINT ( 'NONE',  ( -8.000000000000000000, -3.000000000000000000, -54.00000000000000000 ) ) ;
#656 = EDGE_CURVE ( 'NONE', #408, #1241, #1378, .T. ) ;
#657 = DIRECTION ( 'NONE',  ( -0.000000000000000000, 1.000000000000000000, -0.000000000000000000 ) ) ;
#658 = ORIENTED_EDGE ( 'NONE', *, *, #129, .F. ) ;
#659 = CARTESIAN_POINT ( 'NONE',  ( -0.000000000000000000, -3.000000000000000000, -65.50000000000000000 ) ) ;
#660 = ORIENTED_EDGE ( 'NONE', *, *, #1011, .F. ) ;
#661 = EDGE_LOOP ( 'NONE', ( #789, #352, #1105, #730 ) ) ;
#662 = EDGE_CURVE ( 'NONE', #1146, #1486, #688, .T. ) ;
#663 = CARTESIAN_POINT ( 'NONE',  ( 46.00000000000000000, -4.000000000000000000, 56.25000000000000000 ) ) ;
#664 = CARTESIAN_POINT ( 'NONE',  ( -110.0000000000000000, 0.000000000000000000, 67.50000000000000000 ) ) ;
#665 = VECTOR ( 'NONE', #206, 1000.000000000000000 ) ;
#666 = PLANE ( 'NONE',  #608 ) ;
#667 = VECTOR ( 'NONE', #1117, 1000.000000000000000 ) ;
#668 = VERTEX_POINT ( 'NONE', #1114 ) ;
#669 = PRODUCT_DEFINITION_FORMATION_WITH_SPECIFIED_SOURCE ( '任何', '', #59, .NOT_KNOWN. ) ;
#670 = DIRECTION ( 'NONE',  ( -0.000000000000000000, 0.000000000000000000, 1.000000000000000000 ) ) ;
#671 = ORIENTED_EDGE ( 'NONE', *, *, #1047, .F. ) ;
#672 = CALENDAR_DATE ( 2026, 26, 7 ) ;
#673 = VERTEX_POINT ( 'NONE', #1484 ) ;
#674 = ORIENTED_EDGE ( 'NONE', *, *, #1252, .F. ) ;
#675 = DIRECTION ( 'NONE',  ( -0.000000000000000000, 1.000000000000000000, -0.000000000000000000 ) ) ;
#676 = CARTESIAN_POINT ( 'NONE',  ( 110.0000000000000000, -12.00000000000000000, -67.50000000000000000 ) ) ;
#677 = EDGE_CURVE ( 'NONE', #1215, #148, #389, .T. ) ;
#678 = CARTESIAN_POINT ( 'NONE',  ( -72.00000000000000000, 0.000000000000000000, -30.00000000000000000 ) ) ;
#679 = EDGE_LOOP ( 'NONE', ( #444, #1067, #397, #602 ) ) ;
#680 = EDGE_CURVE ( 'NONE', #721, #9, #175, .T. ) ;
#681 = CARTESIAN_POINT ( 'NONE',  ( -60.00000000000000000, 0.000000000000000000, -30.00000000000000000 ) ) ;
#682 = ORIENTED_EDGE ( 'NONE', *, *, #825, .T. ) ;
#683 = DIRECTION ( 'NONE',  ( 0.000000000000000000, 0.000000000000000000, -1.000000000000000000 ) ) ;
#684 = CARTESIAN_POINT ( 'NONE',  ( 46.00000000000000000, 0.000000000000000000, 30.25000000000000711 ) ) ;
#685 = EDGE_CURVE ( 'NONE', #1245, #861, #453, .T. ) ;
#686 = DIRECTION ( 'NONE',  ( 1.000000000000000000, 0.000000000000000000, -0.000000000000000000 ) ) ;
#687 = VERTEX_POINT ( 'NONE', #43 ) ;
#688 = LINE ( 'NONE', #1257, #423 ) ;
#689 = EDGE_LOOP ( 'NONE', ( #118, #763, #1566, #907 ) ) ;
#690 = CARTESIAN_POINT ( 'NONE',  ( -60.00000000000000000, -4.000000000000000000, -54.00000000000000000 ) ) ;
#691 = DIRECTION ( 'NONE',  ( -0.000000000000000000, 0.000000000000000000, 1.000000000000000000 ) ) ;
#692 = FACE_BOUND ( 'NONE', #801, .T. ) ;
#693 = ORIENTED_EDGE ( 'NONE', *, *, #1300, .F. ) ;
#694 = CARTESIAN_POINT ( 'NONE',  ( 0.000000000000000000, -4.000000000000000000, -54.00000000000000000 ) ) ;
#695 = ORIENTED_EDGE ( 'NONE', *, *, #226, .T. ) ;
#696 = VECTOR ( 'NONE', #1013, 1000.000000000000000 ) ;
#697 = DIRECTION ( 'NONE',  ( 0.000000000000000000, 0.000000000000000000, 1.000000000000000000 ) ) ;
#698 = VECTOR ( 'NONE', #1025, 1000.000000000000000 ) ;
#699 = DIRECTION ( 'NONE',  ( -0.000000000000000000, 0.000000000000000000, 1.000000000000000000 ) ) ;
#700 = VERTEX_POINT ( 'NONE', #1087 ) ;
#701 = VERTEX_POINT ( 'NONE', #445 ) ;
#702 = DIRECTION ( 'NONE',  ( -0.000000000000000000, 1.000000000000000000, -0.000000000000000000 ) ) ;
#703 = EDGE_LOOP ( 'NONE', ( #976, #1570, #1383, #416 ) ) ;
#704 = CLOSED_SHELL ( 'NONE', ( #1102, #859, #552, #330, #746, #138, #263, #620, #1176, #1207, #1129, #1085, #1707, #576, #916, #1125, #392, #291, #86, #636, #429, #738, #973, #1588, #304, #365, #980, #510, #1509, #616, #25, #369, #1713, #219, #194, #948, #1550, #467, #1686, #1387, #526, #830, #492, #924, #463, #1489, #1435, #239, #204 ) ) ;
#705 = EDGE_CURVE ( 'NONE', #158, #1511, #984, .T. ) ;
#706 = DIRECTION ( 'NONE',  ( 0.000000000000000000, 0.000000000000000000, -1.000000000000000000 ) ) ;
#707 = DIRECTION ( 'NONE',  ( 0.000000000000000000, 0.000000000000000000, 1.000000000000000000 ) ) ;
#708 = VERTEX_POINT ( 'NONE', #959 ) ;
#709 = EDGE_LOOP ( 'NONE', ( #1069, #1107 ) ) ;
#711 = ORIENTED_EDGE ( 'NONE', *, *, #1246, .T. ) ;
#710 = CARTESIAN_POINT ( 'NONE',  ( 46.00000000000000000, -3.000000000000000000, 56.25000000000000000 ) ) ;
#712 = EDGE_LOOP ( 'NONE', ( #982, #145 ) ) ;
#713 = APPROVAL ( #1440, '未指定' ) ;
#714 = CARTESIAN_POINT ( 'NONE',  ( 12.00000000000000000, -4.000000000000000000, -30.00000000000000000 ) ) ;
#715 = CARTESIAN_POINT ( 'NONE',  ( -84.00000000000000000, -4.000000000000000000, -30.00000000000000000 ) ) ;
#716 = EDGE_CURVE ( 'NONE', #1086, #1501, #1097, .T. ) ;
#717 = ORIENTED_EDGE ( 'NONE', *, *, #1282, .F. ) ;
#719 = EDGE_LOOP ( 'NONE', ( #1685, #390, #671, #319 ) ) ;
#718 = DIRECTION ( 'NONE',  ( 0.000000000000000000, 0.000000000000000000, 1.000000000000000000 ) ) ;
#720 = EDGE_CURVE ( 'NONE', #1501, #215, #739, .T. ) ;
#721 = VERTEX_POINT ( 'NONE', #1417 ) ;
#722 = CIRCLE ( 'NONE', #833, 9.250000000000005329 ) ;
#723 = LINE ( 'NONE', #1290, #1104 ) ;
#724 = CARTESIAN_POINT ( 'NONE',  ( 16.00000000000000000, 0.000000000000000000, -54.00000000000000000 ) ) ;
#725 = AXIS2_PLACEMENT_3D ( 'NONE', #1677, #1026, #1569 ) ;
#726 = AXIS2_PLACEMENT_3D ( 'NONE', #1381, #57, #1395 ) ;
#727 = DIRECTION ( 'NONE',  ( -1.000000000000000000, 0.000000000000000000, -0.000000000000000000 ) ) ;
#728 = ORIENTED_EDGE ( 'NONE', *, *, #14, .F. ) ;
#730 = ORIENTED_EDGE ( 'NONE', *, *, #91, .F. ) ;
#729 = CARTESIAN_POINT ( 'NONE',  ( 46.00000000000000000, 0.000000000000000000, 37.75000000000000000 ) ) ;
#731 = VERTEX_POINT ( 'NONE', #1548 ) ;
#732 = UNCERTAINTY_MEASURE_WITH_UNIT (LENGTH_MEASURE( 1.000000000000000082E-05 ), #1413, 'distance_accuracy_value', 'NONE');
#733 = EDGE_CURVE ( 'NONE', #687, #1578, #83, .T. ) ;
#734 = DIRECTION ( 'NONE',  ( -1.000000000000000000, -0.000000000000000000, -0.000000000000000000 ) ) ;
#735 = DIRECTION ( 'NONE',  ( 0.000000000000000000, -1.000000000000000000, 0.000000000000000000 ) ) ;
#736 = VECTOR ( 'NONE', #747, 1000.000000000000000 ) ;
#737 = CARTESIAN_POINT ( 'NONE',  ( 108.0000000000000000, -12.00000000000000000, -65.50000000000000000 ) ) ;
#738 = ADVANCED_FACE ( 'NONE', ( #1540 ), #343, .F. ) ;
#740 = VERTEX_POINT ( 'NONE', #871 ) ;
#739 = LINE ( 'NONE', #1164, #1580 ) ;
#741 = LINE ( 'NONE', #606, #844 ) ;
#742 = LINE ( 'NONE', #338, #1349 ) ;
#743 = CARTESIAN_POINT ( 'NONE',  ( -100.0000000000000000, -16.00000000000000000, -55.20000000000000995 ) ) ;
#744 = EDGE_LOOP ( 'NONE', ( #1495, #1701, #588, #381 ) ) ;
#745 = LINE ( 'NONE', #998, #1347 ) ;
#746 = ADVANCED_FACE ( 'NONE', ( #881 ), #888, .F. ) ;
#747 = DIRECTION ( 'NONE',  ( 0.000000000000000000, 0.000000000000000000, -1.000000000000000000 ) ) ;
#748 = CARTESIAN_POINT ( 'NONE',  ( -12.00000000000000000, -4.000000000000000000, -54.00000000000000000 ) ) ;
#749 = VECTOR ( 'NONE', #1339, 1000.000000000000000 ) ;
#750 = CIRCLE ( 'NONE', #1265, 1.799999999999989164 ) ;
#751 = LINE ( 'NONE', #109, #1506 ) ;
#752 = CARTESIAN_POINT ( 'NONE',  ( -56.00000000000000000, 0.000000000000000000, -30.00000000000000000 ) ) ;
#753 = CARTESIAN_POINT ( 'NONE',  ( 4.000000000000000000, -4.000000000000000000, -30.00000000000000000 ) ) ;
#754 = VERTEX_POINT ( 'NONE', #69 ) ;
#755 = CARTESIAN_POINT ( 'NONE',  ( 108.0000000000000000, -12.00000000000000000, 65.50000000000000000 ) ) ;
#756 = EDGE_LOOP ( 'NONE', ( #572, #902, #1088, #1672 ) ) ;
#757 = EDGE_CURVE ( 'NONE', #668, #148, #1004, .T. ) ;
#758 = VECTOR ( 'NONE', #1463, 1000.000000000000000 ) ;
#759 = CARTESIAN_POINT ( 'NONE',  ( -100.0000000000000000, 0.000000000000000000, -55.20000000000000995 ) ) ;
#760 = LINE ( 'NONE', #525, #524 ) ;
#761 = VERTEX_POINT ( 'NONE', #729 ) ;
#762 = LINE ( 'NONE', #1041, #161 ) ;
#763 = ORIENTED_EDGE ( 'NONE', *, *, #1237, .T. ) ;
#764 = CARTESIAN_POINT ( 'NONE',  ( -80.00000000000000000, 0.000000000000000000, -30.00000000000000000 ) ) ;
#765 = PLANE ( 'NONE',  #102 ) ;
#766 = DIRECTION ( 'NONE',  ( 1.000000000000000000, -0.000000000000000000, 0.000000000000000000 ) ) ;
#767 = EDGE_CURVE ( 'NONE', #1204, #21, #6, .T. ) ;
#768 = CARTESIAN_POINT ( 'NONE',  ( 100.0000000000000000, 0.000000000000000000, -57.00000000000000000 ) ) ;
#769 = CARTESIAN_POINT ( 'NONE',  ( -61.00000000000000000, -4.000000000000000000, 34.00000000000000000 ) ) ;
#770 = VERTEX_POINT ( 'NONE', #587 ) ;
#771 = SECURITY_CLASSIFICATION_LEVEL ( 'unclassified' ) ;
#772 = ORIENTED_EDGE ( 'NONE', *, *, #1554, .T. ) ;
#773 = CARTESIAN_POINT ( 'NONE',  ( -108.0000000000000000, -12.00000000000000000, -65.50000000000000000 ) ) ;
#774 = PLANE ( 'NONE',  #426 ) ;
#775 = ORIENTED_EDGE ( 'NONE', *, *, #419, .T. ) ;
#776 = VECTOR ( 'NONE', #853, 1000.000000000000000 ) ;
#777 = VECTOR ( 'NONE', #399, 1000.000000000000000 ) ;
#778 = VECTOR ( 'NONE', #442, 1000.000000000000000 ) ;
#779 = DIRECTION ( 'NONE',  ( 0.000000000000000000, 0.000000000000000000, 1.000000000000000000 ) ) ;
#780 = ORIENTED_EDGE ( 'NONE', *, *, #497, .T. ) ;
#781 = DIRECTION ( 'NONE',  ( -0.000000000000000000, 0.000000000000000000, 1.000000000000000000 ) ) ;
#782 = COORDINATED_UNIVERSAL_TIME_OFFSET ( 8, 0, .AHEAD. ) ;
#783 = ORIENTED_EDGE ( 'NONE', *, *, #412, .F. ) ;
#784 = EDGE_CURVE ( 'NONE', #247, #700, #1131, .T. ) ;
#785 = LINE ( 'NONE', #1055, #932 ) ;
#786 = DIRECTION ( 'NONE',  ( 0.000000000000000000, 0.000000000000000000, -1.000000000000000000 ) ) ;
#787 = CARTESIAN_POINT ( 'NONE',  ( -8.000000000000000000, -3.000000000000000000, -30.00000000000000000 ) ) ;
#788 = EDGE_CURVE ( 'NONE', #1438, #1310, #722, .T. ) ;
#789 = ORIENTED_EDGE ( 'NONE', *, *, #357, .T. ) ;
#790 = LINE ( 'NONE', #659, #404 ) ;
#791 = ORIENTED_EDGE ( 'NONE', *, *, #502, .F. ) ;
#792 = ORIENTED_EDGE ( 'NONE', *, *, #1140, .T. ) ;
#793 = ORIENTED_EDGE ( 'NONE', *, *, #757, .T. ) ;
#794 = CARTESIAN_POINT ( 'NONE',  ( -80.00000000000000000, -4.000000000000000000, -30.00000000000000000 ) ) ;
#795 = LINE ( 'NONE', #143, #1399 ) ;
#796 = EDGE_LOOP ( 'NONE', ( #1386, #561 ) ) ;
#797 = CARTESIAN_POINT ( 'NONE',  ( 100.0000000000000000, -2.999999999999999112, 57.00000000000000000 ) ) ;
#798 = ORIENTED_EDGE ( 'NONE', *, *, #1609, .F. ) ;
#799 = EDGE_CURVE ( 'NONE', #130, #721, #1679, .T. ) ;
#800 = FACE_OUTER_BOUND ( 'NONE', #866, .T. ) ;
#801 = EDGE_LOOP ( 'NONE', ( #895, #972, #1533, #537 ) ) ;
#802 = CALENDAR_DATE ( 2026, 26, 7 ) ;
#803 = ORIENTED_EDGE ( 'NONE', *, *, #1539, .T. ) ;
#804 = DIRECTION ( 'NONE',  ( 0.000000000000000000, 1.000000000000000000, 0.000000000000000000 ) ) ;
#805 = DIRECTION ( 'NONE',  ( 0.000000000000000000, -1.000000000000000000, 0.000000000000000000 ) ) ;
#806 = EDGE_CURVE ( 'NONE', #919, #513, #745, .T. ) ;
#807 = VECTOR ( 'NONE', #198, 1000.000000000000000 ) ;
#808 = DIRECTION ( 'NONE',  ( -0.000000000000000000, 1.000000000000000000, -0.000000000000000000 ) ) ;
#809 = CIRCLE ( 'NONE', #725, 1.799999999999989164 ) ;
#810 = ORIENTED_EDGE ( 'NONE', *, *, #996, .F. ) ;
#811 = LOCAL_TIME ( 17, 26, 24.00000000000000000, #1476 ) ;
#812 = DIRECTION ( 'NONE',  ( 0.000000000000000000, 0.000000000000000000, 1.000000000000000000 ) ) ;
#813 = EDGE_LOOP ( 'NONE', ( #939, #564 ) ) ;
#814 = MECHANICAL_CONTEXT ( 'NONE', #1710, 'mechanical' ) ;
#815 = CARTESIAN_POINT ( 'NONE',  ( -12.00000000000000000, -4.000000000000000000, -54.00000000000000000 ) ) ;
#816 = DIRECTION ( 'NONE',  ( 0.000000000000000000, 1.000000000000000000, 0.000000000000000000 ) ) ;
#817 = EDGE_CURVE ( 'NONE', #861, #1027, #1525, .T. ) ;
#818 = VECTOR ( 'NONE', #1487, 1000.000000000000000 ) ;
#819 = CARTESIAN_POINT ( 'NONE',  ( 110.0000000000000000, 0.000000000000000000, 67.50000000000000000 ) ) ;
#820 = ORIENTED_EDGE ( 'NONE', *, *, #1063, .T. ) ;
#821 = CARTESIAN_POINT ( 'NONE',  ( -108.0000000000000000, -12.00000000000000000, -65.50000000000000000 ) ) ;
#822 = ORIENTED_EDGE ( 'NONE', *, *, #386, .F. ) ;
#823 = FACE_OUTER_BOUND ( 'NONE', #1060, .T. ) ;
#824 = LINE ( 'NONE', #1002, #667 ) ;
#825 = EDGE_CURVE ( 'NONE', #1511, #1154, #65, .T. ) ;
#826 = CARTESIAN_POINT ( 'NONE',  ( -56.00000000000000000, -4.000000000000000000, -54.00000000000000000 ) ) ;
#827 = ORIENTED_EDGE ( 'NONE', *, *, #1282, .T. ) ;
#829 = ORIENTED_EDGE ( 'NONE', *, *, #600, .T. ) ;
#828 = LINE ( 'NONE', #1243, #863 ) ;
#830 = ADVANCED_FACE ( 'NONE', ( #358 ), #860, .F. ) ;
#831 = CYLINDRICAL_SURFACE ( 'NONE', #507, 9.250000000000005329 ) ;
#832 = LINE ( 'NONE', #1110, #1640 ) ;
#833 = AXIS2_PLACEMENT_3D ( 'NONE', #1650, #1532, #95 ) ;
#834 = ORIENTED_EDGE ( 'NONE', *, *, #705, .T. ) ;
#835 = CIRCLE ( 'NONE', #1010, 1.799999999999989164 ) ;
#837 = EDGE_LOOP ( 'NONE', ( #855, #528, #454, #1095 ) ) ;
#836 = DIRECTION ( 'NONE',  ( 1.000000000000000000, 0.000000000000000000, -0.000000000000000000 ) ) ;
#838 = ORIENTED_EDGE ( 'NONE', *, *, #566, .T. ) ;
#839 = CC_DESIGN_SECURITY_CLASSIFICATION ( #1152, ( #669 ) ) ;
#840 = DIRECTION ( 'NONE',  ( 0.000000000000000000, -1.000000000000000000, 0.000000000000000000 ) ) ;
#841 = CARTESIAN_POINT ( 'NONE',  ( 100.0000000000000000, 0.000000000000000000, 55.20000000000000284 ) ) ;
#842 = EDGE_CURVE ( 'NONE', #1305, #1249, #1391, .T. ) ;
#843 = ORIENTED_EDGE ( 'NONE', *, *, #1624, .F. ) ;
#844 = VECTOR ( 'NONE', #147, 1000.000000000000000 ) ;
#845 = DIRECTION ( 'NONE',  ( 0.000000000000000000, 0.000000000000000000, 1.000000000000000000 ) ) ;
#846 = EDGE_LOOP ( 'NONE', ( #371, #843 ) ) ;
#847 = EDGE_CURVE ( 'NONE', #621, #548, #1449, .T. ) ;
#848 = AXIS2_PLACEMENT_3D ( 'NONE', #539, #1581, #413 ) ;
#849 = CARTESIAN_POINT ( 'NONE',  ( 0.000000000000000000, -3.000000000000000000, -54.00000000000000000 ) ) ;
#850 = LINE ( 'NONE', #1522, #1240 ) ;
#851 = ORIENTED_EDGE ( 'NONE', *, *, #1498, .F. ) ;
#852 = CC_DESIGN_PERSON_AND_ORGANIZATION_ASSIGNMENT ( #1602, #1043, ( #1152 ) ) ;
#854 = ORIENTED_EDGE ( 'NONE', *, *, #788, .F. ) ;
#853 = DIRECTION ( 'NONE',  ( -0.000000000000000000, 1.000000000000000000, -0.000000000000000000 ) ) ;
#855 = ORIENTED_EDGE ( 'NONE', *, *, #1308, .T. ) ;
#856 = LINE ( 'NONE', #170, #1272 ) ;
#857 = LINE ( 'NONE', #435, #396 ) ;
#858 = DIRECTION ( 'NONE',  ( 0.000000000000000000, 1.000000000000000000, 0.000000000000000000 ) ) ;
#859 = ADVANCED_FACE ( 'NONE', ( #1400 ), #77, .F. ) ;
#861 = VERTEX_POINT ( 'NONE', #752 ) ;
#860 = PLANE ( 'NONE',  #1119 ) ;
#862 = VERTEX_POINT ( 'NONE', #619 ) ;
#863 = VECTOR ( 'NONE', #1352, 1000.000000000000000 ) ;
#864 = CARTESIAN_POINT ( 'NONE',  ( -72.00000000000000000, -4.000000000000000000, -30.00000000000000000 ) ) ;
#866 = EDGE_LOOP ( 'NONE', ( #531, #927, #1006, #260 ) ) ;
#865 = LINE ( 'NONE', #1683, #230 ) ;
#867 = CIRCLE ( 'NONE', #1065, 9.250000000000001776 ) ;
#868 = VECTOR ( 'NONE', #367, 1000.000000000000000 ) ;
#869 = FACE_BOUND ( 'NONE', #719, .T. ) ;
#870 = EDGE_CURVE ( 'NONE', #1557, #1519, #954, .T. ) ;
#872 = ORIENTED_EDGE ( 'NONE', *, *, #680, .F. ) ;
#871 = CARTESIAN_POINT ( 'NONE',  ( -68.00000000000000000, 0.000000000000000000, -30.00000000000000000 ) ) ;
#873 = ORIENTED_EDGE ( 'NONE', *, *, #784, .T. ) ;
#874 = DIRECTION ( 'NONE',  ( -1.000000000000000000, 0.000000000000000000, 0.000000000000000000 ) ) ;
#875 = LINE ( 'NONE', #108, #1694 ) ;
#876 = VECTOR ( 'NONE', #1159, 1000.000000000000000 ) ;
#877 = APPROVAL ( #949, '未指定' ) ;
#878 = DIRECTION ( 'NONE',  ( 0.000000000000000000, 0.000000000000000000, -1.000000000000000000 ) ) ;
#879 = ORIENTED_EDGE ( 'NONE', *, *, #58, .T. ) ;
#880 = EDGE_CURVE ( 'NONE', #1456, #1393, #1066, .T. ) ;
#882 = ORIENTED_EDGE ( 'NONE', *, *, #1252, .T. ) ;
#881 = FACE_OUTER_BOUND ( 'NONE', #1401, .T. ) ;
#883 = ORIENTED_EDGE ( 'NONE', *, *, #324, .T. ) ;
#884 = DIRECTION ( 'NONE',  ( -0.000000000000000000, 0.000000000000000000, 1.000000000000000000 ) ) ;
#885 = LINE ( 'NONE', #1009, #1615 ) ;
#886 = DIRECTION ( 'NONE',  ( 1.000000000000000000, 0.000000000000000000, 0.000000000000000000 ) ) ;
#887 = VERTEX_POINT ( 'NONE', #1048 ) ;
#888 = CYLINDRICAL_SURFACE ( 'NONE', #1064, 1.799999999999989164 ) ;
#889 = EDGE_CURVE ( 'NONE', #132, #940, #1430, .T. ) ;
#890 = ORIENTED_EDGE ( 'NONE', *, *, #497, .F. ) ;
#891 = DIRECTION ( 'NONE',  ( 1.000000000000000000, -0.000000000000000000, 0.000000000000000000 ) ) ;
#892 = EDGE_LOOP ( 'NONE', ( #717, #491, #351, #1709 ) ) ;
#893 = DIRECTION ( 'NONE',  ( -1.000000000000000000, 0.000000000000000000, 0.000000000000000000 ) ) ;
#894 = AXIS2_PLACEMENT_3D ( 'NONE', #28, #192, #1626 ) ;
#895 = ORIENTED_EDGE ( 'NONE', *, *, #557, .F. ) ;
#896 = AXIS2_PLACEMENT_3D ( 'NONE', #955, #341, #727 ) ;
#897 = CARTESIAN_POINT ( 'NONE',  ( 100.0000000000000000, 0.000000000000000000, 57.00000000000000000 ) ) ;
#898 = CC_DESIGN_DATE_AND_TIME_ASSIGNMENT ( #1567, #912, ( #1454 ) ) ;
#900 = ORIENTED_EDGE ( 'NONE', *, *, #685, .T. ) ;
#899 = CARTESIAN_POINT ( 'NONE',  ( -72.00000000000000000, 0.000000000000000000, -30.00000000000000000 ) ) ;
#901 = LINE ( 'NONE', #864, #1133 ) ;
#902 = ORIENTED_EDGE ( 'NONE', *, *, #889, .F. ) ;
#903 = FACE_BOUND ( 'NONE', #275, .T. ) ;
#904 = VECTOR ( 'NONE', #804, 1000.000000000000000 ) ;
#905 = VECTOR ( 'NONE', #257, 1000.000000000000000 ) ;
#906 = CARTESIAN_POINT ( 'NONE',  ( 110.0000000000000000, -3.000000000000000000, 67.50000000000000000 ) ) ;
#907 = ORIENTED_EDGE ( 'NONE', *, *, #1416, .T. ) ;
#908 = ORIENTED_EDGE ( 'NONE', *, *, #345, .T. ) ;
#909 = DIRECTION ( 'NONE',  ( 1.000000000000000000, 0.000000000000000000, 0.000000000000000000 ) ) ;
#910 = EDGE_LOOP ( 'NONE', ( #627, #693, #1113, #269 ) ) ;
#911 = CARTESIAN_POINT ( 'NONE',  ( 46.00000000000000000, -3.000000000000000000, 37.75000000000000000 ) ) ;
#912 = DATE_TIME_ROLE ( 'creation_date' ) ;
#913 = DIRECTION ( 'NONE',  ( 0.000000000000000000, 1.000000000000000000, 0.000000000000000000 ) ) ;
#914 = DIRECTION ( 'NONE',  ( 0.000000000000000000, 0.000000000000000000, -1.000000000000000000 ) ) ;
#915 = DIRECTION ( 'NONE',  ( -1.000000000000000000, 0.000000000000000000, -0.000000000000000000 ) ) ;
#916 = ADVANCED_FACE ( 'NONE', ( #500, #1172 ), #388, .T. ) ;
#917 = EDGE_LOOP ( 'NONE', ( #176, #1079, #1225, #772 ) ) ;
#918 = CARTESIAN_POINT ( 'NONE',  ( -80.00000000000000000, -4.000000000000000000, -30.00000000000000000 ) ) ;
#919 = VERTEX_POINT ( 'NONE', #787 ) ;
#920 = CALENDAR_DATE ( 2026, 26, 7 ) ;
#921 = LINE ( 'NONE', #292, #403 ) ;
#922 = CARTESIAN_POINT ( 'NONE',  ( 46.00000000000000000, -3.000000000000000000, 30.25000000000000711 ) ) ;
#923 = CIRCLE ( 'NONE', #1314, 9.000000000000001776 ) ;
#924 = ADVANCED_FACE ( 'NONE', ( #252 ), #666, .F. ) ;
#925 = VECTOR ( 'NONE', #220, 1000.000000000000000 ) ;
#926 = CARTESIAN_POINT ( 'NONE',  ( -84.00000000000000000, 0.000000000000000000, -30.00000000000000000 ) ) ;
#927 = ORIENTED_EDGE ( 'NONE', *, *, #91, .T. ) ;
#928 = CARTESIAN_POINT ( 'NONE',  ( -0.000000000000000000, -3.000000000000000000, -0.000000000000000000 ) ) ;
#929 = ORIENTED_EDGE ( 'NONE', *, *, #1130, .F. ) ;
#930 = CARTESIAN_POINT ( 'NONE',  ( -12.00000000000000000, -4.000000000000000000, -30.00000000000000000 ) ) ;
#931 = CARTESIAN_POINT ( 'NONE',  ( 16.00000000000000000, 0.000000000000000000, -30.00000000000000000 ) ) ;
#932 = VECTOR ( 'NONE', #1061, 1000.000000000000000 ) ;
#933 = EDGE_CURVE ( 'NONE', #148, #1215, #313, .T. ) ;
#934 = CARTESIAN_POINT ( 'NONE',  ( -108.0000000000000000, -12.00000000000000000, -65.50000000000000000 ) ) ;
#935 = ORIENTED_EDGE ( 'NONE', *, *, #1357, .F. ) ;
#936 = DIRECTION ( 'NONE',  ( -0.000000000000000000, 0.000000000000000000, 1.000000000000000000 ) ) ;
#937 = ORIENTED_EDGE ( 'NONE', *, *, #1597, .T. ) ;
#938 = PERSON_AND_ORGANIZATION_ROLE ( 'creator' ) ;
#939 = ORIENTED_EDGE ( 'NONE', *, *, #1402, .F. ) ;
#940 = VERTEX_POINT ( 'NONE', #637 ) ;
#941 = LINE ( 'NONE', #1568, #1160 ) ;
#942 = DIRECTION ( 'NONE',  ( 0.000000000000000000, 0.000000000000000000, 1.000000000000000000 ) ) ;
#943 = EDGE_CURVE ( 'NONE', #1256, #1023, #1571, .T. ) ;
#944 = DIRECTION ( 'NONE',  ( -0.000000000000000000, 1.000000000000000000, -0.000000000000000000 ) ) ;
#945 = ORIENTED_EDGE ( 'NONE', *, *, #1000, .F. ) ;
#946 = CARTESIAN_POINT ( 'NONE',  ( -12.00000000000000000, -3.000000000000000000, -0.000000000000000000 ) ) ;
#947 = EDGE_LOOP ( 'NONE', ( #1431, #137, #879, #1606 ) ) ;
#948 = ADVANCED_FACE ( 'NONE', ( #508 ), #128, .F. ) ;
#949 = APPROVAL_STATUS ( 'not_yet_approved' ) ;
#950 = EDGE_LOOP ( 'NONE', ( #105, #1367, #1433, #1542 ) ) ;
#951 = CARTESIAN_POINT ( 'NONE',  ( -110.0000000000000000, -3.000000000000000000, 67.50000000000000000 ) ) ;
#952 = LINE ( 'NONE', #931, #777 ) ;
#953 = ORIENTED_EDGE ( 'NONE', *, *, #1577, .T. ) ;
#954 = CIRCLE ( 'NONE', #228, 1.799999999999989164 ) ;
#955 = CARTESIAN_POINT ( 'NONE',  ( -108.0000000000000000, -12.00000000000000000, 65.50000000000000000 ) ) ;
#956 = VECTOR ( 'NONE', #944, 1000.000000000000000 ) ;
#957 = EDGE_LOOP ( 'NONE', ( #660, #373 ) ) ;
#958 = CIRCLE ( 'NONE', #726, 9.250000000000003553 ) ;
#959 = CARTESIAN_POINT ( 'NONE',  ( 0.000000000000000000, -3.000000000000000000, -30.00000000000000000 ) ) ;
#960 = ORIENTED_EDGE ( 'NONE', *, *, #1054, .F. ) ;
#961 = EDGE_CURVE ( 'NONE', #700, #1241, #136, .T. ) ;
#962 = LINE ( 'NONE', #849, #565 ) ;
#963 = DIRECTION ( 'NONE',  ( 0.000000000000000000, -1.000000000000000000, 0.000000000000000000 ) ) ;
#964 = AXIS2_PLACEMENT_3D ( 'NONE', #1109, #1628, #977 ) ;
#965 = DIRECTION ( 'NONE',  ( -0.000000000000000000, 0.000000000000000000, 1.000000000000000000 ) ) ;
#966 = ORIENTED_EDGE ( 'NONE', *, *, #375, .F. ) ;
#968 = ORIENTED_EDGE ( 'NONE', *, *, #961, .T. ) ;
#967 = DIRECTION ( 'NONE',  ( 0.000000000000000000, 1.000000000000000000, 0.000000000000000000 ) ) ;
#969 = ORIENTED_EDGE ( 'NONE', *, *, #806, .F. ) ;
#970 = CARTESIAN_POINT ( 'NONE',  ( -72.00000000000000000, 0.000000000000000000, -54.00000000000000000 ) ) ;
#971 = CARTESIAN_POINT ( 'NONE',  ( -100.0000000000000000, 0.000000000000000000, -58.79999999999999716 ) ) ;
#972 = ORIENTED_EDGE ( 'NONE', *, *, #1597, .F. ) ;
#973 = ADVANCED_FACE ( 'NONE', ( #649 ), #1697, .F. ) ;
#975 = ORIENTED_EDGE ( 'NONE', *, *, #720, .T. ) ;
#974 = DIRECTION ( 'NONE',  ( 0.000000000000000000, 0.000000000000000000, 1.000000000000000000 ) ) ;
#976 = ORIENTED_EDGE ( 'NONE', *, *, #847, .T. ) ;
#977 = DIRECTION ( 'NONE',  ( 0.000000000000000000, 0.000000000000000000, -1.000000000000000000 ) ) ;
#978 = PLANE ( 'NONE',  #256 ) ;
#979 = PERSON ( '未指定', '未指定', '未指定', ('未指定'), ('未指定'), ('未指定') ) ;
#980 = ADVANCED_FACE ( 'NONE', ( #1193 ), #264, .F. ) ;
#981 = AXIS2_PLACEMENT_3D ( 'NONE', #821, #1500, #836 ) ;
#982 = ORIENTED_EDGE ( 'NONE', *, *, #605, .F. ) ;
#983 = VECTOR ( 'NONE', #1371, 1000.000000000000000 ) ;
#984 = LINE ( 'NONE', #1607, #146 ) ;
#985 = CARTESIAN_POINT ( 'NONE',  ( -60.00000000000000000, -4.000000000000000000, -30.00000000000000000 ) ) ;
#986 = DIRECTION ( 'NONE',  ( 1.000000000000000000, 0.000000000000000000, 0.000000000000000000 ) ) ;
#987 = EDGE_CURVE ( 'NONE', #1499, #166, #1199, .T. ) ;
#988 = ORIENTED_EDGE ( 'NONE', *, *, #1333, .T. ) ;
#989 = AXIS2_PLACEMENT_3D ( 'NONE', #30, #840, #1100 ) ;
#990 = AXIS2_PLACEMENT_3D ( 'NONE', #518, #936, #248 ) ;
#992 = ORIENTED_EDGE ( 'NONE', *, *, #733, .T. ) ;
#991 = DIRECTION ( 'NONE',  ( 0.000000000000000000, 1.000000000000000000, 0.000000000000000000 ) ) ;
#993 = ORIENTED_EDGE ( 'NONE', *, *, #716, .F. ) ;
#994 = LINE ( 'NONE', #456, #818 ) ;
#995 = CARTESIAN_POINT ( 'NONE',  ( -108.0000000000000000, -12.00000000000000000, 67.50000000000000000 ) ) ;
#996 = EDGE_CURVE ( 'NONE', #1456, #1120, #760, .T. ) ;
#997 = DIRECTION ( 'NONE',  ( 0.000000000000000000, 0.000000000000000000, 1.000000000000000000 ) ) ;
#998 = CARTESIAN_POINT ( 'NONE',  ( -8.000000000000000000, -4.000000000000000000, -30.00000000000000000 ) ) ;
#999 = ORIENTED_EDGE ( 'NONE', *, *, #412, .T. ) ;
#1000 = EDGE_CURVE ( 'NONE', #96, #52, #401, .T. ) ;
#1001 = CARTESIAN_POINT ( 'NONE',  ( -56.00000000000000000, -3.000000000000000000, -0.000000000000000000 ) ) ;
#1002 = CARTESIAN_POINT ( 'NONE',  ( -110.0000000000000000, 0.000000000000000000, -67.50000000000000000 ) ) ;
#1003 = CARTESIAN_POINT ( 'NONE',  ( -56.00000000000000000, 0.000000000000000000, -54.00000000000000000 ) ) ;
#1005 = EDGE_LOOP ( 'NONE', ( #838, #18, #1173, #638 ) ) ;
#1004 = LINE ( 'NONE', #1294, #776 ) ;
#1006 = ORIENTED_EDGE ( 'NONE', *, *, #1670, .T. ) ;
#1007 = VECTOR ( 'NONE', #991, 1000.000000000000000 ) ;
#1008 = PLANE ( 'NONE',  #1649 ) ;
#1009 = CARTESIAN_POINT ( 'NONE',  ( -108.0000000000000000, -12.00000000000000000, -67.50000000000000000 ) ) ;
#1010 = AXIS2_PLACEMENT_3D ( 'NONE', #582, #308, #1254 ) ;
#1011 = EDGE_CURVE ( 'NONE', #731, #596, #1177, .T. ) ;
#1012 = VECTOR ( 'NONE', #1497, 1000.000000000000000 ) ;
#1013 = DIRECTION ( 'NONE',  ( -0.000000000000000000, 1.000000000000000000, -0.000000000000000000 ) ) ;
#1014 = ORIENTED_EDGE ( 'NONE', *, *, #1271, .T. ) ;
#1016 = EDGE_LOOP ( 'NONE', ( #1692, #406, #882, #521 ) ) ;
#1015 = DIRECTION ( 'NONE',  ( -0.000000000000000000, 1.000000000000000000, -0.000000000000000000 ) ) ;
#1017 = VERTEX_POINT ( 'NONE', #1552 ) ;
#1018 = CARTESIAN_POINT ( 'NONE',  ( -68.00000000000000000, 0.000000000000000000, -30.00000000000000000 ) ) ;
#1019 = CARTESIAN_POINT ( 'NONE',  ( -61.00000000000000000, -3.000000000000000000, 34.00000000000000000 ) ) ;
#1020 = CARTESIAN_POINT ( 'NONE',  ( -110.0000000000000000, -3.000000000000000000, -67.50000000000000000 ) ) ;
#1021 = EDGE_CURVE ( 'NONE', #160, #740, #364, .T. ) ;
#1023 = VERTEX_POINT ( 'NONE', #628 ) ;
#1022 = CARTESIAN_POINT ( 'NONE',  ( 0.000000000000000000, -4.000000000000000000, -30.00000000000000000 ) ) ;
#1024 = LINE ( 'NONE', #210, #266 ) ;
#1025 = DIRECTION ( 'NONE',  ( -0.000000000000000000, 1.000000000000000000, -0.000000000000000000 ) ) ;
#1026 = DIRECTION ( 'NONE',  ( 0.000000000000000000, -1.000000000000000000, 0.000000000000000000 ) ) ;
#1027 = VERTEX_POINT ( 'NONE', #1003 ) ;
#1028 = EDGE_CURVE ( 'NONE', #8, #132, #1350, .T. ) ;
#1029 = DIRECTION ( 'NONE',  ( -1.000000000000000000, -0.000000000000000000, -0.000000000000000000 ) ) ;
#1030 = CARTESIAN_POINT ( 'NONE',  ( 0.000000000000000000, -3.000000000000000000, -54.00000000000000000 ) ) ;
#1031 = ORIENTED_EDGE ( 'NONE', *, *, #1481, .F. ) ;
#1032 = DIRECTION ( 'NONE',  ( -1.000000000000000000, 0.000000000000000000, -0.000000000000000000 ) ) ;
#1033 = AXIS2_PLACEMENT_3D ( 'NONE', #768, #116, #1330 ) ;
#1034 = VECTOR ( 'NONE', #965, 1000.000000000000000 ) ;
#1035 = FACE_OUTER_BOUND ( 'NONE', #425, .T. ) ;
#1036 = EDGE_CURVE ( 'NONE', #235, #160, #1239, .T. ) ;
#1037 = APPROVAL_PERSON_ORGANIZATION ( #1186, #362, #512 ) ;
#1039 = VERTEX_POINT ( 'NONE', #155 ) ;
#1038 = CARTESIAN_POINT ( 'NONE',  ( 4.000000000000000000, -4.000000000000000000, -30.00000000000000000 ) ) ;
#1040 = ORIENTED_EDGE ( 'NONE', *, *, #1654, .F. ) ;
#1041 = CARTESIAN_POINT ( 'NONE',  ( -8.000000000000000000, -3.000000000000000000, -0.000000000000000000 ) ) ;
#1042 = ORIENTED_EDGE ( 'NONE', *, *, #400, .F. ) ;
#1043 = PERSON_AND_ORGANIZATION_ROLE ( 'classification_officer' ) ;
#1044 = AXIS2_PLACEMENT_3D ( 'NONE', #1442, #913, #376 ) ;
#1045 = DIRECTION ( 'NONE',  ( -0.000000000000000000, 1.000000000000000000, -0.000000000000000000 ) ) ;
#1046 = DIRECTION ( 'NONE',  ( -0.000000000000000000, 1.000000000000000000, -0.000000000000000000 ) ) ;
#1047 = EDGE_CURVE ( 'NONE', #107, #36, #302, .T. ) ;
#1048 = CARTESIAN_POINT ( 'NONE',  ( -100.0000000000000000, -2.999999999999999112, 55.20000000000000284 ) ) ;
#1049 = EDGE_LOOP ( 'NONE', ( #1213, #1343, #1582, #1185 ) ) ;
#1050 = CARTESIAN_POINT ( 'NONE',  ( -84.00000000000000000, 0.000000000000000000, -30.00000000000000000 ) ) ;
#1051 = ORIENTED_EDGE ( 'NONE', *, *, #452, .T. ) ;
#1052 = COORDINATED_UNIVERSAL_TIME_OFFSET ( 8, 0, .AHEAD. ) ;
#1053 = EDGE_LOOP ( 'NONE', ( #883, #272, #873, #1483 ) ) ;
#1054 = EDGE_CURVE ( 'NONE', #1501, #166, #1076, .T. ) ;
#1055 = CARTESIAN_POINT ( 'NONE',  ( -68.00000000000000000, -4.000000000000000000, -30.00000000000000000 ) ) ;
#1056 = DIRECTION ( 'NONE',  ( 0.000000000000000000, 0.000000000000000000, -1.000000000000000000 ) ) ;
#1057 = DIRECTION ( 'NONE',  ( 0.000000000000000000, -1.000000000000000000, 0.000000000000000000 ) ) ;
#1058 = ORIENTED_EDGE ( 'NONE', *, *, #1396, .F. ) ;
#1059 = PLANE ( 'NONE',  #848 ) ;
#1060 = EDGE_LOOP ( 'NONE', ( #255, #1703, #999, #1369 ) ) ;
#1061 = DIRECTION ( 'NONE',  ( -0.000000000000000000, 1.000000000000000000, -0.000000000000000000 ) ) ;
#1062 = LINE ( 'NONE', #31, #635 ) ;
#1063 = EDGE_CURVE ( 'NONE', #1578, #1027, #1224, .T. ) ;
#1064 = AXIS2_PLACEMENT_3D ( 'NONE', #222, #1266, #718 ) ;
#1065 = AXIS2_PLACEMENT_3D ( 'NONE', #1197, #1488, #1356 ) ;
#1066 = LINE ( 'NONE', #1445, #1689 ) ;
#1067 = ORIENTED_EDGE ( 'NONE', *, *, #129, .T. ) ;
#1068 = PLANE ( 'NONE',  #458 ) ;
#1069 = ORIENTED_EDGE ( 'NONE', *, *, #677, .F. ) ;
#1070 = DIRECTION ( 'NONE',  ( 0.000000000000000000, 0.000000000000000000, 1.000000000000000000 ) ) ;
#1071 = LINE ( 'NONE', #1253, #1158 ) ;
#1072 = DIRECTION ( 'NONE',  ( 0.000000000000000000, 1.000000000000000000, 0.000000000000000000 ) ) ;
#1073 = VECTOR ( 'NONE', #675, 1000.000000000000000 ) ;
#1074 = AXIS2_PLACEMENT_3D ( 'NONE', #1412, #366, #884 ) ;
#1075 = EDGE_CURVE ( 'NONE', #79, #761, #1121, .T. ) ;
#1076 = LINE ( 'NONE', #295, #956 ) ;
#1077 = ORIENTED_EDGE ( 'NONE', *, *, #436, .T. ) ;
#1078 = CARTESIAN_POINT ( 'NONE',  ( -12.00000000000000000, -4.000000000000000000, -30.00000000000000000 ) ) ;
#1079 = ORIENTED_EDGE ( 'NONE', *, *, #1357, .T. ) ;
#1080 = PERSON_AND_ORGANIZATION_ROLE ( 'design_supplier' ) ;
#1081 = ORIENTED_EDGE ( 'NONE', *, *, #318, .T. ) ;
#1082 = DIRECTION ( 'NONE',  ( -0.000000000000000000, 1.000000000000000000, -0.000000000000000000 ) ) ;
#1083 = DIRECTION ( 'NONE',  ( 1.000000000000000000, 0.000000000000000000, 0.000000000000000000 ) ) ;
#1084 = FACE_BOUND ( 'NONE', #1292, .T. ) ;
#1085 = ADVANCED_FACE ( 'NONE', ( #421, #692, #1598, #1231, #1084, #869, #460, #466, #1482, #553, #173, #1128, #1528, #1270 ), #66, .T. ) ;
#1086 = VERTEX_POINT ( 'NONE', #26 ) ;
#1087 = CARTESIAN_POINT ( 'NONE',  ( 4.000000000000000000, 0.000000000000000000, -54.00000000000000000 ) ) ;
#1088 = ORIENTED_EDGE ( 'NONE', *, *, #1028, .F. ) ;
#1089 = ORIENTED_EDGE ( 'NONE', *, *, #842, .T. ) ;
#1090 = DIRECTION ( 'NONE',  ( -0.000000000000000000, 1.000000000000000000, -0.000000000000000000 ) ) ;
#1091 = CARTESIAN_POINT ( 'NONE',  ( 100.0000000000000000, -2.999999999999999112, -57.00000000000000000 ) ) ;
#1092 = VECTOR ( 'NONE', #1226, 1000.000000000000000 ) ;
#1093 = DIRECTION ( 'NONE',  ( -0.000000000000000000, 1.000000000000000000, -0.000000000000000000 ) ) ;
#1094 = VECTOR ( 'NONE', #1283, 1000.000000000000000 ) ;
#1095 = ORIENTED_EDGE ( 'NONE', *, *, #345, .F. ) ;
#1096 = CC_DESIGN_APPROVAL ( #362, ( #1152 ) ) ;
#1098 = EDGE_LOOP ( 'NONE', ( #1698, #988, #900, #658 ) ) ;
#1097 = LINE ( 'NONE', #432, #1530 ) ;
#1099 = ORIENTED_EDGE ( 'NONE', *, *, #213, .T. ) ;
#1100 = DIRECTION ( 'NONE',  ( 0.000000000000000000, 0.000000000000000000, -1.000000000000000000 ) ) ;
#1101 = LINE ( 'NONE', #1135, #778 ) ;
#1102 = ADVANCED_FACE ( 'NONE', ( #32 ), #165, .F. ) ;
#1103 = VECTOR ( 'NONE', #622, 1000.000000000000000 ) ;
#1104 = VECTOR ( 'NONE', #471, 1000.000000000000000 ) ;
#1105 = ORIENTED_EDGE ( 'NONE', *, *, #535, .T. ) ;
#1107 = ORIENTED_EDGE ( 'NONE', *, *, #933, .F. ) ;
#1106 = CARTESIAN_POINT ( 'NONE',  ( -12.00000000000000000, -3.000000000000000000, -54.00000000000000000 ) ) ;
#1108 = EDGE_LOOP ( 'NONE', ( #207, #1051, #945, #827 ) ) ;
#1109 = CARTESIAN_POINT ( 'NONE',  ( -100.0000000000000000, -2.999999999999999112, 57.00000000000000000 ) ) ;
#1110 = CARTESIAN_POINT ( 'NONE',  ( -8.000000000000000000, 0.000000000000000000, -30.00000000000000000 ) ) ;
#1111 = EDGE_CURVE ( 'NONE', #596, #1557, #536, .T. ) ;
#1112 = ORIENTED_EDGE ( 'NONE', *, *, #477, .T. ) ;
#1113 = ORIENTED_EDGE ( 'NONE', *, *, #353, .F. ) ;
#1114 = CARTESIAN_POINT ( 'NONE',  ( 100.0000000000000000, -2.999999999999999112, -58.79999999999999716 ) ) ;
#1115 = EDGE_LOOP ( 'NONE', ( #1407, #55, #1014, #223 ) ) ;
#1116 = CARTESIAN_POINT ( 'NONE',  ( -100.0000000000000000, -16.00000000000000000, 57.00000000000000000 ) ) ;
#1117 = DIRECTION ( 'NONE',  ( -1.000000000000000000, -0.000000000000000000, -0.000000000000000000 ) ) ;
#1118 = EDGE_CURVE ( 'NONE', #580, #1017, #283, .T. ) ;
#1119 = AXIS2_PLACEMENT_3D ( 'NONE', #1022, #1674, #327 ) ;
#1120 = VERTEX_POINT ( 'NONE', #819 ) ;
#1121 = CIRCLE ( 'NONE', #1208, 9.250000000000001776 ) ;
#1123 = ORIENTED_EDGE ( 'NONE', *, *, #1529, .F. ) ;
#1122 = DIRECTION ( 'NONE',  ( 0.000000000000000000, 1.000000000000000000, 0.000000000000000000 ) ) ;
#1124 = AXIS2_PLACEMENT_3D ( 'NONE', #624, #1434, #355 ) ;
#1125 = ADVANCED_FACE ( 'NONE', ( #333 ), #1605, .T. ) ;
#1126 = LINE ( 'NONE', #1260, #1699 ) ;
#1127 = DIRECTION ( 'NONE',  ( -1.000000000000000000, 0.000000000000000000, -0.000000000000000000 ) ) ;
#1128 = FACE_BOUND ( 'NONE', #957, .T. ) ;
#1129 = ADVANCED_FACE ( 'NONE', ( #593 ), #1616, .T. ) ;
#1130 = EDGE_CURVE ( 'NONE', #1712, #346, #212, .T. ) ;
#1132 = ORIENTED_EDGE ( 'NONE', *, *, #557, .T. ) ;
#1131 = LINE ( 'NONE', #334, #665 ) ;
#1133 = VECTOR ( 'NONE', #1419, 1000.000000000000000 ) ;
#1134 = PLANE ( 'NONE',  #1074 ) ;
#1135 = CARTESIAN_POINT ( 'NONE',  ( 0.000000000000000000, -3.000000000000000000, -54.00000000000000000 ) ) ;
#1136 = CARTESIAN_POINT ( 'NONE',  ( -110.0000000000000000, -3.000000000000000000, 67.50000000000000000 ) ) ;
#1138 = ORIENTED_EDGE ( 'NONE', *, *, #1255, .F. ) ;
#1137 = DIRECTION ( 'NONE',  ( -0.000000000000000000, 1.000000000000000000, -0.000000000000000000 ) ) ;
#1139 = EDGE_LOOP ( 'NONE', ( #791, #78, #540, #462 ) ) ;
#1140 = EDGE_CURVE ( 'NONE', #1519, #1557, #1613, .T. ) ;
#1141 = DIRECTION ( 'NONE',  ( 0.000000000000000000, 0.000000000000000000, 1.000000000000000000 ) ) ;
#1142 = FACE_OUTER_BOUND ( 'NONE', #241, .T. ) ;
#1143 = CARTESIAN_POINT ( 'NONE',  ( 46.00000000000000000, -4.000000000000000000, 30.25000000000000711 ) ) ;
#1144 = EDGE_CURVE ( 'NONE', #1258, #754, #1443, .T. ) ;
#1146 = VERTEX_POINT ( 'NONE', #490 ) ;
#1145 = CARTESIAN_POINT ( 'NONE',  ( 100.0000000000000000, -16.00000000000000000, -57.00000000000000000 ) ) ;
#1147 = AXIS2_PLACEMENT_3D ( 'NONE', #1145, #468, #350 ) ;
#1148 = FACE_OUTER_BOUND ( 'NONE', #1627, .T. ) ;
#1149 = CARTESIAN_POINT ( 'NONE',  ( 0.000000000000000000, 0.000000000000000000, 0.000000000000000000 ) ) ;
#1150 = VECTOR ( 'NONE', #886, 1000.000000000000000 ) ;
#1151 = CARTESIAN_POINT ( 'NONE',  ( -80.00000000000000000, 0.000000000000000000, -54.00000000000000000 ) ) ;
#1152 = SECURITY_CLASSIFICATION ( '', '', #771 ) ;
#1153 = DIRECTION ( 'NONE',  ( -0.000000000000000000, -0.000000000000000000, 1.000000000000000000 ) ) ;
#1154 = VERTEX_POINT ( 'NONE', #759 ) ;
#1155 = EDGE_CURVE ( 'NONE', #887, #21, #101, .T. ) ;
#1157 = VERTEX_POINT ( 'NONE', #237 ) ;
#1156 = DIRECTION ( 'NONE',  ( 0.000000000000000000, 0.000000000000000000, -1.000000000000000000 ) ) ;
#1158 = VECTOR ( 'NONE', #200, 1000.000000000000000 ) ;
#1159 = DIRECTION ( 'NONE',  ( -0.000000000000000000, 1.000000000000000000, -0.000000000000000000 ) ) ;
#1160 = VECTOR ( 'NONE', #1477, 1000.000000000000000 ) ;
#1161 = DIRECTION ( 'NONE',  ( -0.000000000000000000, 0.000000000000000000, 1.000000000000000000 ) ) ;
#1162 = AXIS2_PLACEMENT_3D ( 'NONE', #1280, #1549, #1652 ) ;
#1163 = CARTESIAN_POINT ( 'NONE',  ( 100.0000000000000000, 0.000000000000000000, -55.20000000000000995 ) ) ;
#1165 = EDGE_LOOP ( 'NONE', ( #414, #1534, #121, #509 ) ) ;
#1164 = CARTESIAN_POINT ( 'NONE',  ( 0.000000000000000000, -3.000000000000000000, -54.00000000000000000 ) ) ;
#1166 = DIRECTION ( 'NONE',  ( -0.000000000000000000, 1.000000000000000000, -0.000000000000000000 ) ) ;
#1167 = EDGE_LOOP ( 'NONE', ( #541, #1081, #1651, #303 ) ) ;
#1168 = FACE_OUTER_BOUND ( 'NONE', #174, .T. ) ;
#1169 = CC_DESIGN_DATE_AND_TIME_ASSIGNMENT ( #288, #159, ( #1152 ) ) ;
#1170 = CARTESIAN_POINT ( 'NONE',  ( 46.00000000000000000, -3.000000000000000000, 11.74999999999999822 ) ) ;
#1171 = EDGE_LOOP ( 'NONE', ( #1264, #184, #968, #422 ) ) ;
#1173 = ORIENTED_EDGE ( 'NONE', *, *, #1520, .T. ) ;
#1172 = FACE_BOUND ( 'NONE', #892, .T. ) ;
#1174 = LINE ( 'NONE', #1565, #459 ) ;
#1175 = DIRECTION ( 'NONE',  ( 0.000000000000000000, 1.000000000000000000, 0.000000000000000000 ) ) ;
#1176 = ADVANCED_FACE ( 'NONE', ( #1035 ), #1538, .T. ) ;
#1177 = CIRCLE ( 'NONE', #1398, 1.799999999999989164 ) ;
#1178 = AXIS2_PLACEMENT_3D ( 'NONE', #545, #1406, #1647 ) ;
#1179 = DIRECTION ( 'NONE',  ( 0.000000000000000000, -1.000000000000000000, 0.000000000000000000 ) ) ;
#1180 = CIRCLE ( 'NONE', #1124, 1.799999999999989164 ) ;
#1181 = CARTESIAN_POINT ( 'NONE',  ( 0.000000000000000000, 0.000000000000000000, -54.00000000000000000 ) ) ;
#1182 = EDGE_CURVE ( 'NONE', #215, #1499, #618, .T. ) ;
#1183 = ORIENTED_EDGE ( 'NONE', *, *, #566, .F. ) ;
#1184 = DIRECTION ( 'NONE',  ( 0.000000000000000000, 0.000000000000000000, -1.000000000000000000 ) ) ;
#1185 = ORIENTED_EDGE ( 'NONE', *, *, #943, .F. ) ;
#1186 = PERSON_AND_ORGANIZATION ( #979, #1428 ) ;
#1187 = EDGE_LOOP ( 'NONE', ( #1338, #1341 ) ) ;
#1188 = CIRCLE ( 'NONE', #1044, 1.799999999999989164 ) ;
#1189 = CARTESIAN_POINT ( 'NONE',  ( 12.00000000000000000, 0.000000000000000000, -30.00000000000000000 ) ) ;
#1190 = LINE ( 'NONE', #1452, #289 ) ;
#1191 = ORIENTED_EDGE ( 'NONE', *, *, #1329, .F. ) ;
#1192 = ORIENTED_EDGE ( 'NONE', *, *, #50, .T. ) ;
#1193 = FACE_OUTER_BOUND ( 'NONE', #1390, .T. ) ;
#1194 = EDGE_CURVE ( 'NONE', #277, #1204, #751, .T. ) ;
#1195 = LINE ( 'NONE', #928, #299 ) ;
#1196 = CYLINDRICAL_SURFACE ( 'NONE', #238, 1.799999999999989164 ) ;
#1197 = CARTESIAN_POINT ( 'NONE',  ( 46.00000000000000000, -3.000000000000000000, 47.00000000000000000 ) ) ;
#1198 = EDGE_CURVE ( 'NONE', #1353, #1310, #498, .T. ) ;
#1199 = LINE ( 'NONE', #3, #202 ) ;
#1200 = ORIENTED_EDGE ( 'NONE', *, *, #677, .T. ) ;
#1201 = DIRECTION ( 'NONE',  ( -0.000000000000000000, 1.000000000000000000, -0.000000000000000000 ) ) ;
#1202 = ORIENTED_EDGE ( 'NONE', *, *, #1654, .T. ) ;
#1203 = PERSON_AND_ORGANIZATION ( #979, #1428 ) ;
#1204 = VERTEX_POINT ( 'NONE', #1551 ) ;
#1205 = CARTESIAN_POINT ( 'NONE',  ( -84.00000000000000000, 0.000000000000000000, -54.00000000000000000 ) ) ;
#1206 = CARTESIAN_POINT ( 'NONE',  ( -60.00000000000000000, -3.000000000000000000, -0.000000000000000000 ) ) ;
#1207 = ADVANCED_FACE ( 'NONE', ( #368 ), #625, .T. ) ;
#1208 = AXIS2_PLACEMENT_3D ( 'NONE', #73, #858, #1397 ) ;
#1209 = APPROVAL_PERSON_ORGANIZATION ( #415, #877, #279 ) ;
#1210 = CARTESIAN_POINT ( 'NONE',  ( -56.00000000000000000, -4.000000000000000000, -30.00000000000000000 ) ) ;
#1211 = ORIENTED_EDGE ( 'NONE', *, *, #1547, .T. ) ;
#1212 = DIRECTION ( 'NONE',  ( -0.000000000000000000, -0.000000000000000000, 1.000000000000000000 ) ) ;
#1213 = ORIENTED_EDGE ( 'NONE', *, *, #1223, .T. ) ;
#1214 = PERSON_AND_ORGANIZATION ( #979, #1428 ) ;
#1215 = VERTEX_POINT ( 'NONE', #1163 ) ;
#1216 = ORIENTED_EDGE ( 'NONE', *, *, #996, .T. ) ;
#1217 = VERTEX_POINT ( 'NONE', #1170 ) ;
#1218 = APPLICATION_CONTEXT ( 'configuration controlled 3d designs of mechanical parts and assemblies' ) ;
#1219 = DIRECTION ( 'NONE',  ( 0.000000000000000000, 0.000000000000000000, 1.000000000000000000 ) ) ;
#1220 = CC_DESIGN_PERSON_AND_ORGANIZATION_ASSIGNMENT ( #1334, #938, ( #1454 ) ) ;
#1221 = CARTESIAN_POINT ( 'NONE',  ( -60.00000000000000000, -4.000000000000000000, -30.00000000000000000 ) ) ;
#1222 = AXIS2_PLACEMENT_3D ( 'NONE', #37, #559, #434 ) ;
#1223 = EDGE_CURVE ( 'NONE', #1256, #54, #115, .T. ) ;
#1224 = LINE ( 'NONE', #826, #1316 ) ;
#1225 = ORIENTED_EDGE ( 'NONE', *, *, #799, .F. ) ;
#1226 = DIRECTION ( 'NONE',  ( -0.000000000000000000, 0.000000000000000000, 1.000000000000000000 ) ) ;
#1227 = EDGE_LOOP ( 'NONE', ( #1362, #1415, #1244, #822 ) ) ;
#1228 = COORDINATED_UNIVERSAL_TIME_OFFSET ( 8, 0, .AHEAD. ) ;
#1229 = CYLINDRICAL_SURFACE ( 'NONE', #617, 1.799999999999989164 ) ;
#1230 = LINE ( 'NONE', #271, #558 ) ;
#1231 = FACE_BOUND ( 'NONE', #910, .T. ) ;
#1232 = ORIENTED_EDGE ( 'NONE', *, *, #961, .F. ) ;
#1233 = DIRECTION ( 'NONE',  ( 1.000000000000000000, 0.000000000000000000, 0.000000000000000000 ) ) ;
#1234 = ORIENTED_EDGE ( 'NONE', *, *, #626, .F. ) ;
#1235 = FACE_OUTER_BOUND ( 'NONE', #1473, .T. ) ;
#1236 = LINE ( 'NONE', #995, #1012 ) ;
#1237 = EDGE_CURVE ( 'NONE', #1217, #1353, #583, .T. ) ;
#1238 = AXIS2_PLACEMENT_3D ( 'NONE', #516, #1576, #915 ) ;
#1239 = LINE ( 'NONE', #678, #180 ) ;
#1240 = VECTOR ( 'NONE', #1389, 1000.000000000000000 ) ;
#1241 = VERTEX_POINT ( 'NONE', #633 ) ;
#1242 = LOCAL_TIME ( 17, 26, 24.00000000000000000, #782 ) ;
#1244 = ORIENTED_EDGE ( 'NONE', *, *, #1520, .F. ) ;
#1243 = CARTESIAN_POINT ( 'NONE',  ( -12.00000000000000000, 0.000000000000000000, -30.00000000000000000 ) ) ;
#1245 = VERTEX_POINT ( 'NONE', #377 ) ;
#1246 = EDGE_CURVE ( 'NONE', #668, #141, #809, .T. ) ;
#1247 = CARTESIAN_POINT ( 'NONE',  ( -61.00000000000000000, -3.000000000000000000, 43.00000000000000000 ) ) ;
#1248 = CARTESIAN_POINT ( 'NONE',  ( -56.00000000000000000, -3.000000000000000000, -54.00000000000000000 ) ) ;
#1249 = VERTEX_POINT ( 'NONE', #1661 ) ;
#1250 = CARTESIAN_POINT ( 'NONE',  ( 100.0000000000000000, -2.999999999999999112, 55.20000000000000284 ) ) ;
#1251 = ORIENTED_EDGE ( 'NONE', *, *, #339, .T. ) ;
#1252 = EDGE_CURVE ( 'NONE', #701, #1154, #1546, .T. ) ;
#1253 = CARTESIAN_POINT ( 'NONE',  ( -61.00000000000000000, -4.000000000000000000, 43.00000000000000000 ) ) ;
#1254 = DIRECTION ( 'NONE',  ( 0.000000000000000000, 0.000000000000000000, 1.000000000000000000 ) ) ;
#1255 = EDGE_CURVE ( 'NONE', #9, #346, #251, .T. ) ;
#1256 = VERTEX_POINT ( 'NONE', #227 ) ;
#1258 = VERTEX_POINT ( 'NONE', #1293 ) ;
#1257 = CARTESIAN_POINT ( 'NONE',  ( -12.00000000000000000, 0.000000000000000000, -30.00000000000000000 ) ) ;
#1259 = ORIENTED_EDGE ( 'NONE', *, *, #1444, .F. ) ;
#1260 = CARTESIAN_POINT ( 'NONE',  ( -12.00000000000000000, 0.000000000000000000, -54.00000000000000000 ) ) ;
#1261 = LINE ( 'NONE', #457, #1318 ) ;
#1262 = EDGE_CURVE ( 'NONE', #770, #130, #601, .T. ) ;
#1263 = AXIS2_PLACEMENT_3D ( 'NONE', #1517, #104, #478 ) ;
#1264 = ORIENTED_EDGE ( 'NONE', *, *, #1564, .T. ) ;
#1265 = AXIS2_PLACEMENT_3D ( 'NONE', #1091, #805, #1471 ) ;
#1266 = DIRECTION ( 'NONE',  ( -0.000000000000000000, 1.000000000000000000, -0.000000000000000000 ) ) ;
#1267 = APPROVAL_PERSON_ORGANIZATION ( #1203, #713, #249 ) ;
#1268 = CARTESIAN_POINT ( 'NONE',  ( -60.00000000000000000, -3.000000000000000000, -30.00000000000000000 ) ) ;
#1269 = FACE_OUTER_BOUND ( 'NONE', #661, .T. ) ;
#1270 = FACE_OUTER_BOUND ( 'NONE', #653, .T. ) ;
#1271 = EDGE_CURVE ( 'NONE', #166, #84, #89, .T. ) ;
#1272 = VECTOR ( 'NONE', #1090, 1000.000000000000000 ) ;
#1274 = EDGE_LOOP ( 'NONE', ( #402, #1191 ) ) ;
#1273 = CARTESIAN_POINT ( 'NONE',  ( -108.0000000000000000, -12.00000000000000000, 65.50000000000000000 ) ) ;
#1275 = FACE_OUTER_BOUND ( 'NONE', #1016, .T. ) ;
#1276 = FACE_BOUND ( 'NONE', #712, .T. ) ;
#1277 = DIRECTION ( 'NONE',  ( 0.000000000000000000, 0.000000000000000000, -1.000000000000000000 ) ) ;
#1279 = ORIENTED_EDGE ( 'NONE', *, *, #1609, .T. ) ;
#1278 = DIRECTION ( 'NONE',  ( 0.000000000000000000, -1.000000000000000000, 0.000000000000000000 ) ) ;
#1280 = CARTESIAN_POINT ( 'NONE',  ( -68.00000000000000000, -4.000000000000000000, -30.00000000000000000 ) ) ;
#1281 = LINE ( 'NONE', #764, #868 ) ;
#1282 = EDGE_CURVE ( 'NONE', #96, #1712, #1671, .T. ) ;
#1283 = DIRECTION ( 'NONE',  ( -1.000000000000000000, -0.000000000000000000, -0.000000000000000000 ) ) ;
#1284 = ORIENTED_EDGE ( 'NONE', *, *, #100, .F. ) ;
#1285 = DIRECTION ( 'NONE',  ( 1.000000000000000000, 0.000000000000000000, 0.000000000000000000 ) ) ;
#1286 = ORIENTED_EDGE ( 'NONE', *, *, #1620, .T. ) ;
#1287 = AXIS2_PLACEMENT_3D ( 'NONE', #1210, #370, #1708 ) ;
#1288 = VECTOR ( 'NONE', #1093, 1000.000000000000000 ) ;
#1289 = EDGE_CURVE ( 'NONE', #85, #306, #1690, .T. ) ;
#1290 = CARTESIAN_POINT ( 'NONE',  ( -108.0000000000000000, -12.00000000000000000, 67.50000000000000000 ) ) ;
#1291 = CARTESIAN_POINT ( 'NONE',  ( 0.000000000000000000, -3.000000000000000000, -54.00000000000000000 ) ) ;
#1292 = EDGE_LOOP ( 'NONE', ( #51, #546, #1403, #1183 ) ) ;
#1293 = CARTESIAN_POINT ( 'NONE',  ( -110.0000000000000000, -12.00000000000000000, -67.50000000000000000 ) ) ;
#1295 = ORIENTED_EDGE ( 'NONE', *, *, #169, .F. ) ;
#1294 = CARTESIAN_POINT ( 'NONE',  ( 100.0000000000000000, -16.00000000000000000, -58.79999999999999005 ) ) ;
#1296 = VECTOR ( 'NONE', #1082, 1000.000000000000000 ) ;
#1297 = CARTESIAN_POINT ( 'NONE',  ( -108.0000000000000000, -12.00000000000000000, 67.50000000000000000 ) ) ;
#1298 = ORIENTED_EDGE ( 'NONE', *, *, #685, .F. ) ;
#1299 = DIRECTION ( 'NONE',  ( -1.000000000000000000, -0.000000000000000000, -0.000000000000000000 ) ) ;
#1300 = EDGE_CURVE ( 'NONE', #1485, #326, #1190, .T. ) ;
#1301 = FACE_OUTER_BOUND ( 'NONE', #1005, .T. ) ;
#1302 = DIRECTION ( 'NONE',  ( 0.000000000000000000, 0.000000000000000000, 1.000000000000000000 ) ) ;
#1303 = DIRECTION ( 'NONE',  ( 1.000000000000000000, 0.000000000000000000, 0.000000000000000000 ) ) ;
#1304 = DIRECTION ( 'NONE',  ( -0.000000000000000000, 0.000000000000000000, 1.000000000000000000 ) ) ;
#1305 = VERTEX_POINT ( 'NONE', #655 ) ;
#1306 = FACE_BOUND ( 'NONE', #631, .T. ) ;
#1307 = DIRECTION ( 'NONE',  ( -0.000000000000000000, 1.000000000000000000, -0.000000000000000000 ) ) ;
#1308 = EDGE_CURVE ( 'NONE', #862, #221, #418, .T. ) ;
#1309 = CARTESIAN_POINT ( 'NONE',  ( 100.0000000000000000, 0.000000000000000000, 57.00000000000000000 ) ) ;
#1310 = VERTEX_POINT ( 'NONE', #684 ) ;
#1311 = CARTESIAN_POINT ( 'NONE',  ( -12.00000000000000000, -3.000000000000000000, -30.00000000000000000 ) ) ;
#1312 = EDGE_LOOP ( 'NONE', ( #1132, #45, #1112, #1040 ) ) ;
#1313 = ORIENTED_EDGE ( 'NONE', *, *, #1416, .F. ) ;
#1314 = AXIS2_PLACEMENT_3D ( 'NONE', #571, #1494, #845 ) ;
#1315 = CARTESIAN_POINT ( 'NONE',  ( 100.0000000000000000, -2.999999999999999112, -55.20000000000000284 ) ) ;
#1316 = VECTOR ( 'NONE', #808, 1000.000000000000000 ) ;
#1317 = CARTESIAN_POINT ( 'NONE',  ( 12.00000000000000000, -4.000000000000000000, -54.00000000000000000 ) ) ;
#1318 = VECTOR ( 'NONE', #178, 1000.000000000000000 ) ;
#1319 = EDGE_CURVE ( 'NONE', #548, #621, #867, .T. ) ;
#1320 = CARTESIAN_POINT ( 'NONE',  ( -68.00000000000000000, -4.000000000000000000, -54.00000000000000000 ) ) ;
#1321 = EDGE_LOOP ( 'NONE', ( #298, #344, #284, #1504 ) ) ;
#1322 = DIRECTION ( 'NONE',  ( -0.000000000000000000, 1.000000000000000000, -0.000000000000000000 ) ) ;
#1323 = ORIENTED_EDGE ( 'NONE', *, *, #1678, .F. ) ;
#1324 = APPROVAL_DATE_TIME ( #258, #362 ) ;
#1325 = ORIENTED_EDGE ( 'NONE', *, *, #626, .T. ) ;
#1326 = VECTOR ( 'NONE', #383, 1000.000000000000000 ) ;
#1327 = LINE ( 'NONE', #794, #1673 ) ;
#1328 = CARTESIAN_POINT ( 'NONE',  ( 108.0000000000000000, -12.00000000000000000, 67.50000000000000000 ) ) ;
#1329 = EDGE_CURVE ( 'NONE', #761, #79, #475, .T. ) ;
#1330 = DIRECTION ( 'NONE',  ( 0.000000000000000000, 0.000000000000000000, 1.000000000000000000 ) ) ;
#1331 = EDGE_LOOP ( 'NONE', ( #1211, #1657, #1325, #969 ) ) ;
#1332 = DIRECTION ( 'NONE',  ( -1.000000000000000000, 0.000000000000000000, -0.000000000000000000 ) ) ;
#1333 = EDGE_CURVE ( 'NONE', #326, #1245, #1346, .T. ) ;
#1334 = PERSON_AND_ORGANIZATION ( #979, #1428 ) ;
#1335 = ORIENTED_EDGE ( 'NONE', *, *, #1658, .T. ) ;
#1336 = CARTESIAN_POINT ( 'NONE',  ( -108.0000000000000000, -12.00000000000000000, 65.50000000000000000 ) ) ;
#1337 = CARTESIAN_POINT ( 'NONE',  ( -8.000000000000000000, -4.000000000000000000, -30.00000000000000000 ) ) ;
#1338 = ORIENTED_EDGE ( 'NONE', *, *, #309, .F. ) ;
#1339 = DIRECTION ( 'NONE',  ( -0.000000000000000000, 1.000000000000000000, -0.000000000000000000 ) ) ;
#1340 = CARTESIAN_POINT ( 'NONE',  ( 12.00000000000000000, -4.000000000000000000, -30.00000000000000000 ) ) ;
#1341 = ORIENTED_EDGE ( 'NONE', *, *, #1423, .F. ) ;
#1342 = DATE_AND_TIME ( #672, #68 ) ;
#1343 = ORIENTED_EDGE ( 'NONE', *, *, #100, .T. ) ;
#1344 = EDGE_CURVE ( 'NONE', #1712, #770, #24, .T. ) ;
#1345 = DIRECTION ( 'NONE',  ( -0.000000000000000000, 1.000000000000000000, -0.000000000000000000 ) ) ;
#1346 = LINE ( 'NONE', #1221, #1586 ) ;
#1347 = VECTOR ( 'NONE', #612, 1000.000000000000000 ) ;
#1348 = AXIS2_PLACEMENT_3D ( 'NONE', #1414, #1179, #244 ) ;
#1349 = VECTOR ( 'NONE', #243, 1000.000000000000000 ) ;
#1350 = LINE ( 'NONE', #1491, #1612 ) ;
#1351 = EDGE_LOOP ( 'NONE', ( #1234, #335, #495, #1123 ) ) ;
#1352 = DIRECTION ( 'NONE',  ( 1.000000000000000000, 0.000000000000000000, 0.000000000000000000 ) ) ;
#1353 = VERTEX_POINT ( 'NONE', #922 ) ;
#1354 = PERSON_AND_ORGANIZATION_ROLE ( 'creator' ) ;
#1355 = LINE ( 'NONE', #663, #1408 ) ;
#1356 = DIRECTION ( 'NONE',  ( 0.000000000000000000, 0.000000000000000000, -1.000000000000000000 ) ) ;
#1357 = EDGE_CURVE ( 'NONE', #52, #721, #1230, .T. ) ;
#1358 = DIRECTION ( 'NONE',  ( 0.000000000000000000, 0.000000000000000000, 1.000000000000000000 ) ) ;
#1359 = VERTEX_POINT ( 'NONE', #664 ) ;
#1360 = EDGE_CURVE ( 'NONE', #1120, #1157, #153, .T. ) ;
#1361 = CYLINDRICAL_SURFACE ( 'NONE', #1637, 1.799999999999989164 ) ;
#1362 = ORIENTED_EDGE ( 'NONE', *, *, #1021, .F. ) ;
#1363 = DIRECTION ( 'NONE',  ( 1.000000000000000000, 0.000000000000000000, 0.000000000000000000 ) ) ;
#1364 = CARTESIAN_POINT ( 'NONE',  ( 100.0000000000000000, 0.000000000000000000, 58.79999999999999005 ) ) ;
#1365 = DIRECTION ( 'NONE',  ( -1.000000000000000000, -0.000000000000000000, -0.000000000000000000 ) ) ;
#1366 = CARTESIAN_POINT ( 'NONE',  ( -80.00000000000000000, 0.000000000000000000, -30.00000000000000000 ) ) ;
#1367 = ORIENTED_EDGE ( 'NONE', *, *, #1423, .T. ) ;
#1368 = LINE ( 'NONE', #320, #1092 ) ;
#1369 = ORIENTED_EDGE ( 'NONE', *, *, #1118, .F. ) ;
#1370 = CARTESIAN_POINT ( 'NONE',  ( 46.00000000000000000, -4.000000000000000000, 21.00000000000000000 ) ) ;
#1371 = DIRECTION ( 'NONE',  ( -0.000000000000000000, 1.000000000000000000, -0.000000000000000000 ) ) ;
#1372 = AXIS2_PLACEMENT_3D ( 'NONE', #1422, #1278, #1156 ) ;
#1373 = AXIS2_PLACEMENT_3D ( 'NONE', #231, #1409, #1664 ) ;
#1374 = VECTOR ( 'NONE', #1046, 1000.000000000000000 ) ;
#1375 = EDGE_CURVE ( 'NONE', #520, #1245, #1062, .T. ) ;
#1376 = ORIENTED_EDGE ( 'NONE', *, *, #1344, .T. ) ;
#1377 = LOCAL_TIME ( 17, 26, 24.00000000000000000, #1052 ) ;
#1378 = LINE ( 'NONE', #694, #361 ) ;
#1379 = ORIENTED_EDGE ( 'NONE', *, *, #1658, .F. ) ;
#1380 = DIRECTION ( 'NONE',  ( -0.000000000000000000, 0.000000000000000000, 1.000000000000000000 ) ) ;
#1381 = CARTESIAN_POINT ( 'NONE',  ( 46.00000000000000000, -3.000000000000000000, 21.00000000000000000 ) ) ;
#1382 = AXIS2_PLACEMENT_3D ( 'NONE', #1078, #1332, #670 ) ;
#1383 = ORIENTED_EDGE ( 'NONE', *, *, #1329, .T. ) ;
#1385 = ORIENTED_EDGE ( 'NONE', *, *, #154, .T. ) ;
#1384 = FACE_OUTER_BOUND ( 'NONE', #837, .T. ) ;
#1386 = ORIENTED_EDGE ( 'NONE', *, *, #1577, .F. ) ;
#1387 = ADVANCED_FACE ( 'NONE', ( #551 ), #1587, .F. ) ;
#1388 = PLANE ( 'NONE',  #1222 ) ;
#1389 = DIRECTION ( 'NONE',  ( -1.000000000000000000, -0.000000000000000000, -0.000000000000000000 ) ) ;
#1390 = EDGE_LOOP ( 'NONE', ( #336, #1286, #1688, #728 ) ) ;
#1392 = VERTEX_POINT ( 'NONE', #1604 ) ;
#1391 = LINE ( 'NONE', #1656, #387 ) ;
#1393 = VERTEX_POINT ( 'NONE', #676 ) ;
#1394 = PLANE ( 'NONE',  #591 ) ;
#1395 = DIRECTION ( 'NONE',  ( 0.000000000000000000, 0.000000000000000000, -1.000000000000000000 ) ) ;
#1396 = EDGE_CURVE ( 'NONE', #1017, #1499, #952, .T. ) ;
#1397 = DIRECTION ( 'NONE',  ( 0.000000000000000000, 0.000000000000000000, 1.000000000000000000 ) ) ;
#1398 = AXIS2_PLACEMENT_3D ( 'NONE', #797, #144, #493 ) ;
#1399 = VECTOR ( 'NONE', #1072, 1000.000000000000000 ) ;
#1401 = EDGE_LOOP ( 'NONE', ( #1251, #834, #682, #674 ) ) ;
#1400 = FACE_OUTER_BOUND ( 'NONE', #703, .T. ) ;
#1402 = EDGE_CURVE ( 'NONE', #141, #668, #750, .T. ) ;
#1403 = ORIENTED_EDGE ( 'NONE', *, *, #1223, .F. ) ;
#1404 = CARTESIAN_POINT ( 'NONE',  ( 12.00000000000000000, 0.000000000000000000, -30.00000000000000000 ) ) ;
#1405 = FACE_BOUND ( 'NONE', #124, .T. ) ;
#1406 = DIRECTION ( 'NONE',  ( 0.000000000000000000, -1.000000000000000000, 0.000000000000000000 ) ) ;
#1407 = ORIENTED_EDGE ( 'NONE', *, *, #716, .T. ) ;
#1408 = VECTOR ( 'NONE', #1345, 1000.000000000000000 ) ;
#1410 = EDGE_LOOP ( 'NONE', ( #975, #470, #604, #960 ) ) ;
#1409 = DIRECTION ( 'NONE',  ( 0.000000000000000000, 1.000000000000000000, 0.000000000000000000 ) ) ;
#1411 = EDGE_CURVE ( 'NONE', #326, #687, #534, .T. ) ;
#1412 = CARTESIAN_POINT ( 'NONE',  ( -84.00000000000000000, -4.000000000000000000, -30.00000000000000000 ) ) ;
#1413 =( LENGTH_UNIT ( ) NAMED_UNIT ( * ) SI_UNIT ( .MILLI., .METRE. ) );
#1414 = CARTESIAN_POINT ( 'NONE',  ( 46.00000000000000000, -3.000000000000000000, 21.00000000000000000 ) ) ;
#1415 = ORIENTED_EDGE ( 'NONE', *, *, #1036, .F. ) ;
#1416 = EDGE_CURVE ( 'NONE', #1310, #1438, #229, .T. ) ;
#1417 = CARTESIAN_POINT ( 'NONE',  ( -108.0000000000000000, -2.999999999999999112, 65.50000000000000000 ) ) ;
#1418 = EDGE_LOOP ( 'NONE', ( #290, #1601 ) ) ;
#1419 = DIRECTION ( 'NONE',  ( -0.000000000000000000, 1.000000000000000000, -0.000000000000000000 ) ) ;
#1420 = DIRECTION ( 'NONE',  ( 1.000000000000000000, 0.000000000000000000, 0.000000000000000000 ) ) ;
#1421 = CARTESIAN_POINT ( 'NONE',  ( -61.00000000000000000, -3.000000000000000000, 34.00000000000000000 ) ) ;
#1422 = CARTESIAN_POINT ( 'NONE',  ( 46.00000000000000000, -3.000000000000000000, 47.00000000000000000 ) ) ;
#1423 = EDGE_CURVE ( 'NONE', #887, #277, #609, .T. ) ;
#1424 = VECTOR ( 'NONE', #1285, 1000.000000000000000 ) ;
#1425 = VECTOR ( 'NONE', #2, 1000.000000000000000 ) ;
#1426 = FACE_OUTER_BOUND ( 'NONE', #563, .T. ) ;
#1427 = DIRECTION ( 'NONE',  ( -1.000000000000000000, 0.000000000000000000, 0.000000000000000000 ) ) ;
#1428 = ORGANIZATION ( '未指定', '未指定', '' ) ;
#1429 = CARTESIAN_POINT ( 'NONE',  ( -100.0000000000000000, -16.00000000000000000, 55.20000000000000995 ) ) ;
#1431 = ORIENTED_EDGE ( 'NONE', *, *, #309, .T. ) ;
#1430 = LINE ( 'NONE', #926, #1553 ) ;
#1432 = DIRECTION ( 'NONE',  ( -0.000000000000000000, 0.000000000000000000, 1.000000000000000000 ) ) ;
#1433 = ORIENTED_EDGE ( 'NONE', *, *, #1194, .T. ) ;
#1434 = DIRECTION ( 'NONE',  ( 0.000000000000000000, -1.000000000000000000, 0.000000000000000000 ) ) ;
#1435 = ADVANCED_FACE ( 'NONE', ( #127 ), #774, .F. ) ;
#1436 = CARTESIAN_POINT ( 'NONE',  ( -68.00000000000000000, -3.000000000000000000, -0.000000000000000000 ) ) ;
#1437 = DIRECTION ( 'NONE',  ( 0.000000000000000000, 0.000000000000000000, -1.000000000000000000 ) ) ;
#1438 = VERTEX_POINT ( 'NONE', #1575 ) ;
#1439 = FACE_OUTER_BOUND ( 'NONE', #1171, .T. ) ;
#1440 = APPROVAL_STATUS ( 'not_yet_approved' ) ;
#1441 = ORIENTED_EDGE ( 'NONE', *, *, #1182, .F. ) ;
#1442 = CARTESIAN_POINT ( 'NONE',  ( -100.0000000000000000, 0.000000000000000000, 57.00000000000000000 ) ) ;
#1443 = LINE ( 'NONE', #1020, #181 ) ;
#1444 = EDGE_CURVE ( 'NONE', #1393, #1157, #795, .T. ) ;
#1445 = CARTESIAN_POINT ( 'NONE',  ( 110.0000000000000000, -12.00000000000000000, 67.50000000000000000 ) ) ;
#1446 = ORIENTED_EDGE ( 'NONE', *, *, #50, .F. ) ;
#1447 = CARTESIAN_POINT ( 'NONE',  ( -8.000000000000000000, 0.000000000000000000, -30.00000000000000000 ) ) ;
#1448 = CALENDAR_DATE ( 2026, 26, 7 ) ;
#1449 = CIRCLE ( 'NONE', #1372, 9.250000000000001776 ) ;
#1450 = LINE ( 'NONE', #261, #758 ) ;
#1451 = AXIS2_PLACEMENT_3D ( 'NONE', #1611, #1478, #294 ) ;
#1452 = CARTESIAN_POINT ( 'NONE',  ( -0.000000000000000000, -3.000000000000000000, -30.00000000000000000 ) ) ;
#1453 = AXIS2_PLACEMENT_3D ( 'NONE', #1653, #699, #171 ) ;
#1454 = PRODUCT_DEFINITION ( '未知', '', #669, #1667 ) ;
#1455 = DIRECTION ( 'NONE',  ( 0.000000000000000000, -0.000000000000000000, -1.000000000000000000 ) ) ;
#1456 = VERTEX_POINT ( 'NONE', #1514 ) ;
#1457 = DIRECTION ( 'NONE',  ( -0.000000000000000000, -0.000000000000000000, 1.000000000000000000 ) ) ;
#1458 = PERSON_AND_ORGANIZATION_ROLE ( 'design_owner' ) ;
#1459 = ORIENTED_EDGE ( 'NONE', *, *, #33, .T. ) ;
#1460 = EDGE_CURVE ( 'NONE', #186, #247, #575, .T. ) ;
#1461 = CARTESIAN_POINT ( 'NONE',  ( -100.0000000000000000, 0.000000000000000000, 55.20000000000000284 ) ) ;
#1462 = AXIS2_PLACEMENT_3D ( 'NONE', #651, #781, #17 ) ;
#1463 = DIRECTION ( 'NONE',  ( -0.000000000000000000, 1.000000000000000000, -0.000000000000000000 ) ) ;
#1464 = DIRECTION ( 'NONE',  ( 0.000000000000000000, -1.000000000000000000, 0.000000000000000000 ) ) ;
#1465 = DIRECTION ( 'NONE',  ( 0.000000000000000000, 1.000000000000000000, 0.000000000000000000 ) ) ;
#1466 = EDGE_CURVE ( 'NONE', #1154, #1511, #835, .T. ) ;
#1467 = EDGE_LOOP ( 'NONE', ( #798, #556 ) ) ;
#1468 = LINE ( 'NONE', #1050, #905 ) ;
#1469 = ORIENTED_EDGE ( 'NONE', *, *, #164, .F. ) ;
#1470 = CARTESIAN_POINT ( 'NONE',  ( -56.00000000000000000, -4.000000000000000000, -30.00000000000000000 ) ) ;
#1471 = DIRECTION ( 'NONE',  ( 0.000000000000000000, 0.000000000000000000, -1.000000000000000000 ) ) ;
#1472 = CARTESIAN_POINT ( 'NONE',  ( 46.00000000000000000, -4.000000000000000000, 21.00000000000000000 ) ) ;
#1473 = EDGE_LOOP ( 'NONE', ( #439, #929, #1376, #549 ) ) ;
#1474 = FACE_OUTER_BOUND ( 'NONE', #1108, .T. ) ;
#1475 = ORIENTED_EDGE ( 'NONE', *, *, #1319, .T. ) ;
#1476 = COORDINATED_UNIVERSAL_TIME_OFFSET ( 8, 0, .AHEAD. ) ;
#1477 = DIRECTION ( 'NONE',  ( -0.000000000000000000, 1.000000000000000000, -0.000000000000000000 ) ) ;
#1478 = DIRECTION ( 'NONE',  ( 0.000000000000000000, 1.000000000000000000, 0.000000000000000000 ) ) ;
#1479 = AXIS2_PLACEMENT_3D ( 'NONE', #274, #657, #378 ) ;
#1480 = AXIS2_PLACEMENT_3D ( 'NONE', #282, #1464, #428 ) ;
#1481 = EDGE_CURVE ( 'NONE', #1157, #754, #824, .T. ) ;
#1482 = FACE_BOUND ( 'NONE', #1467, .T. ) ;
#1483 = ORIENTED_EDGE ( 'NONE', *, *, #125, .F. ) ;
#1484 = CARTESIAN_POINT ( 'NONE',  ( 4.000000000000000000, -3.000000000000000000, -54.00000000000000000 ) ) ;
#1485 = VERTEX_POINT ( 'NONE', #323 ) ;
#1486 = VERTEX_POINT ( 'NONE', #1636 ) ;
#1487 = DIRECTION ( 'NONE',  ( -0.000000000000000000, -0.000000000000000000, 1.000000000000000000 ) ) ;
#1488 = DIRECTION ( 'NONE',  ( 0.000000000000000000, -1.000000000000000000, 0.000000000000000000 ) ) ;
#1489 = ADVANCED_FACE ( 'NONE', ( #1645 ), #47, .F. ) ;
#1490 = CIRCLE ( 'NONE', #964, 1.799999999999989164 ) ;
#1491 = CARTESIAN_POINT ( 'NONE',  ( -84.00000000000000000, 0.000000000000000000, -54.00000000000000000 ) ) ;
#1492 = CARTESIAN_POINT ( 'NONE',  ( -84.00000000000000000, -4.000000000000000000, -54.00000000000000000 ) ) ;
#1493 = ORIENTED_EDGE ( 'NONE', *, *, #825, .F. ) ;
#1494 = DIRECTION ( 'NONE',  ( 0.000000000000000000, 1.000000000000000000, 0.000000000000000000 ) ) ;
#1495 = ORIENTED_EDGE ( 'NONE', *, *, #542, .T. ) ;
#1496 = FACE_OUTER_BOUND ( 'NONE', #689, .T. ) ;
#1497 = DIRECTION ( 'NONE',  ( 0.000000000000000000, 0.000000000000000000, -1.000000000000000000 ) ) ;
#1498 = EDGE_CURVE ( 'NONE', #1039, #940, #560, .T. ) ;
#1499 = VERTEX_POINT ( 'NONE', #724 ) ;
#1500 = DIRECTION ( 'NONE',  ( 0.000000000000000000, 0.000000000000000000, 1.000000000000000000 ) ) ;
#1501 = VERTEX_POINT ( 'NONE', #301 ) ;
#1502 = LINE ( 'NONE', #314, #74 ) ;
#1504 = ORIENTED_EDGE ( 'NONE', *, *, #1539, .F. ) ;
#1503 = DIRECTION ( 'NONE',  ( -0.000000000000000000, 0.000000000000000000, 1.000000000000000000 ) ) ;
#1505 = AXIS2_PLACEMENT_3D ( 'NONE', #579, #438, #974 ) ;
#1506 = VECTOR ( 'NONE', #1684, 1000.000000000000000 ) ;
#1507 = AXIS2_PLACEMENT_3D ( 'NONE', #615, #1161, #1676 ) ;
#1508 = ORIENTED_EDGE ( 'NONE', *, *, #720, .F. ) ;
#1509 = ADVANCED_FACE ( 'NONE', ( #1269 ), #978, .F. ) ;
#1510 = DIRECTION ( 'NONE',  ( 0.000000000000000000, 0.000000000000000000, 1.000000000000000000 ) ) ;
#1511 = VERTEX_POINT ( 'NONE', #971 ) ;
#1512 = PRODUCT_DEFINITION_SHAPE ( 'NONE', 'NONE',  #1454 ) ;
#1513 = FACE_OUTER_BOUND ( 'NONE', #1665, .T. ) ;
#1514 = CARTESIAN_POINT ( 'NONE',  ( 110.0000000000000000, -12.00000000000000000, 67.50000000000000000 ) ) ;
#1515 = VECTOR ( 'NONE', #1201, 1000.000000000000000 ) ;
#1516 = ORIENTED_EDGE ( 'NONE', *, *, #278, .T. ) ;
#1518 = ORIENTED_EDGE ( 'NONE', *, *, #680, .T. ) ;
#1517 = CARTESIAN_POINT ( 'NONE',  ( -100.0000000000000000, 0.000000000000000000, -57.00000000000000000 ) ) ;
#1519 = VERTEX_POINT ( 'NONE', #1364 ) ;
#1520 = EDGE_CURVE ( 'NONE', #1023, #235, #850, .T. ) ;
#1521 = PLANE ( 'NONE',  #1562 ) ;
#1522 = CARTESIAN_POINT ( 'NONE',  ( -72.00000000000000000, 0.000000000000000000, -54.00000000000000000 ) ) ;
#1523 = DIRECTION ( 'NONE',  ( -0.000000000000000000, 1.000000000000000000, -0.000000000000000000 ) ) ;
#1524 = CC_DESIGN_PERSON_AND_ORGANIZATION_ASSIGNMENT ( #1214, #1080, ( #669 ) ) ;
#1525 = LINE ( 'NONE', #214, #807 ) ;
#1526 = FACE_OUTER_BOUND ( 'NONE', #917, .T. ) ;
#1527 = FACE_BOUND ( 'NONE', #709, .T. ) ;
#1528 = FACE_BOUND ( 'NONE', #1187, .T. ) ;
#1529 = EDGE_CURVE ( 'NONE', #513, #1249, #832, .T. ) ;
#1530 = VECTOR ( 'NONE', #297, 1000.000000000000000 ) ;
#1531 = VECTOR ( 'NONE', #914, 1000.000000000000000 ) ;
#1533 = ORIENTED_EDGE ( 'NONE', *, *, #324, .F. ) ;
#1532 = DIRECTION ( 'NONE',  ( 0.000000000000000000, 1.000000000000000000, 0.000000000000000000 ) ) ;
#1534 = ORIENTED_EDGE ( 'NONE', *, *, #1360, .T. ) ;
#1535 = VECTOR ( 'NONE', #64, 1000.000000000000000 ) ;
#1536 = CARTESIAN_POINT ( 'NONE',  ( -100.0000000000000000, -16.00000000000000000, -57.00000000000000000 ) ) ;
#1537 = FACE_BOUND ( 'NONE', #385, .T. ) ;
#1538 = PLANE ( 'NONE',  #93 ) ;
#1539 = EDGE_CURVE ( 'NONE', #731, #1519, #1261, .T. ) ;
#1541 = ORIENTED_EDGE ( 'NONE', *, *, #788, .T. ) ;
#1540 = FACE_OUTER_BOUND ( 'NONE', #650, .T. ) ;
#1542 = ORIENTED_EDGE ( 'NONE', *, *, #767, .T. ) ;
#1543 = VECTOR ( 'NONE', #1432, 1000.000000000000000 ) ;
#1544 = CARTESIAN_POINT ( 'NONE',  ( 100.0000000000000000, -16.00000000000000000, -57.00000000000000000 ) ) ;
#1545 = CARTESIAN_POINT ( 'NONE',  ( -80.00000000000000000, -4.000000000000000000, -54.00000000000000000 ) ) ;
#1546 = LINE ( 'NONE', #743, #925 ) ;
#1547 = EDGE_CURVE ( 'NONE', #919, #451, #592, .T. ) ;
#1548 = CARTESIAN_POINT ( 'NONE',  ( 100.0000000000000000, -2.999999999999999112, 58.79999999999999716 ) ) ;
#1549 = DIRECTION ( 'NONE',  ( 1.000000000000000000, 0.000000000000000000, 0.000000000000000000 ) ) ;
#1550 = ADVANCED_FACE ( 'NONE', ( #568 ), #1629, .F. ) ;
#1551 = CARTESIAN_POINT ( 'NONE',  ( -100.0000000000000000, 0.000000000000000000, 58.79999999999999005 ) ) ;
#1552 = CARTESIAN_POINT ( 'NONE',  ( 16.00000000000000000, 0.000000000000000000, -30.00000000000000000 ) ) ;
#1553 = VECTOR ( 'NONE', #1687, 1000.000000000000000 ) ;
#1554 = EDGE_CURVE ( 'NONE', #130, #96, #1236, .T. ) ;
#1555 = VECTOR ( 'NONE', #348, 1000.000000000000000 ) ;
#1556 = CARTESIAN_POINT ( 'NONE',  ( -61.00000000000000000, 0.000000000000000000, 25.00000000000000000 ) ) ;
#1557 = VERTEX_POINT ( 'NONE', #841 ) ;
#1558 = DIRECTION ( 'NONE',  ( 0.000000000000000000, -1.000000000000000000, 0.000000000000000000 ) ) ;
#1559 = DIRECTION ( 'NONE',  ( 0.000000000000000000, 1.000000000000000000, 0.000000000000000000 ) ) ;
#1560 = DIRECTION ( 'NONE',  ( 0.000000000000000000, 1.000000000000000000, 0.000000000000000000 ) ) ;
#1561 = ORIENTED_EDGE ( 'NONE', *, *, #187, .F. ) ;
#1562 = AXIS2_PLACEMENT_3D ( 'NONE', #714, #550, #567 ) ;
#1563 = VECTOR ( 'NONE', #120, 1000.000000000000000 ) ;
#1564 = EDGE_CURVE ( 'NONE', #408, #673, #1101, .T. ) ;
#1565 = CARTESIAN_POINT ( 'NONE',  ( 0.000000000000000000, -3.000000000000000000, -54.00000000000000000 ) ) ;
#1566 = ORIENTED_EDGE ( 'NONE', *, *, #1198, .T. ) ;
#1567 = DATE_AND_TIME ( #1448, #476 ) ;
#1568 = CARTESIAN_POINT ( 'NONE',  ( 4.000000000000000000, -4.000000000000000000, -54.00000000000000000 ) ) ;
#1569 = DIRECTION ( 'NONE',  ( 0.000000000000000000, 0.000000000000000000, -1.000000000000000000 ) ) ;
#1570 = ORIENTED_EDGE ( 'NONE', *, *, #246, .T. ) ;
#1571 = LINE ( 'NONE', #1320, #749 ) ;
#1572 = ORIENTED_EDGE ( 'NONE', *, *, #187, .T. ) ;
#1573 = CYLINDRICAL_SURFACE ( 'NONE', #325, 9.000000000000001776 ) ;
#1574 = LINE ( 'NONE', #522, #1648 ) ;
#1575 = CARTESIAN_POINT ( 'NONE',  ( 46.00000000000000000, 0.000000000000000000, 11.74999999999999822 ) ) ;
#1576 = DIRECTION ( 'NONE',  ( 0.000000000000000000, 0.000000000000000000, -1.000000000000000000 ) ) ;
#1577 = EDGE_CURVE ( 'NONE', #1353, #1217, #958, .T. ) ;
#1578 = VERTEX_POINT ( 'NONE', #1248 ) ;
#1579 = DIRECTION ( 'NONE',  ( 0.000000000000000000, 0.000000000000000000, -1.000000000000000000 ) ) ;
#1580 = VECTOR ( 'NONE', #461, 1000.000000000000000 ) ;
#1581 = DIRECTION ( 'NONE',  ( 0.000000000000000000, 0.000000000000000000, -1.000000000000000000 ) ) ;
#1582 = ORIENTED_EDGE ( 'NONE', *, *, #386, .T. ) ;
#1583 = APPLICATION_PROTOCOL_DEFINITION ( 'international standard', 'config_control_design', 1994, #1218 ) ;
#1584 = AXIS2_PLACEMENT_3D ( 'NONE', #906, #766, #878 ) ;
#1585 = DIRECTION ( 'NONE',  ( -0.000000000000000000, 1.000000000000000000, -0.000000000000000000 ) ) ;
#1586 = VECTOR ( 'NONE', #515, 1000.000000000000000 ) ;
#1587 = PLANE ( 'NONE',  #316 ) ;
#1588 = ADVANCED_FACE ( 'NONE', ( #38 ), #332, .F. ) ;
#1589 = DIRECTION ( 'NONE',  ( 0.000000000000000000, 1.000000000000000000, 0.000000000000000000 ) ) ;
#1590 = ORIENTED_EDGE ( 'NONE', *, *, #784, .F. ) ;
#1591 = DIRECTION ( 'NONE',  ( 1.000000000000000000, 0.000000000000000000, 0.000000000000000000 ) ) ;
#1592 = ORIENTED_EDGE ( 'NONE', *, *, #1021, .T. ) ;
#1593 = ORIENTED_EDGE ( 'NONE', *, *, #1118, .T. ) ;
#1594 = VECTOR ( 'NONE', #1212, 1000.000000000000000 ) ;
#1595 = CARTESIAN_POINT ( 'NONE',  ( -80.00000000000000000, -3.000000000000000000, -30.00000000000000000 ) ) ;
#1596 = DIRECTION ( 'NONE',  ( 0.000000000000000000, 0.000000000000000000, 1.000000000000000000 ) ) ;
#1597 = EDGE_CURVE ( 'NONE', #433, #708, #857, .T. ) ;
#1598 = FACE_BOUND ( 'NONE', #4, .T. ) ;
#1599 = ORIENTED_EDGE ( 'NONE', *, *, #847, .F. ) ;
#1600 = LINE ( 'NONE', #946, #1563 ) ;
#1601 = ORIENTED_EDGE ( 'NONE', *, *, #58, .F. ) ;
#1602 = PERSON_AND_ORGANIZATION ( #979, #1428 ) ;
#1603 = CARTESIAN_POINT ( 'NONE',  ( -80.00000000000000000, -3.000000000000000000, -54.00000000000000000 ) ) ;
#1604 = CARTESIAN_POINT ( 'NONE',  ( -110.0000000000000000, -12.00000000000000000, 67.50000000000000000 ) ) ;
#1605 = PLANE ( 'NONE',  #896 ) ;
#1606 = ORIENTED_EDGE ( 'NONE', *, *, #1194, .F. ) ;
#1607 = CARTESIAN_POINT ( 'NONE',  ( -100.0000000000000000, -16.00000000000000000, -58.79999999999999005 ) ) ;
#1608 = ORIENTED_EDGE ( 'NONE', *, *, #1319, .F. ) ;
#1609 = EDGE_CURVE ( 'NONE', #306, #85, #41, .T. ) ;
#1610 = FACE_OUTER_BOUND ( 'NONE', #1167, .T. ) ;
#1611 = CARTESIAN_POINT ( 'NONE',  ( 46.00000000000000000, 0.000000000000000000, 21.00000000000000000 ) ) ;
#1612 = VECTOR ( 'NONE', #1365, 1000.000000000000000 ) ;
#1613 = CIRCLE ( 'NONE', #205, 1.799999999999989164 ) ;
#1614 = LINE ( 'NONE', #1631, #190 ) ;
#1615 = VECTOR ( 'NONE', #1299, 1000.000000000000000 ) ;
#1616 = PLANE ( 'NONE',  #151 ) ;
#1617 = ORIENTED_EDGE ( 'NONE', *, *, #1547, .F. ) ;
#1618 = PLANE ( 'NONE',  #894 ) ;
#1619 = ORIENTED_EDGE ( 'NONE', *, *, #1444, .T. ) ;
#1620 = EDGE_CURVE ( 'NONE', #107, #8, #607, .T. ) ;
#1621 = CARTESIAN_POINT ( 'NONE',  ( -100.0000000000000000, -2.999999999999999112, 58.79999999999999716 ) ) ;
#1622 = DIRECTION ( 'NONE',  ( -0.000000000000000000, 1.000000000000000000, -0.000000000000000000 ) ) ;
#1623 = AXIS2_PLACEMENT_3D ( 'NONE', #56, #1363, #331 ) ;
#1624 = EDGE_CURVE ( 'NONE', #158, #701, #1180, .T. ) ;
#1625 = ORIENTED_EDGE ( 'NONE', *, *, #1638, .F. ) ;
#1626 = DIRECTION ( 'NONE',  ( -0.000000000000000000, 0.000000000000000000, 1.000000000000000000 ) ) ;
#1627 = EDGE_LOOP ( 'NONE', ( #1385, #613, #280, #851 ) ) ;
#1628 = DIRECTION ( 'NONE',  ( 0.000000000000000000, -1.000000000000000000, 0.000000000000000000 ) ) ;
#1629 = PLANE ( 'NONE',  #1453 ) ;
#1630 = EDGE_CURVE ( 'NONE', #1393, #1258, #885, .T. ) ;
#1631 = CARTESIAN_POINT ( 'NONE',  ( -61.00000000000000000, -4.000000000000000000, 25.00000000000000000 ) ) ;
#1632 = EDGE_LOOP ( 'NONE', ( #953, #199, #1541, #310 ) ) ;
#1633 = DIRECTION ( 'NONE',  ( 1.000000000000000000, 0.000000000000000000, 0.000000000000000000 ) ) ;
#1634 = ORIENTED_EDGE ( 'NONE', *, *, #1262, .T. ) ;
#1635 = DIRECTION ( 'NONE',  ( -0.000000000000000000, 1.000000000000000000, -0.000000000000000000 ) ) ;
#1636 = CARTESIAN_POINT ( 'NONE',  ( -12.00000000000000000, 0.000000000000000000, -30.00000000000000000 ) ) ;
#1637 = AXIS2_PLACEMENT_3D ( 'NONE', #286, #167, #185 ) ;
#1638 = EDGE_CURVE ( 'NONE', #580, #1086, #875, .T. ) ;
#1639 = DIRECTION ( 'NONE',  ( -0.000000000000000000, 1.000000000000000000, -0.000000000000000000 ) ) ;
#1640 = VECTOR ( 'NONE', #196, 1000.000000000000000 ) ;
#1641 = ORIENTED_EDGE ( 'NONE', *, *, #1111, .F. ) ;
#1642 = PLANE ( 'NONE',  #1505 ) ;
#1643 = EDGE_LOOP ( 'NONE', ( #937, #1202, #641, #966 ) ) ;
#1644 = DIRECTION ( 'NONE',  ( -1.000000000000000000, -0.000000000000000000, -0.000000000000000000 ) ) ;
#1645 = FACE_OUTER_BOUND ( 'NONE', #1115, .T. ) ;
#1646 = EDGE_CURVE ( 'NONE', #329, #107, #218, .T. ) ;
#1647 = DIRECTION ( 'NONE',  ( 0.000000000000000000, -0.000000000000000000, -1.000000000000000000 ) ) ;
#1648 = VECTOR ( 'NONE', #142, 1000.000000000000000 ) ;
#1649 = AXIS2_PLACEMENT_3D ( 'NONE', #1297, #891, #106 ) ;
#1650 = CARTESIAN_POINT ( 'NONE',  ( 46.00000000000000000, 0.000000000000000000, 21.00000000000000000 ) ) ;
#1651 = ORIENTED_EDGE ( 'NONE', *, *, #1375, .T. ) ;
#1652 = DIRECTION ( 'NONE',  ( 0.000000000000000000, 0.000000000000000000, -1.000000000000000000 ) ) ;
#1653 = CARTESIAN_POINT ( 'NONE',  ( -60.00000000000000000, -4.000000000000000000, -30.00000000000000000 ) ) ;
#1654 = EDGE_CURVE ( 'NONE', #708, #186, #742, .T. ) ;
#1655 = DIRECTION ( 'NONE',  ( -0.000000000000000000, 1.000000000000000000, -0.000000000000000000 ) ) ;
#1657 = ORIENTED_EDGE ( 'NONE', *, *, #169, .T. ) ;
#1656 = CARTESIAN_POINT ( 'NONE',  ( -8.000000000000000000, -4.000000000000000000, -54.00000000000000000 ) ) ;
#1658 = EDGE_CURVE ( 'NONE', #141, #1215, #865, .T. ) ;
#1659 = FACE_OUTER_BOUND ( 'NONE', #1049, .T. ) ;
#1660 = PLANE ( 'NONE',  #1507 ) ;
#1661 = CARTESIAN_POINT ( 'NONE',  ( -8.000000000000000000, 0.000000000000000000, -54.00000000000000000 ) ) ;
#1662 = CIRCLE ( 'NONE', #340, 9.000000000000001776 ) ;
#1663 = VECTOR ( 'NONE', #1523, 1000.000000000000000 ) ;
#1665 = EDGE_LOOP ( 'NONE', ( #829, #1593, #112, #1441 ) ) ;
#1664 = DIRECTION ( 'NONE',  ( 0.000000000000000000, 0.000000000000000000, 1.000000000000000000 ) ) ;
#1666 = ORIENTED_EDGE ( 'NONE', *, *, #226, .F. ) ;
#1667 = DESIGN_CONTEXT ( 'detailed design', #1218, 'design' ) ;
#1668 = DIRECTION ( 'NONE',  ( -0.000000000000000000, 1.000000000000000000, -0.000000000000000000 ) ) ;
#1669 = DIRECTION ( 'NONE',  ( 0.000000000000000000, 0.000000000000000000, -1.000000000000000000 ) ) ;
#1670 = EDGE_CURVE ( 'NONE', #16, #8, #1281, .T. ) ;
#1671 = LINE ( 'NONE', #483, #1150 ) ;
#1672 = ORIENTED_EDGE ( 'NONE', *, *, #1670, .F. ) ;
#1673 = VECTOR ( 'NONE', #644, 1000.000000000000000 ) ;
#1674 = DIRECTION ( 'NONE',  ( -1.000000000000000000, 0.000000000000000000, -0.000000000000000000 ) ) ;
#1675 = DIRECTION ( 'NONE',  ( 1.000000000000000000, 0.000000000000000000, 0.000000000000000000 ) ) ;
#1676 = DIRECTION ( 'NONE',  ( 1.000000000000000000, 0.000000000000000000, 0.000000000000000000 ) ) ;
#1677 = CARTESIAN_POINT ( 'NONE',  ( 100.0000000000000000, -2.999999999999999112, -57.00000000000000000 ) ) ;
#1678 = EDGE_CURVE ( 'NONE', #770, #9, #1693, .T. ) ;
#1680 = ORIENTED_EDGE ( 'NONE', *, *, #1360, .F. ) ;
#1679 = LINE ( 'NONE', #1273, #1007 ) ;
#1681 = EDGE_LOOP ( 'NONE', ( #440, #168, #1572, #62 ) ) ;
#1682 = DIRECTION ( 'NONE',  ( -0.000000000000000000, 1.000000000000000000, -0.000000000000000000 ) ) ;
#1683 = CARTESIAN_POINT ( 'NONE',  ( 100.0000000000000000, -16.00000000000000000, -55.20000000000000995 ) ) ;
#1684 = DIRECTION ( 'NONE',  ( -0.000000000000000000, 1.000000000000000000, -0.000000000000000000 ) ) ;
#1685 = ORIENTED_EDGE ( 'NONE', *, *, #154, .F. ) ;
#1686 = ADVANCED_FACE ( 'NONE', ( #1168 ), #496, .F. ) ;
#1688 = ORIENTED_EDGE ( 'NONE', *, *, #1028, .T. ) ;
#1687 = DIRECTION ( 'NONE',  ( -0.000000000000000000, -0.000000000000000000, 1.000000000000000000 ) ) ;
#1689 = VECTOR ( 'NONE', #1437, 1000.000000000000000 ) ;
#1690 = CIRCLE ( 'NONE', #391, 9.000000000000001776 ) ;
#1691 = CARTESIAN_POINT ( 'NONE',  ( 46.00000000000000000, -4.000000000000000000, 11.74999999999999822 ) ) ;
#1692 = ORIENTED_EDGE ( 'NONE', *, *, #705, .F. ) ;
#1693 = LINE ( 'NONE', #755, #450 ) ;
#1694 = VECTOR ( 'NONE', #893, 1000.000000000000000 ) ;
#1695 = CARTESIAN_POINT ( 'NONE',  ( 46.00000000000000000, 0.000000000000000000, 56.25000000000000000 ) ) ;
#1696 = CARTESIAN_POINT ( 'NONE',  ( 108.0000000000000000, -3.000000000000000000, 0.000000000000000000 ) ) ;
#1697 = CYLINDRICAL_SURFACE ( 'NONE', #1479, 9.000000000000001776 ) ;
#1698 = ORIENTED_EDGE ( 'NONE', *, *, #1300, .T. ) ;
#1699 = VECTOR ( 'NONE', #1644, 1000.000000000000000 ) ;
#1700 = PLANE ( 'NONE',  #1382 ) ;
#1701 = ORIENTED_EDGE ( 'NONE', *, *, #806, .T. ) ;
#1702 = APPROVAL_STATUS ( 'not_yet_approved' ) ;
#1703 = ORIENTED_EDGE ( 'NONE', *, *, #484, .T. ) ;
#1704 = FACE_OUTER_BOUND ( 'NONE', #950, .T. ) ;
#1705 = DIRECTION ( 'NONE',  ( -1.000000000000000000, 0.000000000000000000, -0.000000000000000000 ) ) ;
#1706 = ORIENTED_EDGE ( 'NONE', *, *, #600, .F. ) ;
#1707 = ADVANCED_FACE ( 'NONE', ( #903, #1537, #504, #1306, #482, #114, #632, #489, #1276, #1527, #88, #1405, #225, #81 ), #211, .F. ) ;
#1708 = DIRECTION ( 'NONE',  ( 0.000000000000000000, 0.000000000000000000, -1.000000000000000000 ) ) ;
#1709 = ORIENTED_EDGE ( 'NONE', *, *, #1344, .F. ) ;
#1710 = APPLICATION_CONTEXT ( 'configuration controlled 3d designs of mechanical parts and assemblies' ) ;
#1711 = FACE_OUTER_BOUND ( 'NONE', #480, .T. ) ;
#1712 = VERTEX_POINT ( 'NONE', #599 ) ;
#1713 = ADVANCED_FACE ( 'NONE', ( #1142 ), #1660, .F. ) ;
ENDSEC;
END-ISO-10303-21;
