ISO-10303-21;
HEADER;
FILE_DESCRIPTION (( 'STEP AP203' ),
    '1' );
FILE_NAME ('mars_lander_control_box_base_v1.step',
    '2026-07-26T08:48:02',
    ( '' ),
    ( '' ),
    'SwSTEP 2.0',
    'SolidWorks 2022',
    '' );
FILE_SCHEMA (( 'CONFIG_CONTROL_DESIGN' ));
ENDSEC;

DATA;
#1 = VERTEX_POINT ( 'NONE', #786 ) ;
#2 = ORIENTED_EDGE ( 'NONE', *, *, #2359, .F. ) ;
#3 = DIRECTION ( 'NONE',  ( -0.000000000000000000, -1.000000000000000000, -0.000000000000000000 ) ) ;
#4 = CARTESIAN_POINT ( 'NONE',  ( -12.00000000000000000, -37.00000000000000000, 67.50000000000000000 ) ) ;
#5 = VERTEX_POINT ( 'NONE', #241 ) ;
#6 = DIRECTION ( 'NONE',  ( -1.000000000000000000, -0.000000000000000000, -0.000000000000000000 ) ) ;
#7 = CYLINDRICAL_SURFACE ( 'NONE', #369, 1.600000000000004086 ) ;
#8 = ORIENTED_EDGE ( 'NONE', *, *, #2535, .T. ) ;
#9 = EDGE_LOOP ( 'NONE', ( #127, #1631, #2435, #1268 ) ) ;
#10 = PLANE ( 'NONE',  #1374 ) ;
#11 = FACE_BOUND ( 'NONE', #705, .T. ) ;
#12 = ORIENTED_EDGE ( 'NONE', *, *, #2681, .F. ) ;
#13 = CARTESIAN_POINT ( 'NONE',  ( 1.959434878635764984E-16, -7.000000000000000000, 28.39999999999999858 ) ) ;
#14 = PRODUCT ( 'mars_lander_control_box_base_v1', 'mars_lander_control_box_base_v1', '', ( #2213 ) ) ;
#15 = ORIENTED_EDGE ( 'NONE', *, *, #1385, .F. ) ;
#16 = ORIENTED_EDGE ( 'NONE', *, *, #53, .F. ) ;
#17 = CARTESIAN_POINT ( 'NONE',  ( -12.00000000000000000, -37.00000000000000000, 67.50000000000000000 ) ) ;
#18 = EDGE_CURVE ( 'NONE', #3053, #1671, #539, .T. ) ;
#19 = CARTESIAN_POINT ( 'NONE',  ( 100.0000000000000000, -30.00000000000000000, 57.00000000000000000 ) ) ;
#20 = EDGE_CURVE ( 'NONE', #2719, #1468, #1272, .T. ) ;
#21 = VECTOR ( 'NONE', #599, 1000.000000000000000 ) ;
#22 = ORIENTED_EDGE ( 'NONE', *, *, #2041, .F. ) ;
#23 = CARTESIAN_POINT ( 'NONE',  ( 28.00000000000000000, -3.000000000000000000, 0.000000000000000000 ) ) ;
#24 = EDGE_CURVE ( 'NONE', #2455, #583, #570, .T. ) ;
#25 = FACE_OUTER_BOUND ( 'NONE', #2344, .T. ) ;
#26 = EDGE_LOOP ( 'NONE', ( #1556, #1973, #1704, #1602 ) ) ;
#27 = ADVANCED_FACE ( 'NONE', ( #1120 ), #3033, .T. ) ;
#28 = CARTESIAN_POINT ( 'NONE',  ( -107.0000000000000000, -37.00000000000000000, 64.50000000000000000 ) ) ;
#29 = ORIENTED_EDGE ( 'NONE', *, *, #2889, .F. ) ;
#30 = DIRECTION ( 'NONE',  ( -0.000000000000000000, 0.000000000000000000, 1.000000000000000000 ) ) ;
#31 = ORIENTED_EDGE ( 'NONE', *, *, #2182, .F. ) ;
#32 = VERTEX_POINT ( 'NONE', #136 ) ;
#33 = CARTESIAN_POINT ( 'NONE',  ( 18.00000000000000355, -37.00000000000000000, 64.50000000000000000 ) ) ;
#34 = VECTOR ( 'NONE', #1701, 1000.000000000000000 ) ;
#35 = ORIENTED_EDGE ( 'NONE', *, *, #1614, .T. ) ;
#36 = AXIS2_PLACEMENT_3D ( 'NONE', #1526, #315, #360 ) ;
#37 = CARTESIAN_POINT ( 'NONE',  ( -48.00000000000000000, -7.000000000000000000, -16.40000000000000213 ) ) ;
#38 = DIRECTION ( 'NONE',  ( 0.000000000000000000, 0.000000000000000000, -1.000000000000000000 ) ) ;
#39 = AXIS2_PLACEMENT_3D ( 'NONE', #850, #1326, #2833 ) ;
#40 = CALENDAR_DATE ( 2026, 26, 7 ) ;
#41 = EDGE_CURVE ( 'NONE', #157, #620, #2296, .T. ) ;
#42 = FACE_OUTER_BOUND ( 'NONE', #3057, .T. ) ;
#43 = ORIENTED_EDGE ( 'NONE', *, *, #1734, .T. ) ;
#44 = DIRECTION ( 'NONE',  ( 0.000000000000000000, 0.000000000000000000, -1.000000000000000000 ) ) ;
#45 = VECTOR ( 'NONE', #2762, 1000.000000000000000 ) ;
#46 = EDGE_LOOP ( 'NONE', ( #3047, #2260, #2056, #1897 ) ) ;
#47 = ORIENTED_EDGE ( 'NONE', *, *, #3105, .T. ) ;
#48 = CARTESIAN_POINT ( 'NONE',  ( 0.000000000000000000, -3.000000000000000000, 31.59999999999999787 ) ) ;
#49 = ORIENTED_EDGE ( 'NONE', *, *, #2647, .F. ) ;
#50 = LINE ( 'NONE', #1994, #1365 ) ;
#51 = CARTESIAN_POINT ( 'NONE',  ( 69.00000000000000000, -4.000000000000000000, 43.29999999999999716 ) ) ;
#52 = COORDINATED_UNIVERSAL_TIME_OFFSET ( 8, 0, .AHEAD. ) ;
#53 = EDGE_CURVE ( 'NONE', #2104, #1561, #622, .T. ) ;
#54 = EDGE_CURVE ( 'NONE', #1736, #1376, #1084, .T. ) ;
#55 = CARTESIAN_POINT ( 'NONE',  ( 28.00000000000000000, -4.000000000000000000, -52.00000000000000000 ) ) ;
#56 = ORIENTED_EDGE ( 'NONE', *, *, #1359, .F. ) ;
#57 = EDGE_CURVE ( 'NONE', #2723, #1959, #92, .T. ) ;
#58 = DIRECTION ( 'NONE',  ( -1.000000000000000000, 0.000000000000000000, -0.000000000000000000 ) ) ;
#59 = EDGE_LOOP ( 'NONE', ( #562, #2100, #2300, #2032 ) ) ;
#60 = VERTEX_POINT ( 'NONE', #2050 ) ;
#61 = EDGE_LOOP ( 'NONE', ( #1051, #1554, #2924, #2276 ) ) ;
#62 = DIRECTION ( 'NONE',  ( -0.000000000000000000, 1.000000000000000000, -0.000000000000000000 ) ) ;
#63 = ORIENTED_EDGE ( 'NONE', *, *, #2481, .T. ) ;
#64 = ORIENTED_EDGE ( 'NONE', *, *, #2188, .T. ) ;
#65 = DIRECTION ( 'NONE',  ( 0.000000000000000000, 0.000000000000000000, 1.000000000000000000 ) ) ;
#66 = DIRECTION ( 'NONE',  ( -1.000000000000000000, 0.000000000000000000, 0.000000000000000000 ) ) ;
#67 = AXIS2_PLACEMENT_3D ( 'NONE', #233, #2175, #3157 ) ;
#68 = VECTOR ( 'NONE', #1498, 1000.000000000000000 ) ;
#69 = DIRECTION ( 'NONE',  ( 0.000000000000000000, 1.000000000000000000, 0.000000000000000000 ) ) ;
#70 = EDGE_CURVE ( 'NONE', #2068, #2089, #2313, .T. ) ;
#71 = EDGE_CURVE ( 'NONE', #283, #2559, #2019, .T. ) ;
#72 = ORIENTED_EDGE ( 'NONE', *, *, #2305, .T. ) ;
#73 = DIRECTION ( 'NONE',  ( 0.000000000000000000, 0.000000000000000000, -1.000000000000000000 ) ) ;
#74 = ADVANCED_FACE ( 'NONE', ( #1052 ), #1577, .T. ) ;
#75 = ORIENTED_EDGE ( 'NONE', *, *, #2926, .T. ) ;
#76 = DIRECTION ( 'NONE',  ( 1.000000000000000000, 0.000000000000000000, 0.000000000000000000 ) ) ;
#77 = DIRECTION ( 'NONE',  ( 0.000000000000000000, -0.000000000000000000, 1.000000000000000000 ) ) ;
#78 = CARTESIAN_POINT ( 'NONE',  ( -100.0000000000000000, -2.999999999999999112, 57.00000000000000000 ) ) ;
#79 = ADVANCED_FACE ( 'NONE', ( #2575 ), #3002, .T. ) ;
#80 = ORIENTED_EDGE ( 'NONE', *, *, #2478, .F. ) ;
#81 = CARTESIAN_POINT ( 'NONE',  ( -11.00000000000000000, -4.000000000000000000, 46.70000000000000284 ) ) ;
#82 = CARTESIAN_POINT ( 'NONE',  ( -93.00000000000000000, -7.000000000000000000, -63.00000000000000000 ) ) ;
#83 = VECTOR ( 'NONE', #2127, 1000.000000000000000 ) ;
#84 = AXIS2_PLACEMENT_3D ( 'NONE', #633, #147, #598 ) ;
#85 = PLANE ( 'NONE',  #654 ) ;
#86 = EDGE_LOOP ( 'NONE', ( #2411, #3113, #8, #1689 ) ) ;
#87 = LINE ( 'NONE', #1789, #45 ) ;
#88 = CIRCLE ( 'NONE', #1469, 1.599999999999997202 ) ;
#89 = ORIENTED_EDGE ( 'NONE', *, *, #3143, .T. ) ;
#90 = CIRCLE ( 'NONE', #1015, 1.600000000000000755 ) ;
#91 = ORIENTED_EDGE ( 'NONE', *, *, #2564, .F. ) ;
#92 = LINE ( 'NONE', #2813, #3046 ) ;
#93 = PLANE ( 'NONE',  #1977 ) ;
#94 = AXIS2_PLACEMENT_3D ( 'NONE', #2794, #2031, #1823 ) ;
#95 = LINE ( 'NONE', #3070, #1766 ) ;
#96 = ADVANCED_FACE ( 'NONE', ( #328 ), #1590, .T. ) ;
#97 = VECTOR ( 'NONE', #3161, 1000.000000000000000 ) ;
#98 = ORIENTED_EDGE ( 'NONE', *, *, #1212, .T. ) ;
#99 = CYLINDRICAL_SURFACE ( 'NONE', #1060, 1.599999999999997202 ) ;
#100 = CARTESIAN_POINT ( 'NONE',  ( -100.0000000000000000, -30.00000000000000000, -57.00000000000000000 ) ) ;
#101 = DIRECTION ( 'NONE',  ( 0.000000000000000000, 1.000000000000000000, 0.000000000000000000 ) ) ;
#102 = PERSON_AND_ORGANIZATION ( #2163, #1477 ) ;
#103 = CARTESIAN_POINT ( 'NONE',  ( 42.00000000000000000, -4.000000000000000000, 46.70000000000000284 ) ) ;
#104 = ORIENTED_EDGE ( 'NONE', *, *, #1681, .T. ) ;
#105 = LINE ( 'NONE', #1589, #203 ) ;
#106 = ORIENTED_EDGE ( 'NONE', *, *, #1048, .T. ) ;
#107 = DIRECTION ( 'NONE',  ( 0.000000000000000000, -0.000000000000000000, -1.000000000000000000 ) ) ;
#108 = CARTESIAN_POINT ( 'NONE',  ( 28.00000000000000000, -3.000000000000000000, 0.000000000000000000 ) ) ;
#109 = DIRECTION ( 'NONE',  ( 0.000000000000000000, -0.000000000000000000, -1.000000000000000000 ) ) ;
#110 = ORIENTED_EDGE ( 'NONE', *, *, #3006, .T. ) ;
#111 = ORIENTED_EDGE ( 'NONE', *, *, #2952, .T. ) ;
#112 = CARTESIAN_POINT ( 'NONE',  ( 100.0000000000000000, -34.00000000000000000, 55.64999999999999858 ) ) ;
#113 = EDGE_CURVE ( 'NONE', #645, #5, #3019, .T. ) ;
#114 = PLANE ( 'NONE',  #1346 ) ;
#115 = CARTESIAN_POINT ( 'NONE',  ( 100.0000000000000000, 0.000000000000000000, -58.35000000000000853 ) ) ;
#116 = ADVANCED_FACE ( 'NONE', ( #1791 ), #3067, .T. ) ;
#117 = CARTESIAN_POINT ( 'NONE',  ( -78.00000000000000000, -37.00000000000000000, 64.50000000000000000 ) ) ;
#118 = AXIS2_PLACEMENT_3D ( 'NONE', #2076, #2823, #3093 ) ;
#119 = ORIENTED_EDGE ( 'NONE', *, *, #3142, .T. ) ;
#120 = DIRECTION ( 'NONE',  ( 1.000000000000000000, -0.000000000000000000, 0.000000000000000000 ) ) ;
#121 = ORIENTED_EDGE ( 'NONE', *, *, #925, .T. ) ;
#122 = EDGE_LOOP ( 'NONE', ( #374, #2971, #1858, #740 ) ) ;
#123 = CARTESIAN_POINT ( 'NONE',  ( -93.55677643628301610, -7.000000000000000000, -64.50000000000000000 ) ) ;
#124 = CARTESIAN_POINT ( 'NONE',  ( -0.000000000000000000, -3.000000000000000000, -64.50000000000000000 ) ) ;
#125 = VERTEX_POINT ( 'NONE', #1352 ) ;
#126 = DIRECTION ( 'NONE',  ( 0.000000000000000000, -1.000000000000000000, 0.000000000000000000 ) ) ;
#127 = ORIENTED_EDGE ( 'NONE', *, *, #2182, .T. ) ;
#128 = EDGE_LOOP ( 'NONE', ( #1941, #2264 ) ) ;
#129 = DIRECTION ( 'NONE',  ( 0.000000000000000000, 1.000000000000000000, 0.000000000000000000 ) ) ;
#130 = FACE_OUTER_BOUND ( 'NONE', #350, .T. ) ;
#131 = CARTESIAN_POINT ( 'NONE',  ( -34.00000000000000000, 0.000000000000000000, -4.299999999999999822 ) ) ;
#132 = DIRECTION ( 'NONE',  ( 0.000000000000000000, 0.000000000000000000, 1.000000000000000000 ) ) ;
#133 = VECTOR ( 'NONE', #338, 1000.000000000000000 ) ;
#134 = ORIENTED_EDGE ( 'NONE', *, *, #525, .T. ) ;
#135 = LINE ( 'NONE', #1117, #347 ) ;
#136 = CARTESIAN_POINT ( 'NONE',  ( -92.44322356371698390, -7.000000000000000000, -64.50000000000000000 ) ) ;
#137 = DIRECTION ( 'NONE',  ( -0.000000000000000000, 1.000000000000000000, -0.000000000000000000 ) ) ;
#138 = ORIENTED_EDGE ( 'NONE', *, *, #824, .T. ) ;
#139 = VECTOR ( 'NONE', #1129, 1000.000000000000000 ) ;
#140 = CARTESIAN_POINT ( 'NONE',  ( 0.000000000000000000, -3.000000000000000000, 46.70000000000000284 ) ) ;
#141 = VECTOR ( 'NONE', #2720, 1000.000000000000000 ) ;
#142 = EDGE_LOOP ( 'NONE', ( #1837, #410, #2383, #2302 ) ) ;
#143 = VERTEX_POINT ( 'NONE', #2330 ) ;
#144 = DIRECTION ( 'NONE',  ( 0.000000000000000000, 0.000000000000000000, -1.000000000000000000 ) ) ;
#145 = CARTESIAN_POINT ( 'NONE',  ( 96.00000000000000000, -7.000000000000000000, 30.00000000000000000 ) ) ;
#146 = AXIS2_PLACEMENT_3D ( 'NONE', #2672, #718, #1687 ) ;
#147 = DIRECTION ( 'NONE',  ( 0.000000000000000000, 1.000000000000000000, 0.000000000000000000 ) ) ;
#148 = VECTOR ( 'NONE', #733, 1000.000000000000000 ) ;
#149 = DIRECTION ( 'NONE',  ( 0.000000000000000000, 1.000000000000000000, 0.000000000000000000 ) ) ;
#150 = EDGE_CURVE ( 'NONE', #1561, #2117, #588, .T. ) ;
#151 = VERTEX_POINT ( 'NONE', #2083 ) ;
#152 = DIRECTION ( 'NONE',  ( 0.000000000000000000, 0.000000000000000000, -1.000000000000000000 ) ) ;
#153 = EDGE_CURVE ( 'NONE', #1029, #867, #1006, .T. ) ;
#154 = PLANE ( 'NONE',  #2993 ) ;
#155 = EDGE_CURVE ( 'NONE', #2783, #1170, #1414, .T. ) ;
#156 = VERTEX_POINT ( 'NONE', #2657 ) ;
#157 = VERTEX_POINT ( 'NONE', #640 ) ;
#158 = LINE ( 'NONE', #395, #1567 ) ;
#159 = ORIENTED_EDGE ( 'NONE', *, *, #591, .T. ) ;
#160 = ORIENTED_EDGE ( 'NONE', *, *, #2772, .T. ) ;
#161 = CARTESIAN_POINT ( 'NONE',  ( 69.00000000000000000, -4.000000000000000000, -29.69999999999999929 ) ) ;
#162 = CARTESIAN_POINT ( 'NONE',  ( -107.0000000000000000, -37.00000000000000000, 67.50000000000000000 ) ) ;
#163 = CARTESIAN_POINT ( 'NONE',  ( -78.00000000000000000, -3.000000000000000000, 0.000000000000000000 ) ) ;
#164 = PLANE ( 'NONE',  #387 ) ;
#165 = CYLINDRICAL_SURFACE ( 'NONE', #2880, 1.350000000000004086 ) ;
#166 = DIRECTION ( 'NONE',  ( 0.000000000000000000, 1.000000000000000000, 0.000000000000000000 ) ) ;
#167 = AXIS2_PLACEMENT_3D ( 'NONE', #2848, #595, #1848 ) ;
#168 = EDGE_CURVE ( 'NONE', #932, #2723, #941, .T. ) ;
#169 = EDGE_LOOP ( 'NONE', ( #2709, #1894 ) ) ;
#170 = FACE_BOUND ( 'NONE', #3116, .T. ) ;
#171 = VECTOR ( 'NONE', #420, 1000.000000000000000 ) ;
#172 = VERTEX_POINT ( 'NONE', #2890 ) ;
#173 = LINE ( 'NONE', #2421, #1982 ) ;
#174 = ORIENTED_EDGE ( 'NONE', *, *, #3090, .T. ) ;
#175 = CARTESIAN_POINT ( 'NONE',  ( 81.00000000000000000, -4.000000000000000000, 46.70000000000000284 ) ) ;
#176 = EDGE_CURVE ( 'NONE', #2104, #1506, #206, .T. ) ;
#177 = ORIENTED_EDGE ( 'NONE', *, *, #20, .T. ) ;
#178 = ORIENTED_EDGE ( 'NONE', *, *, #3043, .T. ) ;
#179 = CARTESIAN_POINT ( 'NONE',  ( 100.0000000000000000, -30.00000000000000000, 57.00000000000000000 ) ) ;
#180 = ADVANCED_FACE ( 'NONE', ( #1908 ), #2876, .T. ) ;
#181 = CARTESIAN_POINT ( 'NONE',  ( 100.0000000000000000, -34.00000000000000000, -55.64999999999999858 ) ) ;
#182 = CARTESIAN_POINT ( 'NONE',  ( 18.00000000000000355, -3.000000000000000000, 0.000000000000000000 ) ) ;
#183 = DIRECTION ( 'NONE',  ( 0.000000000000000000, 0.000000000000000000, -1.000000000000000000 ) ) ;
#184 = DIRECTION ( 'NONE',  ( 0.000000000000000000, 1.000000000000000000, 0.000000000000000000 ) ) ;
#185 = PLANE ( 'NONE',  #1821 ) ;
#186 = AXIS2_PLACEMENT_3D ( 'NONE', #2457, #487, #1463 ) ;
#187 = VECTOR ( 'NONE', #345, 1000.000000000000000 ) ;
#188 = FACE_BOUND ( 'NONE', #1149, .T. ) ;
#189 = ORIENTED_EDGE ( 'NONE', *, *, #349, .T. ) ;
#190 = ORIENTED_EDGE ( 'NONE', *, *, #983, .T. ) ;
#191 = DIRECTION ( 'NONE',  ( 0.000000000000000000, 0.000000000000000000, 1.000000000000000000 ) ) ;
#192 = VERTEX_POINT ( 'NONE', #3115 ) ;
#193 = ORIENTED_EDGE ( 'NONE', *, *, #611, .F. ) ;
#194 = CIRCLE ( 'NONE', #2390, 1.350000000000004086 ) ;
#195 = CARTESIAN_POINT ( 'NONE',  ( -0.000000000000000000, -3.000000000000000000, 43.29999999999999716 ) ) ;
#196 = EDGE_CURVE ( 'NONE', #2645, #2202, #3079, .T. ) ;
#197 = DIRECTION ( 'NONE',  ( 0.000000000000000000, 1.000000000000000000, 0.000000000000000000 ) ) ;
#198 = AXIS2_PLACEMENT_3D ( 'NONE', #2415, #2918, #921 ) ;
#199 = VECTOR ( 'NONE', #816, 1000.000000000000000 ) ;
#200 = DIRECTION ( 'NONE',  ( 0.000000000000000000, -1.000000000000000000, 0.000000000000000000 ) ) ;
#201 = CARTESIAN_POINT ( 'NONE',  ( -41.99999999999999289, -37.00000000000000000, 67.50000000000000000 ) ) ;
#202 = CARTESIAN_POINT ( 'NONE',  ( -78.00000000000000000, -37.00000000000000000, 67.50000000000000000 ) ) ;
#203 = VECTOR ( 'NONE', #2573, 1000.000000000000000 ) ;
#204 = VECTOR ( 'NONE', #2525, 1000.000000000000000 ) ;
#205 = CARTESIAN_POINT ( 'NONE',  ( -41.99999999999999289, -3.000000000000000000, -0.000000000000000000 ) ) ;
#206 = LINE ( 'NONE', #459, #2227 ) ;
#207 = ORIENTED_EDGE ( 'NONE', *, *, #1963, .F. ) ;
#208 = CARTESIAN_POINT ( 'NONE',  ( 81.00000000000000000, -3.000000000000000000, 46.70000000000000284 ) ) ;
#209 = ORIENTED_EDGE ( 'NONE', *, *, #525, .F. ) ;
#210 = EDGE_LOOP ( 'NONE', ( #1570, #1910, #64, #530 ) ) ;
#211 = LINE ( 'NONE', #946, #244 ) ;
#212 = CARTESIAN_POINT ( 'NONE',  ( 28.00000000000000000, -4.000000000000000000, -49.00000000000000000 ) ) ;
#213 = CC_DESIGN_DATE_AND_TIME_ASSIGNMENT ( #1534, #2469, ( #457 ) ) ;
#214 = CARTESIAN_POINT ( 'NONE',  ( 81.00000000000000000, 0.000000000000000000, -26.30000000000000071 ) ) ;
#215 = EDGE_CURVE ( 'NONE', #2452, #2190, #3144, .T. ) ;
#216 = EDGE_CURVE ( 'NONE', #790, #522, #2737, .T. ) ;
#217 = CYLINDRICAL_SURFACE ( 'NONE', #2533, 5.000000000000004441 ) ;
#218 = LINE ( 'NONE', #1476, #274 ) ;
#219 = EDGE_CURVE ( 'NONE', #1782, #2236, #1370, .T. ) ;
#220 = DIRECTION ( 'NONE',  ( -0.000000000000000000, 1.000000000000000000, -0.000000000000000000 ) ) ;
#221 = EDGE_LOOP ( 'NONE', ( #227, #2863 ) ) ;
#222 = CARTESIAN_POINT ( 'NONE',  ( 42.00000000000000000, 0.000000000000000000, 46.70000000000000284 ) ) ;
#223 = EDGE_LOOP ( 'NONE', ( #2115, #2968, #797, #795 ) ) ;
#224 = CIRCLE ( 'NONE', #2414, 1.600000000000000755 ) ;
#225 = FACE_OUTER_BOUND ( 'NONE', #1402, .T. ) ;
#226 = VECTOR ( 'NONE', #382, 1000.000000000000000 ) ;
#227 = ORIENTED_EDGE ( 'NONE', *, *, #2663, .F. ) ;
#228 = ORIENTED_EDGE ( 'NONE', *, *, #611, .T. ) ;
#229 = CARTESIAN_POINT ( 'NONE',  ( -80.00000000000000000, -4.000000000000000000, -4.299999999999999822 ) ) ;
#230 = LINE ( 'NONE', #947, #2730 ) ;
#231 = LINE ( 'NONE', #1649, #2849 ) ;
#232 = CARTESIAN_POINT ( 'NONE',  ( 96.00000000000000000, -3.000000000000000000, -12.00000000000000000 ) ) ;
#233 = CARTESIAN_POINT ( 'NONE',  ( 95.00000000000000000, -4.000000000000000000, -31.00000000000000000 ) ) ;
#234 = DIRECTION ( 'NONE',  ( 0.000000000000000000, 0.000000000000000000, 1.000000000000000000 ) ) ;
#235 = CARTESIAN_POINT ( 'NONE',  ( 0.000000000000000000, -3.000000000000000000, 46.70000000000000284 ) ) ;
#236 = DIRECTION ( 'NONE',  ( 0.000000000000000000, -0.000000000000000000, -1.000000000000000000 ) ) ;
#237 = VERTEX_POINT ( 'NONE', #1670 ) ;
#238 = FACE_OUTER_BOUND ( 'NONE', #498, .T. ) ;
#239 = AXIS2_PLACEMENT_3D ( 'NONE', #1187, #745, #1221 ) ;
#240 = EDGE_LOOP ( 'NONE', ( #174, #2257, #764, #2105, #2168, #813, #43, #259, #1927, #1210, #1298, #2070, #2562, #2550, #593, #680 ) ) ;
#241 = CARTESIAN_POINT ( 'NONE',  ( 1.000000000000000000, 0.000000000000000000, 43.29999999999999716 ) ) ;
#242 = DIRECTION ( 'NONE',  ( 0.000000000000000000, 0.000000000000000000, 1.000000000000000000 ) ) ;
#243 = DIRECTION ( 'NONE',  ( 0.000000000000000000, 0.000000000000000000, 1.000000000000000000 ) ) ;
#244 = VECTOR ( 'NONE', #1884, 1000.000000000000000 ) ;
#245 = PLANE ( 'NONE',  #2953 ) ;
#246 = CARTESIAN_POINT ( 'NONE',  ( -93.00000000000000000, -3.000000000000000000, -19.60000000000000142 ) ) ;
#247 = LINE ( 'NONE', #1413, #1038 ) ;
#248 = VECTOR ( 'NONE', #435, 1000.000000000000000 ) ;
#249 = CIRCLE ( 'NONE', #2494, 1.600000000000004086 ) ;
#250 = ORIENTED_EDGE ( 'NONE', *, *, #3010, .T. ) ;
#251 = ORIENTED_EDGE ( 'NONE', *, *, #2853, .F. ) ;
#252 = APPROVAL ( #2716, '未指定' ) ;
#253 = FACE_OUTER_BOUND ( 'NONE', #2399, .T. ) ;
#254 = ADVANCED_FACE ( 'NONE', ( #2827 ), #1642, .F. ) ;
#255 = ORIENTED_EDGE ( 'NONE', *, *, #1441, .T. ) ;
#256 = CARTESIAN_POINT ( 'NONE',  ( -110.0000000000000000, -37.00000000000000000, 64.50000000000000000 ) ) ;
#257 = EDGE_CURVE ( 'NONE', #60, #2874, #893, .T. ) ;
#258 = ORIENTED_EDGE ( 'NONE', *, *, #1764, .F. ) ;
#259 = ORIENTED_EDGE ( 'NONE', *, *, #1711, .T. ) ;
#260 = DIRECTION ( 'NONE',  ( -0.000000000000000000, 1.000000000000000000, -0.000000000000000000 ) ) ;
#261 = LINE ( 'NONE', #2263, #636 ) ;
#262 = VERTEX_POINT ( 'NONE', #222 ) ;
#263 = PLANE ( 'NONE',  #722 ) ;
#264 = DIRECTION ( 'NONE',  ( -0.000000000000000000, 0.000000000000000000, 1.000000000000000000 ) ) ;
#265 = ORIENTED_EDGE ( 'NONE', *, *, #653, .F. ) ;
#266 = DIRECTION ( 'NONE',  ( 0.000000000000000000, 0.000000000000000000, 1.000000000000000000 ) ) ;
#267 = FACE_BOUND ( 'NONE', #169, .T. ) ;
#268 = ORIENTED_EDGE ( 'NONE', *, *, #2188, .F. ) ;
#269 = DIRECTION ( 'NONE',  ( 0.000000000000000000, 1.000000000000000000, 0.000000000000000000 ) ) ;
#270 = ORIENTED_EDGE ( 'NONE', *, *, #672, .F. ) ;
#271 = ORIENTED_EDGE ( 'NONE', *, *, #2910, .F. ) ;
#272 = LINE ( 'NONE', #1244, #1450 ) ;
#273 = ADVANCED_FACE ( 'NONE', ( #2860 ), #154, .F. ) ;
#274 = VECTOR ( 'NONE', #967, 1000.000000000000000 ) ;
#275 = EDGE_LOOP ( 'NONE', ( #318, #207, #2815, #1738 ) ) ;
#276 = EDGE_CURVE ( 'NONE', #60, #849, #2943, .T. ) ;
#277 = LINE ( 'NONE', #2991, #758 ) ;
#278 = FACE_OUTER_BOUND ( 'NONE', #1007, .T. ) ;
#279 = APPROVAL_ROLE ( '' ) ;
#280 = DIRECTION ( 'NONE',  ( 0.000000000000000000, 1.000000000000000000, 0.000000000000000000 ) ) ;
#281 = ORIENTED_EDGE ( 'NONE', *, *, #3085, .T. ) ;
#282 = CARTESIAN_POINT ( 'NONE',  ( -100.0000000000000000, -30.00000000000000000, 57.00000000000000000 ) ) ;
#283 = VERTEX_POINT ( 'NONE', #1417 ) ;
#284 = EDGE_LOOP ( 'NONE', ( #533, #1290, #2674, #2474 ) ) ;
#285 = DIRECTION ( 'NONE',  ( 0.000000000000000000, -0.000000000000000000, 1.000000000000000000 ) ) ;
#286 = AXIS2_PLACEMENT_3D ( 'NONE', #1479, #954, #2717 ) ;
#287 = ORIENTED_EDGE ( 'NONE', *, *, #2853, .T. ) ;
#288 = EDGE_CURVE ( 'NONE', #777, #1990, #2626, .T. ) ;
#289 = LINE ( 'NONE', #517, #2436 ) ;
#290 = EDGE_CURVE ( 'NONE', #237, #1171, #2014, .T. ) ;
#291 = DIRECTION ( 'NONE',  ( 0.000000000000000000, 1.000000000000000000, 0.000000000000000000 ) ) ;
#292 = VERTEX_POINT ( 'NONE', #1179 ) ;
#293 = VECTOR ( 'NONE', #1276, 1000.000000000000000 ) ;
#294 = VECTOR ( 'NONE', #2234, 1000.000000000000000 ) ;
#295 = DIRECTION ( 'NONE',  ( 0.000000000000000000, -1.000000000000000000, 0.000000000000000000 ) ) ;
#296 = EDGE_LOOP ( 'NONE', ( #1350, #2294 ) ) ;
#297 = PLANE ( 'NONE',  #2392 ) ;
#298 = CIRCLE ( 'NONE', #1022, 1.600000000000004086 ) ;
#299 = ORIENTED_EDGE ( 'NONE', *, *, #2001, .F. ) ;
#300 = DIRECTION ( 'NONE',  ( -0.000000000000000000, 1.000000000000000000, -0.000000000000000000 ) ) ;
#301 = CARTESIAN_POINT ( 'NONE',  ( 1.959434878635765477E-16, -7.000000000000000000, 28.39999999999999858 ) ) ;
#302 = EDGE_LOOP ( 'NONE', ( #2443, #1165 ) ) ;
#303 = ORIENTED_EDGE ( 'NONE', *, *, #2144, .T. ) ;
#304 = CARTESIAN_POINT ( 'NONE',  ( -48.00000000000000000, -3.000000000000000000, -19.59999999999999432 ) ) ;
#305 = CARTESIAN_POINT ( 'NONE',  ( 95.00000000000000000, -4.000000000000000000, -49.00000000000000000 ) ) ;
#306 = EDGE_CURVE ( 'NONE', #1357, #1, #411, .T. ) ;
#307 = ADVANCED_FACE ( 'NONE', ( #170, #427, #2114, #909, #1877, #675, #1400, #2376, #188, #1953, #2955, #778, #2937, #1002, #1743, #2705, #2923, #267, #2424 ), #507, .T. ) ;
#308 = DATE_AND_TIME ( #40, #1824 ) ;
#309 = ADVANCED_FACE ( 'NONE', ( #2441 ), #2228, .T. ) ;
#310 = DIRECTION ( 'NONE',  ( 0.000000000000000000, 0.000000000000000000, 1.000000000000000000 ) ) ;
#311 = EDGE_CURVE ( 'NONE', #790, #743, #2214, .T. ) ;
#312 = EDGE_LOOP ( 'NONE', ( #1018, #1727 ) ) ;
#313 = DIRECTION ( 'NONE',  ( -0.000000000000000000, -0.000000000000000000, 1.000000000000000000 ) ) ;
#314 = ORIENTED_EDGE ( 'NONE', *, *, #856, .T. ) ;
#315 = DIRECTION ( 'NONE',  ( 0.000000000000000000, -1.000000000000000000, 0.000000000000000000 ) ) ;
#316 = LINE ( 'NONE', #2781, #2501 ) ;
#317 = PLANE ( 'NONE',  #2440 ) ;
#318 = ORIENTED_EDGE ( 'NONE', *, *, #1056, .F. ) ;
#319 = DIRECTION ( 'NONE',  ( 0.000000000000000000, -0.000000000000000000, 1.000000000000000000 ) ) ;
#320 = DIRECTION ( 'NONE',  ( 0.000000000000000000, 1.000000000000000000, 0.000000000000000000 ) ) ;
#321 = VECTOR ( 'NONE', #2664, 1000.000000000000000 ) ;
#322 = CALENDAR_DATE ( 2026, 26, 7 ) ;
#323 = LINE ( 'NONE', #103, #952 ) ;
#324 = ORIENTED_EDGE ( 'NONE', *, *, #1093, .F. ) ;
#325 = DIRECTION ( 'NONE',  ( 0.000000000000000000, 0.000000000000000000, 1.000000000000000000 ) ) ;
#326 = ORIENTED_EDGE ( 'NONE', *, *, #1537, .F. ) ;
#327 = VERTEX_POINT ( 'NONE', #1023 ) ;
#328 = FACE_OUTER_BOUND ( 'NONE', #1678, .T. ) ;
#329 = CARTESIAN_POINT ( 'NONE',  ( -100.0000000000000000, -30.00000000000000000, -57.00000000000000000 ) ) ;
#330 = DIRECTION ( 'NONE',  ( 0.000000000000000000, 1.000000000000000000, 0.000000000000000000 ) ) ;
#331 = VERTEX_POINT ( 'NONE', #28 ) ;
#332 = DIRECTION ( 'NONE',  ( 0.000000000000000000, 1.000000000000000000, 0.000000000000000000 ) ) ;
#333 = CYLINDRICAL_SURFACE ( 'NONE', #2931, 5.000000000000004441 ) ;
#334 = AXIS2_PLACEMENT_3D ( 'NONE', #2433, #1160, #2668 ) ;
#335 = DIRECTION ( 'NONE',  ( 0.000000000000000000, 0.000000000000000000, 1.000000000000000000 ) ) ;
#336 = CALENDAR_DATE ( 2026, 26, 7 ) ;
#337 = VECTOR ( 'NONE', #129, 1000.000000000000000 ) ;
#338 = DIRECTION ( 'NONE',  ( 0.000000000000000000, 1.000000000000000000, 0.000000000000000000 ) ) ;
#339 = EDGE_LOOP ( 'NONE', ( #748, #2121, #1126 ) ) ;
#340 = FACE_OUTER_BOUND ( 'NONE', #676, .T. ) ;
#341 = AXIS2_PLACEMENT_3D ( 'NONE', #2158, #1158, #421 ) ;
#342 = AXIS2_PLACEMENT_3D ( 'NONE', #737, #1988, #1227 ) ;
#343 = EDGE_CURVE ( 'NONE', #2710, #398, #1968, .T. ) ;
#344 = ORIENTED_EDGE ( 'NONE', *, *, #635, .F. ) ;
#345 = DIRECTION ( 'NONE',  ( -1.000000000000000000, 0.000000000000000000, 0.000000000000000000 ) ) ;
#346 = DIRECTION ( 'NONE',  ( 0.000000000000000000, -1.000000000000000000, 0.000000000000000000 ) ) ;
#347 = VECTOR ( 'NONE', #2272, 1000.000000000000000 ) ;
#348 = FACE_BOUND ( 'NONE', #312, .T. ) ;
#349 = EDGE_CURVE ( 'NONE', #1671, #978, #1208, .T. ) ;
#350 = EDGE_LOOP ( 'NONE', ( #2461, #393, #1812, #772 ) ) ;
#351 = VERTEX_POINT ( 'NONE', #2673 ) ;
#352 = PLANE ( 'NONE',  #908 ) ;
#353 = CARTESIAN_POINT ( 'NONE',  ( -34.00000000000000000, -4.000000000000000000, -4.299999999999999822 ) ) ;
#354 = CARTESIAN_POINT ( 'NONE',  ( -48.00000000000000000, -7.000000000000000000, -18.00000000000000000 ) ) ;
#355 = CARTESIAN_POINT ( 'NONE',  ( -48.00000000000000000, -7.000000000000000000, -18.00000000000000000 ) ) ;
#356 = DIRECTION ( 'NONE',  ( 0.000000000000000000, 1.000000000000000000, 0.000000000000000000 ) ) ;
#357 = EDGE_LOOP ( 'NONE', ( #2038, #1339, #2473, #2824, #752, #2696, #1609, #3018, #843, #2735, #2949, #1164, #29, #1991, #2527, #2725, #928, #2154, #2251, #251, #1422, #2136 ) ) ;
#358 = CARTESIAN_POINT ( 'NONE',  ( 110.0000000000000000, -3.000000000000000000, 67.50000000000000000 ) ) ;
#359 = ORIENTED_EDGE ( 'NONE', *, *, #2952, .F. ) ;
#360 = DIRECTION ( 'NONE',  ( 0.000000000000000000, 0.000000000000000000, -1.000000000000000000 ) ) ;
#361 = CARTESIAN_POINT ( 'NONE',  ( 96.00000000000000000, -3.000000000000000000, -12.00000000000000000 ) ) ;
#362 = ORIENTED_EDGE ( 'NONE', *, *, #1095, .T. ) ;
#363 = PLANE ( 'NONE',  #1264 ) ;
#364 = ORIENTED_EDGE ( 'NONE', *, *, #2420, .F. ) ;
#365 = ORIENTED_EDGE ( 'NONE', *, *, #1514, .T. ) ;
#366 = LINE ( 'NONE', #1127, #3154 ) ;
#367 = DIRECTION ( 'NONE',  ( 0.000000000000000000, 1.000000000000000000, 0.000000000000000000 ) ) ;
#368 = DIRECTION ( 'NONE',  ( -1.000000000000000000, 0.000000000000000000, -0.000000000000000000 ) ) ;
#369 = AXIS2_PLACEMENT_3D ( 'NONE', #985, #184, #2638 ) ;
#370 = CARTESIAN_POINT ( 'NONE',  ( 100.0000000000000000, -30.00000000000000000, 57.00000000000000000 ) ) ;
#371 = VECTOR ( 'NONE', #727, 1000.000000000000000 ) ;
#372 = ORIENTED_EDGE ( 'NONE', *, *, #747, .F. ) ;
#373 = LINE ( 'NONE', #2016, #2607 ) ;
#374 = ORIENTED_EDGE ( 'NONE', *, *, #2520, .T. ) ;
#375 = CARTESIAN_POINT ( 'NONE',  ( -48.00000000000000000, -7.000000000000000000, -18.00000000000000000 ) ) ;
#376 = FACE_OUTER_BOUND ( 'NONE', #1406, .T. ) ;
#377 = ORIENTED_EDGE ( 'NONE', *, *, #3105, .F. ) ;
#378 = FACE_BOUND ( 'NONE', #1011, .T. ) ;
#379 = EDGE_LOOP ( 'NONE', ( #159, #446, #2609, #2284 ) ) ;
#380 = ORIENTED_EDGE ( 'NONE', *, *, #388, .T. ) ;
#381 = LINE ( 'NONE', #3088, #2074 ) ;
#382 = DIRECTION ( 'NONE',  ( 1.000000000000000000, 0.000000000000000000, 0.000000000000000000 ) ) ;
#383 = EDGE_CURVE ( 'NONE', #867, #1646, #1731, .T. ) ;
#384 = CARTESIAN_POINT ( 'NONE',  ( 28.00000000000000000, -4.000000000000000000, -31.00000000000000000 ) ) ;
#385 = EDGE_CURVE ( 'NONE', #724, #1796, #2487, .T. ) ;
#386 = LINE ( 'NONE', #1852, #736 ) ;
#387 = AXIS2_PLACEMENT_3D ( 'NONE', #1803, #2518, #904 ) ;
#388 = EDGE_CURVE ( 'NONE', #1677, #493, #2329, .T. ) ;
#389 = ORIENTED_EDGE ( 'NONE', *, *, #1095, .F. ) ;
#390 = DIRECTION ( 'NONE',  ( -0.000000000000000000, 0.000000000000000000, 1.000000000000000000 ) ) ;
#391 = VECTOR ( 'NONE', #1586, 1000.000000000000000 ) ;
#392 = DIRECTION ( 'NONE',  ( -0.000000000000000000, 1.000000000000000000, -0.000000000000000000 ) ) ;
#393 = ORIENTED_EDGE ( 'NONE', *, *, #1112, .T. ) ;
#394 = VECTOR ( 'NONE', #617, 1000.000000000000000 ) ;
#395 = CARTESIAN_POINT ( 'NONE',  ( 69.00000000000000000, -4.000000000000000000, 43.29999999999999716 ) ) ;
#396 = AXIS2_PLACEMENT_3D ( 'NONE', #1794, #2317, #2023 ) ;
#397 = AXIS2_PLACEMENT_3D ( 'NONE', #1132, #926, #907 ) ;
#398 = VERTEX_POINT ( 'NONE', #719 ) ;
#399 = VERTEX_POINT ( 'NONE', #3164 ) ;
#400 = FACE_OUTER_BOUND ( 'NONE', #1607, .T. ) ;
#401 = DIRECTION ( 'NONE',  ( -1.000000000000000000, -0.000000000000000000, -0.000000000000000000 ) ) ;
#402 = CARTESIAN_POINT ( 'NONE',  ( -0.000000000000000000, -3.000000000000000000, 64.50000000000000000 ) ) ;
#403 =( GEOMETRIC_REPRESENTATION_CONTEXT ( 3 ) GLOBAL_UNCERTAINTY_ASSIGNED_CONTEXT ( ( #1667 ) ) GLOBAL_UNIT_ASSIGNED_CONTEXT ( ( #1715, #677, #2671 ) ) REPRESENTATION_CONTEXT ( 'NONE', 'WORKASPACE' ) );
#404 = CARTESIAN_POINT ( 'NONE',  ( 42.00000000000000000, -3.000000000000000000, 46.70000000000000284 ) ) ;
#405 = ADVANCED_FACE ( 'NONE', ( #1688 ), #972, .T. ) ;
#406 = EDGE_CURVE ( 'NONE', #418, #2408, #1937, .T. ) ;
#407 = ADVANCED_FACE ( 'NONE', ( #42 ), #2688, .T. ) ;
#408 = CARTESIAN_POINT ( 'NONE',  ( 18.00000000000000355, -37.00000000000000000, 64.50000000000000000 ) ) ;
#409 = ADVANCED_FACE ( 'NONE', ( #253 ), #1492, .F. ) ;
#410 = ORIENTED_EDGE ( 'NONE', *, *, #1747, .T. ) ;
#411 = LINE ( 'NONE', #2362, #1361 ) ;
#412 = VERTEX_POINT ( 'NONE', #1252 ) ;
#413 = CARTESIAN_POINT ( 'NONE',  ( -80.00000000000000000, -4.000000000000000000, -7.700000000000000178 ) ) ;
#414 = EDGE_LOOP ( 'NONE', ( #3036, #1340, #2377, #708 ) ) ;
#415 = LINE ( 'NONE', #2659, #2801 ) ;
#416 = ADVANCED_BREP_SHAPE_REPRESENTATION ( 'mars_lander_control_box_base_v1', ( #2777, #969 ), #403 ) ;
#417 = ORIENTED_EDGE ( 'NONE', *, *, #1734, .F. ) ;
#418 = VERTEX_POINT ( 'NONE', #1225 ) ;
#419 = LINE ( 'NONE', #1155, #1817 ) ;
#420 = DIRECTION ( 'NONE',  ( 0.000000000000000000, 1.000000000000000000, 0.000000000000000000 ) ) ;
#421 = DIRECTION ( 'NONE',  ( 0.000000000000000000, 0.000000000000000000, -1.000000000000000000 ) ) ;
#422 = CARTESIAN_POINT ( 'NONE',  ( 69.00000000000000000, 0.000000000000000000, 46.70000000000000284 ) ) ;
#423 = DIRECTION ( 'NONE',  ( 0.000000000000000000, 0.000000000000000000, -1.000000000000000000 ) ) ;
#424 = DIRECTION ( 'NONE',  ( 0.000000000000000000, 1.000000000000000000, 0.000000000000000000 ) ) ;
#425 = VECTOR ( 'NONE', #1235, 1000.000000000000000 ) ;
#426 = ADVANCED_FACE ( 'NONE', ( #11, #988 ), #85, .F. ) ;
#427 = FACE_BOUND ( 'NONE', #3017, .T. ) ;
#428 = ORIENTED_EDGE ( 'NONE', *, *, #1639, .T. ) ;
#429 = ORIENTED_EDGE ( 'NONE', *, *, #1016, .F. ) ;
#430 = LINE ( 'NONE', #1453, #3000 ) ;
#431 = ORIENTED_EDGE ( 'NONE', *, *, #842, .T. ) ;
#432 = ORIENTED_EDGE ( 'NONE', *, *, #2539, .F. ) ;
#433 = DIRECTION ( 'NONE',  ( 0.000000000000000000, 0.000000000000000000, 1.000000000000000000 ) ) ;
#434 = DIRECTION ( 'NONE',  ( 0.000000000000000000, 1.000000000000000000, 0.000000000000000000 ) ) ;
#435 = DIRECTION ( 'NONE',  ( -1.000000000000000000, 0.000000000000000000, 0.000000000000000000 ) ) ;
#436 = CARTESIAN_POINT ( 'NONE',  ( 100.0000000000000000, -30.00000000000000000, 52.00000000000000000 ) ) ;
#437 = CARTESIAN_POINT ( 'NONE',  ( 28.00000000000000000, -4.000000000000000000, -31.00000000000000000 ) ) ;
#438 = DIRECTION ( 'NONE',  ( 0.000000000000000000, 0.000000000000000000, -1.000000000000000000 ) ) ;
#439 = AXIS2_PLACEMENT_3D ( 'NONE', #1838, #1655, #1384 ) ;
#440 = VECTOR ( 'NONE', #2134, 1000.000000000000000 ) ;
#441 = DIRECTION ( 'NONE',  ( 0.000000000000000000, 1.000000000000000000, 0.000000000000000000 ) ) ;
#442 = ORIENTED_EDGE ( 'NONE', *, *, #2681, .T. ) ;
#443 = CARTESIAN_POINT ( 'NONE',  ( 0.000000000000000000, -3.000000000000000000, -29.69999999999999929 ) ) ;
#444 = EDGE_CURVE ( 'NONE', #2715, #351, #1774, .T. ) ;
#445 = ADVANCED_FACE ( 'NONE', ( #565 ), #1064, .F. ) ;
#446 = ORIENTED_EDGE ( 'NONE', *, *, #2477, .T. ) ;
#447 = ORIENTED_EDGE ( 'NONE', *, *, #3012, .F. ) ;
#448 = VECTOR ( 'NONE', #3, 1000.000000000000000 ) ;
#449 = CARTESIAN_POINT ( 'NONE',  ( -68.00000000000000000, 0.000000000000000000, -4.299999999999999822 ) ) ;
#450 = CYLINDRICAL_SURFACE ( 'NONE', #2417, 1.350000000000004086 ) ;
#451 = ADVANCED_FACE ( 'NONE', ( #2503 ), #164, .T. ) ;
#452 = AXIS2_PLACEMENT_3D ( 'NONE', #661, #2167, #1181 ) ;
#453 = CARTESIAN_POINT ( 'NONE',  ( 100.0000000000000000, -34.00000000000000000, 57.00000000000000000 ) ) ;
#454 = CARTESIAN_POINT ( 'NONE',  ( 100.0000000000000000, -2.999999999999999112, 52.00000000000000000 ) ) ;
#455 = LINE ( 'NONE', #2871, #2773 ) ;
#456 = VECTOR ( 'NONE', #510, 1000.000000000000000 ) ;
#457 = SECURITY_CLASSIFICATION ( '', '', #2012 ) ;
#458 = LINE ( 'NONE', #2393, #2394 ) ;
#459 = CARTESIAN_POINT ( 'NONE',  ( 42.00000000000000000, -4.000000000000000000, 43.29999999999999716 ) ) ;
#460 = ORIENTED_EDGE ( 'NONE', *, *, #2601, .F. ) ;
#461 = DIRECTION ( 'NONE',  ( 0.000000000000000000, 0.000000000000000000, -1.000000000000000000 ) ) ;
#462 = EDGE_CURVE ( 'NONE', #620, #1928, #582, .T. ) ;
#463 = EDGE_LOOP ( 'NONE', ( #3071, #56 ) ) ;
#464 = ORIENTED_EDGE ( 'NONE', *, *, #1056, .T. ) ;
#465 = CARTESIAN_POINT ( 'NONE',  ( -0.000000000000000000, -3.000000000000000000, -4.299999999999999822 ) ) ;
#466 = CARTESIAN_POINT ( 'NONE',  ( 30.00000000000000000, 0.000000000000000000, 43.29999999999999716 ) ) ;
#467 = DIRECTION ( 'NONE',  ( 0.000000000000000000, 0.000000000000000000, 1.000000000000000000 ) ) ;
#468 = CARTESIAN_POINT ( 'NONE',  ( 100.0000000000000000, -30.00000000000000000, -57.00000000000000000 ) ) ;
#469 = DIRECTION ( 'NONE',  ( 1.000000000000000000, 0.000000000000000000, 0.000000000000000000 ) ) ;
#470 = CARTESIAN_POINT ( 'NONE',  ( -48.00000000000000000, -3.000000000000000000, -63.00000000000000000 ) ) ;
#471 = LINE ( 'NONE', #1204, #716 ) ;
#472 = DIRECTION ( 'NONE',  ( -0.000000000000000000, 0.000000000000000000, 1.000000000000000000 ) ) ;
#473 = ORIENTED_EDGE ( 'NONE', *, *, #1116, .F. ) ;
#474 = AXIS2_PLACEMENT_3D ( 'NONE', #804, #1263, #38 ) ;
#475 = LINE ( 'NONE', #897, #3159 ) ;
#476 = AXIS2_PLACEMENT_3D ( 'NONE', #2786, #2073, #870 ) ;
#477 = ORIENTED_EDGE ( 'NONE', *, *, #542, .F. ) ;
#478 = ORIENTED_EDGE ( 'NONE', *, *, #2755, .F. ) ;
#479 = CARTESIAN_POINT ( 'NONE',  ( 110.0000000000000000, 0.000000000000000000, -67.50000000000000000 ) ) ;
#480 = DIRECTION ( 'NONE',  ( 0.000000000000000000, 0.000000000000000000, 1.000000000000000000 ) ) ;
#481 = CARTESIAN_POINT ( 'NONE',  ( -41.99999999999999289, -37.00000000000000000, 67.50000000000000000 ) ) ;
#482 = DIRECTION ( 'NONE',  ( 0.000000000000000000, 1.000000000000000000, 0.000000000000000000 ) ) ;
#483 = CARTESIAN_POINT ( 'NONE',  ( 96.00000000000000000, -3.000000000000000000, 30.00000000000000000 ) ) ;
#484 = EDGE_CURVE ( 'NONE', #1561, #262, #323, .T. ) ;
#485 = EDGE_CURVE ( 'NONE', #1979, #2580, #2774, .T. ) ;
#486 = EDGE_CURVE ( 'NONE', #1758, #1068, #670, .T. ) ;
#487 = DIRECTION ( 'NONE',  ( 0.000000000000000000, -1.000000000000000000, 0.000000000000000000 ) ) ;
#488 = AXIS2_PLACEMENT_3D ( 'NONE', #2150, #1194, #704 ) ;
#489 = VERTEX_POINT ( 'NONE', #1316 ) ;
#490 = DIRECTION ( 'NONE',  ( 0.000000000000000000, 0.000000000000000000, 1.000000000000000000 ) ) ;
#491 = VECTOR ( 'NONE', #1541, 1000.000000000000000 ) ;
#492 = VERTEX_POINT ( 'NONE', #1081 ) ;
#493 = VERTEX_POINT ( 'NONE', #2744 ) ;
#494 = PLANE ( 'NONE',  #2700 ) ;
#495 = CARTESIAN_POINT ( 'NONE',  ( 100.0000000000000000, -30.00000000000000000, -55.64999999999999858 ) ) ;
#496 = EDGE_CURVE ( 'NONE', #620, #2802, #1330, .T. ) ;
#497 = AXIS2_PLACEMENT_3D ( 'NONE', #1090, #3059, #885 ) ;
#498 = EDGE_LOOP ( 'NONE', ( #2613, #1643, #899, #2498 ) ) ;
#499 = PLANE ( 'NONE',  #1713 ) ;
#500 = DIRECTION ( 'NONE',  ( 0.000000000000000000, 0.000000000000000000, -1.000000000000000000 ) ) ;
#501 = VECTOR ( 'NONE', #1220, 1000.000000000000000 ) ;
#502 = VECTOR ( 'NONE', #1594, 1000.000000000000000 ) ;
#503 = VECTOR ( 'NONE', #1810, 1000.000000000000000 ) ;
#504 = FACE_OUTER_BOUND ( 'NONE', #2055, .T. ) ;
#505 = EDGE_CURVE ( 'NONE', #783, #1990, #2789, .T. ) ;
#506 = APPROVAL_PERSON_ORGANIZATION ( #1503, #252, #2994 ) ;
#507 = PLANE ( 'NONE',  #702 ) ;
#508 = EDGE_CURVE ( 'NONE', #2866, #2715, #2996, .T. ) ;
#509 = VERTEX_POINT ( 'NONE', #55 ) ;
#510 = DIRECTION ( 'NONE',  ( 0.000000000000000000, 0.000000000000000000, -1.000000000000000000 ) ) ;
#511 = EDGE_CURVE ( 'NONE', #849, #60, #2065, .T. ) ;
#512 = VERTEX_POINT ( 'NONE', #422 ) ;
#513 = EDGE_LOOP ( 'NONE', ( #910, #2351, #1552, #960 ) ) ;
#514 = LINE ( 'NONE', #1707, #294 ) ;
#515 = CIRCLE ( 'NONE', #2299, 1.350000000000004086 ) ;
#516 = EDGE_LOOP ( 'NONE', ( #2938, #573, #848, #868 ) ) ;
#517 = CARTESIAN_POINT ( 'NONE',  ( 1.000000000000000000, 0.000000000000000000, 46.70000000000000284 ) ) ;
#518 = DIRECTION ( 'NONE',  ( -1.000000000000000000, 0.000000000000000000, -0.000000000000000000 ) ) ;
#519 = ORIENTED_EDGE ( 'NONE', *, *, #1177, .T. ) ;
#520 = APPLICATION_PROTOCOL_DEFINITION ( 'international standard', 'config_control_design', 1994, #2160 ) ;
#521 = DIRECTION ( 'NONE',  ( 0.000000000000000000, 0.000000000000000000, -1.000000000000000000 ) ) ;
#522 = VERTEX_POINT ( 'NONE', #1294 ) ;
#523 = DIRECTION ( 'NONE',  ( 0.000000000000000000, 0.000000000000000000, 1.000000000000000000 ) ) ;
#524 = EDGE_CURVE ( 'NONE', #1213, #2068, #2483, .T. ) ;
#525 = EDGE_CURVE ( 'NONE', #2455, #2641, #596, .T. ) ;
#526 = ORIENTED_EDGE ( 'NONE', *, *, #3127, .T. ) ;
#527 = ORIENTED_EDGE ( 'NONE', *, *, #2144, .F. ) ;
#528 = DIRECTION ( 'NONE',  ( 0.000000000000000000, 0.000000000000000000, 1.000000000000000000 ) ) ;
#529 = CIRCLE ( 'NONE', #837, 1.599999999999997202 ) ;
#530 = ORIENTED_EDGE ( 'NONE', *, *, #2535, .F. ) ;
#531 = DIRECTION ( 'NONE',  ( 1.000000000000000000, 0.000000000000000000, 0.000000000000000000 ) ) ;
#532 = DIRECTION ( 'NONE',  ( 0.000000000000000000, 1.000000000000000000, 0.000000000000000000 ) ) ;
#533 = ORIENTED_EDGE ( 'NONE', *, *, #1629, .T. ) ;
#534 = COORDINATED_UNIVERSAL_TIME_OFFSET ( 8, 0, .AHEAD. ) ;
#535 = DIRECTION ( 'NONE',  ( 0.000000000000000000, 0.000000000000000000, -1.000000000000000000 ) ) ;
#536 = VERTEX_POINT ( 'NONE', #2111 ) ;
#537 = CARTESIAN_POINT ( 'NONE',  ( -22.00000000000000000, -3.000000000000000000, -0.000000000000000000 ) ) ;
#538 = EDGE_LOOP ( 'NONE', ( #1496, #2233, #2271, #1454 ) ) ;
#539 = LINE ( 'NONE', #1214, #1256 ) ;
#540 = CC_DESIGN_PERSON_AND_ORGANIZATION_ASSIGNMENT ( #2731, #2267, ( #457 ) ) ;
#541 = CARTESIAN_POINT ( 'NONE',  ( 100.0000000000000000, -2.999999999999999112, -62.00000000000000711 ) ) ;
#542 = EDGE_CURVE ( 'NONE', #192, #262, #1756, .T. ) ;
#543 = EDGE_CURVE ( 'NONE', #2796, #2749, #2256, .T. ) ;
#544 = VECTOR ( 'NONE', #2854, 1000.000000000000000 ) ;
#545 = VERTEX_POINT ( 'NONE', #1044 ) ;
#546 = DIRECTION ( 'NONE',  ( 0.000000000000000000, 1.000000000000000000, 0.000000000000000000 ) ) ;
#547 = EDGE_CURVE ( 'NONE', #2749, #2048, #826, .T. ) ;
#548 = CARTESIAN_POINT ( 'NONE',  ( -100.0000000000000000, -30.00000000000000000, -62.00000000000000711 ) ) ;
#549 = ADVANCED_FACE ( 'NONE', ( #1201 ), #499, .F. ) ;
#550 = ORIENTED_EDGE ( 'NONE', *, *, #2046, .T. ) ;
#551 = VECTOR ( 'NONE', #1797, 1000.000000000000000 ) ;
#552 = VECTOR ( 'NONE', #269, 1000.000000000000000 ) ;
#553 = CARTESIAN_POINT ( 'NONE',  ( -107.0000000000000000, -3.000000000000000000, 0.000000000000000000 ) ) ;
#554 = ORIENTED_EDGE ( 'NONE', *, *, #511, .T. ) ;
#555 = DIRECTION ( 'NONE',  ( 0.000000000000000000, 0.000000000000000000, 1.000000000000000000 ) ) ;
#556 = CIRCLE ( 'NONE', #2343, 1.600000000000004086 ) ;
#557 = ORIENTED_EDGE ( 'NONE', *, *, #168, .F. ) ;
#558 = DIRECTION ( 'NONE',  ( 0.000000000000000000, 0.000000000000000000, 1.000000000000000000 ) ) ;
#559 = CARTESIAN_POINT ( 'NONE',  ( -22.00000000000000000, -3.000000000000000000, -7.700000000000000178 ) ) ;
#560 = CARTESIAN_POINT ( 'NONE',  ( 96.00000000000000000, -7.000000000000000000, 30.00000000000000000 ) ) ;
#561 = VERTEX_POINT ( 'NONE', #454 ) ;
#562 = ORIENTED_EDGE ( 'NONE', *, *, #1532, .F. ) ;
#563 = CARTESIAN_POINT ( 'NONE',  ( 95.00000000000000000, -4.000000000000000000, -31.00000000000000000 ) ) ;
#564 = DIRECTION ( 'NONE',  ( 0.000000000000000000, 0.000000000000000000, 1.000000000000000000 ) ) ;
#565 = FACE_OUTER_BOUND ( 'NONE', #759, .T. ) ;
#566 = ORIENTED_EDGE ( 'NONE', *, *, #2240, .T. ) ;
#567 = CARTESIAN_POINT ( 'NONE',  ( -93.00000000000000000, -7.000000000000000000, -61.39999999999999858 ) ) ;
#568 = VERTEX_POINT ( 'NONE', #2886 ) ;
#569 = EDGE_LOOP ( 'NONE', ( #1830, #2506, #15, #364 ) ) ;
#570 = LINE ( 'NONE', #861, #703 ) ;
#571 = CARTESIAN_POINT ( 'NONE',  ( 110.0000000000000000, -37.00000000000000000, -67.50000000000000000 ) ) ;
#572 = LINE ( 'NONE', #140, #2751 ) ;
#573 = ORIENTED_EDGE ( 'NONE', *, *, #1119, .T. ) ;
#574 = CARTESIAN_POINT ( 'NONE',  ( 100.0000000000000000, -30.00000000000000000, 57.00000000000000000 ) ) ;
#575 = PLANE ( 'NONE',  #689 ) ;
#576 = AXIS2_PLACEMENT_3D ( 'NONE', #82, #532, #2741 ) ;
#577 = CYLINDRICAL_SURFACE ( 'NONE', #3158, 1.599999999999997202 ) ;
#578 = VECTOR ( 'NONE', #1548, 1000.000000000000000 ) ;
#579 = DATE_AND_TIME ( #322, #1223 ) ;
#580 = EDGE_CURVE ( 'NONE', #1990, #783, #903, .T. ) ;
#581 = EDGE_CURVE ( 'NONE', #1913, #1646, #2838, .T. ) ;
#582 = LINE ( 'NONE', #2556, #1664 ) ;
#583 = VERTEX_POINT ( 'NONE', #246 ) ;
#584 = ADVANCED_FACE ( 'NONE', ( #1665 ), #217, .T. ) ;
#585 = CARTESIAN_POINT ( 'NONE',  ( -41.99999999999999289, -3.000000000000002665, 64.50000000000000000 ) ) ;
#586 = ORIENTED_EDGE ( 'NONE', *, *, #3084, .T. ) ;
#587 = ORIENTED_EDGE ( 'NONE', *, *, #1157, .T. ) ;
#588 = LINE ( 'NONE', #1557, #187 ) ;
#589 = DIRECTION ( 'NONE',  ( 0.000000000000000000, 1.000000000000000000, 0.000000000000000000 ) ) ;
#590 = PLANE ( 'NONE',  #914 ) ;
#591 = EDGE_CURVE ( 'NONE', #2723, #1147, #2870, .T. ) ;
#592 = ORIENTED_EDGE ( 'NONE', *, *, #2875, .T. ) ;
#593 = ORIENTED_EDGE ( 'NONE', *, *, #462, .T. ) ;
#594 = FACE_OUTER_BOUND ( 'NONE', #1659, .T. ) ;
#595 = DIRECTION ( 'NONE',  ( 1.000000000000000000, 0.000000000000000000, 0.000000000000000000 ) ) ;
#596 = CIRCLE ( 'NONE', #1807, 1.600000000000004086 ) ;
#597 = AXIS2_PLACEMENT_3D ( 'NONE', #375, #607, #2780 ) ;
#598 = DIRECTION ( 'NONE',  ( 0.000000000000000000, 0.000000000000000000, 1.000000000000000000 ) ) ;
#599 = DIRECTION ( 'NONE',  ( 0.000000000000000000, 1.000000000000000000, 0.000000000000000000 ) ) ;
#600 = CIRCLE ( 'NONE', #2337, 5.000000000000004441 ) ;
#601 = DIRECTION ( 'NONE',  ( 0.000000000000000000, 1.000000000000000000, 0.000000000000000000 ) ) ;
#602 = ORIENTED_EDGE ( 'NONE', *, *, #219, .F. ) ;
#603 = LINE ( 'NONE', #2998, #1623 ) ;
#604 = AXIS2_PLACEMENT_3D ( 'NONE', #2667, #2852, #2126 ) ;
#605 = ORIENTED_EDGE ( 'NONE', *, *, #1978, .F. ) ;
#606 = AXIS2_PLACEMENT_3D ( 'NONE', #913, #2379, #191 ) ;
#607 = DIRECTION ( 'NONE',  ( 0.000000000000000000, 1.000000000000000000, 0.000000000000000000 ) ) ;
#608 = DIRECTION ( 'NONE',  ( -0.000000000000000000, -0.000000000000000000, 1.000000000000000000 ) ) ;
#609 = CIRCLE ( 'NONE', #663, 1.350000000000004086 ) ;
#610 = FACE_BOUND ( 'NONE', #463, .T. ) ;
#611 = EDGE_CURVE ( 'NONE', #2428, #509, #3156, .T. ) ;
#612 = EDGE_LOOP ( 'NONE', ( #1487, #1996, #1767, #2292 ) ) ;
#613 = EDGE_LOOP ( 'NONE', ( #178, #2882, #863, #2006 ) ) ;
#614 = ORIENTED_EDGE ( 'NONE', *, *, #1385, .T. ) ;
#615 = CARTESIAN_POINT ( 'NONE',  ( 92.00000000000001421, -37.00000000000000000, 64.50000000000000000 ) ) ;
#616 = CARTESIAN_POINT ( 'NONE',  ( 96.00000000000000000, -3.000000000000000000, -13.60000000000000497 ) ) ;
#617 = DIRECTION ( 'NONE',  ( -0.000000000000000000, -0.000000000000000000, 1.000000000000000000 ) ) ;
#618 = DIRECTION ( 'NONE',  ( 0.000000000000000000, 0.000000000000000000, 1.000000000000000000 ) ) ;
#619 = AXIS2_PLACEMENT_3D ( 'NONE', #2974, #1291, #1739 ) ;
#620 = VERTEX_POINT ( 'NONE', #2159 ) ;
#621 = PLANE ( 'NONE',  #94 ) ;
#622 = LINE ( 'NONE', #2797, #491 ) ;
#623 = LINE ( 'NONE', #879, #2287 ) ;
#624 = VERTEX_POINT ( 'NONE', #923 ) ;
#625 = CARTESIAN_POINT ( 'NONE',  ( -48.00000000000000000, -7.000000000000000000, -19.59999999999999432 ) ) ;
#626 = ADVANCED_FACE ( 'NONE', ( #1888 ), #2933, .F. ) ;
#627 = EDGE_CURVE ( 'NONE', #2845, #156, #2643, .T. ) ;
#628 = EDGE_LOOP ( 'NONE', ( #2037, #134, #2479, #1940 ) ) ;
#629 = ORIENTED_EDGE ( 'NONE', *, *, #53, .T. ) ;
#630 = CARTESIAN_POINT ( 'NONE',  ( 77.00000000000000000, -3.000000000000000000, 67.50000000000000000 ) ) ;
#631 = DIRECTION ( 'NONE',  ( 0.000000000000000000, 1.000000000000000000, 0.000000000000000000 ) ) ;
#632 = EDGE_CURVE ( 'NONE', #2139, #2712, #2173, .T. ) ;
#633 = CARTESIAN_POINT ( 'NONE',  ( -93.00000000000000000, -7.000000000000000000, -18.00000000000000000 ) ) ;
#634 = DIRECTION ( 'NONE',  ( 0.000000000000000000, 1.000000000000000000, 0.000000000000000000 ) ) ;
#635 = EDGE_CURVE ( 'NONE', #125, #561, #685, .T. ) ;
#636 = VECTOR ( 'NONE', #2463, 1000.000000000000000 ) ;
#637 = VERTEX_POINT ( 'NONE', #984 ) ;
#638 = DIRECTION ( 'NONE',  ( -1.000000000000000000, 0.000000000000000000, 0.000000000000000000 ) ) ;
#639 = VERTEX_POINT ( 'NONE', #1709 ) ;
#640 = CARTESIAN_POINT ( 'NONE',  ( 18.00000000000000355, -37.00000000000000000, 64.50000000000000000 ) ) ;
#641 = CARTESIAN_POINT ( 'NONE',  ( 81.00000000000000000, -4.000000000000000000, 43.29999999999999716 ) ) ;
#642 = EDGE_LOOP ( 'NONE', ( #477, #2062, #1390, #1024 ) ) ;
#643 = DIRECTION ( 'NONE',  ( -1.000000000000000000, 0.000000000000000000, -0.000000000000000000 ) ) ;
#644 = ORIENTED_EDGE ( 'NONE', *, *, #784, .F. ) ;
#645 = VERTEX_POINT ( 'NONE', #2195 ) ;
#646 = DIRECTION ( 'NONE',  ( 0.000000000000000000, 0.000000000000000000, -1.000000000000000000 ) ) ;
#647 = ADVANCED_FACE ( 'NONE', ( #1947 ), #2698, .T. ) ;
#648 = LINE ( 'NONE', #3025, #3080 ) ;
#649 = EDGE_CURVE ( 'NONE', #2796, #1306, #2388, .T. ) ;
#650 = CARTESIAN_POINT ( 'NONE',  ( -93.00000000000000000, -3.000000000000000000, -61.39999999999999858 ) ) ;
#651 = EDGE_CURVE ( 'NONE', #1736, #790, #1933, .T. ) ;
#652 = DIRECTION ( 'NONE',  ( -0.000000000000000000, -0.000000000000000000, 1.000000000000000000 ) ) ;
#653 = EDGE_CURVE ( 'NONE', #522, #1376, #2920, .T. ) ;
#654 = AXIS2_PLACEMENT_3D ( 'NONE', #2308, #841, #2760 ) ;
#655 = DIRECTION ( 'NONE',  ( 0.000000000000000000, 0.000000000000000000, -1.000000000000000000 ) ) ;
#656 = CIRCLE ( 'NONE', #2743, 5.000000000000004441 ) ;
#657 = CARTESIAN_POINT ( 'NONE',  ( 100.0000000000000000, 0.000000000000000000, -57.00000000000000000 ) ) ;
#658 = VERTEX_POINT ( 'NONE', #1685 ) ;
#659 = DIRECTION ( 'NONE',  ( 0.000000000000000000, 0.000000000000000000, -1.000000000000000000 ) ) ;
#660 = VECTOR ( 'NONE', #888, 1000.000000000000000 ) ;
#661 = CARTESIAN_POINT ( 'NONE',  ( 100.0000000000000000, -30.00000000000000000, -57.00000000000000000 ) ) ;
#662 = CIRCLE ( 'NONE', #1314, 5.000000000000004441 ) ;
#663 = AXIS2_PLACEMENT_3D ( 'NONE', #1162, #2837, #2591 ) ;
#664 = ORIENTED_EDGE ( 'NONE', *, *, #2107, .T. ) ;
#665 = EDGE_LOOP ( 'NONE', ( #2567, #1265, #2425, #2809 ) ) ;
#666 = LINE ( 'NONE', #195, #2176 ) ;
#667 = DIRECTION ( 'NONE',  ( 1.000000000000000000, 0.000000000000000000, -0.000000000000000000 ) ) ;
#668 = AXIS2_PLACEMENT_3D ( 'NONE', #2085, #2297, #1793 ) ;
#669 = CARTESIAN_POINT ( 'NONE',  ( -0.000000000000000000, -3.000000000000000000, -4.299999999999999822 ) ) ;
#670 = LINE ( 'NONE', #1142, #1918 ) ;
#671 = CARTESIAN_POINT ( 'NONE',  ( 0.000000000000000000, -4.000000000000000000, 0.000000000000000000 ) ) ;
#672 = EDGE_CURVE ( 'NONE', #3087, #827, #1443, .T. ) ;
#673 = LINE ( 'NONE', #2639, #3163 ) ;
#674 = VECTOR ( 'NONE', #803, 1000.000000000000000 ) ;
#675 = FACE_BOUND ( 'NONE', #723, .T. ) ;
#676 = EDGE_LOOP ( 'NONE', ( #299, #2691, #324, #2832, #2677, #986, #1474, #104, #22, #1047, #1008, #1485 ) ) ;
#677 =( NAMED_UNIT ( * ) PLANE_ANGLE_UNIT ( ) SI_UNIT ( $, .RADIAN. ) );
#678 = ORIENTED_EDGE ( 'NONE', *, *, #840, .F. ) ;
#679 = DIRECTION ( 'NONE',  ( -0.000000000000000000, 1.000000000000000000, -0.000000000000000000 ) ) ;
#680 = ORIENTED_EDGE ( 'NONE', *, *, #2795, .T. ) ;
#681 = EDGE_LOOP ( 'NONE', ( #258, #63, #2578, #35 ) ) ;
#682 = CARTESIAN_POINT ( 'NONE',  ( -34.00000000000000000, -3.000000000000000000, -0.000000000000000000 ) ) ;
#683 = LINE ( 'NONE', #2371, #1700 ) ;
#684 = DIRECTION ( 'NONE',  ( -0.000000000000000000, 0.000000000000000000, 1.000000000000000000 ) ) ;
#685 = LINE ( 'NONE', #436, #2592 ) ;
#686 = DIRECTION ( 'NONE',  ( 0.000000000000000000, 0.000000000000000000, -1.000000000000000000 ) ) ;
#687 = DIRECTION ( 'NONE',  ( 0.000000000000000000, 1.000000000000000000, 0.000000000000000000 ) ) ;
#688 = EDGE_CURVE ( 'NONE', #399, #2025, #515, .T. ) ;
#689 = AXIS2_PLACEMENT_3D ( 'NONE', #2466, #1249, #2224 ) ;
#690 = DIRECTION ( 'NONE',  ( -0.000000000000000000, 1.000000000000000000, -0.000000000000000000 ) ) ;
#691 = ADVANCED_FACE ( 'NONE', ( #1961 ), #820, .F. ) ;
#692 = ORIENTED_EDGE ( 'NONE', *, *, #1747, .F. ) ;
#693 = CARTESIAN_POINT ( 'NONE',  ( -22.00000000000000000, -3.000000000000000000, -4.299999999999999822 ) ) ;
#694 = VERTEX_POINT ( 'NONE', #1783 ) ;
#695 = ORIENTED_EDGE ( 'NONE', *, *, #485, .T. ) ;
#696 = DIRECTION ( 'NONE',  ( 0.000000000000000000, 0.000000000000000000, 1.000000000000000000 ) ) ;
#697 = DIRECTION ( 'NONE',  ( -1.000000000000000000, 0.000000000000000000, -0.000000000000000000 ) ) ;
#698 = FACE_OUTER_BOUND ( 'NONE', #1182, .T. ) ;
#699 = DIRECTION ( 'NONE',  ( 0.000000000000000000, 0.000000000000000000, -1.000000000000000000 ) ) ;
#700 = DIRECTION ( 'NONE',  ( 0.000000000000000000, -1.000000000000000000, 0.000000000000000000 ) ) ;
#701 = LINE ( 'NONE', #3077, #3061 ) ;
#702 = AXIS2_PLACEMENT_3D ( 'NONE', #1238, #2183, #1922 ) ;
#703 = VECTOR ( 'NONE', #2508, 1000.000000000000000 ) ;
#704 = DIRECTION ( 'NONE',  ( 0.000000000000000000, 0.000000000000000000, 1.000000000000000000 ) ) ;
#705 = EDGE_LOOP ( 'NONE', ( #2944, #994 ) ) ;
#706 = CARTESIAN_POINT ( 'NONE',  ( -80.00000000000000000, 0.000000000000000000, -4.299999999999999822 ) ) ;
#707 = EDGE_LOOP ( 'NONE', ( #3119, #209 ) ) ;
#708 = ORIENTED_EDGE ( 'NONE', *, *, #290, .T. ) ;
#709 = VECTOR ( 'NONE', #3027, 1000.000000000000000 ) ;
#710 = LINE ( 'NONE', #2429, #1762 ) ;
#711 = CARTESIAN_POINT ( 'NONE',  ( -12.00000000000000000, -3.000000000000002665, 64.50000000000000000 ) ) ;
#712 = AXIS2_PLACEMENT_3D ( 'NONE', #796, #2200, #523 ) ;
#713 = CARTESIAN_POINT ( 'NONE',  ( 28.00000000000000000, -4.000000000000000000, -49.00000000000000000 ) ) ;
#714 = DIRECTION ( 'NONE',  ( 0.000000000000000000, 0.000000000000000000, 1.000000000000000000 ) ) ;
#715 = CARTESIAN_POINT ( 'NONE',  ( 96.00000000000000000, -3.000000000000000000, -10.39999999999999680 ) ) ;
#716 = VECTOR ( 'NONE', #1449, 1000.000000000000000 ) ;
#717 = AXIS2_PLACEMENT_3D ( 'NONE', #329, #589, #234 ) ;
#718 = DIRECTION ( 'NONE',  ( 0.000000000000000000, 0.000000000000000000, -1.000000000000000000 ) ) ;
#719 = CARTESIAN_POINT ( 'NONE',  ( -68.00000000000000000, -3.000000000000000000, -4.299999999999999822 ) ) ;
#720 = ORIENTED_EDGE ( 'NONE', *, *, #349, .F. ) ;
#721 = CARTESIAN_POINT ( 'NONE',  ( 28.00000000000000000, -4.000000000000000000, -31.00000000000000000 ) ) ;
#722 = AXIS2_PLACEMENT_3D ( 'NONE', #1728, #1500, #2964 ) ;
#723 = EDGE_LOOP ( 'NONE', ( #377, #271, #1741, #2912 ) ) ;
#724 = VERTEX_POINT ( 'NONE', #2946 ) ;
#725 = DIRECTION ( 'NONE',  ( -1.000000000000000000, 0.000000000000000000, 0.000000000000000000 ) ) ;
#726 = ADVANCED_FACE ( 'NONE', ( #2237 ), #1262, .F. ) ;
#727 = DIRECTION ( 'NONE',  ( 1.000000000000000000, 0.000000000000000000, 0.000000000000000000 ) ) ;
#728 = EDGE_CURVE ( 'NONE', #2985, #2997, #1753, .T. ) ;
#729 = CARTESIAN_POINT ( 'NONE',  ( -68.00000000000000000, 0.000000000000000000, -7.700000000000000178 ) ) ;
#730 = CARTESIAN_POINT ( 'NONE',  ( -100.0000000000000000, 0.000000000000000000, -57.00000000000000000 ) ) ;
#731 = ADVANCED_FACE ( 'NONE', ( #1513 ), #2480, .T. ) ;
#732 = CARTESIAN_POINT ( 'NONE',  ( 81.00000000000000000, -3.000000000000000000, -26.30000000000000071 ) ) ;
#733 = DIRECTION ( 'NONE',  ( 0.000000000000000000, 1.000000000000000000, 0.000000000000000000 ) ) ;
#734 = CARTESIAN_POINT ( 'NONE',  ( 81.00000000000000000, -3.000000000000000000, 0.000000000000000000 ) ) ;
#735 = EDGE_LOOP ( 'NONE', ( #2956, #771 ) ) ;
#736 = VECTOR ( 'NONE', #3041, 1000.000000000000000 ) ;
#737 = CARTESIAN_POINT ( 'NONE',  ( 100.0000000000000000, -34.00000000000000000, -57.00000000000000000 ) ) ;
#738 = VECTOR ( 'NONE', #1393, 1000.000000000000000 ) ;
#739 = VERTEX_POINT ( 'NONE', #1042 ) ;
#740 = ORIENTED_EDGE ( 'NONE', *, *, #649, .T. ) ;
#741 = CARTESIAN_POINT ( 'NONE',  ( -0.000000000000000000, -3.000000000000000000, 64.50000000000000000 ) ) ;
#742 = CARTESIAN_POINT ( 'NONE',  ( 30.00000000000000000, -3.000000000000000000, 46.70000000000000284 ) ) ;
#743 = VERTEX_POINT ( 'NONE', #2265 ) ;
#744 = ADVANCED_FACE ( 'NONE', ( #1980 ), #263, .F. ) ;
#745 = DIRECTION ( 'NONE',  ( -0.000000000000000000, 1.000000000000000000, -0.000000000000000000 ) ) ;
#746 = CARTESIAN_POINT ( 'NONE',  ( 28.00000000000000000, -4.000000000000000000, -34.00000000000000000 ) ) ;
#747 = EDGE_CURVE ( 'NONE', #2519, #172, #760, .T. ) ;
#748 = ORIENTED_EDGE ( 'NONE', *, *, #2989, .F. ) ;
#749 = LINE ( 'NONE', #1148, #1682 ) ;
#750 = EDGE_CURVE ( 'NONE', #1484, #351, #2756, .T. ) ;
#751 = DIRECTION ( 'NONE',  ( -1.000000000000000000, 0.000000000000000000, -0.000000000000000000 ) ) ;
#752 = ORIENTED_EDGE ( 'NONE', *, *, #2477, .F. ) ;
#753 = DIRECTION ( 'NONE',  ( -0.000000000000000000, -0.000000000000000000, 1.000000000000000000 ) ) ;
#754 = VECTOR ( 'NONE', #1333, 1000.000000000000000 ) ;
#755 = ORIENTED_EDGE ( 'NONE', *, *, #1551, .T. ) ;
#756 = VERTEX_POINT ( 'NONE', #2768 ) ;
#757 = CARTESIAN_POINT ( 'NONE',  ( 95.00000000000000000, -3.000000000000000000, -34.00000000000000000 ) ) ;
#758 = VECTOR ( 'NONE', #531, 1000.000000000000000 ) ;
#759 = EDGE_LOOP ( 'NONE', ( #429, #2301, #1775 ) ) ;
#760 = LINE ( 'NONE', #81, #1274 ) ;
#761 = CARTESIAN_POINT ( 'NONE',  ( -48.00000000000000000, -7.000000000000000000, -61.40000000000000568 ) ) ;
#762 = AXIS2_PLACEMENT_3D ( 'NONE', #1695, #3138, #467 ) ;
#763 = AXIS2_PLACEMENT_3D ( 'NONE', #3167, #1495, #58 ) ;
#764 = ORIENTED_EDGE ( 'NONE', *, *, #57, .T. ) ;
#765 = VECTOR ( 'NONE', #2021, 1000.000000000000000 ) ;
#766 = APPROVAL_DATE_TIME ( #308, #252 ) ;
#767 = EDGE_CURVE ( 'NONE', #1749, #5, #289, .T. ) ;
#768 = CARTESIAN_POINT ( 'NONE',  ( -34.00000000000000000, 0.000000000000000000, -7.700000000000000178 ) ) ;
#769 = EDGE_LOOP ( 'NONE', ( #2368, #1138 ) ) ;
#770 = CARTESIAN_POINT ( 'NONE',  ( -11.00000000000000000, -4.000000000000000000, 43.29999999999999716 ) ) ;
#771 = ORIENTED_EDGE ( 'NONE', *, *, #842, .F. ) ;
#772 = ORIENTED_EDGE ( 'NONE', *, *, #1619, .T. ) ;
#773 = DIRECTION ( 'NONE',  ( 0.000000000000000000, 0.000000000000000000, 1.000000000000000000 ) ) ;
#774 = ORIENTED_EDGE ( 'NONE', *, *, #2437, .T. ) ;
#775 = CARTESIAN_POINT ( 'NONE',  ( 69.00000000000000000, -3.000000000000000000, -26.30000000000000071 ) ) ;
#776 = PLANE ( 'NONE',  #2051 ) ;
#777 = VERTEX_POINT ( 'NONE', #37 ) ;
#778 = FACE_BOUND ( 'NONE', #1840, .T. ) ;
#779 = EDGE_CURVE ( 'NONE', #1965, #492, #2499, .T. ) ;
#780 = EDGE_CURVE ( 'NONE', #3087, #1808, #600, .T. ) ;
#781 = ORIENTED_EDGE ( 'NONE', *, *, #3043, .F. ) ;
#782 = DIRECTION ( 'NONE',  ( -1.000000000000000000, -0.000000000000000000, -0.000000000000000000 ) ) ;
#783 = VERTEX_POINT ( 'NONE', #304 ) ;
#784 = EDGE_CURVE ( 'NONE', #2689, #143, #2465, .T. ) ;
#785 = ORIENTED_EDGE ( 'NONE', *, *, #2275, .T. ) ;
#786 = CARTESIAN_POINT ( 'NONE',  ( -80.00000000000000000, 0.000000000000000000, -7.700000000000000178 ) ) ;
#787 = AXIS2_PLACEMENT_3D ( 'NONE', #483, #1460, #2196 ) ;
#788 = DIRECTION ( 'NONE',  ( -1.000000000000000000, 0.000000000000000000, -0.000000000000000000 ) ) ;
#789 = VECTOR ( 'NONE', #887, 1000.000000000000000 ) ;
#790 = VERTEX_POINT ( 'NONE', #775 ) ;
#791 = DIRECTION ( 'NONE',  ( 0.000000000000000000, 1.000000000000000000, 0.000000000000000000 ) ) ;
#792 = CARTESIAN_POINT ( 'NONE',  ( -48.00000000000000000, -7.000000000000000000, -63.00000000000000000 ) ) ;
#793 = COORDINATED_UNIVERSAL_TIME_OFFSET ( 8, 0, .AHEAD. ) ;
#794 = DIRECTION ( 'NONE',  ( 0.000000000000000000, -1.000000000000000000, 0.000000000000000000 ) ) ;
#795 = ORIENTED_EDGE ( 'NONE', *, *, #580, .T. ) ;
#796 = CARTESIAN_POINT ( 'NONE',  ( -93.00000000000000000, -7.000000000000000000, -18.00000000000000000 ) ) ;
#797 = ORIENTED_EDGE ( 'NONE', *, *, #288, .T. ) ;
#798 = VERTEX_POINT ( 'NONE', #998 ) ;
#799 = PLANE ( 'NONE',  #1420 ) ;
#800 = AXIS2_PLACEMENT_3D ( 'NONE', #468, #1430, #2637 ) ;
#801 = ORIENTED_EDGE ( 'NONE', *, *, #2601, .T. ) ;
#802 = ORIENTED_EDGE ( 'NONE', *, *, #1282, .F. ) ;
#803 = DIRECTION ( 'NONE',  ( -1.000000000000000000, -0.000000000000000000, -0.000000000000000000 ) ) ;
#804 = CARTESIAN_POINT ( 'NONE',  ( 100.0000000000000000, -2.999999999999999112, 57.00000000000000000 ) ) ;
#805 = AXIS2_PLACEMENT_3D ( 'NONE', #1012, #1547, #2335 ) ;
#806 = VECTOR ( 'NONE', #1200, 1000.000000000000000 ) ;
#807 = COORDINATED_UNIVERSAL_TIME_OFFSET ( 8, 0, .AHEAD. ) ;
#808 = VECTOR ( 'NONE', #2879, 1000.000000000000000 ) ;
#809 = VECTOR ( 'NONE', #2052, 1000.000000000000000 ) ;
#810 = DIRECTION ( 'NONE',  ( 0.000000000000000000, -1.000000000000000000, 0.000000000000000000 ) ) ;
#811 = VERTEX_POINT ( 'NONE', #2026 ) ;
#812 = CARTESIAN_POINT ( 'NONE',  ( -107.0000000000000000, -3.000000000000000000, 64.50000000000000000 ) ) ;
#813 = ORIENTED_EDGE ( 'NONE', *, *, #2770, .F. ) ;
#814 = DIRECTION ( 'NONE',  ( -0.000000000000000000, 1.000000000000000000, -0.000000000000000000 ) ) ;
#815 = LINE ( 'NONE', #1543, #1473 ) ;
#816 = DIRECTION ( 'NONE',  ( -1.000000000000000000, -0.000000000000000000, -0.000000000000000000 ) ) ;
#817 = VECTOR ( 'NONE', #546, 1000.000000000000000 ) ;
#818 = ORIENTED_EDGE ( 'NONE', *, *, #2926, .F. ) ;
#819 = PRODUCT_DEFINITION ( '未知', '', #2447, #1730 ) ;
#820 = PLANE ( 'NONE',  #2036 ) ;
#821 = EDGE_CURVE ( 'NONE', #1301, #1835, #277, .T. ) ;
#822 = FACE_OUTER_BOUND ( 'NONE', #2504, .T. ) ;
#823 = VECTOR ( 'NONE', #2174, 1000.000000000000000 ) ;
#824 = EDGE_CURVE ( 'NONE', #2117, #192, #50, .T. ) ;
#825 = SHAPE_DEFINITION_REPRESENTATION ( #2178, #416 ) ;
#826 = LINE ( 'NONE', #3092, #544 ) ;
#827 = VERTEX_POINT ( 'NONE', #1768 ) ;
#828 = CARTESIAN_POINT ( 'NONE',  ( 92.00000000000001421, -37.00000000000000000, 67.50000000000000000 ) ) ;
#829 = EDGE_LOOP ( 'NONE', ( #3151, #526, #2030, #473 ) ) ;
#830 = CARTESIAN_POINT ( 'NONE',  ( 1.000000000000000000, -4.000000000000000000, 43.29999999999999716 ) ) ;
#831 = LINE ( 'NONE', #1839, #2858 ) ;
#832 = PLANE ( 'NONE',  #2181 ) ;
#833 = ORIENTED_EDGE ( 'NONE', *, *, #1345, .T. ) ;
#834 = VERTEX_POINT ( 'NONE', #563 ) ;
#835 = DIRECTION ( 'NONE',  ( 0.000000000000000000, 1.000000000000000000, 0.000000000000000000 ) ) ;
#836 = FACE_OUTER_BOUND ( 'NONE', #2896, .T. ) ;
#837 = AXIS2_PLACEMENT_3D ( 'NONE', #355, #1834, #1329 ) ;
#838 = LINE ( 'NONE', #163, #1872 ) ;
#839 = LINE ( 'NONE', #1397, #2574 ) ;
#840 = EDGE_CURVE ( 'NONE', #1029, #1913, #3009, .T. ) ;
#841 = DIRECTION ( 'NONE',  ( 0.000000000000000000, 1.000000000000000000, 0.000000000000000000 ) ) ;
#842 = EDGE_CURVE ( 'NONE', #583, #489, #2490, .T. ) ;
#843 = ORIENTED_EDGE ( 'NONE', *, *, #1408, .F. ) ;
#844 = DIRECTION ( 'NONE',  ( 0.000000000000000000, 0.000000000000000000, -1.000000000000000000 ) ) ;
#845 = CARTESIAN_POINT ( 'NONE',  ( 81.00000000000000000, -4.000000000000000000, -26.30000000000000071 ) ) ;
#846 = DIRECTION ( 'NONE',  ( -0.000000000000000000, 1.000000000000000000, -0.000000000000000000 ) ) ;
#847 = CARTESIAN_POINT ( 'NONE',  ( -34.00000000000000000, -4.000000000000000000, -7.700000000000000178 ) ) ;
#848 = ORIENTED_EDGE ( 'NONE', *, *, #1483, .T. ) ;
#849 = VERTEX_POINT ( 'NONE', #1611 ) ;
#850 = CARTESIAN_POINT ( 'NONE',  ( 69.00000000000000000, -4.000000000000000000, 46.70000000000000284 ) ) ;
#851 = DIRECTION ( 'NONE',  ( 0.000000000000000000, 0.000000000000000000, 1.000000000000000000 ) ) ;
#852 = ADVANCED_FACE ( 'NONE', ( #400 ), #2285, .F. ) ;
#853 = CARTESIAN_POINT ( 'NONE',  ( -22.00000000000000000, 0.000000000000000000, -4.299999999999999822 ) ) ;
#854 = CARTESIAN_POINT ( 'NONE',  ( -100.0000000000000000, -30.00000000000000000, 57.00000000000000000 ) ) ;
#855 = VECTOR ( 'NONE', #1377, 1000.000000000000000 ) ;
#856 = EDGE_CURVE ( 'NONE', #2484, #1271, #2600, .T. ) ;
#857 = ORIENTED_EDGE ( 'NONE', *, *, #2529, .F. ) ;
#858 = DIRECTION ( 'NONE',  ( 0.000000000000000000, 0.000000000000000000, 1.000000000000000000 ) ) ;
#859 = EDGE_CURVE ( 'NONE', #489, #583, #2129, .T. ) ;
#860 = VERTEX_POINT ( 'NONE', #1584 ) ;
#861 = CARTESIAN_POINT ( 'NONE',  ( -93.00000000000000000, -7.000000000000000000, -19.60000000000000142 ) ) ;
#862 = PLANE ( 'NONE',  #2856 ) ;
#863 = ORIENTED_EDGE ( 'NONE', *, *, #1177, .F. ) ;
#864 = AXIS2_PLACEMENT_3D ( 'NONE', #1553, #2259, #325 ) ;
#865 = DIRECTION ( 'NONE',  ( 0.000000000000000000, 1.000000000000000000, 0.000000000000000000 ) ) ;
#866 = LOCAL_TIME ( 16, 48, 2.000000000000000000, #534 ) ;
#867 = VERTEX_POINT ( 'NONE', #2072 ) ;
#868 = ORIENTED_EDGE ( 'NONE', *, *, #2096, .F. ) ;
#869 = DIRECTION ( 'NONE',  ( 0.000000000000000000, 1.000000000000000000, 0.000000000000000000 ) ) ;
#870 = DIRECTION ( 'NONE',  ( 0.000000000000000000, 0.000000000000000000, -1.000000000000000000 ) ) ;
#871 = FACE_OUTER_BOUND ( 'NONE', #681, .T. ) ;
#872 = DIRECTION ( 'NONE',  ( 0.000000000000000000, 1.000000000000000000, 0.000000000000000000 ) ) ;
#873 = AXIS2_PLACEMENT_3D ( 'NONE', #2373, #1412, #183 ) ;
#874 = ORIENTED_EDGE ( 'NONE', *, *, #2107, .F. ) ;
#875 = DIRECTION ( 'NONE',  ( 0.000000000000000000, 1.000000000000000000, 0.000000000000000000 ) ) ;
#876 = EDGE_CURVE ( 'NONE', #834, #2120, #1107, .T. ) ;
#877 = ADVANCED_FACE ( 'NONE', ( #1831 ), #99, .T. ) ;
#878 = DIRECTION ( 'NONE',  ( 0.000000000000000000, 1.000000000000000000, 0.000000000000000000 ) ) ;
#879 = CARTESIAN_POINT ( 'NONE',  ( -100.0000000000000000, -34.00000000000000000, -58.35000000000000853 ) ) ;
#880 = ORIENTED_EDGE ( 'NONE', *, *, #196, .F. ) ;
#881 = FACE_BOUND ( 'NONE', #1375, .T. ) ;
#882 = EDGE_CURVE ( 'NONE', #1376, #283, #381, .T. ) ;
#883 = ORIENTED_EDGE ( 'NONE', *, *, #176, .T. ) ;
#884 = VERTEX_POINT ( 'NONE', #2785 ) ;
#885 = DIRECTION ( 'NONE',  ( 0.000000000000000000, 0.000000000000000000, -1.000000000000000000 ) ) ;
#886 = EDGE_CURVE ( 'NONE', #756, #2829, #2653, .T. ) ;
#887 = DIRECTION ( 'NONE',  ( 0.000000000000000000, 1.000000000000000000, 0.000000000000000000 ) ) ;
#888 = DIRECTION ( 'NONE',  ( -0.000000000000000000, 1.000000000000000000, -0.000000000000000000 ) ) ;
#889 = CIRCLE ( 'NONE', #787, 1.600000000000004086 ) ;
#890 = PLANE ( 'NONE',  #1651 ) ;
#891 = CIRCLE ( 'NONE', #1545, 1.599999999999997202 ) ;
#892 = DIRECTION ( 'NONE',  ( 0.000000000000000000, 0.000000000000000000, -1.000000000000000000 ) ) ;
#893 = LINE ( 'NONE', #2165, #1207 ) ;
#894 = ORIENTED_EDGE ( 'NONE', *, *, #983, .F. ) ;
#895 = CARTESIAN_POINT ( 'NONE',  ( 69.00000000000000000, -4.000000000000000000, -29.69999999999999929 ) ) ;
#896 = EDGE_LOOP ( 'NONE', ( #281, #2632 ) ) ;
#897 = CARTESIAN_POINT ( 'NONE',  ( 96.00000000000000000, -7.000000000000000000, 31.60000000000000142 ) ) ;
#898 = EDGE_LOOP ( 'NONE', ( #911, #3008, #1000, #1626 ) ) ;
#899 = ORIENTED_EDGE ( 'NONE', *, *, #2281, .T. ) ;
#900 = DIRECTION ( 'NONE',  ( 0.000000000000000000, 1.000000000000000000, 0.000000000000000000 ) ) ;
#901 = LINE ( 'NONE', #2336, #2103 ) ;
#902 = CARTESIAN_POINT ( 'NONE',  ( -48.00000000000000000, -7.000000000000000000, -19.59999999999999432 ) ) ;
#903 = CIRCLE ( 'NONE', #334, 1.599999999999997202 ) ;
#904 = DIRECTION ( 'NONE',  ( -1.000000000000000000, 0.000000000000000000, -0.000000000000000000 ) ) ;
#905 = LINE ( 'NONE', #2808, #2391 ) ;
#906 = AXIS2_PLACEMENT_3D ( 'NONE', #1100, #2524, #2261 ) ;
#907 = DIRECTION ( 'NONE',  ( 0.000000000000000000, 0.000000000000000000, 1.000000000000000000 ) ) ;
#908 = AXIS2_PLACEMENT_3D ( 'NONE', #574, #835, #1308 ) ;
#909 = FACE_BOUND ( 'NONE', #1307, .T. ) ;
#910 = ORIENTED_EDGE ( 'NONE', *, *, #276, .T. ) ;
#911 = ORIENTED_EDGE ( 'NONE', *, *, #1478, .T. ) ;
#912 = VECTOR ( 'NONE', #1887, 1000.000000000000000 ) ;
#913 = CARTESIAN_POINT ( 'NONE',  ( -48.00000000000000000, -7.000000000000000000, -63.00000000000000000 ) ) ;
#914 = AXIS2_PLACEMENT_3D ( 'NONE', #1322, #2298, #1124 ) ;
#915 = AXIS2_PLACEMENT_3D ( 'NONE', #358, #120, #1098 ) ;
#916 = EDGE_LOOP ( 'NONE', ( #1004, #2877 ) ) ;
#917 = ORIENTED_EDGE ( 'NONE', *, *, #2812, .F. ) ;
#918 = DIRECTION ( 'NONE',  ( -0.000000000000000000, 1.000000000000000000, -0.000000000000000000 ) ) ;
#919 = DIRECTION ( 'NONE',  ( 0.000000000000000000, 0.000000000000000000, -1.000000000000000000 ) ) ;
#920 = APPROVAL_PERSON_ORGANIZATION ( #3013, #1998, #279 ) ;
#921 = DIRECTION ( 'NONE',  ( 0.000000000000000000, 0.000000000000000000, 1.000000000000000000 ) ) ;
#922 = ADVANCED_FACE ( 'NONE', ( #594 ), #2551, .F. ) ;
#923 = CARTESIAN_POINT ( 'NONE',  ( 28.00000000000000000, -3.000000000000000000, -31.00000000000000000 ) ) ;
#924 = CARTESIAN_POINT ( 'NONE',  ( 30.00000000000000000, -4.000000000000000000, 43.29999999999999716 ) ) ;
#925 = EDGE_CURVE ( 'NONE', #743, #2559, #2804, .T. ) ;
#926 = DIRECTION ( 'NONE',  ( 0.000000000000000000, 1.000000000000000000, 0.000000000000000000 ) ) ;
#927 = DIRECTION ( 'NONE',  ( 1.000000000000000000, 0.000000000000000000, 0.000000000000000000 ) ) ;
#928 = ORIENTED_EDGE ( 'NONE', *, *, #508, .F. ) ;
#929 = VERTEX_POINT ( 'NONE', #2820 ) ;
#930 = DIRECTION ( 'NONE',  ( 1.000000000000000000, 0.000000000000000000, 0.000000000000000000 ) ) ;
#931 = VERTEX_POINT ( 'NONE', #630 ) ;
#932 = VERTEX_POINT ( 'NONE', #615 ) ;
#933 = DIRECTION ( 'NONE',  ( 0.000000000000000000, 1.000000000000000000, 0.000000000000000000 ) ) ;
#934 = CARTESIAN_POINT ( 'NONE',  ( -100.0000000000000000, 0.000000000000000000, -55.64999999999999858 ) ) ;
#935 = CARTESIAN_POINT ( 'NONE',  ( -93.00000000000000000, -7.000000000000000000, -61.39999999999999858 ) ) ;
#936 = CARTESIAN_POINT ( 'NONE',  ( 69.00000000000000000, 0.000000000000000000, -26.30000000000000071 ) ) ;
#937 = PLANE ( 'NONE',  #2212 ) ;
#938 = VECTOR ( 'NONE', #2921, 1000.000000000000000 ) ;
#939 = FACE_OUTER_BOUND ( 'NONE', #1946, .T. ) ;
#940 = VECTOR ( 'NONE', #2965, 1000.000000000000000 ) ;
#941 = LINE ( 'NONE', #2640, #440 ) ;
#942 = EDGE_LOOP ( 'NONE', ( #2819, #2881, #1284, #442 ) ) ;
#943 = DIRECTION ( 'NONE',  ( 0.000000000000000000, -1.000000000000000000, 0.000000000000000000 ) ) ;
#944 = ORIENTED_EDGE ( 'NONE', *, *, #486, .F. ) ;
#945 = ORIENTED_EDGE ( 'NONE', *, *, #1551, .F. ) ;
#946 = CARTESIAN_POINT ( 'NONE',  ( 18.00000000000000355, -37.00000000000000000, 64.50000000000000000 ) ) ;
#947 = CARTESIAN_POINT ( 'NONE',  ( 0.000000000000000000, -3.000000000000000000, -7.700000000000000178 ) ) ;
#948 = DIRECTION ( 'NONE',  ( 0.000000000000000000, 1.000000000000000000, 0.000000000000000000 ) ) ;
#949 = DIRECTION ( 'NONE',  ( 0.000000000000000000, 0.000000000000000000, -1.000000000000000000 ) ) ;
#950 = FACE_OUTER_BOUND ( 'NONE', #2054, .T. ) ;
#951 = PLANE ( 'NONE',  #1266 ) ;
#952 = VECTOR ( 'NONE', #2534, 1000.000000000000000 ) ;
#953 = EDGE_CURVE ( 'NONE', #2615, #172, #2040, .T. ) ;
#954 = DIRECTION ( 'NONE',  ( 0.000000000000000000, 1.000000000000000000, 0.000000000000000000 ) ) ;
#955 = EDGE_CURVE ( 'NONE', #1928, #327, #366, .T. ) ;
#956 = ORIENTED_EDGE ( 'NONE', *, *, #216, .T. ) ;
#957 = LINE ( 'NONE', #1690, #808 ) ;
#958 = ADVANCED_FACE ( 'NONE', ( #1342 ), #2106, .T. ) ;
#959 = EDGE_LOOP ( 'NONE', ( #1591, #3098, #1645, #2400 ) ) ;
#960 = ORIENTED_EDGE ( 'NONE', *, *, #257, .F. ) ;
#961 = VECTOR ( 'NONE', #2090, 1000.000000000000000 ) ;
#962 = CARTESIAN_POINT ( 'NONE',  ( -78.00000000000000000, -37.00000000000000000, 67.50000000000000000 ) ) ;
#963 = CARTESIAN_POINT ( 'NONE',  ( -93.55677643628301610, -3.000000000000001776, -64.50000000000000000 ) ) ;
#964 = AXIS2_PLACEMENT_3D ( 'NONE', #2250, #62, #773 ) ;
#965 = CARTESIAN_POINT ( 'NONE',  ( -0.000000000000000000, -3.000000000000000000, -49.00000000000000000 ) ) ;
#966 = CARTESIAN_POINT ( 'NONE',  ( 81.00000000000000000, -4.000000000000000000, 46.70000000000000284 ) ) ;
#967 = DIRECTION ( 'NONE',  ( -0.000000000000000000, -0.000000000000000000, 1.000000000000000000 ) ) ;
#968 = VECTOR ( 'NONE', #424, 1000.000000000000000 ) ;
#969 = AXIS2_PLACEMENT_3D ( 'NONE', #2456, #266, #1237 ) ;
#970 = CARTESIAN_POINT ( 'NONE',  ( 92.00000000000001421, -37.00000000000000000, 64.50000000000000000 ) ) ;
#971 = CARTESIAN_POINT ( 'NONE',  ( 69.00000000000000000, -3.000000000000000000, 46.70000000000000284 ) ) ;
#972 = PLANE ( 'NONE',  #2839 ) ;
#973 = VERTEX_POINT ( 'NONE', #1863 ) ;
#974 = CARTESIAN_POINT ( 'NONE',  ( 0.000000000000000000, -7.000000000000000000, 30.00000000000000000 ) ) ;
#975 = EDGE_CURVE ( 'NONE', #1808, #798, #3073, .T. ) ;
#976 = ADVANCED_FACE ( 'NONE', ( #2582, #1358 ), #352, .F. ) ;
#977 = ORIENTED_EDGE ( 'NONE', *, *, #2078, .F. ) ;
#978 = VERTEX_POINT ( 'NONE', #2303 ) ;
#979 = LINE ( 'NONE', #2401, #2799 ) ;
#980 = FACE_OUTER_BOUND ( 'NONE', #26, .T. ) ;
#981 = ADVANCED_FACE ( 'NONE', ( #2678 ), #2617, .T. ) ;
#982 = ORIENTED_EDGE ( 'NONE', *, *, #580, .F. ) ;
#983 = EDGE_CURVE ( 'NONE', #2363, #1037, #1693, .T. ) ;
#984 = CARTESIAN_POINT ( 'NONE',  ( 107.0000000000000000, -3.000000000000000000, 64.50000000000000000 ) ) ;
#985 = CARTESIAN_POINT ( 'NONE',  ( 96.00000000000000000, -7.000000000000000000, 30.00000000000000000 ) ) ;
#986 = ORIENTED_EDGE ( 'NONE', *, *, #1016, .T. ) ;
#987 = CARTESIAN_POINT ( 'NONE',  ( -41.99999999999999289, -3.000000000000002665, 67.50000000000000000 ) ) ;
#988 = FACE_OUTER_BOUND ( 'NONE', #302, .T. ) ;
#989 = ORIENTED_EDGE ( 'NONE', *, *, #1885, .T. ) ;
#990 = CIRCLE ( 'NONE', #118, 1.600000000000004086 ) ;
#991 = CARTESIAN_POINT ( 'NONE',  ( 28.00000000000000000, -4.000000000000000000, -49.00000000000000000 ) ) ;
#992 = EDGE_CURVE ( 'NONE', #2493, #932, #2897, .T. ) ;
#993 = ORIENTED_EDGE ( 'NONE', *, *, #824, .F. ) ;
#994 = ORIENTED_EDGE ( 'NONE', *, *, #1343, .T. ) ;
#995 = DIRECTION ( 'NONE',  ( 0.000000000000000000, 1.000000000000000000, 0.000000000000000000 ) ) ;
#996 = EDGE_LOOP ( 'NONE', ( #3015, #894, #432, #2628 ) ) ;
#997 = ADVANCED_FACE ( 'NONE', ( #3103 ), #1392, .F. ) ;
#998 = CARTESIAN_POINT ( 'NONE',  ( -100.0000000000000000, -2.999999999999999112, -62.00000000000000711 ) ) ;
#999 = LINE ( 'NONE', #2238, #940 ) ;
#1000 = ORIENTED_EDGE ( 'NONE', *, *, #750, .F. ) ;
#1001 = DIRECTION ( 'NONE',  ( 0.000000000000000000, 0.000000000000000000, -1.000000000000000000 ) ) ;
#1002 = FACE_BOUND ( 'NONE', #1239, .T. ) ;
#1003 = AXIS2_PLACEMENT_3D ( 'NONE', #1033, #810, #2269 ) ;
#1004 = ORIENTED_EDGE ( 'NONE', *, *, #1078, .F. ) ;
#1005 = CARTESIAN_POINT ( 'NONE',  ( 69.00000000000000000, -3.000000000000000000, 43.29999999999999716 ) ) ;
#1006 = CIRCLE ( 'NONE', #2792, 1.600000000000004086 ) ;
#1007 = EDGE_LOOP ( 'NONE', ( #785, #1074, #362, #1593 ) ) ;
#1008 = ORIENTED_EDGE ( 'NONE', *, *, #1512, .T. ) ;
#1009 = FACE_OUTER_BOUND ( 'NONE', #2449, .T. ) ;
#1010 = VECTOR ( 'NONE', #2222, 1000.000000000000000 ) ;
#1011 = EDGE_LOOP ( 'NONE', ( #265, #1657, #2295, #1153 ) ) ;
#1012 = CARTESIAN_POINT ( 'NONE',  ( -93.00000000000000000, -3.000000000000000000, -18.00000000000000000 ) ) ;
#1013 = FACE_OUTER_BOUND ( 'NONE', #3022, .T. ) ;
#1014 = CIRCLE ( 'NONE', #2130, 5.000000000000004441 ) ;
#1015 = AXIS2_PLACEMENT_3D ( 'NONE', #1580, #3021, #3055 ) ;
#1016 = EDGE_CURVE ( 'NONE', #32, #2089, #710, .T. ) ;
#1017 = EDGE_CURVE ( 'NONE', #545, #2104, #666, .T. ) ;
#1018 = ORIENTED_EDGE ( 'NONE', *, *, #2702, .F. ) ;
#1019 = CIRCLE ( 'NONE', #1063, 5.000000000000004441 ) ;
#1020 = APPROVAL_STATUS ( 'not_yet_approved' ) ;
#1021 = EDGE_CURVE ( 'NONE', #1938, #2484, #194, .T. ) ;
#1022 = AXIS2_PLACEMENT_3D ( 'NONE', #470, #2177, #2701 ) ;
#1023 = CARTESIAN_POINT ( 'NONE',  ( 77.00000000000000000, -37.00000000000000000, 64.50000000000000000 ) ) ;
#1024 = ORIENTED_EDGE ( 'NONE', *, *, #2587, .F. ) ;
#1025 = CARTESIAN_POINT ( 'NONE',  ( -11.00000000000000000, 0.000000000000000000, 43.29999999999999716 ) ) ;
#1026 = ORIENTED_EDGE ( 'NONE', *, *, #2555, .T. ) ;
#1027 = ORIENTED_EDGE ( 'NONE', *, *, #1189, .F. ) ;
#1028 = DIRECTION ( 'NONE',  ( 0.000000000000000000, 0.000000000000000000, -1.000000000000000000 ) ) ;
#1029 = VERTEX_POINT ( 'NONE', #2191 ) ;
#1030 = DIRECTION ( 'NONE',  ( 0.000000000000000000, 0.000000000000000000, 1.000000000000000000 ) ) ;
#1031 = FACE_OUTER_BOUND ( 'NONE', #339, .T. ) ;
#1032 = EDGE_LOOP ( 'NONE', ( #2320, #566, #2941, #2660 ) ) ;
#1033 = CARTESIAN_POINT ( 'NONE',  ( -93.00000000000000000, -3.000000000000000000, -63.00000000000000000 ) ) ;
#1034 = ORIENTED_EDGE ( 'NONE', *, *, #1078, .T. ) ;
#1035 = CYLINDRICAL_SURFACE ( 'NONE', #2656, 5.000000000000004441 ) ;
#1036 = VERTEX_POINT ( 'NONE', #1438 ) ;
#1037 = VERTEX_POINT ( 'NONE', #1424 ) ;
#1038 = VECTOR ( 'NONE', #3110, 1000.000000000000000 ) ;
#1039 = DIRECTION ( 'NONE',  ( 0.000000000000000000, 0.000000000000000000, -1.000000000000000000 ) ) ;
#1040 = AXIS2_PLACEMENT_3D ( 'NONE', #145, #2286, #1798 ) ;
#1041 = ORIENTED_EDGE ( 'NONE', *, *, #784, .T. ) ;
#1042 = CARTESIAN_POINT ( 'NONE',  ( 28.00000000000000000, -4.000000000000000000, -31.00000000000000000 ) ) ;
#1043 = PLANE ( 'NONE',  #2517 ) ;
#1044 = CARTESIAN_POINT ( 'NONE',  ( 30.00000000000000000, -3.000000000000000000, 43.29999999999999716 ) ) ;
#1045 = EDGE_LOOP ( 'NONE', ( #2611, #2990 ) ) ;
#1046 = CARTESIAN_POINT ( 'NONE',  ( 81.00000000000000000, -4.000000000000000000, -26.30000000000000071 ) ) ;
#1047 = ORIENTED_EDGE ( 'NONE', *, *, #1943, .T. ) ;
#1048 = EDGE_CURVE ( 'NONE', #1037, #2245, #979, .T. ) ;
#1049 = EDGE_CURVE ( 'NONE', #327, #157, #211, .T. ) ;
#1050 = AXIS2_PLACEMENT_3D ( 'NONE', #2620, #794, #1870 ) ;
#1051 = ORIENTED_EDGE ( 'NONE', *, *, #1638, .T. ) ;
#1052 = FACE_OUTER_BOUND ( 'NONE', #2932, .T. ) ;
#1053 = LINE ( 'NONE', #2509, #2187 ) ;
#1054 = CARTESIAN_POINT ( 'NONE',  ( 95.00000000000000000, -3.000000000000000000, -31.00000000000000000 ) ) ;
#1055 = VECTOR ( 'NONE', #690, 1000.000000000000000 ) ;
#1056 = EDGE_CURVE ( 'NONE', #1624, #739, #419, .T. ) ;
#1057 = ORIENTED_EDGE ( 'NONE', *, *, #155, .F. ) ;
#1058 = DIRECTION ( 'NONE',  ( 0.000000000000000000, 0.000000000000000000, 1.000000000000000000 ) ) ;
#1059 = CARTESIAN_POINT ( 'NONE',  ( -78.00000000000000000, -3.000000000000000000, 67.50000000000000000 ) ) ;
#1060 = AXIS2_PLACEMENT_3D ( 'NONE', #1075, #332, #2528 ) ;
#1061 = CIRCLE ( 'NONE', #1620, 1.350000000000004086 ) ;
#1062 = AXIS2_PLACEMENT_3D ( 'NONE', #1737, #2962, #788 ) ;
#1063 = AXIS2_PLACEMENT_3D ( 'NONE', #1640, #1368, #892 ) ;
#1064 = PLANE ( 'NONE',  #1300 ) ;
#1065 = VERTEX_POINT ( 'NONE', #479 ) ;
#1066 = CARTESIAN_POINT ( 'NONE',  ( -110.0000000000000000, 0.000000000000000000, 67.50000000000000000 ) ) ;
#1067 = CC_DESIGN_APPROVAL ( #1998, ( #457 ) ) ;
#1068 = VERTEX_POINT ( 'NONE', #449 ) ;
#1069 = EDGE_LOOP ( 'NONE', ( #2334, #1923, #1912, #2211 ) ) ;
#1070 = CARTESIAN_POINT ( 'NONE',  ( 69.00000000000000000, 0.000000000000000000, -29.69999999999999929 ) ) ;
#1071 = DIRECTION ( 'NONE',  ( 0.000000000000000000, 1.000000000000000000, 0.000000000000000000 ) ) ;
#1072 = FACE_OUTER_BOUND ( 'NONE', #2496, .T. ) ;
#1073 = EDGE_CURVE ( 'NONE', #1037, #1861, #1456, .T. ) ;
#1074 = ORIENTED_EDGE ( 'NONE', *, *, #3126, .T. ) ;
#1075 = CARTESIAN_POINT ( 'NONE',  ( 0.000000000000000000, -7.000000000000000000, 30.00000000000000000 ) ) ;
#1076 = EDGE_CURVE ( 'NONE', #658, #931, #1632, .T. ) ;
#1077 = CARTESIAN_POINT ( 'NONE',  ( 100.0000000000000000, -30.00000000000000000, 62.00000000000000711 ) ) ;
#1078 = EDGE_CURVE ( 'NONE', #1979, #125, #656, .T. ) ;
#1079 = DIRECTION ( 'NONE',  ( 1.000000000000000000, 0.000000000000000000, 0.000000000000000000 ) ) ;
#1080 = CYLINDRICAL_SURFACE ( 'NONE', #1286, 1.600000000000004086 ) ;
#1081 = CARTESIAN_POINT ( 'NONE',  ( -80.00000000000000000, -3.000000000000000000, -7.700000000000000178 ) ) ;
#1082 = EDGE_LOOP ( 'NONE', ( #2203, #1719, #2523, #2273 ) ) ;
#1083 = PLANE ( 'NONE',  #3111 ) ;
#1084 = LINE ( 'NONE', #845, #2697 ) ;
#1085 = DIRECTION ( 'NONE',  ( 0.000000000000000000, 0.000000000000000000, -1.000000000000000000 ) ) ;
#1086 = DIRECTION ( 'NONE',  ( 0.000000000000000000, 0.000000000000000000, -1.000000000000000000 ) ) ;
#1087 = ORIENTED_EDGE ( 'NONE', *, *, #1629, .F. ) ;
#1088 = ORIENTED_EDGE ( 'NONE', *, *, #1425, .T. ) ;
#1089 = VERTEX_POINT ( 'NONE', #1929 ) ;
#1090 = CARTESIAN_POINT ( 'NONE',  ( -93.00000000000000000, -3.000000000000000000, -18.00000000000000000 ) ) ;
#1091 = DIRECTION ( 'NONE',  ( 0.000000000000000000, 0.000000000000000000, 1.000000000000000000 ) ) ;
#1092 = CIRCLE ( 'NONE', #1997, 1.350000000000004086 ) ;
#1093 = EDGE_CURVE ( 'NONE', #2644, #412, #1898, .T. ) ;
#1094 = DIRECTION ( 'NONE',  ( 0.000000000000000000, 0.000000000000000000, -1.000000000000000000 ) ) ;
#1095 = EDGE_CURVE ( 'NONE', #860, #2546, #2847, .T. ) ;
#1096 = DIRECTION ( 'NONE',  ( 1.000000000000000000, 0.000000000000000000, 0.000000000000000000 ) ) ;
#1097 = ORIENTED_EDGE ( 'NONE', *, *, #1654, .T. ) ;
#1098 = DIRECTION ( 'NONE',  ( 0.000000000000000000, 0.000000000000000000, -1.000000000000000000 ) ) ;
#1099 = ORIENTED_EDGE ( 'NONE', *, *, #505, .F. ) ;
#1100 = CARTESIAN_POINT ( 'NONE',  ( 107.0000000000000000, -37.00000000000000000, 67.50000000000000000 ) ) ;
#1101 = DIRECTION ( 'NONE',  ( -0.000000000000000000, -0.000000000000000000, 1.000000000000000000 ) ) ;
#1102 = ORIENTED_EDGE ( 'NONE', *, *, #876, .F. ) ;
#1103 = CARTESIAN_POINT ( 'NONE',  ( -11.00000000000000000, 0.000000000000000000, 43.29999999999999716 ) ) ;
#1104 = ORIENTED_EDGE ( 'NONE', *, *, #1278, .F. ) ;
#1105 = ORIENTED_EDGE ( 'NONE', *, *, #821, .F. ) ;
#1106 = EDGE_LOOP ( 'NONE', ( #2913, #2793 ) ) ;
#1107 = LINE ( 'NONE', #2355, #2599 ) ;
#1108 = CARTESIAN_POINT ( 'NONE',  ( 100.0000000000000000, -30.00000000000000000, 58.35000000000000853 ) ) ;
#1109 = VECTOR ( 'NONE', #2097, 1000.000000000000000 ) ;
#1110 = LINE ( 'NONE', #2324, #391 ) ;
#1111 = CARTESIAN_POINT ( 'NONE',  ( -107.0000000000000000, -37.00000000000000000, 64.50000000000000000 ) ) ;
#1112 = EDGE_CURVE ( 'NONE', #724, #1122, #3054, .T. ) ;
#1113 = EDGE_CURVE ( 'NONE', #1714, #1484, #2155, .T. ) ;
#1114 = VECTOR ( 'NONE', #2110, 1000.000000000000000 ) ;
#1115 = ORIENTED_EDGE ( 'NONE', *, *, #649, .F. ) ;
#1116 = EDGE_CURVE ( 'NONE', #1965, #1758, #2662, .T. ) ;
#1117 = CARTESIAN_POINT ( 'NONE',  ( -41.99999999999999289, -37.00000000000000000, 64.50000000000000000 ) ) ;
#1118 = AXIS2_PLACEMENT_3D ( 'NONE', #1644, #2864, #1658 ) ;
#1119 = EDGE_CURVE ( 'NONE', #2712, #1171, #2929, .T. ) ;
#1120 = FACE_OUTER_BOUND ( 'NONE', #2217, .T. ) ;
#1121 = CARTESIAN_POINT ( 'NONE',  ( 0.000000000000000000, -7.000000000000000000, -12.00000000000000000 ) ) ;
#1122 = VERTEX_POINT ( 'NONE', #2204 ) ;
#1123 = CIRCLE ( 'NONE', #2905, 1.600000000000004086 ) ;
#1124 = DIRECTION ( 'NONE',  ( -1.000000000000000000, 0.000000000000000000, -0.000000000000000000 ) ) ;
#1125 = ORIENTED_EDGE ( 'NONE', *, *, #2078, .T. ) ;
#1126 = ORIENTED_EDGE ( 'NONE', *, *, #1907, .F. ) ;
#1127 = CARTESIAN_POINT ( 'NONE',  ( 77.00000000000000000, -37.00000000000000000, 67.50000000000000000 ) ) ;
#1128 = DIRECTION ( 'NONE',  ( 0.000000000000000000, -1.000000000000000000, 0.000000000000000000 ) ) ;
#1129 = DIRECTION ( 'NONE',  ( -1.000000000000000000, -0.000000000000000000, -0.000000000000000000 ) ) ;
#1130 = DIRECTION ( 'NONE',  ( 0.000000000000000000, 0.000000000000000000, 1.000000000000000000 ) ) ;
#1131 = EDGE_CURVE ( 'NONE', #1196, #658, #2450, .T. ) ;
#1132 = CARTESIAN_POINT ( 'NONE',  ( 0.000000000000000000, -7.000000000000000000, 30.00000000000000000 ) ) ;
#1133 = DIRECTION ( 'NONE',  ( 0.000000000000000000, 1.000000000000000000, 0.000000000000000000 ) ) ;
#1134 = ORIENTED_EDGE ( 'NONE', *, *, #2208, .F. ) ;
#1135 = PERSON_AND_ORGANIZATION ( #2163, #1477 ) ;
#1136 = DIRECTION ( 'NONE',  ( 0.000000000000000000, 0.000000000000000000, 1.000000000000000000 ) ) ;
#1137 = ORIENTED_EDGE ( 'NONE', *, *, #1076, .T. ) ;
#1138 = ORIENTED_EDGE ( 'NONE', *, *, #627, .T. ) ;
#1139 = CARTESIAN_POINT ( 'NONE',  ( -11.00000000000000000, 0.000000000000000000, 46.70000000000000284 ) ) ;
#1140 = LINE ( 'NONE', #1378, #789 ) ;
#1141 = CARTESIAN_POINT ( 'NONE',  ( 1.959434878635764984E-16, -3.000000000000000000, -13.60000000000000142 ) ) ;
#1142 = CARTESIAN_POINT ( 'NONE',  ( -80.00000000000000000, 0.000000000000000000, -4.299999999999999822 ) ) ;
#1143 = DIRECTION ( 'NONE',  ( 0.000000000000000000, 1.000000000000000000, 0.000000000000000000 ) ) ;
#1144 = DIRECTION ( 'NONE',  ( 0.000000000000000000, 1.000000000000000000, 0.000000000000000000 ) ) ;
#1145 = ORIENTED_EDGE ( 'NONE', *, *, #1890, .T. ) ;
#1146 = CARTESIAN_POINT ( 'NONE',  ( 0.000000000000000000, -3.000000000000000000, -34.00000000000000000 ) ) ;
#1147 = VERTEX_POINT ( 'NONE', #1231 ) ;
#1148 = CARTESIAN_POINT ( 'NONE',  ( -12.00000000000000000, -3.000000000000000000, 0.000000000000000000 ) ) ;
#1149 = EDGE_LOOP ( 'NONE', ( #818, #1183 ) ) ;
#1150 = DIRECTION ( 'NONE',  ( 1.000000000000000000, 0.000000000000000000, 0.000000000000000000 ) ) ;
#1151 = ADVANCED_FACE ( 'NONE', ( #2693 ), #494, .T. ) ;
#1152 = EDGE_CURVE ( 'NONE', #973, #2025, #2822, .T. ) ;
#1153 = ORIENTED_EDGE ( 'NONE', *, *, #882, .F. ) ;
#1154 = ORIENTED_EDGE ( 'NONE', *, *, #2446, .F. ) ;
#1155 = CARTESIAN_POINT ( 'NONE',  ( 28.00000000000000000, -4.000000000000000000, -31.00000000000000000 ) ) ;
#1156 = LINE ( 'NONE', #4, #2521 ) ;
#1157 = EDGE_CURVE ( 'NONE', #2566, #2048, #1110, .T. ) ;
#1158 = DIRECTION ( 'NONE',  ( 0.000000000000000000, -1.000000000000000000, 0.000000000000000000 ) ) ;
#1159 = VECTOR ( 'NONE', #2349, 1000.000000000000000 ) ;
#1160 = DIRECTION ( 'NONE',  ( 0.000000000000000000, -1.000000000000000000, 0.000000000000000000 ) ) ;
#1161 = FACE_OUTER_BOUND ( 'NONE', #3146, .T. ) ;
#1162 = CARTESIAN_POINT ( 'NONE',  ( -100.0000000000000000, 0.000000000000000000, -57.00000000000000000 ) ) ;
#1163 = DIRECTION ( 'NONE',  ( -1.000000000000000000, -0.000000000000000000, -0.000000000000000000 ) ) ;
#1164 = ORIENTED_EDGE ( 'NONE', *, *, #547, .F. ) ;
#1165 = ORIENTED_EDGE ( 'NONE', *, *, #511, .F. ) ;
#1166 = AXIS2_PLACEMENT_3D ( 'NONE', #453, #2899, #2374 ) ;
#1167 = CARTESIAN_POINT ( 'NONE',  ( 100.0000000000000000, -30.00000000000000000, 55.64999999999999858 ) ) ;
#1168 = VECTOR ( 'NONE', #1628, 1000.000000000000000 ) ;
#1169 = AXIS2_PLACEMENT_3D ( 'NONE', #3114, #687, #2149 ) ;
#1170 = VERTEX_POINT ( 'NONE', #1141 ) ;
#1171 = VERTEX_POINT ( 'NONE', #115 ) ;
#1172 = DIRECTION ( 'NONE',  ( 0.000000000000000000, 1.000000000000000000, 0.000000000000000000 ) ) ;
#1173 = CARTESIAN_POINT ( 'NONE',  ( 28.00000000000000000, -4.000000000000000000, -49.00000000000000000 ) ) ;
#1174 = DIRECTION ( 'NONE',  ( 0.000000000000000000, 0.000000000000000000, 1.000000000000000000 ) ) ;
#1175 = DIRECTION ( 'NONE',  ( -0.000000000000000000, -0.000000000000000000, 1.000000000000000000 ) ) ;
#1176 = DIRECTION ( 'NONE',  ( 0.000000000000000000, 1.000000000000000000, 0.000000000000000000 ) ) ;
#1177 = EDGE_CURVE ( 'NONE', #1777, #2719, #3040, .T. ) ;
#1178 = DIRECTION ( 'NONE',  ( 0.000000000000000000, 0.000000000000000000, -1.000000000000000000 ) ) ;
#1179 = CARTESIAN_POINT ( 'NONE',  ( 100.0000000000000000, 0.000000000000000000, 58.35000000000000853 ) ) ;
#1180 = ORIENTED_EDGE ( 'NONE', *, *, #406, .F. ) ;
#1181 = DIRECTION ( 'NONE',  ( 0.000000000000000000, 0.000000000000000000, 1.000000000000000000 ) ) ;
#1182 = EDGE_LOOP ( 'NONE', ( #2226, #956, #2895, #2557 ) ) ;
#1183 = ORIENTED_EDGE ( 'NONE', *, *, #581, .F. ) ;
#1184 = CARTESIAN_POINT ( 'NONE',  ( 96.00000000000000000, -7.000000000000000000, 30.00000000000000000 ) ) ;
#1185 = CARTESIAN_POINT ( 'NONE',  ( 95.00000000000000000, -3.000000000000000000, -0.000000000000000000 ) ) ;
#1186 = LINE ( 'NONE', #1429, #1312 ) ;
#1187 = CARTESIAN_POINT ( 'NONE',  ( -100.0000000000000000, -34.00000000000000000, 57.00000000000000000 ) ) ;
#1188 = LINE ( 'NONE', #202, #1240 ) ;
#1189 = EDGE_CURVE ( 'NONE', #2471, #1671, #1615, .T. ) ;
#1190 = ADVANCED_FACE ( 'NONE', ( #2357 ), #3091, .T. ) ;
#1191 = CIRCLE ( 'NONE', #1542, 5.000000000000004441 ) ;
#1192 = CARTESIAN_POINT ( 'NONE',  ( 30.00000000000000000, -4.000000000000000000, 46.70000000000000284 ) ) ;
#1193 = AXIS2_PLACEMENT_3D ( 'NONE', #2430, #243, #667 ) ;
#1194 = DIRECTION ( 'NONE',  ( 0.000000000000000000, 1.000000000000000000, 0.000000000000000000 ) ) ;
#1195 = PLANE ( 'NONE',  #1118 ) ;
#1196 = VERTEX_POINT ( 'NONE', #1851 ) ;
#1197 = EDGE_LOOP ( 'NONE', ( #344, #3100, #695, #2199 ) ) ;
#1198 = CARTESIAN_POINT ( 'NONE',  ( -41.99999999999999289, -37.00000000000000000, 67.50000000000000000 ) ) ;
#1199 = DIRECTION ( 'NONE',  ( 0.000000000000000000, 1.000000000000000000, 0.000000000000000000 ) ) ;
#1200 = DIRECTION ( 'NONE',  ( 0.000000000000000000, 1.000000000000000000, 0.000000000000000000 ) ) ;
#1201 = FACE_OUTER_BOUND ( 'NONE', #46, .T. ) ;
#1202 = CARTESIAN_POINT ( 'NONE',  ( 0.000000000000000000, -7.000000000000000000, -12.00000000000000000 ) ) ;
#1203 = DIRECTION ( 'NONE',  ( 1.000000000000000000, 0.000000000000000000, 0.000000000000000000 ) ) ;
#1204 = CARTESIAN_POINT ( 'NONE',  ( 1.959434878635765477E-16, -7.000000000000000000, -13.60000000000000142 ) ) ;
#1205 = EDGE_CURVE ( 'NONE', #739, #624, #2075, .T. ) ;
#1206 = EDGE_CURVE ( 'NONE', #351, #1856, #838, .T. ) ;
#1207 = VECTOR ( 'NONE', #2407, 1000.000000000000000 ) ;
#1208 = LINE ( 'NONE', #768, #34 ) ;
#1209 = ADVANCED_FACE ( 'NONE', ( #3062 ), #2605, .F. ) ;
#1210 = ORIENTED_EDGE ( 'NONE', *, *, #2520, .F. ) ;
#1211 = LINE ( 'NONE', #2969, #552 ) ;
#1212 = EDGE_CURVE ( 'NONE', #1506, #2079, #1786, .T. ) ;
#1213 = VERTEX_POINT ( 'NONE', #650 ) ;
#1214 = CARTESIAN_POINT ( 'NONE',  ( -22.00000000000000000, -4.000000000000000000, -7.700000000000000178 ) ) ;
#1215 = CIRCLE ( 'NONE', #198, 1.350000000000004086 ) ;
#1216 = DIRECTION ( 'NONE',  ( 0.000000000000000000, 0.000000000000000000, -1.000000000000000000 ) ) ;
#1217 = CIRCLE ( 'NONE', #1621, 1.600000000000000755 ) ;
#1218 = PLANE ( 'NONE',  #2934 ) ;
#1219 = CIRCLE ( 'NONE', #1771, 1.350000000000004086 ) ;
#1220 = DIRECTION ( 'NONE',  ( 0.000000000000000000, 0.000000000000000000, -1.000000000000000000 ) ) ;
#1221 = DIRECTION ( 'NONE',  ( 0.000000000000000000, 0.000000000000000000, 1.000000000000000000 ) ) ;
#1222 = FACE_OUTER_BOUND ( 'NONE', #1540, .T. ) ;
#1223 = LOCAL_TIME ( 16, 48, 2.000000000000000000, #807 ) ;
#1224 = ORIENTED_EDGE ( 'NONE', *, *, #2345, .T. ) ;
#1225 = CARTESIAN_POINT ( 'NONE',  ( 81.00000000000000000, -3.000000000000000000, 43.29999999999999716 ) ) ;
#1226 = ORIENTED_EDGE ( 'NONE', *, *, #2008, .F. ) ;
#1227 = DIRECTION ( 'NONE',  ( 0.000000000000000000, 0.000000000000000000, 1.000000000000000000 ) ) ;
#1228 = ADVANCED_FACE ( 'NONE', ( #1818 ), #577, .T. ) ;
#1229 = ORIENTED_EDGE ( 'NONE', *, *, #1295, .T. ) ;
#1230 = ORIENTED_EDGE ( 'NONE', *, *, #1348, .T. ) ;
#1231 = CARTESIAN_POINT ( 'NONE',  ( 92.00000000000001421, -3.000000000000000000, 67.50000000000000000 ) ) ;
#1232 = DIRECTION ( 'NONE',  ( 0.000000000000000000, 1.000000000000000000, 0.000000000000000000 ) ) ;
#1233 = ORIENTED_EDGE ( 'NONE', *, *, #2857, .T. ) ;
#1234 = DIRECTION ( 'NONE',  ( -0.000000000000000000, 1.000000000000000000, -0.000000000000000000 ) ) ;
#1235 = DIRECTION ( 'NONE',  ( 0.000000000000000000, 1.000000000000000000, 0.000000000000000000 ) ) ;
#1236 = ORIENTED_EDGE ( 'NONE', *, *, #886, .F. ) ;
#1237 = DIRECTION ( 'NONE',  ( 1.000000000000000000, 0.000000000000000000, 0.000000000000000000 ) ) ;
#1238 = CARTESIAN_POINT ( 'NONE',  ( 0.000000000000000000, -3.000000000000000000, 0.000000000000000000 ) ) ;
#1239 = EDGE_LOOP ( 'NONE', ( #982, #1099 ) ) ;
#1240 = VECTOR ( 'NONE', #1176, 1000.000000000000000 ) ;
#1241 = FACE_OUTER_BOUND ( 'NONE', #2598, .T. ) ;
#1242 = ORIENTED_EDGE ( 'NONE', *, *, #2004, .T. ) ;
#1243 = ORIENTED_EDGE ( 'NONE', *, *, #2718, .T. ) ;
#1244 = CARTESIAN_POINT ( 'NONE',  ( 69.00000000000000000, -4.000000000000000000, 46.70000000000000284 ) ) ;
#1245 = EDGE_CURVE ( 'NONE', #2365, #637, #2586, .T. ) ;
#1246 = ORIENTED_EDGE ( 'NONE', *, *, #2305, .F. ) ;
#1247 = CARTESIAN_POINT ( 'NONE',  ( 96.00000000000000000, -7.000000000000000000, -13.60000000000000497 ) ) ;
#1248 = EDGE_CURVE ( 'NONE', #125, #1979, #1014, .T. ) ;
#1249 = DIRECTION ( 'NONE',  ( -1.000000000000000000, 0.000000000000000000, 0.000000000000000000 ) ) ;
#1250 = EDGE_LOOP ( 'NONE', ( #2625, #460 ) ) ;
#1251 = PERSON_AND_ORGANIZATION ( #2163, #1477 ) ;
#1252 = CARTESIAN_POINT ( 'NONE',  ( -48.55677643628300189, -7.000000000000000000, -64.50000000000000000 ) ) ;
#1253 = AXIS2_PLACEMENT_3D ( 'NONE', #1650, #1919, #3139 ) ;
#1254 = ORIENTED_EDGE ( 'NONE', *, *, #2341, .T. ) ;
#1255 = DIRECTION ( 'NONE',  ( 0.000000000000000000, 1.000000000000000000, 0.000000000000000000 ) ) ;
#1256 = VECTOR ( 'NONE', #300, 1000.000000000000000 ) ;
#1257 = EDGE_LOOP ( 'NONE', ( #359, #326, #2629, #2309 ) ) ;
#1258 = EDGE_LOOP ( 'NONE', ( #190, #106, #1969, #692 ) ) ;
#1259 = DIRECTION ( 'NONE',  ( 0.000000000000000000, 1.000000000000000000, 0.000000000000000000 ) ) ;
#1260 = VECTOR ( 'NONE', #2914, 1000.000000000000000 ) ;
#1261 = ORIENTED_EDGE ( 'NONE', *, *, #54, .T. ) ;
#1262 = PLANE ( 'NONE',  #619 ) ;
#1263 = DIRECTION ( 'NONE',  ( 0.000000000000000000, -1.000000000000000000, 0.000000000000000000 ) ) ;
#1264 = AXIS2_PLACEMENT_3D ( 'NONE', #1336, #3035, #109 ) ;
#1265 = ORIENTED_EDGE ( 'NONE', *, *, #1978, .T. ) ;
#1266 = AXIS2_PLACEMENT_3D ( 'NONE', #1432, #2655, #2132 ) ;
#1267 = CARTESIAN_POINT ( 'NONE',  ( 96.00000000000000000, -7.000000000000000000, 28.39999999999999503 ) ) ;
#1268 = ORIENTED_EDGE ( 'NONE', *, *, #383, .F. ) ;
#1269 = CYLINDRICAL_SURFACE ( 'NONE', #712, 1.600000000000004086 ) ;
#1270 = VERTEX_POINT ( 'NONE', #2807 ) ;
#1271 = VERTEX_POINT ( 'NONE', #1328 ) ;
#1272 = LINE ( 'NONE', #1455, #2270 ) ;
#1273 = DIRECTION ( 'NONE',  ( -0.000000000000000000, 1.000000000000000000, -0.000000000000000000 ) ) ;
#1274 = VECTOR ( 'NONE', #1234, 1000.000000000000000 ) ;
#1275 = ORIENTED_EDGE ( 'NONE', *, *, #688, .F. ) ;
#1276 = DIRECTION ( 'NONE',  ( 0.000000000000000000, 0.000000000000000000, -1.000000000000000000 ) ) ;
#1277 = CARTESIAN_POINT ( 'NONE',  ( -80.00000000000000000, -4.000000000000000000, -4.299999999999999822 ) ) ;
#1278 = EDGE_CURVE ( 'NONE', #2245, #2471, #1600, .T. ) ;
#1279 = ADVANCED_FACE ( 'NONE', ( #871 ), #2043, .T. ) ;
#1280 = DIRECTION ( 'NONE',  ( 1.000000000000000000, 0.000000000000000000, 0.000000000000000000 ) ) ;
#1281 = ORIENTED_EDGE ( 'NONE', *, *, #1853, .F. ) ;
#1282 = EDGE_CURVE ( 'NONE', #2710, #1357, #2338, .T. ) ;
#1283 = CARTESIAN_POINT ( 'NONE',  ( 28.00000000000000000, -3.000000000000000000, -49.00000000000000000 ) ) ;
#1284 = ORIENTED_EDGE ( 'NONE', *, *, #1157, .F. ) ;
#1285 = DIRECTION ( 'NONE',  ( -0.000000000000000000, -0.000000000000000000, 1.000000000000000000 ) ) ;
#1286 = AXIS2_PLACEMENT_3D ( 'NONE', #2045, #1143, #132 ) ;
#1287 = DIRECTION ( 'NONE',  ( 0.000000000000000000, 0.000000000000000000, -1.000000000000000000 ) ) ;
#1288 = FACE_OUTER_BOUND ( 'NONE', #1790, .T. ) ;
#1289 = AXIS2_PLACEMENT_3D ( 'NONE', #2898, #1199, #480 ) ;
#1290 = ORIENTED_EDGE ( 'NONE', *, *, #2891, .T. ) ;
#1291 = DIRECTION ( 'NONE',  ( -1.000000000000000000, 0.000000000000000000, -0.000000000000000000 ) ) ;
#1292 = DIRECTION ( 'NONE',  ( 0.000000000000000000, 0.000000000000000000, -1.000000000000000000 ) ) ;
#1293 = PERSON_AND_ORGANIZATION_ROLE ( 'creator' ) ;
#1294 = CARTESIAN_POINT ( 'NONE',  ( 69.00000000000000000, 0.000000000000000000, -26.30000000000000071 ) ) ;
#1295 = EDGE_CURVE ( 'NONE', #2079, #192, #2306, .T. ) ;
#1296 = ORIENTED_EDGE ( 'NONE', *, *, #2380, .F. ) ;
#1297 = DIRECTION ( 'NONE',  ( 0.000000000000000000, 1.000000000000000000, 0.000000000000000000 ) ) ;
#1298 = ORIENTED_EDGE ( 'NONE', *, *, #1535, .T. ) ;
#1299 = EDGE_CURVE ( 'NONE', #2997, #1777, #2570, .T. ) ;
#1300 = AXIS2_PLACEMENT_3D ( 'NONE', #1536, #356, #1550 ) ;
#1301 = VERTEX_POINT ( 'NONE', #713 ) ;
#1302 = CARTESIAN_POINT ( 'NONE',  ( -93.00000000000000000, -7.000000000000000000, -63.00000000000000000 ) ) ;
#1303 = CYLINDRICAL_SURFACE ( 'NONE', #2959, 1.600000000000000755 ) ;
#1304 = DIRECTION ( 'NONE',  ( 1.000000000000000000, 0.000000000000000000, 0.000000000000000000 ) ) ;
#1305 = ADVANCED_FACE ( 'NONE', ( #698 ), #245, .F. ) ;
#1306 = VERTEX_POINT ( 'NONE', #481 ) ;
#1307 = EDGE_LOOP ( 'NONE', ( #2936, #3165, #1180, #1708 ) ) ;
#1308 = DIRECTION ( 'NONE',  ( 0.000000000000000000, -0.000000000000000000, 1.000000000000000000 ) ) ;
#1309 = CARTESIAN_POINT ( 'NONE',  ( -11.99999999999999645, -3.000000000000000000, 67.50000000000000000 ) ) ;
#1310 = VECTOR ( 'NONE', #2883, 1000.000000000000000 ) ;
#1311 = DIRECTION ( 'NONE',  ( 1.000000000000000000, 0.000000000000000000, 0.000000000000000000 ) ) ;
#1312 = VECTOR ( 'NONE', #1663, 1000.000000000000000 ) ;
#1313 = COORDINATED_UNIVERSAL_TIME_OFFSET ( 8, 0, .AHEAD. ) ;
#1314 = AXIS2_PLACEMENT_3D ( 'NONE', #78, #2738, #1039 ) ;
#1315 = VECTOR ( 'NONE', #137, 1000.000000000000000 ) ;
#1316 = CARTESIAN_POINT ( 'NONE',  ( -93.00000000000000000, -3.000000000000000000, -16.39999999999999503 ) ) ;
#1317 = ORIENTED_EDGE ( 'NONE', *, *, #1017, .T. ) ;
#1318 = LINE ( 'NONE', #1415, #2133 ) ;
#1319 = ORIENTED_EDGE ( 'NONE', *, *, #1112, .F. ) ;
#1320 = DIRECTION ( 'NONE',  ( 1.000000000000000000, 0.000000000000000000, 0.000000000000000000 ) ) ;
#1321 = CARTESIAN_POINT ( 'NONE',  ( -48.00000000000000000, -3.000000000000000000, -61.40000000000000568 ) ) ;
#1322 = CARTESIAN_POINT ( 'NONE',  ( -41.99999999999999289, -37.00000000000000000, 64.50000000000000000 ) ) ;
#1323 = EDGE_CURVE ( 'NONE', #2676, #32, #2547, .T. ) ;
#1324 = EDGE_LOOP ( 'NONE', ( #1125, #1230, #1226, #1744 ) ) ;
#1325 = ORIENTED_EDGE ( 'NONE', *, *, #2325, .F. ) ;
#1326 = DIRECTION ( 'NONE',  ( -1.000000000000000000, 0.000000000000000000, -0.000000000000000000 ) ) ;
#1327 = PLANE ( 'NONE',  #476 ) ;
#1328 = CARTESIAN_POINT ( 'NONE',  ( 100.0000000000000000, 0.000000000000000000, 55.64999999999999858 ) ) ;
#1329 = DIRECTION ( 'NONE',  ( 0.000000000000000000, 0.000000000000000000, 1.000000000000000000 ) ) ;
#1330 = LINE ( 'NONE', #1635, #2381 ) ;
#1331 = VERTEX_POINT ( 'NONE', #1440 ) ;
#1332 = DIRECTION ( 'NONE',  ( 0.000000000000000000, 1.000000000000000000, 0.000000000000000000 ) ) ;
#1333 = DIRECTION ( 'NONE',  ( -0.000000000000000000, -1.000000000000000000, -0.000000000000000000 ) ) ;
#1334 = FACE_OUTER_BOUND ( 'NONE', #2970, .T. ) ;
#1335 = ORIENTED_EDGE ( 'NONE', *, *, #1512, .F. ) ;
#1336 = CARTESIAN_POINT ( 'NONE',  ( 0.000000000000000000, 0.000000000000000000, 0.000000000000000000 ) ) ;
#1337 = ORIENTED_EDGE ( 'NONE', *, *, #2008, .T. ) ;
#1338 = VECTOR ( 'NONE', #2699, 1000.000000000000000 ) ;
#1339 = ORIENTED_EDGE ( 'NONE', *, *, #2948, .F. ) ;
#1340 = ORIENTED_EDGE ( 'NONE', *, *, #632, .F. ) ;
#1341 = PRODUCT_RELATED_PRODUCT_CATEGORY ( 'detail', '', ( #14 ) ) ;
#1342 = FACE_OUTER_BOUND ( 'NONE', #3130, .T. ) ;
#1343 = EDGE_CURVE ( 'NONE', #2712, #2139, #1215, .T. ) ;
#1344 = LINE ( 'NONE', #2569, #578 ) ;
#1345 = EDGE_CURVE ( 'NONE', #2874, #2232, #2999, .T. ) ;
#1346 = AXIS2_PLACEMENT_3D ( 'NONE', #2618, #919, #697 ) ;
#1347 = DIRECTION ( 'NONE',  ( 0.000000000000000000, 0.000000000000000000, 1.000000000000000000 ) ) ;
#1348 = EDGE_CURVE ( 'NONE', #2236, #2689, #3155, .T. ) ;
#1349 = DIRECTION ( 'NONE',  ( 0.000000000000000000, -1.000000000000000000, 0.000000000000000000 ) ) ;
#1350 = ORIENTED_EDGE ( 'NONE', *, *, #1345, .F. ) ;
#1351 = DIRECTION ( 'NONE',  ( 0.000000000000000000, -1.000000000000000000, 0.000000000000000000 ) ) ;
#1352 = CARTESIAN_POINT ( 'NONE',  ( 100.0000000000000000, -30.00000000000000000, 52.00000000000000000 ) ) ;
#1353 = DIRECTION ( 'NONE',  ( -0.000000000000000000, 1.000000000000000000, -0.000000000000000000 ) ) ;
#1354 = ORIENTED_EDGE ( 'NONE', *, *, #306, .T. ) ;
#1355 = CARTESIAN_POINT ( 'NONE',  ( -92.44322356371698390, -7.000000000000000000, -64.50000000000000000 ) ) ;
#1356 = ORIENTED_EDGE ( 'NONE', *, *, #486, .T. ) ;
#1357 = VERTEX_POINT ( 'NONE', #729 ) ;
#1358 = FACE_OUTER_BOUND ( 'NONE', #916, .T. ) ;
#1359 = EDGE_CURVE ( 'NONE', #1271, #292, #1061, .T. ) ;
#1360 = CARTESIAN_POINT ( 'NONE',  ( -80.00000000000000000, -3.000000000000000000, -4.299999999999999822 ) ) ;
#1361 = VECTOR ( 'NONE', #1163, 1000.000000000000000 ) ;
#1362 = DIRECTION ( 'NONE',  ( 0.000000000000000000, 1.000000000000000000, 0.000000000000000000 ) ) ;
#1363 = CARTESIAN_POINT ( 'NONE',  ( 96.00000000000000000, -3.000000000000000000, 31.60000000000000142 ) ) ;
#1364 = VECTOR ( 'NONE', #3136, 1000.000000000000000 ) ;
#1365 = VECTOR ( 'NONE', #2010, 1000.000000000000000 ) ;
#1366 = AXIS2_PLACEMENT_3D ( 'NONE', #560, #1259, #285 ) ;
#1367 = EDGE_LOOP ( 'NONE', ( #2148, #3001, #2151, #1989 ) ) ;
#1368 = DIRECTION ( 'NONE',  ( 0.000000000000000000, -1.000000000000000000, 0.000000000000000000 ) ) ;
#1369 = AXIS2_PLACEMENT_3D ( 'NONE', #721, #1136, #1859 ) ;
#1370 = LINE ( 'NONE', #1433, #1159 ) ;
#1371 = ORIENTED_EDGE ( 'NONE', *, *, #975, .T. ) ;
#1372 = AXIS2_PLACEMENT_3D ( 'NONE', #2293, #1351, #844 ) ;
#1373 = CARTESIAN_POINT ( 'NONE',  ( -34.00000000000000000, 0.000000000000000000, -4.299999999999999822 ) ) ;
#1374 = AXIS2_PLACEMENT_3D ( 'NONE', #895, #1001, #3082 ) ;
#1375 = EDGE_LOOP ( 'NONE', ( #944, #3135, #1452, #2249 ) ) ;
#1376 = VERTEX_POINT ( 'NONE', #214 ) ;
#1377 = DIRECTION ( 'NONE',  ( -0.000000000000000000, 1.000000000000000000, -0.000000000000000000 ) ) ;
#1378 = CARTESIAN_POINT ( 'NONE',  ( 28.00000000000000000, -4.000000000000000000, -34.00000000000000000 ) ) ;
#1379 = DIRECTION ( 'NONE',  ( -0.000000000000000000, 0.000000000000000000, 1.000000000000000000 ) ) ;
#1380 = DIRECTION ( 'NONE',  ( 0.000000000000000000, 1.000000000000000000, 0.000000000000000000 ) ) ;
#1381 = CC_DESIGN_PERSON_AND_ORGANIZATION_ASSIGNMENT ( #1135, #2099, ( #14 ) ) ;
#1382 = DIRECTION ( 'NONE',  ( 0.000000000000000000, -1.000000000000000000, 0.000000000000000000 ) ) ;
#1383 = EDGE_CURVE ( 'NONE', #1122, #724, #2024, .T. ) ;
#1384 = DIRECTION ( 'NONE',  ( 0.000000000000000000, 0.000000000000000000, 1.000000000000000000 ) ) ;
#1385 = EDGE_CURVE ( 'NONE', #1036, #1736, #231, .T. ) ;
#1386 = ORIENTED_EDGE ( 'NONE', *, *, #153, .T. ) ;
#1387 = DIRECTION ( 'NONE',  ( 0.000000000000000000, 1.000000000000000000, 0.000000000000000000 ) ) ;
#1388 = ORIENTED_EDGE ( 'NONE', *, *, #2423, .F. ) ;
#1389 = DIRECTION ( 'NONE',  ( 1.000000000000000000, 0.000000000000000000, 0.000000000000000000 ) ) ;
#1390 = ORIENTED_EDGE ( 'NONE', *, *, #1212, .F. ) ;
#1391 = ORIENTED_EDGE ( 'NONE', *, *, #484, .T. ) ;
#1392 = CYLINDRICAL_SURFACE ( 'NONE', #2022, 1.350000000000004086 ) ;
#1393 = DIRECTION ( 'NONE',  ( -1.000000000000000000, 0.000000000000000000, 0.000000000000000000 ) ) ;
#1394 = CYLINDRICAL_SURFACE ( 'NONE', #604, 5.000000000000004441 ) ;
#1395 = DIRECTION ( 'NONE',  ( 0.000000000000000000, 1.000000000000000000, 0.000000000000000000 ) ) ;
#1396 = CIRCLE ( 'NONE', #576, 1.600000000000004086 ) ;
#1397 = CARTESIAN_POINT ( 'NONE',  ( 0.000000000000000000, -3.000000000000000000, -52.00000000000000000 ) ) ;
#1398 = CARTESIAN_POINT ( 'NONE',  ( -93.00000000000000000, -3.000000000000000000, -63.00000000000000000 ) ) ;
#1399 = EDGE_CURVE ( 'NONE', #2549, #2452, #88, .T. ) ;
#1400 = FACE_BOUND ( 'NONE', #996, .T. ) ;
#1401 = ORIENTED_EDGE ( 'NONE', *, *, #1654, .F. ) ;
#1402 = EDGE_LOOP ( 'NONE', ( #1878, #250, #1735, #2207 ) ) ;
#1403 = LINE ( 'NONE', #2366, #3056 ) ;
#1404 = ADVANCED_FACE ( 'NONE', ( #1900 ), #1394, .T. ) ;
#1405 = ORIENTED_EDGE ( 'NONE', *, *, #3012, .T. ) ;
#1406 = EDGE_LOOP ( 'NONE', ( #1087, #1281 ) ) ;
#1407 = CARTESIAN_POINT ( 'NONE',  ( -48.55677643628300189, -7.000000000000000000, -64.50000000000000000 ) ) ;
#1408 = EDGE_CURVE ( 'NONE', #2802, #1196, #2885, .T. ) ;
#1409 = DIRECTION ( 'NONE',  ( -0.000000000000000000, 1.000000000000000000, -0.000000000000000000 ) ) ;
#1410 = DIRECTION ( 'NONE',  ( 0.000000000000000000, 1.000000000000000000, 0.000000000000000000 ) ) ;
#1411 = AXIS2_PLACEMENT_3D ( 'NONE', #2610, #3129, #927 ) ;
#1412 = DIRECTION ( 'NONE',  ( 1.000000000000000000, -0.000000000000000000, 0.000000000000000000 ) ) ;
#1413 = CARTESIAN_POINT ( 'NONE',  ( 30.00000000000000000, -4.000000000000000000, 43.29999999999999716 ) ) ;
#1414 = CIRCLE ( 'NONE', #36, 1.600000000000000755 ) ;
#1415 = CARTESIAN_POINT ( 'NONE',  ( 110.0000000000000000, -37.00000000000000000, -64.50000000000000000 ) ) ;
#1416 = VECTOR ( 'NONE', #2726, 1000.000000000000000 ) ;
#1417 = CARTESIAN_POINT ( 'NONE',  ( 81.00000000000000000, 0.000000000000000000, -29.69999999999999929 ) ) ;
#1418 = EDGE_LOOP ( 'NONE', ( #2572, #121, #1595, #2354 ) ) ;
#1419 = DIRECTION ( 'NONE',  ( -0.000000000000000000, 1.000000000000000000, -0.000000000000000000 ) ) ;
#1420 = AXIS2_PLACEMENT_3D ( 'NONE', #33, #1028, #1992 ) ;
#1421 = CIRCLE ( 'NONE', #1372, 5.000000000000004441 ) ;
#1422 = ORIENTED_EDGE ( 'NONE', *, *, #2687, .F. ) ;
#1423 = EDGE_LOOP ( 'NONE', ( #80, #1760, #389, #1761 ) ) ;
#1424 = CARTESIAN_POINT ( 'NONE',  ( -34.00000000000000000, -3.000000000000000000, -4.299999999999999822 ) ) ;
#1425 = EDGE_CURVE ( 'NONE', #2676, #1213, #2143, .T. ) ;
#1426 = CARTESIAN_POINT ( 'NONE',  ( 100.0000000000000000, -34.00000000000000000, -57.00000000000000000 ) ) ;
#1427 = EDGE_CURVE ( 'NONE', #1331, #2783, #2372, .T. ) ;
#1428 = LOCAL_TIME ( 16, 48, 2.000000000000000000, #793 ) ;
#1429 = CARTESIAN_POINT ( 'NONE',  ( 1.000000000000000000, -4.000000000000000000, 46.70000000000000284 ) ) ;
#1430 = DIRECTION ( 'NONE',  ( 0.000000000000000000, 1.000000000000000000, 0.000000000000000000 ) ) ;
#1431 = CARTESIAN_POINT ( 'NONE',  ( -22.00000000000000000, 0.000000000000000000, -7.700000000000000178 ) ) ;
#1432 = CARTESIAN_POINT ( 'NONE',  ( 77.00000000000000000, -37.00000000000000000, 67.50000000000000000 ) ) ;
#1433 = CARTESIAN_POINT ( 'NONE',  ( 95.00000000000000000, -3.000000000000000000, -0.000000000000000000 ) ) ;
#1434 = ORIENTED_EDGE ( 'NONE', *, *, #2663, .T. ) ;
#1435 = LINE ( 'NONE', #2675, #2704 ) ;
#1436 = VERTEX_POINT ( 'NONE', #902 ) ;
#1437 = ORIENTED_EDGE ( 'NONE', *, *, #1383, .F. ) ;
#1438 = CARTESIAN_POINT ( 'NONE',  ( 81.00000000000000000, -3.000000000000000000, -29.69999999999999929 ) ) ;
#1439 = FACE_OUTER_BOUND ( 'NONE', #1324, .T. ) ;
#1440 = CARTESIAN_POINT ( 'NONE',  ( 0.000000000000000000, -7.000000000000000000, -10.40000000000000036 ) ) ;
#1441 = EDGE_CURVE ( 'NONE', #398, #1965, #1868, .T. ) ;
#1442 = EDGE_CURVE ( 'NONE', #637, #2493, #2869, .T. ) ;
#1443 = LINE ( 'NONE', #2416, #823 ) ;
#1444 = FACE_OUTER_BOUND ( 'NONE', #538, .T. ) ;
#1445 = EDGE_CURVE ( 'NONE', #929, #1749, #1186, .T. ) ;
#1446 = AXIS2_PLACEMENT_3D ( 'NONE', #2418, #3140, #3125 ) ;
#1447 = CARTESIAN_POINT ( 'NONE',  ( -100.0000000000000000, -30.00000000000000000, -52.00000000000000000 ) ) ;
#1448 = ADVANCED_FACE ( 'NONE', ( #3123 ), #2650, .F. ) ;
#1449 = DIRECTION ( 'NONE',  ( 0.000000000000000000, 1.000000000000000000, 0.000000000000000000 ) ) ;
#1450 = VECTOR ( 'NONE', #1958, 1000.000000000000000 ) ;
#1451 = DIRECTION ( 'NONE',  ( 0.000000000000000000, 1.000000000000000000, 0.000000000000000000 ) ) ;
#1452 = ORIENTED_EDGE ( 'NONE', *, *, #306, .F. ) ;
#1453 = CARTESIAN_POINT ( 'NONE',  ( 0.000000000000000000, -3.000000000000000000, -7.700000000000000178 ) ) ;
#1454 = ORIENTED_EDGE ( 'NONE', *, *, #41, .T. ) ;
#1455 = CARTESIAN_POINT ( 'NONE',  ( -110.0000000000000000, 0.000000000000000000, 67.50000000000000000 ) ) ;
#1456 = LINE ( 'NONE', #682, #2995 ) ;
#1457 = DIRECTION ( 'NONE',  ( 0.000000000000000000, 0.000000000000000000, 1.000000000000000000 ) ) ;
#1458 = DIRECTION ( 'NONE',  ( 0.000000000000000000, 1.000000000000000000, 0.000000000000000000 ) ) ;
#1459 = DIRECTION ( 'NONE',  ( 1.000000000000000000, 0.000000000000000000, 0.000000000000000000 ) ) ;
#1460 = DIRECTION ( 'NONE',  ( 0.000000000000000000, -1.000000000000000000, 0.000000000000000000 ) ) ;
#1461 = VECTOR ( 'NONE', #2593, 1000.000000000000000 ) ;
#1462 = ORIENTED_EDGE ( 'NONE', *, *, #153, .F. ) ;
#1463 = DIRECTION ( 'NONE',  ( 0.000000000000000000, -0.000000000000000000, -1.000000000000000000 ) ) ;
#1464 = ORIENTED_EDGE ( 'NONE', *, *, #484, .F. ) ;
#1465 = CARTESIAN_POINT ( 'NONE',  ( -11.00000000000000000, -3.000000000000000000, 46.70000000000000284 ) ) ;
#1466 = AXIS2_PLACEMENT_3D ( 'NONE', #1184, #1172, #3121 ) ;
#1467 = ORIENTED_EDGE ( 'NONE', *, *, #1890, .F. ) ;
#1468 = VERTEX_POINT ( 'NONE', #1636 ) ;
#1469 = AXIS2_PLACEMENT_3D ( 'NONE', #1917, #948, #2431 ) ;
#1470 = CARTESIAN_POINT ( 'NONE',  ( 100.0000000000000000, -34.00000000000000000, -58.35000000000000853 ) ) ;
#1471 = AXIS2_PLACEMENT_3D ( 'NONE', #1924, #1419, #2398 ) ;
#1472 = DIRECTION ( 'NONE',  ( 0.000000000000000000, 0.000000000000000000, 1.000000000000000000 ) ) ;
#1473 = VECTOR ( 'NONE', #1101, 1000.000000000000000 ) ;
#1474 = ORIENTED_EDGE ( 'NONE', *, *, #70, .F. ) ;
#1475 = DIRECTION ( 'NONE',  ( 0.000000000000000000, 0.000000000000000000, -1.000000000000000000 ) ) ;
#1476 = CARTESIAN_POINT ( 'NONE',  ( -34.00000000000000000, 0.000000000000000000, -4.299999999999999822 ) ) ;
#1477 = ORGANIZATION ( '未指定', '未指定', '' ) ;
#1478 = EDGE_CURVE ( 'NONE', #331, #2715, #1566, .T. ) ;
#1479 = CARTESIAN_POINT ( 'NONE',  ( -100.0000000000000000, 0.000000000000000000, 57.00000000000000000 ) ) ;
#1480 = EDGE_CURVE ( 'NONE', #2559, #522, #905, .T. ) ;
#1481 = ORIENTED_EDGE ( 'NONE', *, *, #3044, .F. ) ;
#1482 = FACE_OUTER_BOUND ( 'NONE', #628, .T. ) ;
#1483 = EDGE_CURVE ( 'NONE', #1171, #237, #1092, .T. ) ;
#1484 = VERTEX_POINT ( 'NONE', #117 ) ;
#1485 = ORIENTED_EDGE ( 'NONE', *, *, #2948, .T. ) ;
#1486 = FACE_OUTER_BOUND ( 'NONE', #2803, .T. ) ;
#1487 = ORIENTED_EDGE ( 'NONE', *, *, #856, .F. ) ;
#1488 = DIRECTION ( 'NONE',  ( 0.000000000000000000, 1.000000000000000000, 0.000000000000000000 ) ) ;
#1489 = CARTESIAN_POINT ( 'NONE',  ( -12.00000000000000000, -37.00000000000000000, 67.50000000000000000 ) ) ;
#1490 = ORIENTED_EDGE ( 'NONE', *, *, #1641, .F. ) ;
#1491 = DATE_TIME_ROLE ( 'creation_date' ) ;
#1492 = PLANE ( 'NONE',  #1964 ) ;
#1493 = ORIENTED_EDGE ( 'NONE', *, *, #1853, .T. ) ;
#1494 = AXIS2_PLACEMENT_3D ( 'NONE', #854, #872, #1587 ) ;
#1495 = DIRECTION ( 'NONE',  ( 0.000000000000000000, 0.000000000000000000, -1.000000000000000000 ) ) ;
#1496 = ORIENTED_EDGE ( 'NONE', *, *, #496, .T. ) ;
#1497 = ORIENTED_EDGE ( 'NONE', *, *, #955, .F. ) ;
#1498 = DIRECTION ( 'NONE',  ( 0.000000000000000000, 1.000000000000000000, 0.000000000000000000 ) ) ;
#1499 = ORIENTED_EDGE ( 'NONE', *, *, #1842, .F. ) ;
#1500 = DIRECTION ( 'NONE',  ( -1.000000000000000000, 0.000000000000000000, -0.000000000000000000 ) ) ;
#1501 = LINE ( 'NONE', #2482, #1698 ) ;
#1502 = ORIENTED_EDGE ( 'NONE', *, *, #1445, .F. ) ;
#1503 = PERSON_AND_ORGANIZATION ( #2163, #1477 ) ;
#1504 = CARTESIAN_POINT ( 'NONE',  ( -68.00000000000000000, -3.000000000000000000, -0.000000000000000000 ) ) ;
#1505 = VECTOR ( 'NONE', #1522, 1000.000000000000000 ) ;
#1506 = VERTEX_POINT ( 'NONE', #3063 ) ;
#1507 = PLANE ( 'NONE',  #2548 ) ;
#1508 = ORIENTED_EDGE ( 'NONE', *, *, #215, .F. ) ;
#1509 = EDGE_LOOP ( 'NONE', ( #1630, #1813, #2215, #2841 ) ) ;
#1510 = CARTESIAN_POINT ( 'NONE',  ( 95.00000000000000000, -3.000000000000000000, -49.00000000000000000 ) ) ;
#1511 = ORIENTED_EDGE ( 'NONE', *, *, #1639, .F. ) ;
#1512 = EDGE_CURVE ( 'NONE', #2185, #694, #2358, .T. ) ;
#1513 = FACE_OUTER_BOUND ( 'NONE', #2382, .T. ) ;
#1514 = EDGE_CURVE ( 'NONE', #637, #694, #2093, .T. ) ;
#1515 = PLANE ( 'NONE',  #2314 ) ;
#1516 = AXIS2_PLACEMENT_3D ( 'NONE', #3132, #943, #1672 ) ;
#1517 = ADVANCED_FACE ( 'NONE', ( #2554 ), #165, .F. ) ;
#1518 = EDGE_LOOP ( 'NONE', ( #47, #1529, #3072, #372 ) ) ;
#1519 = CIRCLE ( 'NONE', #2028, 1.599999999999997202 ) ;
#1520 = CALENDAR_DATE ( 2026, 26, 7 ) ;
#1521 = EDGE_CURVE ( 'NONE', #777, #1436, #529, .T. ) ;
#1522 = DIRECTION ( 'NONE',  ( 1.000000000000000000, 0.000000000000000000, 0.000000000000000000 ) ) ;
#1523 = ORIENTED_EDGE ( 'NONE', *, *, #925, .F. ) ;
#1524 = FACE_OUTER_BOUND ( 'NONE', #414, .T. ) ;
#1525 = ORIENTED_EDGE ( 'NONE', *, *, #57, .F. ) ;
#1526 = CARTESIAN_POINT ( 'NONE',  ( 0.000000000000000000, -3.000000000000000000, -12.00000000000000000 ) ) ;
#1527 = LINE ( 'NONE', #108, #204 ) ;
#1528 = DIRECTION ( 'NONE',  ( -1.000000000000000000, 0.000000000000000000, -0.000000000000000000 ) ) ;
#1529 = ORIENTED_EDGE ( 'NONE', *, *, #2515, .T. ) ;
#1530 = CARTESIAN_POINT ( 'NONE',  ( -93.00000000000000000, -7.000000000000000000, -18.00000000000000000 ) ) ;
#1531 = CARTESIAN_POINT ( 'NONE',  ( 28.00000000000000000, -4.000000000000000000, -31.00000000000000000 ) ) ;
#1532 = EDGE_CURVE ( 'NONE', #172, #1749, #2606, .T. ) ;
#1533 = EDGE_CURVE ( 'NONE', #1808, #3087, #1191, .T. ) ;
#1534 = DATE_AND_TIME ( #1520, #866 ) ;
#1535 = EDGE_CURVE ( 'NONE', #1306, #1788, #386, .T. ) ;
#1536 = CARTESIAN_POINT ( 'NONE',  ( -93.00000000000000000, -7.000000000000000000, -63.00000000000000000 ) ) ;
#1537 = EDGE_CURVE ( 'NONE', #156, #2845, #2367, .T. ) ;
#1538 = VERTEX_POINT ( 'NONE', #1363 ) ;
#1539 = CYLINDRICAL_SURFACE ( 'NONE', #1726, 1.599999999999997202 ) ;
#1540 = EDGE_LOOP ( 'NONE', ( #2169, #1560, #801, #1388 ) ) ;
#1541 = DIRECTION ( 'NONE',  ( -0.000000000000000000, 0.000000000000000000, 1.000000000000000000 ) ) ;
#1542 = AXIS2_PLACEMENT_3D ( 'NONE', #2060, #2836, #3028 ) ;
#1543 = CARTESIAN_POINT ( 'NONE',  ( 69.00000000000000000, 0.000000000000000000, 46.70000000000000284 ) ) ;
#1544 = FACE_BOUND ( 'NONE', #59, .T. ) ;
#1545 = AXIS2_PLACEMENT_3D ( 'NONE', #1563, #367, #1091 ) ;
#1546 = ORIENTED_EDGE ( 'NONE', *, *, #1021, .T. ) ;
#1547 = DIRECTION ( 'NONE',  ( 0.000000000000000000, -1.000000000000000000, 0.000000000000000000 ) ) ;
#1548 = DIRECTION ( 'NONE',  ( -0.000000000000000000, 1.000000000000000000, -0.000000000000000000 ) ) ;
#1549 = DIRECTION ( 'NONE',  ( 0.000000000000000000, 1.000000000000000000, 0.000000000000000000 ) ) ;
#1550 = DIRECTION ( 'NONE',  ( 0.000000000000000000, -0.000000000000000000, 1.000000000000000000 ) ) ;
#1551 = EDGE_CURVE ( 'NONE', #143, #1782, #839, .T. ) ;
#1552 = ORIENTED_EDGE ( 'NONE', *, *, #2817, .T. ) ;
#1553 = CARTESIAN_POINT ( 'NONE',  ( -100.0000000000000000, 0.000000000000000000, 57.00000000000000000 ) ) ;
#1554 = ORIENTED_EDGE ( 'NONE', *, *, #1445, .T. ) ;
#1555 = VECTOR ( 'NONE', #535, 1000.000000000000000 ) ;
#1556 = ORIENTED_EDGE ( 'NONE', *, *, #750, .T. ) ;
#1557 = CARTESIAN_POINT ( 'NONE',  ( 0.000000000000000000, -3.000000000000000000, 46.70000000000000284 ) ) ;
#1558 = DIRECTION ( 'NONE',  ( -1.000000000000000000, 0.000000000000000000, 0.000000000000000000 ) ) ;
#1559 = FACE_BOUND ( 'NONE', #1423, .T. ) ;
#1560 = ORIENTED_EDGE ( 'NONE', *, *, #385, .T. ) ;
#1561 = VERTEX_POINT ( 'NONE', #404 ) ;
#1562 = DIRECTION ( 'NONE',  ( 0.000000000000000000, 0.000000000000000000, 1.000000000000000000 ) ) ;
#1563 = CARTESIAN_POINT ( 'NONE',  ( -48.00000000000000000, -7.000000000000000000, -63.00000000000000000 ) ) ;
#1564 = DIRECTION ( 'NONE',  ( 0.000000000000000000, 0.000000000000000000, 1.000000000000000000 ) ) ;
#1565 = VECTOR ( 'NONE', #1311, 1000.000000000000000 ) ;
#1566 = LINE ( 'NONE', #1111, #1724 ) ;
#1567 = VECTOR ( 'NONE', #2332, 1000.000000000000000 ) ;
#1568 = VECTOR ( 'NONE', #2360, 1000.000000000000000 ) ;
#1569 = DIRECTION ( 'NONE',  ( 0.000000000000000000, 0.000000000000000000, 1.000000000000000000 ) ) ;
#1570 = ORIENTED_EDGE ( 'NONE', *, *, #886, .T. ) ;
#1571 = FACE_OUTER_BOUND ( 'NONE', #2020, .T. ) ;
#1572 = CIRCLE ( 'NONE', #717, 1.350000000000004086 ) ;
#1573 = ORIENTED_EDGE ( 'NONE', *, *, #485, .F. ) ;
#1574 = APPROVAL ( #1020, '未指定' ) ;
#1575 = ADVANCED_FACE ( 'NONE', ( #1819 ), #2339, .T. ) ;
#1576 = ADVANCED_FACE ( 'NONE', ( #3076 ), #890, .T. ) ;
#1577 = PLANE ( 'NONE',  #906 ) ;
#1578 = CARTESIAN_POINT ( 'NONE',  ( -0.000000000000000000, -3.000000000000000000, 43.29999999999999716 ) ) ;
#1579 = ORIENTED_EDGE ( 'NONE', *, *, #2718, .F. ) ;
#1580 = CARTESIAN_POINT ( 'NONE',  ( 0.000000000000000000, -3.000000000000000000, -12.00000000000000000 ) ) ;
#1581 = ADVANCED_FACE ( 'NONE', ( #2326 ), #1080, .T. ) ;
#1582 = VERTEX_POINT ( 'NONE', #2112 ) ;
#1583 = EDGE_LOOP ( 'NONE', ( #1034, #2597, #1750, #1573 ) ) ;
#1584 = CARTESIAN_POINT ( 'NONE',  ( 81.00000000000000000, 0.000000000000000000, 43.29999999999999716 ) ) ;
#1585 = CARTESIAN_POINT ( 'NONE',  ( 77.00000000000000000, -37.00000000000000000, 67.50000000000000000 ) ) ;
#1586 = DIRECTION ( 'NONE',  ( 0.000000000000000000, 1.000000000000000000, 0.000000000000000000 ) ) ;
#1587 = DIRECTION ( 'NONE',  ( 0.000000000000000000, 0.000000000000000000, 1.000000000000000000 ) ) ;
#1588 = ORIENTED_EDGE ( 'NONE', *, *, #3007, .F. ) ;
#1589 = CARTESIAN_POINT ( 'NONE',  ( 100.0000000000000000, -30.00000000000000000, -62.00000000000000711 ) ) ;
#1590 = CYLINDRICAL_SURFACE ( 'NONE', #2945, 1.600000000000004086 ) ;
#1591 = ORIENTED_EDGE ( 'NONE', *, *, #779, .F. ) ;
#1592 = LINE ( 'NONE', #1578, #809 ) ;
#1593 = ORIENTED_EDGE ( 'NONE', *, *, #2244, .F. ) ;
#1594 = DIRECTION ( 'NONE',  ( 0.000000000000000000, 1.000000000000000000, 0.000000000000000000 ) ) ;
#1595 = ORIENTED_EDGE ( 'NONE', *, *, #1480, .T. ) ;
#1596 = EDGE_LOOP ( 'NONE', ( #1057, #1325 ) ) ;
#1597 = CARTESIAN_POINT ( 'NONE',  ( -100.0000000000000000, -30.00000000000000000, -62.00000000000000711 ) ) ;
#1598 = FACE_OUTER_BOUND ( 'NONE', #1258, .T. ) ;
#1599 = VECTOR ( 'NONE', #631, 1000.000000000000000 ) ;
#1600 = LINE ( 'NONE', #131, #2180 ) ;
#1601 = CARTESIAN_POINT ( 'NONE',  ( 107.0000000000000000, -37.00000000000000000, -64.50000000000000000 ) ) ;
#1602 = ORIENTED_EDGE ( 'NONE', *, *, #1113, .T. ) ;
#1603 = CARTESIAN_POINT ( 'NONE',  ( -100.0000000000000000, -30.00000000000000000, 52.00000000000000000 ) ) ;
#1604 = EDGE_LOOP ( 'NONE', ( #2761, #314, #2248, #1134 ) ) ;
#1605 = CARTESIAN_POINT ( 'NONE',  ( -48.00000000000000000, -7.000000000000000000, -16.40000000000000213 ) ) ;
#1606 = CARTESIAN_POINT ( 'NONE',  ( -100.0000000000000000, -30.00000000000000000, 57.00000000000000000 ) ) ;
#1607 = EDGE_LOOP ( 'NONE', ( #2488, #1405, #586, #802 ) ) ;
#1608 = FACE_BOUND ( 'NONE', #1106, .T. ) ;
#1609 = ORIENTED_EDGE ( 'NONE', *, *, #1076, .F. ) ;
#1610 = ORIENTED_EDGE ( 'NONE', *, *, #992, .T. ) ;
#1611 = CARTESIAN_POINT ( 'NONE',  ( 100.0000000000000000, -30.00000000000000000, -62.00000000000000711 ) ) ;
#1612 = DIRECTION ( 'NONE',  ( 0.000000000000000000, 0.000000000000000000, -1.000000000000000000 ) ) ;
#1613 = VECTOR ( 'NONE', #69, 1000.000000000000000 ) ;
#1614 = EDGE_CURVE ( 'NONE', #811, #3023, #990, .T. ) ;
#1615 = LINE ( 'NONE', #853, #2902 ) ;
#1616 = EDGE_CURVE ( 'NONE', #1893, #2802, #1800, .T. ) ;
#1617 = DIRECTION ( 'NONE',  ( 1.000000000000000000, 0.000000000000000000, 0.000000000000000000 ) ) ;
#1618 = AXIS2_PLACEMENT_3D ( 'NONE', #1815, #3038, #646 ) ;
#1619 = EDGE_CURVE ( 'NONE', #1538, #1796, #889, .T. ) ;
#1620 = AXIS2_PLACEMENT_3D ( 'NONE', #1683, #1458, #2619 ) ;
#1621 = AXIS2_PLACEMENT_3D ( 'NONE', #1781, #126, #2035 ) ;
#1622 = LINE ( 'NONE', #2346, #2708 ) ;
#1623 = VECTOR ( 'NONE', #638, 1000.000000000000000 ) ;
#1624 = VERTEX_POINT ( 'NONE', #746 ) ;
#1625 = DIRECTION ( 'NONE',  ( 0.000000000000000000, 0.000000000000000000, 1.000000000000000000 ) ) ;
#1626 = ORIENTED_EDGE ( 'NONE', *, *, #2529, .T. ) ;
#1627 = CARTESIAN_POINT ( 'NONE',  ( -11.00000000000000000, -3.000000000000000000, -0.000000000000000000 ) ) ;
#1628 = DIRECTION ( 'NONE',  ( -0.000000000000000000, -0.000000000000000000, 1.000000000000000000 ) ) ;
#1629 = EDGE_CURVE ( 'NONE', #1331, #1972, #224, .T. ) ;
#1630 = ORIENTED_EDGE ( 'NONE', *, *, #1967, .T. ) ;
#1631 = ORIENTED_EDGE ( 'NONE', *, *, #840, .T. ) ;
#1632 = LINE ( 'NONE', #2370, #1310 ) ;
#1633 = LINE ( 'NONE', #181, #2978 ) ;
#1634 = CARTESIAN_POINT ( 'NONE',  ( 69.00000000000000000, -4.000000000000000000, -26.30000000000000071 ) ) ;
#1635 = CARTESIAN_POINT ( 'NONE',  ( 18.00000000000000355, -37.00000000000000000, 67.50000000000000000 ) ) ;
#1636 = CARTESIAN_POINT ( 'NONE',  ( 110.0000000000000000, 0.000000000000000000, 67.50000000000000000 ) ) ;
#1637 = VECTOR ( 'NONE', #1175, 1000.000000000000000 ) ;
#1638 = EDGE_CURVE ( 'NONE', #645, #929, #2434, .T. ) ;
#1639 = EDGE_CURVE ( 'NONE', #1788, #2566, #455, .T. ) ;
#1640 = CARTESIAN_POINT ( 'NONE',  ( -100.0000000000000000, -2.999999999999999112, -57.00000000000000000 ) ) ;
#1641 = EDGE_CURVE ( 'NONE', #978, #2245, #218, .T. ) ;
#1642 = PLANE ( 'NONE',  #1411 ) ;
#1643 = ORIENTED_EDGE ( 'NONE', *, *, #113, .T. ) ;
#1644 = CARTESIAN_POINT ( 'NONE',  ( -100.0000000000000000, -30.00000000000000000, -57.00000000000000000 ) ) ;
#1645 = ORIENTED_EDGE ( 'NONE', *, *, #343, .F. ) ;
#1646 = VERTEX_POINT ( 'NONE', #715 ) ;
#1647 = CARTESIAN_POINT ( 'NONE',  ( -100.0000000000000000, -34.00000000000000000, -57.00000000000000000 ) ) ;
#1648 = DIRECTION ( 'NONE',  ( 1.000000000000000000, 0.000000000000000000, -0.000000000000000000 ) ) ;
#1649 = CARTESIAN_POINT ( 'NONE',  ( 81.00000000000000000, -3.000000000000000000, 0.000000000000000000 ) ) ;
#1650 = CARTESIAN_POINT ( 'NONE',  ( -100.0000000000000000, -30.00000000000000000, 57.00000000000000000 ) ) ;
#1651 = AXIS2_PLACEMENT_3D ( 'NONE', #671, #1349, #1871 ) ;
#1652 = CARTESIAN_POINT ( 'NONE',  ( -100.0000000000000000, 0.000000000000000000, 55.64999999999999858 ) ) ;
#1653 = CARTESIAN_POINT ( 'NONE',  ( -41.99999999999999289, -37.00000000000000000, 64.50000000000000000 ) ) ;
#1654 = EDGE_CURVE ( 'NONE', #545, #2079, #247, .T. ) ;
#1655 = DIRECTION ( 'NONE',  ( 0.000000000000000000, 1.000000000000000000, 0.000000000000000000 ) ) ;
#1656 = ADVANCED_FACE ( 'NONE', ( #1222 ), #7, .T. ) ;
#1657 = ORIENTED_EDGE ( 'NONE', *, *, #1480, .F. ) ;
#1658 = DIRECTION ( 'NONE',  ( 0.000000000000000000, -0.000000000000000000, 1.000000000000000000 ) ) ;
#1659 = EDGE_LOOP ( 'NONE', ( #2927, #2218, #110, #1829 ) ) ;
#1660 = ORIENTED_EDGE ( 'NONE', *, *, #1869, .T. ) ;
#1661 = DIRECTION ( 'NONE',  ( -1.000000000000000000, 0.000000000000000000, 0.000000000000000000 ) ) ;
#1662 = CARTESIAN_POINT ( 'NONE',  ( -78.00000000000000000, -37.00000000000000000, 67.50000000000000000 ) ) ;
#1663 = DIRECTION ( 'NONE',  ( -0.000000000000000000, 1.000000000000000000, -0.000000000000000000 ) ) ;
#1664 = VECTOR ( 'NONE', #2291, 1000.000000000000000 ) ;
#1665 = FACE_OUTER_BOUND ( 'NONE', #3120, .T. ) ;
#1666 = LINE ( 'NONE', #437, #2826 ) ;
#1667 = UNCERTAINTY_MEASURE_WITH_UNIT (LENGTH_MEASURE( 1.000000000000000082E-05 ), #1715, 'distance_accuracy_value', 'NONE');
#1668 = DIRECTION ( 'NONE',  ( 0.000000000000000000, 1.000000000000000000, 0.000000000000000000 ) ) ;
#1669 = VECTOR ( 'NONE', #2170, 1000.000000000000000 ) ;
#1670 = CARTESIAN_POINT ( 'NONE',  ( 100.0000000000000000, 0.000000000000000000, -55.64999999999999858 ) ) ;
#1671 = VERTEX_POINT ( 'NONE', #1431 ) ;
#1672 = DIRECTION ( 'NONE',  ( 0.000000000000000000, 0.000000000000000000, -1.000000000000000000 ) ) ;
#1673 = VECTOR ( 'NONE', #2746, 1000.000000000000000 ) ;
#1674 = ADVANCED_FACE ( 'NONE', ( #1686 ), #937, .T. ) ;
#1675 = ADVANCED_FACE ( 'NONE', ( #1161 ), #2128, .F. ) ;
#1676 = CIRCLE ( 'NONE', #1876, 1.600000000000004086 ) ;
#1677 = VERTEX_POINT ( 'NONE', #1652 ) ;
#1678 = EDGE_LOOP ( 'NONE', ( #2540, #3134, #1224, #287 ) ) ;
#1679 = DIRECTION ( 'NONE',  ( 0.000000000000000000, 0.000000000000000000, 1.000000000000000000 ) ) ;
#1680 = LINE ( 'NONE', #3153, #321 ) ;
#1681 = EDGE_CURVE ( 'NONE', #2068, #2866, #2389, .T. ) ;
#1682 = VECTOR ( 'NONE', #1935, 1000.000000000000000 ) ;
#1683 = CARTESIAN_POINT ( 'NONE',  ( 100.0000000000000000, 0.000000000000000000, 57.00000000000000000 ) ) ;
#1684 = EDGE_CURVE ( 'NONE', #739, #834, #1666, .T. ) ;
#1685 = CARTESIAN_POINT ( 'NONE',  ( 77.00000000000000000, -3.000000000000002665, 64.50000000000000000 ) ) ;
#1686 = FACE_OUTER_BOUND ( 'NONE', #2706, .T. ) ;
#1687 = DIRECTION ( 'NONE',  ( -1.000000000000000000, 0.000000000000000000, -0.000000000000000000 ) ) ;
#1688 = FACE_OUTER_BOUND ( 'NONE', #898, .T. ) ;
#1689 = ORIENTED_EDGE ( 'NONE', *, *, #3044, .T. ) ;
#1690 = CARTESIAN_POINT ( 'NONE',  ( -100.0000000000000000, -30.00000000000000000, 52.00000000000000000 ) ) ;
#1691 = ORIENTED_EDGE ( 'NONE', *, *, #2564, .T. ) ;
#1692 = ORIENTED_EDGE ( 'NONE', *, *, #1017, .F. ) ;
#1693 = LINE ( 'NONE', #465, #1971 ) ;
#1694 = CARTESIAN_POINT ( 'NONE',  ( 110.0000000000000000, 0.000000000000000000, 67.50000000000000000 ) ) ;
#1695 = CARTESIAN_POINT ( 'NONE',  ( 96.00000000000000000, -7.000000000000000000, 30.00000000000000000 ) ) ;
#1696 = DIRECTION ( 'NONE',  ( 0.000000000000000000, 1.000000000000000000, 0.000000000000000000 ) ) ;
#1697 = DIRECTION ( 'NONE',  ( 0.000000000000000000, 1.000000000000000000, 0.000000000000000000 ) ) ;
#1698 = VECTOR ( 'NONE', #2513, 1000.000000000000000 ) ;
#1699 = LINE ( 'NONE', #2116, #2397 ) ;
#1700 = VECTOR ( 'NONE', #2413, 1000.000000000000000 ) ;
#1701 = DIRECTION ( 'NONE',  ( -1.000000000000000000, -0.000000000000000000, -0.000000000000000000 ) ) ;
#1702 = ORIENTED_EDGE ( 'NONE', *, *, #219, .T. ) ;
#1703 = CARTESIAN_POINT ( 'NONE',  ( -12.00000000000000000, -37.00000000000000000, 64.50000000000000000 ) ) ;
#1704 = ORIENTED_EDGE ( 'NONE', *, *, #1711, .F. ) ;
#1705 = EDGE_LOOP ( 'NONE', ( #3058, #2088, #3037, #160 ) ) ;
#1706 = DIRECTION ( 'NONE',  ( 1.000000000000000000, 0.000000000000000000, 0.000000000000000000 ) ) ;
#1707 = CARTESIAN_POINT ( 'NONE',  ( 100.0000000000000000, -34.00000000000000000, 58.35000000000000853 ) ) ;
#1708 = ORIENTED_EDGE ( 'NONE', *, *, #2275, .F. ) ;
#1709 = CARTESIAN_POINT ( 'NONE',  ( -47.44322356371700522, -7.000000000000000000, -64.50000000000000000 ) ) ;
#1710 = DIRECTION ( 'NONE',  ( -0.000000000000000000, 0.000000000000000000, 1.000000000000000000 ) ) ;
#1711 = EDGE_CURVE ( 'NONE', #1714, #1856, #1188, .T. ) ;
#1712 = ADVANCED_FACE ( 'NONE', ( #1444 ), #2146, .T. ) ;
#1713 = AXIS2_PLACEMENT_3D ( 'NONE', #966, #1459, #699 ) ;
#1714 = VERTEX_POINT ( 'NONE', #2652 ) ;
#1715 =( LENGTH_UNIT ( ) NAMED_UNIT ( * ) SI_UNIT ( .MILLI., .METRE. ) );
#1716 = AXIS2_PLACEMENT_3D ( 'NONE', #2277, #2066, #107 ) ;
#1717 = ADVANCED_FACE ( 'NONE', ( #950 ), #1920, .T. ) ;
#1718 = CARTESIAN_POINT ( 'NONE',  ( 96.00000000000000000, -7.000000000000000000, -12.00000000000000000 ) ) ;
#1719 = ORIENTED_EDGE ( 'NONE', *, *, #1764, .T. ) ;
#1720 = DIRECTION ( 'NONE',  ( 1.000000000000000000, 0.000000000000000000, 0.000000000000000000 ) ) ;
#1721 = VECTOR ( 'NONE', #260, 1000.000000000000000 ) ;
#1722 = ORIENTED_EDGE ( 'NONE', *, *, #2755, .T. ) ;
#1723 = ORIENTED_EDGE ( 'NONE', *, *, #747, .T. ) ;
#1724 = VECTOR ( 'NONE', #149, 1000.000000000000000 ) ;
#1725 = PLANE ( 'NONE',  #1366 ) ;
#1726 = AXIS2_PLACEMENT_3D ( 'NONE', #2825, #1332, #858 ) ;
#1727 = ORIENTED_EDGE ( 'NONE', *, *, #388, .F. ) ;
#1728 = CARTESIAN_POINT ( 'NONE',  ( 69.00000000000000000, -4.000000000000000000, -26.30000000000000071 ) ) ;
#1729 = FACE_OUTER_BOUND ( 'NONE', #829, .T. ) ;
#1730 = DESIGN_CONTEXT ( 'detailed design', #2160, 'design' ) ;
#1731 = LINE ( 'NONE', #2906, #2894 ) ;
#1732 = EDGE_LOOP ( 'NONE', ( #119, #2981, #2633, #1610 ) ) ;
#1733 = LINE ( 'NONE', #537, #2748 ) ;
#1734 = EDGE_CURVE ( 'NONE', #1582, #1714, #1934, .T. ) ;
#1735 = ORIENTED_EDGE ( 'NONE', *, *, #688, .T. ) ;
#1736 = VERTEX_POINT ( 'NONE', #732 ) ;
#1737 = CARTESIAN_POINT ( 'NONE',  ( -80.00000000000000000, -4.000000000000000000, -7.700000000000000178 ) ) ;
#1738 = ORIENTED_EDGE ( 'NONE', *, *, #1684, .F. ) ;
#1739 = DIRECTION ( 'NONE',  ( -0.000000000000000000, 0.000000000000000000, 1.000000000000000000 ) ) ;
#1740 = DIRECTION ( 'NONE',  ( 0.000000000000000000, 0.000000000000000000, 1.000000000000000000 ) ) ;
#1741 = ORIENTED_EDGE ( 'NONE', *, *, #1638, .F. ) ;
#1742 = VECTOR ( 'NONE', #1710, 1000.000000000000000 ) ;
#1743 = FACE_BOUND ( 'NONE', #735, .T. ) ;
#1744 = ORIENTED_EDGE ( 'NONE', *, *, #821, .T. ) ;
#1745 = CIRCLE ( 'NONE', #1952, 5.000000000000004441 ) ;
#1746 = FACE_OUTER_BOUND ( 'NONE', #210, .T. ) ;
#1747 = EDGE_CURVE ( 'NONE', #2363, #2471, #2685, .T. ) ;
#1748 = EDGE_CURVE ( 'NONE', #2907, #2595, #999, .T. ) ;
#1749 = VERTEX_POINT ( 'NONE', #2253 ) ;
#1750 = ORIENTED_EDGE ( 'NONE', *, *, #1805, .T. ) ;
#1751 = CYLINDRICAL_SURFACE ( 'NONE', #2654, 5.000000000000004441 ) ;
#1752 = ORIENTED_EDGE ( 'NONE', *, *, #2587, .T. ) ;
#1753 = LINE ( 'NONE', #2713, #674 ) ;
#1754 = LINE ( 'NONE', #761, #425 ) ;
#1755 = PERSON_AND_ORGANIZATION ( #2163, #1477 ) ;
#1756 = LINE ( 'NONE', #2013, #1505 ) ;
#1757 = AXIS2_PLACEMENT_3D ( 'NONE', #2047, #3030, #3014 ) ;
#1758 = VERTEX_POINT ( 'NONE', #2947 ) ;
#1759 = CYLINDRICAL_SURFACE ( 'NONE', #342, 1.350000000000004086 ) ;
#1760 = ORIENTED_EDGE ( 'NONE', *, *, #3006, .F. ) ;
#1761 = ORIENTED_EDGE ( 'NONE', *, *, #3148, .F. ) ;
#1762 = VECTOR ( 'NONE', #1661, 1000.000000000000000 ) ;
#1763 = PLANE ( 'NONE',  #2903 ) ;
#1764 = EDGE_CURVE ( 'NONE', #151, #3023, #1754, .T. ) ;
#1765 = ADVANCED_FACE ( 'NONE', ( #278 ), #1515, .F. ) ;
#1766 = VECTOR ( 'NONE', #1304, 1000.000000000000000 ) ;
#1767 = ORIENTED_EDGE ( 'NONE', *, *, #2208, .T. ) ;
#1768 = CARTESIAN_POINT ( 'NONE',  ( -100.0000000000000000, -2.999999999999999112, -52.00000000000000000 ) ) ;
#1769 = ADVANCED_FACE ( 'NONE', ( #1031 ), #2500, .F. ) ;
#1770 = DIRECTION ( 'NONE',  ( 0.000000000000000000, 1.000000000000000000, 0.000000000000000000 ) ) ;
#1771 = AXIS2_PLACEMENT_3D ( 'NONE', #3049, #875, #1836 ) ;
#1772 = EDGE_CURVE ( 'NONE', #2089, #2676, #1396, .T. ) ;
#1773 = APPROVAL_STATUS ( 'not_yet_approved' ) ;
#1774 = LINE ( 'NONE', #1787, #3149 ) ;
#1775 = ORIENTED_EDGE ( 'NONE', *, *, #1772, .F. ) ;
#1776 = PLANE ( 'NONE',  #915 ) ;
#1777 = VERTEX_POINT ( 'NONE', #2758 ) ;
#1778 = CARTESIAN_POINT ( 'NONE',  ( -93.00000000000000000, -7.000000000000000000, -63.00000000000000000 ) ) ;
#1779 = ORIENTED_EDGE ( 'NONE', *, *, #1535, .F. ) ;
#1780 = LINE ( 'NONE', #2034, #503 ) ;
#1781 = CARTESIAN_POINT ( 'NONE',  ( 0.000000000000000000, -3.000000000000000000, 30.00000000000000000 ) ) ;
#1782 = VERTEX_POINT ( 'NONE', #1995 ) ;
#1783 = CARTESIAN_POINT ( 'NONE',  ( 107.0000000000000000, -3.000000000000000000, -64.50000000000000000 ) ) ;
#1784 = CARTESIAN_POINT ( 'NONE',  ( 0.000000000000000000, -7.000000000000000000, -12.00000000000000000 ) ) ;
#1785 = ADVANCED_FACE ( 'NONE', ( #1729 ), #776, .F. ) ;
#1786 = LINE ( 'NONE', #2771, #139 ) ;
#1787 = CARTESIAN_POINT ( 'NONE',  ( -0.000000000000000000, -3.000000000000000000, 64.50000000000000000 ) ) ;
#1788 = VERTEX_POINT ( 'NONE', #1489 ) ;
#1789 = CARTESIAN_POINT ( 'NONE',  ( 28.00000000000000000, -4.000000000000000000, -52.00000000000000000 ) ) ;
#1790 = EDGE_LOOP ( 'NONE', ( #2581, #2464, #1588, #2153 ) ) ;
#1791 = FACE_OUTER_BOUND ( 'NONE', #1032, .T. ) ;
#1792 = VECTOR ( 'NONE', #2266, 1000.000000000000000 ) ;
#1793 = DIRECTION ( 'NONE',  ( 0.000000000000000000, 0.000000000000000000, -1.000000000000000000 ) ) ;
#1794 = CARTESIAN_POINT ( 'NONE',  ( -22.00000000000000000, -4.000000000000000000, -4.299999999999999822 ) ) ;
#1795 = ORIENTED_EDGE ( 'NONE', *, *, #1945, .F. ) ;
#1796 = VERTEX_POINT ( 'NONE', #1981 ) ;
#1797 = DIRECTION ( 'NONE',  ( -0.000000000000000000, 1.000000000000000000, -0.000000000000000000 ) ) ;
#1798 = DIRECTION ( 'NONE',  ( 0.000000000000000000, 0.000000000000000000, 1.000000000000000000 ) ) ;
#1799 = DIRECTION ( 'NONE',  ( 0.000000000000000000, 0.000000000000000000, -1.000000000000000000 ) ) ;
#1800 = LINE ( 'NONE', #1889, #1338 ) ;
#1801 = CC_DESIGN_PERSON_AND_ORGANIZATION_ASSIGNMENT ( #102, #1293, ( #2447 ) ) ;
#1802 = ADVANCED_FACE ( 'NONE', ( #2011 ), #575, .T. ) ;
#1803 = CARTESIAN_POINT ( 'NONE',  ( 92.00000000000001421, -37.00000000000000000, 64.50000000000000000 ) ) ;
#1804 = ORIENTED_EDGE ( 'NONE', *, *, #257, .T. ) ;
#1805 = EDGE_CURVE ( 'NONE', #561, #2580, #2468, .T. ) ;
#1806 = CARTESIAN_POINT ( 'NONE',  ( 28.00000000000000000, -3.000000000000000000, -34.00000000000000000 ) ) ;
#1807 = AXIS2_PLACEMENT_3D ( 'NONE', #2980, #601, #1569 ) ;
#1808 = VERTEX_POINT ( 'NONE', #548 ) ;
#1809 = DIRECTION ( 'NONE',  ( -0.000000000000000000, 1.000000000000000000, -0.000000000000000000 ) ) ;
#1810 = DIRECTION ( 'NONE',  ( 0.000000000000000000, 1.000000000000000000, 0.000000000000000000 ) ) ;
#1811 = FACE_BOUND ( 'NONE', #642, .T. ) ;
#1812 = ORIENTED_EDGE ( 'NONE', *, *, #2423, .T. ) ;
#1813 = ORIENTED_EDGE ( 'NONE', *, *, #196, .T. ) ;
#1814 = ORIENTED_EDGE ( 'NONE', *, *, #1282, .T. ) ;
#1815 = CARTESIAN_POINT ( 'NONE',  ( -68.00000000000000000, -4.000000000000000000, -4.299999999999999822 ) ) ;
#1816 = CARTESIAN_POINT ( 'NONE',  ( 110.0000000000000000, -3.000000000000000000, -67.50000000000000000 ) ) ;
#1817 = VECTOR ( 'NONE', #2141, 1000.000000000000000 ) ;
#1818 = FACE_OUTER_BOUND ( 'NONE', #223, .T. ) ;
#1819 = FACE_OUTER_BOUND ( 'NONE', #1197, .T. ) ;
#1820 = VECTOR ( 'NONE', #679, 1000.000000000000000 ) ;
#1821 = AXIS2_PLACEMENT_3D ( 'NONE', #1192, #390, #2113 ) ;
#1822 = ORIENTED_EDGE ( 'NONE', *, *, #1843, .F. ) ;
#1823 = DIRECTION ( 'NONE',  ( 0.000000000000000000, 0.000000000000000000, 1.000000000000000000 ) ) ;
#1824 = LOCAL_TIME ( 16, 48, 2.000000000000000000, #1313 ) ;
#1825 = CARTESIAN_POINT ( 'NONE',  ( 18.00000000000000355, -37.00000000000000000, 67.50000000000000000 ) ) ;
#1826 = CARTESIAN_POINT ( 'NONE',  ( 0.000000000000000000, -7.000000000000000000, -12.00000000000000000 ) ) ;
#1827 = ORIENTED_EDGE ( 'NONE', *, *, #728, .F. ) ;
#1828 = FACE_OUTER_BOUND ( 'NONE', #942, .T. ) ;
#1829 = ORIENTED_EDGE ( 'NONE', *, *, #2123, .F. ) ;
#1830 = ORIENTED_EDGE ( 'NONE', *, *, #311, .F. ) ;
#1831 = FACE_OUTER_BOUND ( 'NONE', #1954, .T. ) ;
#1832 = DIRECTION ( 'NONE',  ( -0.000000000000000000, 0.000000000000000000, 1.000000000000000000 ) ) ;
#1833 = DIRECTION ( 'NONE',  ( 0.000000000000000000, 0.000000000000000000, 1.000000000000000000 ) ) ;
#1834 = DIRECTION ( 'NONE',  ( 0.000000000000000000, 1.000000000000000000, 0.000000000000000000 ) ) ;
#1835 = VERTEX_POINT ( 'NONE', #305 ) ;
#1836 = DIRECTION ( 'NONE',  ( 0.000000000000000000, 0.000000000000000000, 1.000000000000000000 ) ) ;
#1837 = ORIENTED_EDGE ( 'NONE', *, *, #2539, .T. ) ;
#1838 = CARTESIAN_POINT ( 'NONE',  ( 100.0000000000000000, -30.00000000000000000, -57.00000000000000000 ) ) ;
#1839 = CARTESIAN_POINT ( 'NONE',  ( -110.0000000000000000, -37.00000000000000000, -64.50000000000000000 ) ) ;
#1840 = EDGE_LOOP ( 'NONE', ( #1246, #1154 ) ) ;
#1841 = PLANE ( 'NONE',  #2604 ) ;
#1842 = EDGE_CURVE ( 'NONE', #2829, #756, #1902, .T. ) ;
#1843 = EDGE_CURVE ( 'NONE', #1835, #2428, #1501, .T. ) ;
#1844 = AXIS2_PLACEMENT_3D ( 'NONE', #792, #320, #2727 ) ;
#1845 = ORIENTED_EDGE ( 'NONE', *, *, #1943, .F. ) ;
#1846 = ORIENTED_EDGE ( 'NONE', *, *, #2274, .T. ) ;
#1847 = DIRECTION ( 'NONE',  ( 0.000000000000000000, 0.000000000000000000, 1.000000000000000000 ) ) ;
#1848 = DIRECTION ( 'NONE',  ( 0.000000000000000000, 0.000000000000000000, -1.000000000000000000 ) ) ;
#1849 = ADVANCED_FACE ( 'NONE', ( #1013 ), #1043, .T. ) ;
#1850 = CIRCLE ( 'NONE', #1289, 1.350000000000004086 ) ;
#1851 = CARTESIAN_POINT ( 'NONE',  ( 18.00000000000000355, -3.000000000000002665, 64.50000000000000000 ) ) ;
#1852 = CARTESIAN_POINT ( 'NONE',  ( -41.99999999999999289, -37.00000000000000000, 67.50000000000000000 ) ) ;
#1853 = EDGE_CURVE ( 'NONE', #1972, #1331, #2311, .T. ) ;
#1854 = FACE_OUTER_BOUND ( 'NONE', #2071, .T. ) ;
#1855 = CARTESIAN_POINT ( 'NONE',  ( -48.00000000000000000, -7.000000000000000000, -18.00000000000000000 ) ) ;
#1856 = VERTEX_POINT ( 'NONE', #1059 ) ;
#1857 = FACE_OUTER_BOUND ( 'NONE', #3150, .T. ) ;
#1858 = ORIENTED_EDGE ( 'NONE', *, *, #543, .F. ) ;
#1859 = DIRECTION ( 'NONE',  ( 1.000000000000000000, 0.000000000000000000, -0.000000000000000000 ) ) ;
#1860 = AXIS2_PLACEMENT_3D ( 'NONE', #657, #2395, #1625 ) ;
#1861 = VERTEX_POINT ( 'NONE', #2027 ) ;
#1862 = EDGE_LOOP ( 'NONE', ( #2940, #1275 ) ) ;
#1863 = CARTESIAN_POINT ( 'NONE',  ( -100.0000000000000000, -30.00000000000000000, -55.64999999999999858 ) ) ;
#1864 = ADVANCED_FACE ( 'NONE', ( #822 ), #2769, .F. ) ;
#1865 = DIRECTION ( 'NONE',  ( 1.000000000000000000, 0.000000000000000000, 0.000000000000000000 ) ) ;
#1866 = ADVANCED_FACE ( 'NONE', ( #25 ), #333, .T. ) ;
#1867 = VECTOR ( 'NONE', #1809, 1000.000000000000000 ) ;
#1868 = LINE ( 'NONE', #669, #912 ) ;
#1869 = EDGE_CURVE ( 'NONE', #2117, #545, #901, .T. ) ;
#1870 = DIRECTION ( 'NONE',  ( 0.000000000000000000, 0.000000000000000000, -1.000000000000000000 ) ) ;
#1871 = DIRECTION ( 'NONE',  ( 0.000000000000000000, -0.000000000000000000, -1.000000000000000000 ) ) ;
#1872 = VECTOR ( 'NONE', #1564, 1000.000000000000000 ) ;
#1873 = ADVANCED_FACE ( 'NONE', ( #2821 ), #2058, .F. ) ;
#1874 = CIRCLE ( 'NONE', #1516, 1.600000000000000755 ) ;
#1875 = CARTESIAN_POINT ( 'NONE',  ( -100.0000000000000000, -30.00000000000000000, 55.64999999999999858 ) ) ;
#1876 = AXIS2_PLACEMENT_3D ( 'NONE', #1398, #1382, #655 ) ;
#1877 = FACE_BOUND ( 'NONE', #2511, .T. ) ;
#1878 = ORIENTED_EDGE ( 'NONE', *, *, #2686, .F. ) ;
#1879 = LINE ( 'NONE', #1627, #2347 ) ;
#1880 = AXIS2_PLACEMENT_3D ( 'NONE', #1606, #1387, #2364 ) ;
#1881 = CARTESIAN_POINT ( 'NONE',  ( 92.00000000000001421, -3.000000000000000000, 64.50000000000000000 ) ) ;
#1882 = ORIENTED_EDGE ( 'NONE', *, *, #3127, .F. ) ;
#1883 = ORIENTED_EDGE ( 'NONE', *, *, #992, .F. ) ;
#1884 = DIRECTION ( 'NONE',  ( -1.000000000000000000, -0.000000000000000000, -0.000000000000000000 ) ) ;
#1885 = EDGE_CURVE ( 'NONE', #2641, #2455, #1950, .T. ) ;
#1886 = DIRECTION ( 'NONE',  ( 0.000000000000000000, 0.000000000000000000, -1.000000000000000000 ) ) ;
#1887 = DIRECTION ( 'NONE',  ( -1.000000000000000000, 0.000000000000000000, 0.000000000000000000 ) ) ;
#1888 = FACE_OUTER_BOUND ( 'NONE', #2763, .T. ) ;
#1889 = CARTESIAN_POINT ( 'NONE',  ( -110.0000000000000000, -3.000000000000000000, 67.50000000000000000 ) ) ;
#1890 = EDGE_CURVE ( 'NONE', #2985, #1065, #2602, .T. ) ;
#1891 = LINE ( 'NONE', #2859, #968 ) ;
#1892 = CARTESIAN_POINT ( 'NONE',  ( 0.000000000000000000, -7.000000000000000000, 31.59999999999999787 ) ) ;
#1893 = VERTEX_POINT ( 'NONE', #1309 ) ;
#1894 = ORIENTED_EDGE ( 'NONE', *, *, #1805, .F. ) ;
#1895 = FACE_OUTER_BOUND ( 'NONE', #2739, .T. ) ;
#1896 = ORIENTED_EDGE ( 'NONE', *, *, #1427, .T. ) ;
#1897 = ORIENTED_EDGE ( 'NONE', *, *, #3126, .F. ) ;
#1898 = LINE ( 'NONE', #1407, #448 ) ;
#1899 = DIRECTION ( 'NONE',  ( 1.000000000000000000, 0.000000000000000000, 0.000000000000000000 ) ) ;
#1900 = FACE_OUTER_BOUND ( 'NONE', #513, .T. ) ;
#1901 = DIRECTION ( 'NONE',  ( 1.000000000000000000, 0.000000000000000000, 0.000000000000000000 ) ) ;
#1902 = CIRCLE ( 'NONE', #2255, 5.000000000000004441 ) ;
#1903 = DIRECTION ( 'NONE',  ( 0.000000000000000000, -0.000000000000000000, -1.000000000000000000 ) ) ;
#1904 = CC_DESIGN_PERSON_AND_ORGANIZATION_ASSIGNMENT ( #1251, #2485, ( #2447 ) ) ;
#1905 = LINE ( 'NONE', #2904, #1568 ) ;
#1906 = ADVANCED_FACE ( 'NONE', ( #2108 ), #1327, .T. ) ;
#1907 = EDGE_CURVE ( 'NONE', #412, #151, #891, .T. ) ;
#1908 = FACE_OUTER_BOUND ( 'NONE', #86, .T. ) ;
#1909 = ADVANCED_FACE ( 'NONE', ( #1598 ), #3089, .F. ) ;
#1910 = ORIENTED_EDGE ( 'NONE', *, *, #2361, .T. ) ;
#1911 = CARTESIAN_POINT ( 'NONE',  ( 0.000000000000000000, -7.000000000000000000, 31.59999999999999787 ) ) ;
#1912 = ORIENTED_EDGE ( 'NONE', *, *, #1205, .F. ) ;
#1913 = VERTEX_POINT ( 'NONE', #616 ) ;
#1914 = CARTESIAN_POINT ( 'NONE',  ( 92.00000000000001421, -37.00000000000000000, 64.50000000000000000 ) ) ;
#1915 = LINE ( 'NONE', #2124, #738 ) ;
#1916 = APPLICATION_CONTEXT ( 'configuration controlled 3d designs of mechanical parts and assemblies' ) ;
#1917 = CARTESIAN_POINT ( 'NONE',  ( 0.000000000000000000, -7.000000000000000000, 30.00000000000000000 ) ) ;
#1918 = VECTOR ( 'NONE', #1999, 1000.000000000000000 ) ;
#1919 = DIRECTION ( 'NONE',  ( 0.000000000000000000, 1.000000000000000000, 0.000000000000000000 ) ) ;
#1920 = PLANE ( 'NONE',  #67 ) ;
#1921 = CARTESIAN_POINT ( 'NONE',  ( 100.0000000000000000, -2.999999999999999112, -57.00000000000000000 ) ) ;
#1922 = DIRECTION ( 'NONE',  ( 0.000000000000000000, -0.000000000000000000, -1.000000000000000000 ) ) ;
#1923 = ORIENTED_EDGE ( 'NONE', *, *, #2061, .T. ) ;
#1924 = CARTESIAN_POINT ( 'NONE',  ( -100.0000000000000000, -34.00000000000000000, -57.00000000000000000 ) ) ;
#1925 = VECTOR ( 'NONE', #753, 1000.000000000000000 ) ;
#1926 = VECTOR ( 'NONE', #1071, 1000.000000000000000 ) ;
#1927 = ORIENTED_EDGE ( 'NONE', *, *, #2084, .T. ) ;
#1928 = VERTEX_POINT ( 'NONE', #1585 ) ;
#1929 = CARTESIAN_POINT ( 'NONE',  ( -100.0000000000000000, -30.00000000000000000, -58.35000000000000853 ) ) ;
#1930 = CARTESIAN_POINT ( 'NONE',  ( -47.44322356371700522, -7.000000000000000000, -64.50000000000000000 ) ) ;
#1931 = CC_DESIGN_APPROVAL ( #252, ( #819 ) ) ;
#1932 = DIRECTION ( 'NONE',  ( 0.000000000000000000, 1.000000000000000000, 0.000000000000000000 ) ) ;
#1933 = LINE ( 'NONE', #2145, #2666 ) ;
#1934 = LINE ( 'NONE', #2901, #938 ) ;
#1935 = DIRECTION ( 'NONE',  ( 0.000000000000000000, 0.000000000000000000, 1.000000000000000000 ) ) ;
#1936 = PLANE ( 'NONE',  #146 ) ;
#1937 = LINE ( 'NONE', #734, #2695 ) ;
#1938 = VERTEX_POINT ( 'NONE', #1108 ) ;
#1939 = LINE ( 'NONE', #991, #1925 ) ;
#1940 = ORIENTED_EDGE ( 'NONE', *, *, #859, .T. ) ;
#1941 = ORIENTED_EDGE ( 'NONE', *, *, #780, .F. ) ;
#1942 = DIRECTION ( 'NONE',  ( 1.000000000000000000, -0.000000000000000000, 0.000000000000000000 ) ) ;
#1943 = EDGE_CURVE ( 'NONE', #2977, #2185, #2304, .T. ) ;
#1944 = PLANE ( 'NONE',  #1193 ) ;
#1945 = EDGE_CURVE ( 'NONE', #1036, #283, #1344, .T. ) ;
#1946 = EDGE_LOOP ( 'NONE', ( #2776, #138, #2865, #1464 ) ) ;
#1947 = FACE_OUTER_BOUND ( 'NONE', #3064, .T. ) ;
#1948 = EDGE_CURVE ( 'NONE', #2580, #561, #1745, .T. ) ;
#1949 = CARTESIAN_POINT ( 'NONE',  ( 1.000000000000000000, -3.000000000000000000, 0.000000000000000000 ) ) ;
#1950 = CIRCLE ( 'NONE', #2161, 1.600000000000004086 ) ;
#1951 = APPLICATION_PROTOCOL_DEFINITION ( 'international standard', 'config_control_design', 1994, #1916 ) ;
#1952 = AXIS2_PLACEMENT_3D ( 'NONE', #3074, #1128, #2322 ) ;
#1953 = FACE_BOUND ( 'NONE', #1596, .T. ) ;
#1954 = EDGE_LOOP ( 'NONE', ( #527, #3050, #3117, #72 ) ) ;
#1955 = CARTESIAN_POINT ( 'NONE',  ( 42.00000000000000000, 0.000000000000000000, 46.70000000000000284 ) ) ;
#1956 = ORIENTED_EDGE ( 'NONE', *, *, #71, .T. ) ;
#1957 = ORIENTED_EDGE ( 'NONE', *, *, #155, .T. ) ;
#1958 = DIRECTION ( 'NONE',  ( -0.000000000000000000, 1.000000000000000000, -0.000000000000000000 ) ) ;
#1959 = VERTEX_POINT ( 'NONE', #2091 ) ;
#1960 = ADVANCED_FACE ( 'NONE', ( #130 ), #2042, .T. ) ;
#1961 = FACE_OUTER_BOUND ( 'NONE', #707, .T. ) ;
#1962 = DIRECTION ( 'NONE',  ( -0.000000000000000000, 0.000000000000000000, 1.000000000000000000 ) ) ;
#1963 = EDGE_CURVE ( 'NONE', #2312, #1624, #648, .T. ) ;
#1964 = AXIS2_PLACEMENT_3D ( 'NONE', #1718, #280, #2198 ) ;
#1965 = VERTEX_POINT ( 'NONE', #1360 ) ;
#1966 = DATE_AND_TIME ( #336, #1428 ) ;
#1967 = EDGE_CURVE ( 'NONE', #1624, #2645, #1140, .T. ) ;
#1968 = LINE ( 'NONE', #1504, #3045 ) ;
#1969 = ORIENTED_EDGE ( 'NONE', *, *, #1278, .T. ) ;
#1970 = CARTESIAN_POINT ( 'NONE',  ( 96.00000000000000000, -3.000000000000000000, 30.00000000000000000 ) ) ;
#1971 = VECTOR ( 'NONE', #725, 1000.000000000000000 ) ;
#1972 = VERTEX_POINT ( 'NONE', #2552 ) ;
#1973 = ORIENTED_EDGE ( 'NONE', *, *, #1206, .T. ) ;
#1974 = VECTOR ( 'NONE', #2194, 1000.000000000000000 ) ;
#1975 = VECTOR ( 'NONE', #2782, 1000.000000000000000 ) ;
#1976 = PLANE ( 'NONE',  #1062 ) ;
#1977 = AXIS2_PLACEMENT_3D ( 'NONE', #3052, #1085, #3068 ) ;
#1978 = EDGE_CURVE ( 'NONE', #331, #2977, #2356, .T. ) ;
#1979 = VERTEX_POINT ( 'NONE', #1077 ) ;
#1980 = FACE_OUTER_BOUND ( 'NONE', #1418, .T. ) ;
#1981 = CARTESIAN_POINT ( 'NONE',  ( 96.00000000000000000, -3.000000000000000000, 28.39999999999999503 ) ) ;
#1982 = VECTOR ( 'NONE', #1203, 1000.000000000000000 ) ;
#1983 = ORIENTED_EDGE ( 'NONE', *, *, #2919, .F. ) ;
#1984 = ADVANCED_FACE ( 'NONE', ( #836 ), #114, .T. ) ;
#1985 = EDGE_CURVE ( 'NONE', #1788, #1893, #1156, .T. ) ;
#1986 = DIRECTION ( 'NONE',  ( -0.000000000000000000, 0.000000000000000000, 1.000000000000000000 ) ) ;
#1987 = ORIENTED_EDGE ( 'NONE', *, *, #2004, .F. ) ;
#1988 = DIRECTION ( 'NONE',  ( -0.000000000000000000, 1.000000000000000000, -0.000000000000000000 ) ) ;
#1989 = ORIENTED_EDGE ( 'NONE', *, *, #1048, .F. ) ;
#1990 = VERTEX_POINT ( 'NONE', #2402 ) ;
#1991 = ORIENTED_EDGE ( 'NONE', *, *, #2084, .F. ) ;
#1992 = DIRECTION ( 'NONE',  ( -1.000000000000000000, 0.000000000000000000, -0.000000000000000000 ) ) ;
#1993 = ORIENTED_EDGE ( 'NONE', *, *, #728, .T. ) ;
#1994 = CARTESIAN_POINT ( 'NONE',  ( 30.00000000000000000, -4.000000000000000000, 46.70000000000000284 ) ) ;
#1995 = CARTESIAN_POINT ( 'NONE',  ( 95.00000000000000000, -3.000000000000000000, -52.00000000000000000 ) ) ;
#1996 = ORIENTED_EDGE ( 'NONE', *, *, #1021, .F. ) ;
#1997 = AXIS2_PLACEMENT_3D ( 'NONE', #2588, #634, #2307 ) ;
#1998 = APPROVAL ( #1773, '未指定' ) ;
#1999 = DIRECTION ( 'NONE',  ( 1.000000000000000000, 0.000000000000000000, 0.000000000000000000 ) ) ;
#2000 = ADVANCED_FACE ( 'NONE', ( #1439 ), #1218, .T. ) ;
#2001 = EDGE_CURVE ( 'NONE', #639, #811, #2635, .T. ) ;
#2002 = EDGE_LOOP ( 'NONE', ( #989, #2369, #431, #917 ) ) ;
#2003 = DIRECTION ( 'NONE',  ( -1.000000000000000000, 0.000000000000000000, 0.000000000000000000 ) ) ;
#2004 = EDGE_CURVE ( 'NONE', #1468, #1065, #3137, .T. ) ;
#2005 = ORIENTED_EDGE ( 'NONE', *, *, #1945, .T. ) ;
#2006 = ORIENTED_EDGE ( 'NONE', *, *, #1299, .F. ) ;
#2007 = FACE_OUTER_BOUND ( 'NONE', #1367, .T. ) ;
#2008 = EDGE_CURVE ( 'NONE', #1301, #2689, #3122, .T. ) ;
#2009 = EDGE_LOOP ( 'NONE', ( #1660, #1097, #1229, #993 ) ) ;
#2010 = DIRECTION ( 'NONE',  ( -0.000000000000000000, 1.000000000000000000, -0.000000000000000000 ) ) ;
#2011 = FACE_OUTER_BOUND ( 'NONE', #2784, .T. ) ;
#2012 = SECURITY_CLASSIFICATION_LEVEL ( 'unclassified' ) ;
#2013 = CARTESIAN_POINT ( 'NONE',  ( 30.00000000000000000, 0.000000000000000000, 46.70000000000000284 ) ) ;
#2014 = CIRCLE ( 'NONE', #1860, 1.350000000000004086 ) ;
#2015 = EDGE_LOOP ( 'NONE', ( #1846, #2467, #2492, #2 ) ) ;
#2016 = CARTESIAN_POINT ( 'NONE',  ( 107.0000000000000000, -37.00000000000000000, 67.50000000000000000 ) ) ;
#2017 = ORIENTED_EDGE ( 'NONE', *, *, #627, .F. ) ;
#2018 = VERTEX_POINT ( 'NONE', #2679 ) ;
#2019 = LINE ( 'NONE', #1070, #2649 ) ;
#2020 = EDGE_LOOP ( 'NONE', ( #1145, #1987, #1983, #1722 ) ) ;
#2021 = DIRECTION ( 'NONE',  ( -1.000000000000000000, 0.000000000000000000, 0.000000000000000000 ) ) ;
#2022 = AXIS2_PLACEMENT_3D ( 'NONE', #1647, #2384, #433 ) ;
#2023 = DIRECTION ( 'NONE',  ( 0.000000000000000000, 0.000000000000000000, -1.000000000000000000 ) ) ;
#2024 = CIRCLE ( 'NONE', #762, 1.600000000000004086 ) ;
#2025 = VERTEX_POINT ( 'NONE', #934 ) ;
#2026 = CARTESIAN_POINT ( 'NONE',  ( -47.44322356371700522, -3.000000000000000000, -64.50000000000000000 ) ) ;
#2027 = CARTESIAN_POINT ( 'NONE',  ( -34.00000000000000000, -3.000000000000000000, -7.700000000000000178 ) ) ;
#2028 = AXIS2_PLACEMENT_3D ( 'NONE', #3032, #1297, #3065 ) ;
#2029 = CARTESIAN_POINT ( 'NONE',  ( -41.99999999999999289, -37.00000000000000000, 64.50000000000000000 ) ) ;
#2030 = ORIENTED_EDGE ( 'NONE', *, *, #2460, .T. ) ;
#2031 = DIRECTION ( 'NONE',  ( -1.000000000000000000, 0.000000000000000000, 0.000000000000000000 ) ) ;
#2032 = ORIENTED_EDGE ( 'NONE', *, *, #767, .F. ) ;
#2033 = DIRECTION ( 'NONE',  ( 0.000000000000000000, 0.000000000000000000, 1.000000000000000000 ) ) ;
#2034 = CARTESIAN_POINT ( 'NONE',  ( 77.00000000000000000, -37.00000000000000000, 64.50000000000000000 ) ) ;
#2035 = DIRECTION ( 'NONE',  ( 0.000000000000000000, 0.000000000000000000, -1.000000000000000000 ) ) ;
#2036 = AXIS2_PLACEMENT_3D ( 'NONE', #1530, #2512, #319 ) ;
#2037 = ORIENTED_EDGE ( 'NONE', *, *, #24, .F. ) ;
#2038 = ORIENTED_EDGE ( 'NONE', *, *, #1614, .F. ) ;
#2039 = EDGE_CURVE ( 'NONE', #292, #1271, #1850, .T. ) ;
#2040 = LINE ( 'NONE', #1139, #961 ) ;
#2041 = EDGE_CURVE ( 'NONE', #2977, #2866, #683, .T. ) ;
#2042 = CYLINDRICAL_SURFACE ( 'NONE', #1040, 1.600000000000004086 ) ;
#2043 = CYLINDRICAL_SURFACE ( 'NONE', #2603, 1.599999999999997202 ) ;
#2044 = EDGE_CURVE ( 'NONE', #2202, #2120, #2142, .T. ) ;
#2045 = CARTESIAN_POINT ( 'NONE',  ( 96.00000000000000000, -7.000000000000000000, -12.00000000000000000 ) ) ;
#2046 = EDGE_CURVE ( 'NONE', #492, #2710, #230, .T. ) ;
#2047 = CARTESIAN_POINT ( 'NONE',  ( 100.0000000000000000, -30.00000000000000000, -57.00000000000000000 ) ) ;
#2048 = VERTEX_POINT ( 'NONE', #711 ) ;
#2049 = CARTESIAN_POINT ( 'NONE',  ( 100.0000000000000000, -30.00000000000000000, -58.35000000000000853 ) ) ;
#2050 = CARTESIAN_POINT ( 'NONE',  ( 100.0000000000000000, -30.00000000000000000, -52.00000000000000000 ) ) ;
#2051 = AXIS2_PLACEMENT_3D ( 'NONE', #1277, #518, #1962 ) ;
#2052 = DIRECTION ( 'NONE',  ( 1.000000000000000000, 0.000000000000000000, 0.000000000000000000 ) ) ;
#2053 = LINE ( 'NONE', #625, #2850 ) ;
#2054 = EDGE_LOOP ( 'NONE', ( #1233, #2961, #1102, #592 ) ) ;
#2055 = EDGE_LOOP ( 'NONE', ( #1236, #1499 ) ) ;
#2056 = ORIENTED_EDGE ( 'NONE', *, *, #3148, .T. ) ;
#2057 = DIRECTION ( 'NONE',  ( 0.000000000000000000, 1.000000000000000000, 0.000000000000000000 ) ) ;
#2058 = PLANE ( 'NONE',  #167 ) ;
#2059 = CARTESIAN_POINT ( 'NONE',  ( 30.00000000000000000, 0.000000000000000000, 46.70000000000000284 ) ) ;
#2060 = CARTESIAN_POINT ( 'NONE',  ( -100.0000000000000000, -30.00000000000000000, -57.00000000000000000 ) ) ;
#2061 = EDGE_CURVE ( 'NONE', #2120, #624, #1915, .T. ) ;
#2062 = ORIENTED_EDGE ( 'NONE', *, *, #1295, .F. ) ;
#2063 = PLANE ( 'NONE',  #3004 ) ;
#2064 = EDGE_LOOP ( 'NONE', ( #1115, #12, #1511, #1779 ) ) ;
#2065 = CIRCLE ( 'NONE', #1757, 5.000000000000004441 ) ;
#2066 = DIRECTION ( 'NONE',  ( 0.000000000000000000, -1.000000000000000000, 0.000000000000000000 ) ) ;
#2067 = LINE ( 'NONE', #3003, #2958 ) ;
#2068 = VERTEX_POINT ( 'NONE', #963 ) ;
#2069 = FACE_OUTER_BOUND ( 'NONE', #2327, .T. ) ;
#2070 = ORIENTED_EDGE ( 'NONE', *, *, #1985, .T. ) ;
#2071 = EDGE_LOOP ( 'NONE', ( #1691, #303, #2988, #1508 ) ) ;
#2072 = CARTESIAN_POINT ( 'NONE',  ( 96.00000000000000000, -7.000000000000000000, -10.39999999999999680 ) ) ;
#2073 = DIRECTION ( 'NONE',  ( 1.000000000000000000, -0.000000000000000000, 0.000000000000000000 ) ) ;
#2074 = VECTOR ( 'NONE', #144, 1000.000000000000000 ) ;
#2075 = LINE ( 'NONE', #384, #3102 ) ;
#2076 = CARTESIAN_POINT ( 'NONE',  ( -48.00000000000000000, -3.000000000000000000, -63.00000000000000000 ) ) ;
#2077 = CIRCLE ( 'NONE', #1169, 1.350000000000004086 ) ;
#2078 = EDGE_CURVE ( 'NONE', #1835, #2236, #1680, .T. ) ;
#2079 = VERTEX_POINT ( 'NONE', #466 ) ;
#2080 = FACE_OUTER_BOUND ( 'NONE', #2960, .T. ) ;
#2081 = ADVANCED_FACE ( 'NONE', ( #980 ), #2171, .T. ) ;
#2082 = CIRCLE ( 'NONE', #668, 5.000000000000004441 ) ;
#2083 = CARTESIAN_POINT ( 'NONE',  ( -48.00000000000000000, -7.000000000000000000, -61.40000000000000568 ) ) ;
#2084 = EDGE_CURVE ( 'NONE', #1856, #3097, #2648, .T. ) ;
#2085 = CARTESIAN_POINT ( 'NONE',  ( -100.0000000000000000, -2.999999999999999112, 57.00000000000000000 ) ) ;
#2086 = ORIENTED_EDGE ( 'NONE', *, *, #1049, .F. ) ;
#2087 = CARTESIAN_POINT ( 'NONE',  ( 95.00000000000000000, -4.000000000000000000, -34.00000000000000000 ) ) ;
#2088 = ORIENTED_EDGE ( 'NONE', *, *, #3085, .F. ) ;
#2089 = VERTEX_POINT ( 'NONE', #2868 ) ;
#2090 = DIRECTION ( 'NONE',  ( -0.000000000000000000, -0.000000000000000000, 1.000000000000000000 ) ) ;
#2091 = CARTESIAN_POINT ( 'NONE',  ( 110.0000000000000000, -37.00000000000000000, 67.50000000000000000 ) ) ;
#2092 = CARTESIAN_POINT ( 'NONE',  ( -68.00000000000000000, -4.000000000000000000, -7.700000000000000178 ) ) ;
#2093 = LINE ( 'NONE', #2788, #2157 ) ;
#2094 = CYLINDRICAL_SURFACE ( 'NONE', #397, 1.599999999999997202 ) ;
#2095 = ADVANCED_FACE ( 'NONE', ( #3104 ), #1944, .T. ) ;
#2096 = EDGE_CURVE ( 'NONE', #2139, #237, #1633, .T. ) ;
#2097 = DIRECTION ( 'NONE',  ( 1.000000000000000000, 0.000000000000000000, 0.000000000000000000 ) ) ;
#2098 = ORIENTED_EDGE ( 'NONE', *, *, #1348, .F. ) ;
#2099 = PERSON_AND_ORGANIZATION_ROLE ( 'design_owner' ) ;
#2100 = ORIENTED_EDGE ( 'NONE', *, *, #953, .F. ) ;
#2101 = CARTESIAN_POINT ( 'NONE',  ( -93.00000000000000000, -7.000000000000000000, -19.60000000000000142 ) ) ;
#2102 = ADVANCED_FACE ( 'NONE', ( #2385 ), #450, .F. ) ;
#2103 = VECTOR ( 'NONE', #1612, 1000.000000000000000 ) ;
#2104 = VERTEX_POINT ( 'NONE', #2451 ) ;
#2105 = ORIENTED_EDGE ( 'NONE', *, *, #2919, .T. ) ;
#2106 = CYLINDRICAL_SURFACE ( 'NONE', #2950, 1.600000000000004086 ) ;
#2107 = EDGE_CURVE ( 'NONE', #2428, #1782, #261, .T. ) ;
#2108 = FACE_OUTER_BOUND ( 'NONE', #665, .T. ) ;
#2109 = AXIS2_PLACEMENT_3D ( 'NONE', #1662, #2884, #2192 ) ;
#2110 = DIRECTION ( 'NONE',  ( -0.000000000000000000, -0.000000000000000000, 1.000000000000000000 ) ) ;
#2111 = CARTESIAN_POINT ( 'NONE',  ( 1.959434878635764984E-16, -3.000000000000000000, 28.39999999999999858 ) ) ;
#2112 = CARTESIAN_POINT ( 'NONE',  ( -110.0000000000000000, -37.00000000000000000, 67.50000000000000000 ) ) ;
#2113 = DIRECTION ( 'NONE',  ( 1.000000000000000000, 0.000000000000000000, 0.000000000000000000 ) ) ;
#2114 = FACE_BOUND ( 'NONE', #569, .T. ) ;
#2115 = ORIENTED_EDGE ( 'NONE', *, *, #2240, .F. ) ;
#2116 = CARTESIAN_POINT ( 'NONE',  ( 81.00000000000000000, 0.000000000000000000, 46.70000000000000284 ) ) ;
#2117 = VERTEX_POINT ( 'NONE', #742 ) ;
#2118 = LINE ( 'NONE', #443, #2954 ) ;
#2119 = VECTOR ( 'NONE', #310, 1000.000000000000000 ) ;
#2120 = VERTEX_POINT ( 'NONE', #1054 ) ;
#2121 = ORIENTED_EDGE ( 'NONE', *, *, #2481, .F. ) ;
#2122 = DIRECTION ( 'NONE',  ( 0.000000000000000000, 1.000000000000000000, 0.000000000000000000 ) ) ;
#2123 = EDGE_CURVE ( 'NONE', #2907, #512, #272, .T. ) ;
#2124 = CARTESIAN_POINT ( 'NONE',  ( -0.000000000000000000, -3.000000000000000000, -31.00000000000000000 ) ) ;
#2125 = CLOSED_SHELL ( 'NONE', ( #1581, #3026, #1656, #2757, #2627, #79, #116, #1190, #2102, #1404, #2438, #1866, #2184, #2147, #626, #2589, #2622, #1984, #2721, #2095, #307, #2323, #2669, #27, #1906, #74, #405, #2081, #981, #2342, #1151, #309, #1712, #2221, #2775, #1674, #2585, #451, #180, #3145, #1517, #1575, #976, #1448, #584, #2386, #997, #2419, #426, #2545, #2516, #691, #1228, #273, #96, #445, #1279, #1769, #877, #2242, #1960, #2201, #731, #2984, #958, #409, #1785, #2223, #852, #254, #2239, #2348, #2254, #1909, #726, #2565, #1873, #1864, #1209, #1675, #2583, #2759, #922, #1765, #549, #2206, #744, #3108, #2682, #1305, #1849, #2911, #1717, #2442, #1576, #1802, #2916, #647, #2000, #407 ) ) ;
#2126 = DIRECTION ( 'NONE',  ( 0.000000000000000000, 0.000000000000000000, 1.000000000000000000 ) ) ;
#2127 = DIRECTION ( 'NONE',  ( 0.000000000000000000, 1.000000000000000000, 0.000000000000000000 ) ) ;
#2128 = PLANE ( 'NONE',  #3078 ) ;
#2129 = CIRCLE ( 'NONE', #497, 1.600000000000004086 ) ;
#2130 = AXIS2_PLACEMENT_3D ( 'NONE', #2531, #2288, #1347 ) ;
#2131 = AXIS2_PLACEMENT_3D ( 'NONE', #974, #1255, #555 ) ;
#2132 = DIRECTION ( 'NONE',  ( 0.000000000000000000, 0.000000000000000000, -1.000000000000000000 ) ) ;
#2133 = VECTOR ( 'NONE', #152, 1000.000000000000000 ) ;
#2134 = DIRECTION ( 'NONE',  ( -0.000000000000000000, -0.000000000000000000, 1.000000000000000000 ) ) ;
#2135 = EDGE_LOOP ( 'NONE', ( #255, #2427, #1356, #447 ) ) ;
#2136 = ORIENTED_EDGE ( 'NONE', *, *, #3112, .F. ) ;
#2137 = CC_DESIGN_SECURITY_CLASSIFICATION ( #457, ( #2447 ) ) ;
#2138 = CARTESIAN_POINT ( 'NONE',  ( 107.0000000000000000, -37.00000000000000000, 64.50000000000000000 ) ) ;
#2139 = VERTEX_POINT ( 'NONE', #495 ) ;
#2140 = ORIENTED_EDGE ( 'NONE', *, *, #1113, .F. ) ;
#2141 = DIRECTION ( 'NONE',  ( -0.000000000000000000, -0.000000000000000000, 1.000000000000000000 ) ) ;
#2142 = LINE ( 'NONE', #1185, #2258 ) ;
#2143 = LINE ( 'NONE', #935, #1974 ) ;
#2144 = EDGE_CURVE ( 'NONE', #2549, #536, #2476, .T. ) ;
#2145 = CARTESIAN_POINT ( 'NONE',  ( -0.000000000000000000, -3.000000000000000000, -26.30000000000000071 ) ) ;
#2146 = PLANE ( 'NONE',  #1446 ) ;
#2147 = ADVANCED_FACE ( 'NONE', ( #2987 ), #1751, .T. ) ;
#2148 = ORIENTED_EDGE ( 'NONE', *, *, #1073, .T. ) ;
#2149 = DIRECTION ( 'NONE',  ( 0.000000000000000000, 0.000000000000000000, 1.000000000000000000 ) ) ;
#2150 = CARTESIAN_POINT ( 'NONE',  ( -100.0000000000000000, -30.00000000000000000, 57.00000000000000000 ) ) ;
#2151 = ORIENTED_EDGE ( 'NONE', *, *, #1641, .T. ) ;
#2152 = PLANE ( 'NONE',  #1369 ) ;
#2153 = ORIENTED_EDGE ( 'NONE', *, *, #1049, .T. ) ;
#2154 = ORIENTED_EDGE ( 'NONE', *, *, #1681, .F. ) ;
#2155 = LINE ( 'NONE', #962, #1364 ) ;
#2156 = DIRECTION ( 'NONE',  ( 0.000000000000000000, 0.000000000000000000, 1.000000000000000000 ) ) ;
#2157 = VECTOR ( 'NONE', #423, 1000.000000000000000 ) ;
#2158 = CARTESIAN_POINT ( 'NONE',  ( 100.0000000000000000, -2.999999999999999112, -57.00000000000000000 ) ) ;
#2159 = CARTESIAN_POINT ( 'NONE',  ( 18.00000000000000355, -37.00000000000000000, 67.50000000000000000 ) ) ;
#2160 = APPLICATION_CONTEXT ( 'configuration controlled 3d designs of mechanical parts and assemblies' ) ;
#2161 = AXIS2_PLACEMENT_3D ( 'NONE', #3039, #2834, #3060 ) ;
#2162 = DIRECTION ( 'NONE',  ( 0.000000000000000000, 0.000000000000000000, 1.000000000000000000 ) ) ;
#2163 = PERSON ( '未指定', '未指定', '未指定', ('未指定'), ('未指定'), ('未指定') ) ;
#2164 = DIRECTION ( 'NONE',  ( 0.000000000000000000, -1.000000000000000000, 0.000000000000000000 ) ) ;
#2165 = CARTESIAN_POINT ( 'NONE',  ( 100.0000000000000000, -30.00000000000000000, -52.00000000000000000 ) ) ;
#2166 = EDGE_LOOP ( 'NONE', ( #1104, #1490, #720, #1027 ) ) ;
#2167 = DIRECTION ( 'NONE',  ( 0.000000000000000000, 1.000000000000000000, 0.000000000000000000 ) ) ;
#2168 = ORIENTED_EDGE ( 'NONE', *, *, #20, .F. ) ;
#2169 = ORIENTED_EDGE ( 'NONE', *, *, #1383, .T. ) ;
#2170 = DIRECTION ( 'NONE',  ( -0.000000000000000000, 1.000000000000000000, -0.000000000000000000 ) ) ;
#2171 = PLANE ( 'NONE',  #2109 ) ;
#2172 = DIRECTION ( 'NONE',  ( 1.000000000000000000, 0.000000000000000000, 0.000000000000000000 ) ) ;
#2173 = CIRCLE ( 'NONE', #800, 1.350000000000004086 ) ;
#2174 = DIRECTION ( 'NONE',  ( 0.000000000000000000, 1.000000000000000000, 0.000000000000000000 ) ) ;
#2175 = DIRECTION ( 'NONE',  ( 1.000000000000000000, -0.000000000000000000, 0.000000000000000000 ) ) ;
#2176 = VECTOR ( 'NONE', #3152, 1000.000000000000000 ) ;
#2177 = DIRECTION ( 'NONE',  ( 0.000000000000000000, -1.000000000000000000, 0.000000000000000000 ) ) ;
#2178 = PRODUCT_DEFINITION_SHAPE ( 'NONE', 'NONE',  #819 ) ;
#2179 = DIRECTION ( 'NONE',  ( -1.000000000000000000, 0.000000000000000000, 0.000000000000000000 ) ) ;
#2180 = VECTOR ( 'NONE', #1079, 1000.000000000000000 ) ;
#2181 = AXIS2_PLACEMENT_3D ( 'NONE', #2596, #865, #2544 ) ;
#2182 = EDGE_CURVE ( 'NONE', #867, #1029, #249, .T. ) ;
#2183 = DIRECTION ( 'NONE',  ( 0.000000000000000000, -1.000000000000000000, 0.000000000000000000 ) ) ;
#2184 = ADVANCED_FACE ( 'NONE', ( #2724 ), #2694, .F. ) ;
#2185 = VERTEX_POINT ( 'NONE', #2942 ) ;
#2186 = PLANE ( 'NONE',  #763 ) ;
#2187 = VECTOR ( 'NONE', #846, 1000.000000000000000 ) ;
#2188 = EDGE_CURVE ( 'NONE', #568, #1270, #662, .T. ) ;
#2189 = ORIENTED_EDGE ( 'NONE', *, *, #2910, .T. ) ;
#2190 = VERTEX_POINT ( 'NONE', #48 ) ;
#2191 = CARTESIAN_POINT ( 'NONE',  ( 96.00000000000000000, -7.000000000000000000, -13.60000000000000497 ) ) ;
#2192 = DIRECTION ( 'NONE',  ( 0.000000000000000000, 0.000000000000000000, -1.000000000000000000 ) ) ;
#2193 = APPROVAL_PERSON_ORGANIZATION ( #1755, #1574, #2290 ) ;
#2194 = DIRECTION ( 'NONE',  ( 0.000000000000000000, 1.000000000000000000, 0.000000000000000000 ) ) ;
#2195 = CARTESIAN_POINT ( 'NONE',  ( 1.000000000000000000, -3.000000000000000000, 43.29999999999999716 ) ) ;
#2196 = DIRECTION ( 'NONE',  ( 0.000000000000000000, 0.000000000000000000, -1.000000000000000000 ) ) ;
#2197 = DIRECTION ( 'NONE',  ( 0.000000000000000000, 0.000000000000000000, -1.000000000000000000 ) ) ;
#2198 = DIRECTION ( 'NONE',  ( 0.000000000000000000, -0.000000000000000000, 1.000000000000000000 ) ) ;
#2199 = ORIENTED_EDGE ( 'NONE', *, *, #1948, .T. ) ;
#2200 = DIRECTION ( 'NONE',  ( 0.000000000000000000, 1.000000000000000000, 0.000000000000000000 ) ) ;
#2201 = ADVANCED_FACE ( 'NONE', ( #1009 ), #1725, .F. ) ;
#2202 = VERTEX_POINT ( 'NONE', #757 ) ;
#2203 = ORIENTED_EDGE ( 'NONE', *, *, #1907, .T. ) ;
#2204 = CARTESIAN_POINT ( 'NONE',  ( 96.00000000000000000, -7.000000000000000000, 31.60000000000000142 ) ) ;
#2205 = CARTESIAN_POINT ( 'NONE',  ( 96.00000000000000000, -7.000000000000000000, -12.00000000000000000 ) ) ;
#2206 = ADVANCED_FACE ( 'NONE', ( #2711 ), #317, .F. ) ;
#2207 = ORIENTED_EDGE ( 'NONE', *, *, #1152, .F. ) ;
#2208 = EDGE_CURVE ( 'NONE', #1938, #292, #514, .T. ) ;
#2209 = CARTESIAN_POINT ( 'NONE',  ( -80.00000000000000000, -3.000000000000000000, -0.000000000000000000 ) ) ;
#2210 = DIRECTION ( 'NONE',  ( 1.000000000000000000, 0.000000000000000000, 0.000000000000000000 ) ) ;
#2211 = ORIENTED_EDGE ( 'NONE', *, *, #1684, .T. ) ;
#2212 = AXIS2_PLACEMENT_3D ( 'NONE', #2935, #700, #1903 ) ;
#2213 = MECHANICAL_CONTEXT ( 'NONE', #1916, 'mechanical' ) ;
#2214 = LINE ( 'NONE', #2967, #1555 ) ;
#2215 = ORIENTED_EDGE ( 'NONE', *, *, #2857, .F. ) ;
#2216 = DIRECTION ( 'NONE',  ( 0.000000000000000000, 0.000000000000000000, 1.000000000000000000 ) ) ;
#2217 = EDGE_LOOP ( 'NONE', ( #1827, #478, #1525, #557, #1883, #49, #1845, #605, #857, #2140, #417, #781 ) ) ;
#2218 = ORIENTED_EDGE ( 'NONE', *, *, #2244, .T. ) ;
#2219 = CARTESIAN_POINT ( 'NONE',  ( 69.00000000000000000, -4.000000000000000000, 46.70000000000000284 ) ) ;
#2220 = ORIENTED_EDGE ( 'NONE', *, *, #955, .T. ) ;
#2221 = ADVANCED_FACE ( 'NONE', ( #1288 ), #799, .T. ) ;
#2222 = DIRECTION ( 'NONE',  ( 0.000000000000000000, 1.000000000000000000, 0.000000000000000000 ) ) ;
#2223 = ADVANCED_FACE ( 'NONE', ( #1486 ), #1976, .F. ) ;
#2224 = DIRECTION ( 'NONE',  ( 0.000000000000000000, 0.000000000000000000, 1.000000000000000000 ) ) ;
#2225 = AXIS2_PLACEMENT_3D ( 'NONE', #232, #2683, #949 ) ;
#2226 = ORIENTED_EDGE ( 'NONE', *, *, #651, .T. ) ;
#2227 = VECTOR ( 'NONE', #392, 1000.000000000000000 ) ;
#2228 = PLANE ( 'NONE',  #2268 ) ;
#2229 = ORIENTED_EDGE ( 'NONE', *, *, #1205, .T. ) ;
#2230 = DIRECTION ( 'NONE',  ( 0.000000000000000000, -1.000000000000000000, 0.000000000000000000 ) ) ;
#2231 = VECTOR ( 'NONE', #2634, 1000.000000000000000 ) ;
#2232 = VERTEX_POINT ( 'NONE', #541 ) ;
#2233 = ORIENTED_EDGE ( 'NONE', *, *, #1408, .T. ) ;
#2234 = DIRECTION ( 'NONE',  ( -0.000000000000000000, 1.000000000000000000, -0.000000000000000000 ) ) ;
#2235 = CIRCLE ( 'NONE', #2445, 5.000000000000004441 ) ;
#2236 = VERTEX_POINT ( 'NONE', #1510 ) ;
#2237 = FACE_OUTER_BOUND ( 'NONE', #1518, .T. ) ;
#2238 = CARTESIAN_POINT ( 'NONE',  ( 69.00000000000000000, -3.000000000000000000, 0.000000000000000000 ) ) ;
#2239 = ADVANCED_FACE ( 'NONE', ( #2007 ), #1763, .F. ) ;
#2240 = EDGE_CURVE ( 'NONE', #1436, #783, #2053, .T. ) ;
#2241 = ORIENTED_EDGE ( 'NONE', *, *, #2061, .F. ) ;
#2242 = ADVANCED_FACE ( 'NONE', ( #1072 ), #832, .F. ) ;
#2243 = DIRECTION ( 'NONE',  ( 0.000000000000000000, 1.000000000000000000, 0.000000000000000000 ) ) ;
#2244 = EDGE_CURVE ( 'NONE', #2595, #2546, #158, .T. ) ;
#2245 = VERTEX_POINT ( 'NONE', #1373 ) ;
#2246 = CARTESIAN_POINT ( 'NONE',  ( 100.0000000000000000, -2.999999999999999112, 62.00000000000000711 ) ) ;
#2247 = ORIENTED_EDGE ( 'NONE', *, *, #150, .F. ) ;
#2248 = ORIENTED_EDGE ( 'NONE', *, *, #1359, .T. ) ;
#2249 = ORIENTED_EDGE ( 'NONE', *, *, #3084, .F. ) ;
#2250 = CARTESIAN_POINT ( 'NONE',  ( 100.0000000000000000, -34.00000000000000000, 57.00000000000000000 ) ) ;
#2251 = ORIENTED_EDGE ( 'NONE', *, *, #524, .F. ) ;
#2252 = CARTESIAN_POINT ( 'NONE',  ( 0.000000000000000000, -7.000000000000000000, -12.00000000000000000 ) ) ;
#2253 = CARTESIAN_POINT ( 'NONE',  ( 1.000000000000000000, 0.000000000000000000, 46.70000000000000284 ) ) ;
#2254 = ADVANCED_FACE ( 'NONE', ( #2563 ), #2352, .F. ) ;
#2255 = AXIS2_PLACEMENT_3D ( 'NONE', #2992, #291, #1740 ) ;
#2256 = LINE ( 'NONE', #2029, #1613 ) ;
#2257 = ORIENTED_EDGE ( 'NONE', *, *, #591, .F. ) ;
#2258 = VECTOR ( 'NONE', #2156, 1000.000000000000000 ) ;
#2259 = DIRECTION ( 'NONE',  ( 0.000000000000000000, 1.000000000000000000, 0.000000000000000000 ) ) ;
#2260 = ORIENTED_EDGE ( 'NONE', *, *, #2359, .T. ) ;
#2261 = DIRECTION ( 'NONE',  ( 0.000000000000000000, 0.000000000000000000, 1.000000000000000000 ) ) ;
#2262 = LINE ( 'NONE', #2765, #1926 ) ;
#2263 = CARTESIAN_POINT ( 'NONE',  ( 95.00000000000000000, -4.000000000000000000, -52.00000000000000000 ) ) ;
#2264 = ORIENTED_EDGE ( 'NONE', *, *, #1533, .F. ) ;
#2265 = CARTESIAN_POINT ( 'NONE',  ( 69.00000000000000000, -3.000000000000000000, -29.69999999999999929 ) ) ;
#2266 = DIRECTION ( 'NONE',  ( -0.000000000000000000, 1.000000000000000000, -0.000000000000000000 ) ) ;
#2267 = PERSON_AND_ORGANIZATION_ROLE ( 'classification_officer' ) ;
#2268 = AXIS2_PLACEMENT_3D ( 'NONE', #2732, #295, #236 ) ;
#2269 = DIRECTION ( 'NONE',  ( 0.000000000000000000, 0.000000000000000000, -1.000000000000000000 ) ) ;
#2270 = VECTOR ( 'NONE', #1320, 1000.000000000000000 ) ;
#2271 = ORIENTED_EDGE ( 'NONE', *, *, #2872, .F. ) ;
#2272 = DIRECTION ( 'NONE',  ( -1.000000000000000000, -0.000000000000000000, -0.000000000000000000 ) ) ;
#2273 = ORIENTED_EDGE ( 'NONE', *, *, #1093, .T. ) ;
#2274 = EDGE_CURVE ( 'NONE', #2408, #2907, #572, .T. ) ;
#2275 = EDGE_CURVE ( 'NONE', #2595, #418, #95, .T. ) ;
#2276 = ORIENTED_EDGE ( 'NONE', *, *, #113, .F. ) ;
#2277 = CARTESIAN_POINT ( 'NONE',  ( 0.000000000000000000, -37.00000000000000000, 0.000000000000000000 ) ) ;
#2278 = CARTESIAN_POINT ( 'NONE',  ( -68.00000000000000000, -4.000000000000000000, -4.299999999999999822 ) ) ;
#2279 = AXIS2_PLACEMENT_3D ( 'NONE', #2835, #368, #1379 ) ;
#2280 = FACE_BOUND ( 'NONE', #1862, .T. ) ;
#2281 = EDGE_CURVE ( 'NONE', #5, #2615, #3005, .T. ) ;
#2282 = VECTOR ( 'NONE', #1410, 1000.000000000000000 ) ;
#2283 = CIRCLE ( 'NONE', #606, 1.599999999999997202 ) ;
#2284 = ORIENTED_EDGE ( 'NONE', *, *, #168, .T. ) ;
#2285 = PLANE ( 'NONE',  #1618 ) ;
#2286 = DIRECTION ( 'NONE',  ( 0.000000000000000000, 1.000000000000000000, 0.000000000000000000 ) ) ;
#2287 = VECTOR ( 'NONE', #1353, 1000.000000000000000 ) ;
#2288 = DIRECTION ( 'NONE',  ( 0.000000000000000000, 1.000000000000000000, 0.000000000000000000 ) ) ;
#2289 = LOCAL_TIME ( 16, 48, 2.000000000000000000, #52 ) ;
#2290 = APPROVAL_ROLE ( '' ) ;
#2291 = DIRECTION ( 'NONE',  ( 1.000000000000000000, 0.000000000000000000, 0.000000000000000000 ) ) ;
#2292 = ORIENTED_EDGE ( 'NONE', *, *, #2039, .T. ) ;
#2293 = CARTESIAN_POINT ( 'NONE',  ( -100.0000000000000000, -2.999999999999999112, -57.00000000000000000 ) ) ;
#2294 = ORIENTED_EDGE ( 'NONE', *, *, #2817, .F. ) ;
#2295 = ORIENTED_EDGE ( 'NONE', *, *, #71, .F. ) ;
#2296 = LINE ( 'NONE', #1825, #2536 ) ;
#2297 = DIRECTION ( 'NONE',  ( 0.000000000000000000, -1.000000000000000000, 0.000000000000000000 ) ) ;
#2298 = DIRECTION ( 'NONE',  ( 0.000000000000000000, 0.000000000000000000, -1.000000000000000000 ) ) ;
#2299 = AXIS2_PLACEMENT_3D ( 'NONE', #730, #1696, #1030 ) ;
#2300 = ORIENTED_EDGE ( 'NONE', *, *, #2281, .F. ) ;
#2301 = ORIENTED_EDGE ( 'NONE', *, *, #1323, .F. ) ;
#2302 = ORIENTED_EDGE ( 'NONE', *, *, #18, .F. ) ;
#2303 = CARTESIAN_POINT ( 'NONE',  ( -34.00000000000000000, 0.000000000000000000, -7.700000000000000178 ) ) ;
#2304 = LINE ( 'NONE', #2584, #226 ) ;
#2305 = EDGE_CURVE ( 'NONE', #2190, #536, #1217, .T. ) ;
#2306 = LINE ( 'NONE', #2059, #394 ) ;
#2307 = DIRECTION ( 'NONE',  ( 0.000000000000000000, 0.000000000000000000, 1.000000000000000000 ) ) ;
#2308 = CARTESIAN_POINT ( 'NONE',  ( 100.0000000000000000, -30.00000000000000000, -57.00000000000000000 ) ) ;
#2309 = ORIENTED_EDGE ( 'NONE', *, *, #2702, .T. ) ;
#2310 = CARTESIAN_POINT ( 'NONE',  ( -110.0000000000000000, -37.00000000000000000, -64.50000000000000000 ) ) ;
#2311 = CIRCLE ( 'NONE', #3131, 1.600000000000000755 ) ;
#2312 = VERTEX_POINT ( 'NONE', #2087 ) ;
#2313 = LINE ( 'NONE', #123, #754 ) ;
#2314 = AXIS2_PLACEMENT_3D ( 'NONE', #51, #1292, #2975 ) ;
#2315 = DIRECTION ( 'NONE',  ( 0.000000000000000000, 0.000000000000000000, -1.000000000000000000 ) ) ;
#2316 = EDGE_LOOP ( 'NONE', ( #3101, #1137, #2831, #2220 ) ) ;
#2317 = DIRECTION ( 'NONE',  ( 1.000000000000000000, 0.000000000000000000, 0.000000000000000000 ) ) ;
#2318 = ORIENTED_EDGE ( 'NONE', *, *, #1967, .F. ) ;
#2319 = EDGE_LOOP ( 'NONE', ( #2410, #1088, #2736, #2745 ) ) ;
#2320 = ORIENTED_EDGE ( 'NONE', *, *, #1521, .T. ) ;
#2321 = CARTESIAN_POINT ( 'NONE',  ( 96.00000000000000000, -7.000000000000000000, -12.00000000000000000 ) ) ;
#2322 = DIRECTION ( 'NONE',  ( 0.000000000000000000, 0.000000000000000000, -1.000000000000000000 ) ) ;
#2323 = ADVANCED_FACE ( 'NONE', ( #378, #1559, #1811, #1544, #2526, #881, #1608, #2280, #610, #348, #2069 ), #363, .F. ) ;
#2324 = CARTESIAN_POINT ( 'NONE',  ( -12.00000000000000000, -37.00000000000000000, 64.50000000000000000 ) ) ;
#2325 = EDGE_CURVE ( 'NONE', #1170, #2783, #90, .T. ) ;
#2326 = FACE_OUTER_BOUND ( 'NONE', #9, .T. ) ;
#2327 = EDGE_LOOP ( 'NONE', ( #177, #1242, #1254, #519 ) ) ;
#2328 = DIRECTION ( 'NONE',  ( 1.000000000000000000, 0.000000000000000000, -0.000000000000000000 ) ) ;
#2329 = CIRCLE ( 'NONE', #286, 1.350000000000004086 ) ;
#2330 = CARTESIAN_POINT ( 'NONE',  ( 28.00000000000000000, -3.000000000000000000, -52.00000000000000000 ) ) ;
#2331 = LINE ( 'NONE', #2278, #1315 ) ;
#2332 = DIRECTION ( 'NONE',  ( -0.000000000000000000, 1.000000000000000000, -0.000000000000000000 ) ) ;
#2333 = ORIENTED_EDGE ( 'NONE', *, *, #780, .T. ) ;
#2334 = ORIENTED_EDGE ( 'NONE', *, *, #876, .T. ) ;
#2335 = DIRECTION ( 'NONE',  ( 0.000000000000000000, 0.000000000000000000, -1.000000000000000000 ) ) ;
#2336 = CARTESIAN_POINT ( 'NONE',  ( 30.00000000000000000, -3.000000000000000000, 0.000000000000000000 ) ) ;
#2337 = AXIS2_PLACEMENT_3D ( 'NONE', #2453, #1488, #1058 ) ;
#2338 = LINE ( 'NONE', #2092, #660 ) ;
#2339 = CYLINDRICAL_SURFACE ( 'NONE', #2976, 5.000000000000004441 ) ;
#2340 = CIRCLE ( 'NONE', #2131, 1.599999999999997202 ) ;
#2341 = EDGE_CURVE ( 'NONE', #1065, #1777, #2766, .T. ) ;
#2342 = ADVANCED_FACE ( 'NONE', ( #1828 ), #590, .T. ) ;
#2343 = AXIS2_PLACEMENT_3D ( 'NONE', #361, #346, #2315 ) ;
#2344 = EDGE_LOOP ( 'NONE', ( #2333, #1371, #2507, #270 ) ) ;
#2345 = EDGE_CURVE ( 'NONE', #32, #2878, #2800, .T. ) ;
#2346 = CARTESIAN_POINT ( 'NONE',  ( 95.00000000000000000, -4.000000000000000000, -34.00000000000000000 ) ) ;
#2347 = VECTOR ( 'NONE', #659, 1000.000000000000000 ) ;
#2348 = ADVANCED_FACE ( 'NONE', ( #2579 ), #1841, .F. ) ;
#2349 = DIRECTION ( 'NONE',  ( 0.000000000000000000, 0.000000000000000000, 1.000000000000000000 ) ) ;
#2350 = LINE ( 'NONE', #413, #3166 ) ;
#2351 = ORIENTED_EDGE ( 'NONE', *, *, #2665, .T. ) ;
#2352 = PLANE ( 'NONE',  #396 ) ;
#2353 = ORIENTED_EDGE ( 'NONE', *, *, #176, .F. ) ;
#2354 = ORIENTED_EDGE ( 'NONE', *, *, #216, .F. ) ;
#2355 = CARTESIAN_POINT ( 'NONE',  ( 95.00000000000000000, -4.000000000000000000, -31.00000000000000000 ) ) ;
#2356 = LINE ( 'NONE', #162, #2828 ) ;
#2357 = FACE_OUTER_BOUND ( 'NONE', #2002, .T. ) ;
#2358 = LINE ( 'NONE', #1601, #21 ) ;
#2359 = EDGE_CURVE ( 'NONE', #2408, #2018, #2843, .T. ) ;
#2360 = DIRECTION ( 'NONE',  ( 0.000000000000000000, 1.000000000000000000, 0.000000000000000000 ) ) ;
#2361 = EDGE_CURVE ( 'NONE', #2829, #568, #957, .T. ) ;
#2362 = CARTESIAN_POINT ( 'NONE',  ( -80.00000000000000000, 0.000000000000000000, -7.700000000000000178 ) ) ;
#2363 = VERTEX_POINT ( 'NONE', #693 ) ;
#2364 = DIRECTION ( 'NONE',  ( 0.000000000000000000, -0.000000000000000000, 1.000000000000000000 ) ) ;
#2365 = VERTEX_POINT ( 'NONE', #1881 ) ;
#2366 = CARTESIAN_POINT ( 'NONE',  ( 69.00000000000000000, 0.000000000000000000, 46.70000000000000284 ) ) ;
#2367 = CIRCLE ( 'NONE', #1494, 1.350000000000004086 ) ;
#2368 = ORIENTED_EDGE ( 'NONE', *, *, #1537, .T. ) ;
#2369 = ORIENTED_EDGE ( 'NONE', *, *, #24, .T. ) ;
#2370 = CARTESIAN_POINT ( 'NONE',  ( 77.00000000000000000, -3.000000000000000000, -0.000000000000000000 ) ) ;
#2371 = CARTESIAN_POINT ( 'NONE',  ( -107.0000000000000000, -37.00000000000000000, -64.50000000000000000 ) ) ;
#2372 = LINE ( 'NONE', #3107, #2282 ) ;
#2373 = CARTESIAN_POINT ( 'NONE',  ( 95.00000000000000000, -4.000000000000000000, -49.00000000000000000 ) ) ;
#2374 = DIRECTION ( 'NONE',  ( 0.000000000000000000, 0.000000000000000000, 1.000000000000000000 ) ) ;
#2375 = LINE ( 'NONE', #205, #2806 ) ;
#2376 = FACE_BOUND ( 'NONE', #959, .T. ) ;
#2377 = ORIENTED_EDGE ( 'NONE', *, *, #2096, .T. ) ;
#2378 = EDGE_LOOP ( 'NONE', ( #774, #3069, #189, #2590 ) ) ;
#2379 = DIRECTION ( 'NONE',  ( 0.000000000000000000, 1.000000000000000000, 0.000000000000000000 ) ) ;
#2380 = EDGE_CURVE ( 'NONE', #156, #493, #1435, .T. ) ;
#2381 = VECTOR ( 'NONE', #1395, 1000.000000000000000 ) ;
#2382 = EDGE_LOOP ( 'NONE', ( #2928, #1493, #1896, #1957 ) ) ;
#2383 = ORIENTED_EDGE ( 'NONE', *, *, #1189, .T. ) ;
#2384 = DIRECTION ( 'NONE',  ( -0.000000000000000000, 1.000000000000000000, -0.000000000000000000 ) ) ;
#2385 = FACE_OUTER_BOUND ( 'NONE', #516, .T. ) ;
#2386 = ADVANCED_FACE ( 'NONE', ( #3083, #2642 ), #1195, .F. ) ;
#2387 = CARTESIAN_POINT ( 'NONE',  ( 107.0000000000000000, -37.00000000000000000, 64.50000000000000000 ) ) ;
#2388 = LINE ( 'NONE', #201, #1637 ) ;
#2389 = LINE ( 'NONE', #2887, #2631 ) ;
#2390 = AXIS2_PLACEMENT_3D ( 'NONE', #2646, #933, #242 ) ;
#2391 = VECTOR ( 'NONE', #652, 1000.000000000000000 ) ;
#2392 = AXIS2_PLACEMENT_3D ( 'NONE', #2957, #2003, #490 ) ;
#2393 = CARTESIAN_POINT ( 'NONE',  ( -34.00000000000000000, -4.000000000000000000, -7.700000000000000178 ) ) ;
#2394 = VECTOR ( 'NONE', #220, 1000.000000000000000 ) ;
#2395 = DIRECTION ( 'NONE',  ( 0.000000000000000000, 1.000000000000000000, 0.000000000000000000 ) ) ;
#2396 = ORIENTED_EDGE ( 'NONE', *, *, #1399, .F. ) ;
#2397 = VECTOR ( 'NONE', #2197, 1000.000000000000000 ) ;
#2398 = DIRECTION ( 'NONE',  ( 0.000000000000000000, 0.000000000000000000, 1.000000000000000000 ) ) ;
#2399 = EDGE_LOOP ( 'NONE', ( #31, #1462 ) ) ;
#2400 = ORIENTED_EDGE ( 'NONE', *, *, #2046, .F. ) ;
#2401 = CARTESIAN_POINT ( 'NONE',  ( -34.00000000000000000, -4.000000000000000000, -4.299999999999999822 ) ) ;
#2402 = CARTESIAN_POINT ( 'NONE',  ( -48.00000000000000000, -3.000000000000000000, -16.40000000000000213 ) ) ;
#2403 = CARTESIAN_POINT ( 'NONE',  ( -93.00000000000000000, -7.000000000000000000, -63.00000000000000000 ) ) ;
#2404 = CARTESIAN_POINT ( 'NONE',  ( 92.00000000000001421, -37.00000000000000000, 67.50000000000000000 ) ) ;
#2405 = DIRECTION ( 'NONE',  ( -1.000000000000000000, 0.000000000000000000, -0.000000000000000000 ) ) ;
#2406 = CARTESIAN_POINT ( 'NONE',  ( 18.00000000000000355, -3.000000000000002665, 67.50000000000000000 ) ) ;
#2407 = DIRECTION ( 'NONE',  ( 0.000000000000000000, 1.000000000000000000, 0.000000000000000000 ) ) ;
#2408 = VERTEX_POINT ( 'NONE', #208 ) ;
#2409 = CARTESIAN_POINT ( 'NONE',  ( 95.00000000000000000, -4.000000000000000000, -52.00000000000000000 ) ) ;
#2410 = ORIENTED_EDGE ( 'NONE', *, *, #1772, .T. ) ;
#2411 = ORIENTED_EDGE ( 'NONE', *, *, #2361, .F. ) ;
#2412 = DIRECTION ( 'NONE',  ( -1.000000000000000000, 0.000000000000000000, 0.000000000000000000 ) ) ;
#2413 = DIRECTION ( 'NONE',  ( 0.000000000000000000, 1.000000000000000000, 0.000000000000000000 ) ) ;
#2414 = AXIS2_PLACEMENT_3D ( 'NONE', #1202, #1697, #2162 ) ;
#2415 = CARTESIAN_POINT ( 'NONE',  ( 100.0000000000000000, -30.00000000000000000, -57.00000000000000000 ) ) ;
#2416 = CARTESIAN_POINT ( 'NONE',  ( -100.0000000000000000, -30.00000000000000000, -52.00000000000000000 ) ) ;
#2417 = AXIS2_PLACEMENT_3D ( 'NONE', #1426, #1273, #2495 ) ;
#2418 = CARTESIAN_POINT ( 'NONE',  ( 18.00000000000000355, -37.00000000000000000, 67.50000000000000000 ) ) ;
#2419 = ADVANCED_FACE ( 'NONE', ( #1895 ), #3147, .T. ) ;
#2420 = EDGE_CURVE ( 'NONE', #743, #1036, #2118, .T. ) ;
#2421 = CARTESIAN_POINT ( 'NONE',  ( -110.0000000000000000, -3.000000000000000000, 67.50000000000000000 ) ) ;
#2422 = LINE ( 'NONE', #235, #3160 ) ;
#2423 = EDGE_CURVE ( 'NONE', #1122, #1538, #475, .T. ) ;
#2424 = FACE_BOUND ( 'NONE', #2767, .T. ) ;
#2425 = ORIENTED_EDGE ( 'NONE', *, *, #2041, .T. ) ;
#2426 = DIRECTION ( 'NONE',  ( -0.000000000000000000, 1.000000000000000000, -0.000000000000000000 ) ) ;
#2427 = ORIENTED_EDGE ( 'NONE', *, *, #1116, .T. ) ;
#2428 = VERTEX_POINT ( 'NONE', #2409 ) ;
#2429 = CARTESIAN_POINT ( 'NONE',  ( -110.0000000000000000, -6.999999999999999112, -64.50000000000000000 ) ) ;
#2430 = CARTESIAN_POINT ( 'NONE',  ( -110.0000000000000000, -3.000000000000000000, 67.50000000000000000 ) ) ;
#2431 = DIRECTION ( 'NONE',  ( 0.000000000000000000, 0.000000000000000000, 1.000000000000000000 ) ) ;
#2432 = VECTOR ( 'NONE', #441, 1000.000000000000000 ) ;
#2433 = CARTESIAN_POINT ( 'NONE',  ( -48.00000000000000000, -3.000000000000000000, -18.00000000000000000 ) ) ;
#2434 = LINE ( 'NONE', #1949, #1742 ) ;
#2435 = ORIENTED_EDGE ( 'NONE', *, *, #581, .T. ) ;
#2436 = VECTOR ( 'NONE', #1475, 1000.000000000000000 ) ;
#2437 = EDGE_CURVE ( 'NONE', #1861, #3053, #430, .T. ) ;
#2438 = ADVANCED_FACE ( 'NONE', ( #225 ), #3099, .F. ) ;
#2439 = AXIS2_PLACEMENT_3D ( 'NONE', #2403, #1932, #1174 ) ;
#2440 = AXIS2_PLACEMENT_3D ( 'NONE', #2219, #2972, #2930 ) ;
#2441 = FACE_OUTER_BOUND ( 'NONE', #2064, .T. ) ;
#2442 = ADVANCED_FACE ( 'NONE', ( #2909 ), #2152, .T. ) ;
#2443 = ORIENTED_EDGE ( 'NONE', *, *, #276, .F. ) ;
#2444 = LINE ( 'NONE', #2939, #141 ) ;
#2445 = AXIS2_PLACEMENT_3D ( 'NONE', #1921, #2164, #3141 ) ;
#2446 = EDGE_CURVE ( 'NONE', #536, #2190, #1874, .T. ) ;
#2447 = PRODUCT_DEFINITION_FORMATION_WITH_SPECIFIED_SOURCE ( '任何', '', #14, .NOT_KNOWN. ) ;
#2448 = ORIENTED_EDGE ( 'NONE', *, *, #41, .F. ) ;
#2449 = EDGE_LOOP ( 'NONE', ( #1437, #1319 ) ) ;
#2450 = LINE ( 'NONE', #741, #2846 ) ;
#2451 = CARTESIAN_POINT ( 'NONE',  ( 42.00000000000000000, -3.000000000000000000, 43.29999999999999716 ) ) ;
#2452 = VERTEX_POINT ( 'NONE', #1911 ) ;
#2453 = CARTESIAN_POINT ( 'NONE',  ( -100.0000000000000000, -30.00000000000000000, -57.00000000000000000 ) ) ;
#2454 = CARTESIAN_POINT ( 'NONE',  ( -11.00000000000000000, -4.000000000000000000, 46.70000000000000284 ) ) ;
#2455 = VERTEX_POINT ( 'NONE', #2101 ) ;
#2456 = CARTESIAN_POINT ( 'NONE',  ( 0.000000000000000000, 0.000000000000000000, 0.000000000000000000 ) ) ;
#2457 = CARTESIAN_POINT ( 'NONE',  ( 0.000000000000000000, -4.000000000000000000, 0.000000000000000000 ) ) ;
#2458 = ORIENTED_EDGE ( 'NONE', *, *, #1985, .F. ) ;
#2459 = LINE ( 'NONE', #1955, #456 ) ;
#2460 = EDGE_CURVE ( 'NONE', #1, #1758, #2893, .T. ) ;
#2461 = ORIENTED_EDGE ( 'NONE', *, *, #385, .F. ) ;
#2462 = ORIENTED_EDGE ( 'NONE', *, *, #2341, .F. ) ;
#2463 = DIRECTION ( 'NONE',  ( 0.000000000000000000, 1.000000000000000000, 0.000000000000000000 ) ) ;
#2464 = ORIENTED_EDGE ( 'NONE', *, *, #1131, .T. ) ;
#2465 = LINE ( 'NONE', #23, #293 ) ;
#2466 = CARTESIAN_POINT ( 'NONE',  ( 28.00000000000000000, -4.000000000000000000, -49.00000000000000000 ) ) ;
#2467 = ORIENTED_EDGE ( 'NONE', *, *, #2123, .T. ) ;
#2468 = CIRCLE ( 'NONE', #474, 5.000000000000004441 ) ;
#2469 = DATE_TIME_ROLE ( 'classification_date' ) ;
#2470 = CARTESIAN_POINT ( 'NONE',  ( -110.0000000000000000, -37.00000000000000000, 64.50000000000000000 ) ) ;
#2471 = VERTEX_POINT ( 'NONE', #2614 ) ;
#2472 = CARTESIAN_POINT ( 'NONE',  ( 42.00000000000000000, -4.000000000000000000, 46.70000000000000284 ) ) ;
#2473 = ORIENTED_EDGE ( 'NONE', *, *, #1514, .F. ) ;
#2474 = ORIENTED_EDGE ( 'NONE', *, *, #1427, .F. ) ;
#2475 = CC_DESIGN_PERSON_AND_ORGANIZATION_ASSIGNMENT ( #2502, #2514, ( #819 ) ) ;
#2476 = LINE ( 'NONE', #301, #68 ) ;
#2477 = EDGE_CURVE ( 'NONE', #1147, #2365, #415, .T. ) ;
#2478 = EDGE_CURVE ( 'NONE', #512, #2018, #1403, .T. ) ;
#2479 = ORIENTED_EDGE ( 'NONE', *, *, #2812, .T. ) ;
#2480 = CYLINDRICAL_SURFACE ( 'NONE', #3066, 1.600000000000000755 ) ;
#2481 = EDGE_CURVE ( 'NONE', #151, #639, #2283, .T. ) ;
#2482 = CARTESIAN_POINT ( 'NONE',  ( 95.00000000000000000, -4.000000000000000000, -49.00000000000000000 ) ) ;
#2483 = CIRCLE ( 'NONE', #1003, 1.600000000000004086 ) ;
#2484 = VERTEX_POINT ( 'NONE', #1167 ) ;
#2485 = PERSON_AND_ORGANIZATION_ROLE ( 'design_supplier' ) ;
#2486 = AXIS2_PLACEMENT_3D ( 'NONE', #1778, #2764, #3051 ) ;
#2487 = LINE ( 'NONE', #1267, #3095 ) ;
#2488 = ORIENTED_EDGE ( 'NONE', *, *, #343, .T. ) ;
#2489 = CARTESIAN_POINT ( 'NONE',  ( 69.00000000000000000, 0.000000000000000000, 43.29999999999999716 ) ) ;
#2490 = CIRCLE ( 'NONE', #805, 1.600000000000004086 ) ;
#2491 = ORIENTED_EDGE ( 'NONE', *, *, #2647, .T. ) ;
#2492 = ORIENTED_EDGE ( 'NONE', *, *, #2478, .T. ) ;
#2493 = VERTEX_POINT ( 'NONE', #2138 ) ;
#2494 = AXIS2_PLACEMENT_3D ( 'NONE', #2205, #995, #528 ) ;
#2495 = DIRECTION ( 'NONE',  ( 0.000000000000000000, 0.000000000000000000, 1.000000000000000000 ) ) ;
#2496 = EDGE_LOOP ( 'NONE', ( #91, #2396 ) ) ;
#2497 = CIRCLE ( 'NONE', #864, 1.350000000000004086 ) ;
#2498 = ORIENTED_EDGE ( 'NONE', *, *, #2515, .F. ) ;
#2499 = LINE ( 'NONE', #2209, #1416 ) ;
#2500 = PLANE ( 'NONE',  #1844 ) ;
#2501 = VECTOR ( 'NONE', #1287, 1000.000000000000000 ) ;
#2502 = PERSON_AND_ORGANIZATION ( #2163, #1477 ) ;
#2503 = FACE_OUTER_BOUND ( 'NONE', #1732, .T. ) ;
#2504 = EDGE_LOOP ( 'NONE', ( #2189, #1723, #2692, #1502 ) ) ;
#2505 = CARTESIAN_POINT ( 'NONE',  ( -93.00000000000000000, -7.000000000000000000, -16.39999999999999503 ) ) ;
#2506 = ORIENTED_EDGE ( 'NONE', *, *, #651, .F. ) ;
#2507 = ORIENTED_EDGE ( 'NONE', *, *, #2851, .T. ) ;
#2508 = DIRECTION ( 'NONE',  ( 0.000000000000000000, 1.000000000000000000, 0.000000000000000000 ) ) ;
#2509 = CARTESIAN_POINT ( 'NONE',  ( -100.0000000000000000, -34.00000000000000000, 55.64999999999999858 ) ) ;
#2510 = DIRECTION ( 'NONE',  ( -0.000000000000000000, 0.000000000000000000, 1.000000000000000000 ) ) ;
#2511 = EDGE_LOOP ( 'NONE', ( #2722, #2247, #16, #1692 ) ) ;
#2512 = DIRECTION ( 'NONE',  ( 0.000000000000000000, 1.000000000000000000, 0.000000000000000000 ) ) ;
#2513 = DIRECTION ( 'NONE',  ( 0.000000000000000000, 0.000000000000000000, -1.000000000000000000 ) ) ;
#2514 = PERSON_AND_ORGANIZATION_ROLE ( 'creator' ) ;
#2515 = EDGE_CURVE ( 'NONE', #884, #2615, #3118, .T. ) ;
#2516 = ADVANCED_FACE ( 'NONE', ( #1482 ), #1269, .T. ) ;
#2517 = AXIS2_PLACEMENT_3D ( 'NONE', #1531, #66, #3011 ) ;
#2518 = DIRECTION ( 'NONE',  ( 0.000000000000000000, 0.000000000000000000, -1.000000000000000000 ) ) ;
#2519 = VERTEX_POINT ( 'NONE', #1465 ) ;
#2520 = EDGE_CURVE ( 'NONE', #1306, #3097, #1211, .T. ) ;
#2521 = VECTOR ( 'NONE', #197, 1000.000000000000000 ) ;
#2522 = FACE_OUTER_BOUND ( 'NONE', #1082, .T. ) ;
#2523 = ORIENTED_EDGE ( 'NONE', *, *, #3112, .T. ) ;
#2524 = DIRECTION ( 'NONE',  ( -1.000000000000000000, 0.000000000000000000, 0.000000000000000000 ) ) ;
#2525 = DIRECTION ( 'NONE',  ( 0.000000000000000000, 0.000000000000000000, -1.000000000000000000 ) ) ;
#2526 = FACE_BOUND ( 'NONE', #2166, .T. ) ;
#2527 = ORIENTED_EDGE ( 'NONE', *, *, #1206, .F. ) ;
#2528 = DIRECTION ( 'NONE',  ( 0.000000000000000000, 0.000000000000000000, 1.000000000000000000 ) ) ;
#2529 = EDGE_CURVE ( 'NONE', #1484, #331, #2925, .T. ) ;
#2530 = DIRECTION ( 'NONE',  ( 0.000000000000000000, 0.000000000000000000, -1.000000000000000000 ) ) ;
#2531 = CARTESIAN_POINT ( 'NONE',  ( 100.0000000000000000, -30.00000000000000000, 57.00000000000000000 ) ) ;
#2532 = CALENDAR_DATE ( 2026, 26, 7 ) ;
#2533 = AXIS2_PLACEMENT_3D ( 'NONE', #2651, #482, #714 ) ;
#2534 = DIRECTION ( 'NONE',  ( -0.000000000000000000, 1.000000000000000000, -0.000000000000000000 ) ) ;
#2535 = EDGE_CURVE ( 'NONE', #756, #1270, #2444, .T. ) ;
#2536 = VECTOR ( 'NONE', #1285, 1000.000000000000000 ) ;
#2537 = ORIENTED_EDGE ( 'NONE', *, *, #1843, .T. ) ;
#2538 = FACE_OUTER_BOUND ( 'NONE', #613, .T. ) ;
#2539 = EDGE_CURVE ( 'NONE', #3053, #2363, #1733, .T. ) ;
#2540 = ORIENTED_EDGE ( 'NONE', *, *, #1425, .F. ) ;
#2541 = DIRECTION ( 'NONE',  ( -1.000000000000000000, -0.000000000000000000, -0.000000000000000000 ) ) ;
#2542 = CARTESIAN_POINT ( 'NONE',  ( -107.0000000000000000, -37.00000000000000000, -64.50000000000000000 ) ) ;
#2543 = AXIS2_PLACEMENT_3D ( 'NONE', #2568, #2057, #1847 ) ;
#2544 = DIRECTION ( 'NONE',  ( 0.000000000000000000, -0.000000000000000000, 1.000000000000000000 ) ) ;
#2545 = ADVANCED_FACE ( 'NONE', ( #1524 ), #1759, .F. ) ;
#2546 = VERTEX_POINT ( 'NONE', #2489 ) ;
#2547 = CIRCLE ( 'NONE', #2439, 1.600000000000004086 ) ;
#2548 = AXIS2_PLACEMENT_3D ( 'NONE', #2472, #1720, #2734 ) ;
#2549 = VERTEX_POINT ( 'NONE', #13 ) ;
#2550 = ORIENTED_EDGE ( 'NONE', *, *, #496, .F. ) ;
#2551 = PLANE ( 'NONE',  #39 ) ;
#2552 = CARTESIAN_POINT ( 'NONE',  ( 1.959434878635764984E-16, -7.000000000000000000, -13.60000000000000142 ) ) ;
#2553 = CARTESIAN_POINT ( 'NONE',  ( -110.0000000000000000, 0.000000000000000000, 67.50000000000000000 ) ) ;
#2554 = FACE_OUTER_BOUND ( 'NONE', #1257, .T. ) ;
#2555 = EDGE_CURVE ( 'NONE', #509, #1301, #1939, .T. ) ;
#2556 = CARTESIAN_POINT ( 'NONE',  ( 18.00000000000000355, -37.00000000000000000, 67.50000000000000000 ) ) ;
#2557 = ORIENTED_EDGE ( 'NONE', *, *, #54, .F. ) ;
#2558 = DIRECTION ( 'NONE',  ( 1.000000000000000000, 0.000000000000000000, 0.000000000000000000 ) ) ;
#2559 = VERTEX_POINT ( 'NONE', #2707 ) ;
#2560 = CARTESIAN_POINT ( 'NONE',  ( 96.00000000000000000, -7.000000000000000000, -12.00000000000000000 ) ) ;
#2561 = FACE_OUTER_BOUND ( 'NONE', #284, .T. ) ;
#2562 = ORIENTED_EDGE ( 'NONE', *, *, #1616, .T. ) ;
#2563 = FACE_OUTER_BOUND ( 'NONE', #142, .T. ) ;
#2564 = EDGE_CURVE ( 'NONE', #2452, #2549, #2340, .T. ) ;
#2565 = ADVANCED_FACE ( 'NONE', ( #238 ), #2186, .F. ) ;
#2566 = VERTEX_POINT ( 'NONE', #1703 ) ;
#2567 = ORIENTED_EDGE ( 'NONE', *, *, #1478, .F. ) ;
#2568 = CARTESIAN_POINT ( 'NONE',  ( -100.0000000000000000, -30.00000000000000000, 57.00000000000000000 ) ) ;
#2569 = CARTESIAN_POINT ( 'NONE',  ( 81.00000000000000000, -4.000000000000000000, -29.69999999999999929 ) ) ;
#2570 = LINE ( 'NONE', #2636, #806 ) ;
#2571 = CARTESIAN_POINT ( 'NONE',  ( -100.0000000000000000, -34.00000000000000000, 57.00000000000000000 ) ) ;
#2572 = ORIENTED_EDGE ( 'NONE', *, *, #311, .T. ) ;
#2573 = DIRECTION ( 'NONE',  ( 0.000000000000000000, 1.000000000000000000, 0.000000000000000000 ) ) ;
#2574 = VECTOR ( 'NONE', #1617, 1000.000000000000000 ) ;
#2575 = FACE_OUTER_BOUND ( 'NONE', #2319, .T. ) ;
#2576 = VECTOR ( 'NONE', #434, 1000.000000000000000 ) ;
#2577 = DIRECTION ( 'NONE',  ( 0.000000000000000000, 1.000000000000000000, 0.000000000000000000 ) ) ;
#2578 = ORIENTED_EDGE ( 'NONE', *, *, #2001, .T. ) ;
#2579 = FACE_OUTER_BOUND ( 'NONE', #2378, .T. ) ;
#2580 = VERTEX_POINT ( 'NONE', #2246 ) ;
#2581 = ORIENTED_EDGE ( 'NONE', *, *, #2872, .T. ) ;
#2582 = FACE_BOUND ( 'NONE', #2729, .T. ) ;
#2583 = ADVANCED_FACE ( 'NONE', ( #1241 ), #1507, .F. ) ;
#2584 = CARTESIAN_POINT ( 'NONE',  ( -110.0000000000000000, -37.00000000000000000, -64.50000000000000000 ) ) ;
#2585 = ADVANCED_FACE ( 'NONE', ( #2690 ), #297, .T. ) ;
#2586 = LINE ( 'NONE', #402, #1565 ) ;
#2587 = EDGE_CURVE ( 'NONE', #262, #1506, #2459, .T. ) ;
#2588 = CARTESIAN_POINT ( 'NONE',  ( 100.0000000000000000, 0.000000000000000000, -57.00000000000000000 ) ) ;
#2589 = ADVANCED_FACE ( 'NONE', ( #1746 ), #1035, .T. ) ;
#2590 = ORIENTED_EDGE ( 'NONE', *, *, #2811, .F. ) ;
#2591 = DIRECTION ( 'NONE',  ( 0.000000000000000000, 0.000000000000000000, 1.000000000000000000 ) ) ;
#2592 = VECTOR ( 'NONE', #2900, 1000.000000000000000 ) ;
#2593 = DIRECTION ( 'NONE',  ( 0.000000000000000000, 1.000000000000000000, 0.000000000000000000 ) ) ;
#2594 = DIRECTION ( 'NONE',  ( -0.000000000000000000, 1.000000000000000000, -0.000000000000000000 ) ) ;
#2595 = VERTEX_POINT ( 'NONE', #1005 ) ;
#2596 = CARTESIAN_POINT ( 'NONE',  ( 0.000000000000000000, -7.000000000000000000, 30.00000000000000000 ) ) ;
#2597 = ORIENTED_EDGE ( 'NONE', *, *, #635, .T. ) ;
#2598 = EDGE_LOOP ( 'NONE', ( #629, #1391, #1752, #2353 ) ) ;
#2599 = VECTOR ( 'NONE', #869, 1000.000000000000000 ) ;
#2600 = LINE ( 'NONE', #112, #855 ) ;
#2601 = EDGE_CURVE ( 'NONE', #1796, #1538, #1123, .T. ) ;
#2602 = LINE ( 'NONE', #1816, #1599 ) ;
#2603 = AXIS2_PLACEMENT_3D ( 'NONE', #3075, #1362, #1833 ) ;
#2604 = AXIS2_PLACEMENT_3D ( 'NONE', #847, #1086, #643 ) ;
#2605 = PLANE ( 'NONE',  #2279 ) ;
#2606 = LINE ( 'NONE', #2855, #3029 ) ;
#2607 = VECTOR ( 'NONE', #313, 1000.000000000000000 ) ;
#2608 = LINE ( 'NONE', #408, #2753 ) ;
#2609 = ORIENTED_EDGE ( 'NONE', *, *, #3142, .F. ) ;
#2610 = CARTESIAN_POINT ( 'NONE',  ( -80.00000000000000000, -4.000000000000000000, -4.299999999999999822 ) ) ;
#2611 = ORIENTED_EDGE ( 'NONE', *, *, #1521, .F. ) ;
#2612 = LINE ( 'NONE', #641, #97 ) ;
#2613 = ORIENTED_EDGE ( 'NONE', *, *, #2983, .T. ) ;
#2614 = CARTESIAN_POINT ( 'NONE',  ( -22.00000000000000000, 0.000000000000000000, -4.299999999999999822 ) ) ;
#2615 = VERTEX_POINT ( 'NONE', #1025 ) ;
#2616 = ORIENTED_EDGE ( 'NONE', *, *, #1533, .T. ) ;
#2617 = PLANE ( 'NONE',  #2747 ) ;
#2618 = CARTESIAN_POINT ( 'NONE',  ( -110.0000000000000000, -3.000000000000000000, -67.50000000000000000 ) ) ;
#2619 = DIRECTION ( 'NONE',  ( 0.000000000000000000, 0.000000000000000000, 1.000000000000000000 ) ) ;
#2620 = CARTESIAN_POINT ( 'NONE',  ( -48.00000000000000000, -3.000000000000000000, -18.00000000000000000 ) ) ;
#2621 = DIRECTION ( 'NONE',  ( -0.000000000000000000, 1.000000000000000000, -0.000000000000000000 ) ) ;
#2622 = ADVANCED_FACE ( 'NONE', ( #2538 ), #621, .T. ) ;
#2623 = CARTESIAN_POINT ( 'NONE',  ( 0.000000000000000000, -3.000000000000000000, -10.40000000000000036 ) ) ;
#2624 = EDGE_CURVE ( 'NONE', #1436, #777, #1519, .T. ) ;
#2625 = ORIENTED_EDGE ( 'NONE', *, *, #1619, .F. ) ;
#2626 = LINE ( 'NONE', #1605, #1461 ) ;
#2627 = ADVANCED_FACE ( 'NONE', ( #2522 ), #1539, .T. ) ;
#2628 = ORIENTED_EDGE ( 'NONE', *, *, #2437, .F. ) ;
#2629 = ORIENTED_EDGE ( 'NONE', *, *, #2380, .T. ) ;
#2630 = DIRECTION ( 'NONE',  ( 0.000000000000000000, 1.000000000000000000, 0.000000000000000000 ) ) ;
#2631 = VECTOR ( 'NONE', #2670, 1000.000000000000000 ) ;
#2632 = ORIENTED_EDGE ( 'NONE', *, *, #2686, .T. ) ;
#2633 = ORIENTED_EDGE ( 'NONE', *, *, #1442, .T. ) ;
#2634 = DIRECTION ( 'NONE',  ( -1.000000000000000000, -0.000000000000000000, -0.000000000000000000 ) ) ;
#2635 = LINE ( 'NONE', #1930, #171 ) ;
#2636 = CARTESIAN_POINT ( 'NONE',  ( -110.0000000000000000, -3.000000000000000000, -67.50000000000000000 ) ) ;
#2637 = DIRECTION ( 'NONE',  ( 0.000000000000000000, 0.000000000000000000, 1.000000000000000000 ) ) ;
#2638 = DIRECTION ( 'NONE',  ( 0.000000000000000000, 0.000000000000000000, 1.000000000000000000 ) ) ;
#2639 = CARTESIAN_POINT ( 'NONE',  ( 95.00000000000000000, -4.000000000000000000, -31.00000000000000000 ) ) ;
#2640 = CARTESIAN_POINT ( 'NONE',  ( 92.00000000000001421, -37.00000000000000000, 67.50000000000000000 ) ) ;
#2641 = VERTEX_POINT ( 'NONE', #2505 ) ;
#2642 = FACE_OUTER_BOUND ( 'NONE', #128, .T. ) ;
#2643 = CIRCLE ( 'NONE', #1253, 1.350000000000004086 ) ;
#2644 = VERTEX_POINT ( 'NONE', #2810 ) ;
#2645 = VERTEX_POINT ( 'NONE', #1806 ) ;
#2646 = CARTESIAN_POINT ( 'NONE',  ( 100.0000000000000000, -30.00000000000000000, 57.00000000000000000 ) ) ;
#2647 = EDGE_CURVE ( 'NONE', #2185, #2493, #373, .T. ) ;
#2648 = LINE ( 'NONE', #2915, #371 ) ;
#2649 = VECTOR ( 'NONE', #2541, 1000.000000000000000 ) ;
#2650 = CYLINDRICAL_SURFACE ( 'NONE', #1166, 1.350000000000004086 ) ;
#2651 = CARTESIAN_POINT ( 'NONE',  ( -100.0000000000000000, -30.00000000000000000, -57.00000000000000000 ) ) ;
#2652 = CARTESIAN_POINT ( 'NONE',  ( -78.00000000000000000, -37.00000000000000000, 67.50000000000000000 ) ) ;
#2653 = CIRCLE ( 'NONE', #2543, 5.000000000000004441 ) ;
#2654 = AXIS2_PLACEMENT_3D ( 'NONE', #19, #1232, #1472 ) ;
#2655 = DIRECTION ( 'NONE',  ( 1.000000000000000000, -0.000000000000000000, 0.000000000000000000 ) ) ;
#2656 = AXIS2_PLACEMENT_3D ( 'NONE', #282, #2982, #2216 ) ;
#2657 = CARTESIAN_POINT ( 'NONE',  ( -100.0000000000000000, -30.00000000000000000, 58.35000000000000853 ) ) ;
#2658 = EDGE_LOOP ( 'NONE', ( #587, #89, #2458, #428 ) ) ;
#2659 = CARTESIAN_POINT ( 'NONE',  ( 92.00000000000001421, -3.000000000000000000, 0.000000000000000000 ) ) ;
#2660 = ORIENTED_EDGE ( 'NONE', *, *, #288, .F. ) ;
#2661 = ORIENTED_EDGE ( 'NONE', *, *, #882, .T. ) ;
#2662 = LINE ( 'NONE', #229, #1669 ) ;
#2663 = EDGE_CURVE ( 'NONE', #827, #798, #1421, .T. ) ;
#2664 = DIRECTION ( 'NONE',  ( 0.000000000000000000, 1.000000000000000000, 0.000000000000000000 ) ) ;
#2665 = EDGE_CURVE ( 'NONE', #849, #2232, #105, .T. ) ;
#2666 = VECTOR ( 'NONE', #3124, 1000.000000000000000 ) ;
#2667 = CARTESIAN_POINT ( 'NONE',  ( 100.0000000000000000, -30.00000000000000000, -57.00000000000000000 ) ) ;
#2668 = DIRECTION ( 'NONE',  ( 0.000000000000000000, 0.000000000000000000, -1.000000000000000000 ) ) ;
#2669 = ADVANCED_FACE ( 'NONE', ( #340 ), #2063, .T. ) ;
#2670 = DIRECTION ( 'NONE',  ( -1.000000000000000000, 0.000000000000000000, 0.000000000000000000 ) ) ;
#2671 =( NAMED_UNIT ( * ) SI_UNIT ( $, .STERADIAN. ) SOLID_ANGLE_UNIT ( ) );
#2672 = CARTESIAN_POINT ( 'NONE',  ( 28.00000000000000000, -4.000000000000000000, -34.00000000000000000 ) ) ;
#2673 = CARTESIAN_POINT ( 'NONE',  ( -78.00000000000000000, -3.000000000000000000, 64.50000000000000000 ) ) ;
#2674 = ORIENTED_EDGE ( 'NONE', *, *, #2325, .T. ) ;
#2675 = CARTESIAN_POINT ( 'NONE',  ( -100.0000000000000000, -34.00000000000000000, 58.35000000000000853 ) ) ;
#2676 = VERTEX_POINT ( 'NONE', #567 ) ;
#2677 = ORIENTED_EDGE ( 'NONE', *, *, #2345, .F. ) ;
#2678 = FACE_OUTER_BOUND ( 'NONE', #122, .T. ) ;
#2679 = CARTESIAN_POINT ( 'NONE',  ( 81.00000000000000000, 0.000000000000000000, 46.70000000000000284 ) ) ;
#2680 = DIRECTION ( 'NONE',  ( -0.000000000000000000, 0.000000000000000000, 1.000000000000000000 ) ) ;
#2681 = EDGE_CURVE ( 'NONE', #2566, #2796, #135, .T. ) ;
#2682 = ADVANCED_FACE ( 'NONE', ( #2080 ), #1083, .F. ) ;
#2683 = DIRECTION ( 'NONE',  ( 0.000000000000000000, -1.000000000000000000, 0.000000000000000000 ) ) ;
#2684 = VECTOR ( 'NONE', #1886, 1000.000000000000000 ) ;
#2685 = LINE ( 'NONE', #2714, #1792 ) ;
#2686 = EDGE_CURVE ( 'NONE', #1089, #973, #1219, .T. ) ;
#2687 = EDGE_CURVE ( 'NONE', #2644, #2878, #603, .T. ) ;
#2688 = PLANE ( 'NONE',  #186 ) ;
#2689 = VERTEX_POINT ( 'NONE', #1283 ) ;
#2690 = FACE_OUTER_BOUND ( 'NONE', #379, .T. ) ;
#2691 = ORIENTED_EDGE ( 'NONE', *, *, #2989, .T. ) ;
#2692 = ORIENTED_EDGE ( 'NONE', *, *, #1532, .T. ) ;
#2693 = FACE_OUTER_BOUND ( 'NONE', #2658, .T. ) ;
#2694 = CYLINDRICAL_SURFACE ( 'NONE', #964, 1.350000000000004086 ) ;
#2695 = VECTOR ( 'NONE', #1986, 1000.000000000000000 ) ;
#2696 = ORIENTED_EDGE ( 'NONE', *, *, #3090, .F. ) ;
#2697 = VECTOR ( 'NONE', #814, 1000.000000000000000 ) ;
#2698 = PLANE ( 'NONE',  #873 ) ;
#2699 = DIRECTION ( 'NONE',  ( 1.000000000000000000, 0.000000000000000000, 0.000000000000000000 ) ) ;
#2700 = AXIS2_PLACEMENT_3D ( 'NONE', #17, #1942, #1094 ) ;
#2701 = DIRECTION ( 'NONE',  ( 0.000000000000000000, 0.000000000000000000, -1.000000000000000000 ) ) ;
#2702 = EDGE_CURVE ( 'NONE', #493, #1677, #2497, .T. ) ;
#2703 = VECTOR ( 'NONE', #200, 1000.000000000000000 ) ;
#2704 = VECTOR ( 'NONE', #2426, 1000.000000000000000 ) ;
#2705 = FACE_BOUND ( 'NONE', #296, .T. ) ;
#2706 = EDGE_LOOP ( 'NONE', ( #2448, #2086, #1497, #2892 ) ) ;
#2707 = CARTESIAN_POINT ( 'NONE',  ( 69.00000000000000000, 0.000000000000000000, -29.69999999999999929 ) ) ;
#2708 = VECTOR ( 'NONE', #1144, 1000.000000000000000 ) ;
#2709 = ORIENTED_EDGE ( 'NONE', *, *, #1948, .F. ) ;
#2710 = VERTEX_POINT ( 'NONE', #3016 ) ;
#2711 = FACE_OUTER_BOUND ( 'NONE', #2015, .T. ) ;
#2712 = VERTEX_POINT ( 'NONE', #2049 ) ;
#2713 = CARTESIAN_POINT ( 'NONE',  ( -110.0000000000000000, -37.00000000000000000, -67.50000000000000000 ) ) ;
#2714 = CARTESIAN_POINT ( 'NONE',  ( -22.00000000000000000, -4.000000000000000000, -4.299999999999999822 ) ) ;
#2715 = VERTEX_POINT ( 'NONE', #812 ) ;
#2716 = APPROVAL_STATUS ( 'not_yet_approved' ) ;
#2717 = DIRECTION ( 'NONE',  ( 0.000000000000000000, 0.000000000000000000, 1.000000000000000000 ) ) ;
#2718 = EDGE_CURVE ( 'NONE', #509, #143, #87, .T. ) ;
#2719 = VERTEX_POINT ( 'NONE', #1066 ) ;
#2720 = DIRECTION ( 'NONE',  ( 0.000000000000000000, 1.000000000000000000, 0.000000000000000000 ) ) ;
#2721 = ADVANCED_FACE ( 'NONE', ( #1571 ), #1776, .T. ) ;
#2722 = ORIENTED_EDGE ( 'NONE', *, *, #1869, .F. ) ;
#2723 = VERTEX_POINT ( 'NONE', #828 ) ;
#2724 = FACE_OUTER_BOUND ( 'NONE', #1604, .T. ) ;
#2725 = ORIENTED_EDGE ( 'NONE', *, *, #444, .F. ) ;
#2726 = DIRECTION ( 'NONE',  ( 0.000000000000000000, 0.000000000000000000, -1.000000000000000000 ) ) ;
#2727 = DIRECTION ( 'NONE',  ( 0.000000000000000000, -0.000000000000000000, 1.000000000000000000 ) ) ;
#2728 = AXIS2_PLACEMENT_3D ( 'NONE', #2454, #264, #2210 ) ;
#2729 = EDGE_LOOP ( 'NONE', ( #1546, #3086 ) ) ;
#2730 = VECTOR ( 'NONE', #1899, 1000.000000000000000 ) ;
#2731 = PERSON_AND_ORGANIZATION ( #2163, #1477 ) ;
#2732 = CARTESIAN_POINT ( 'NONE',  ( 0.000000000000000000, -37.00000000000000000, 0.000000000000000000 ) ) ;
#2733 = ORIENTED_EDGE ( 'NONE', *, *, #1442, .F. ) ;
#2734 = DIRECTION ( 'NONE',  ( 0.000000000000000000, 0.000000000000000000, -1.000000000000000000 ) ) ;
#2735 = ORIENTED_EDGE ( 'NONE', *, *, #1616, .F. ) ;
#2736 = ORIENTED_EDGE ( 'NONE', *, *, #524, .T. ) ;
#2737 = LINE ( 'NONE', #3096, #1055 ) ;
#2738 = DIRECTION ( 'NONE',  ( 0.000000000000000000, -1.000000000000000000, 0.000000000000000000 ) ) ;
#2739 = EDGE_LOOP ( 'NONE', ( #2779, #554, #1804, #833 ) ) ;
#2740 = CARTESIAN_POINT ( 'NONE',  ( -78.00000000000000000, -37.00000000000000000, 64.50000000000000000 ) ) ;
#2741 = DIRECTION ( 'NONE',  ( 0.000000000000000000, 0.000000000000000000, 1.000000000000000000 ) ) ;
#2742 = VECTOR ( 'NONE', #6, 1000.000000000000000 ) ;
#2743 = AXIS2_PLACEMENT_3D ( 'NONE', #179, #2122, #1679 ) ;
#2744 = CARTESIAN_POINT ( 'NONE',  ( -100.0000000000000000, 0.000000000000000000, 58.35000000000000853 ) ) ;
#2745 = ORIENTED_EDGE ( 'NONE', *, *, #70, .T. ) ;
#2746 = DIRECTION ( 'NONE',  ( -0.000000000000000000, 1.000000000000000000, -0.000000000000000000 ) ) ;
#2747 = AXIS2_PLACEMENT_3D ( 'NONE', #1198, #2412, #696 ) ;
#2748 = VECTOR ( 'NONE', #30, 1000.000000000000000 ) ;
#2749 = VERTEX_POINT ( 'NONE', #585 ) ;
#2750 = DIRECTION ( 'NONE',  ( 0.000000000000000000, 1.000000000000000000, 0.000000000000000000 ) ) ;
#2751 = VECTOR ( 'NONE', #2816, 1000.000000000000000 ) ;
#2752 = CARTESIAN_POINT ( 'NONE',  ( -34.00000000000000000, -4.000000000000000000, -4.299999999999999822 ) ) ;
#2753 = VECTOR ( 'NONE', #166, 1000.000000000000000 ) ;
#2754 = ORIENTED_EDGE ( 'NONE', *, *, #2555, .F. ) ;
#2755 = EDGE_CURVE ( 'NONE', #1959, #2985, #1318, .T. ) ;
#2756 = LINE ( 'NONE', #2740, #817 ) ;
#2757 = ADVANCED_FACE ( 'NONE', ( #1854 ), #2094, .T. ) ;
#2758 = CARTESIAN_POINT ( 'NONE',  ( -110.0000000000000000, 0.000000000000000000, -67.50000000000000000 ) ) ;
#2759 = ADVANCED_FACE ( 'NONE', ( #939 ), #185, .F. ) ;
#2760 = DIRECTION ( 'NONE',  ( 0.000000000000000000, -0.000000000000000000, 1.000000000000000000 ) ) ;
#2761 = ORIENTED_EDGE ( 'NONE', *, *, #2791, .F. ) ;
#2762 = DIRECTION ( 'NONE',  ( 0.000000000000000000, 1.000000000000000000, 0.000000000000000000 ) ) ;
#2763 = EDGE_LOOP ( 'NONE', ( #2017, #111, #380, #1296 ) ) ;
#2764 = DIRECTION ( 'NONE',  ( 0.000000000000000000, 1.000000000000000000, 0.000000000000000000 ) ) ;
#2765 = CARTESIAN_POINT ( 'NONE',  ( 110.0000000000000000, -3.000000000000000000, 67.50000000000000000 ) ) ;
#2766 = LINE ( 'NONE', #2830, #1975 ) ;
#2767 = EDGE_LOOP ( 'NONE', ( #1481, #268 ) ) ;
#2768 = CARTESIAN_POINT ( 'NONE',  ( -100.0000000000000000, -30.00000000000000000, 62.00000000000000711 ) ) ;
#2769 = PLANE ( 'NONE',  #2728 ) ;
#2770 = EDGE_CURVE ( 'NONE', #1582, #2719, #1905, .T. ) ;
#2771 = CARTESIAN_POINT ( 'NONE',  ( 30.00000000000000000, 0.000000000000000000, 43.29999999999999716 ) ) ;
#2772 = EDGE_CURVE ( 'NONE', #2025, #399, #609, .T. ) ;
#2773 = VECTOR ( 'NONE', #500, 1000.000000000000000 ) ;
#2774 = LINE ( 'NONE', #2790, #133 ) ;
#2775 = ADVANCED_FACE ( 'NONE', ( #2888 ), #951, .T. ) ;
#2776 = ORIENTED_EDGE ( 'NONE', *, *, #150, .T. ) ;
#2777 = MANIFOLD_SOLID_BREP ( 'Adjustable_Sensor_Rail_2', #2125 ) ;
#2778 = DIRECTION ( 'NONE',  ( 0.000000000000000000, 0.000000000000000000, 1.000000000000000000 ) ) ;
#2779 = ORIENTED_EDGE ( 'NONE', *, *, #2665, .F. ) ;
#2780 = DIRECTION ( 'NONE',  ( 0.000000000000000000, 0.000000000000000000, 1.000000000000000000 ) ) ;
#2781 = CARTESIAN_POINT ( 'NONE',  ( -68.00000000000000000, 0.000000000000000000, -4.299999999999999822 ) ) ;
#2782 = DIRECTION ( 'NONE',  ( -1.000000000000000000, -0.000000000000000000, -0.000000000000000000 ) ) ;
#2783 = VERTEX_POINT ( 'NONE', #2623 ) ;
#2784 = EDGE_LOOP ( 'NONE', ( #1337, #1041, #1579, #1026 ) ) ;
#2785 = CARTESIAN_POINT ( 'NONE',  ( -11.00000000000000000, -3.000000000000000000, 43.29999999999999716 ) ) ;
#2786 = CARTESIAN_POINT ( 'NONE',  ( -107.0000000000000000, -37.00000000000000000, 67.50000000000000000 ) ) ;
#2787 = CARTESIAN_POINT ( 'NONE',  ( -100.0000000000000000, -34.00000000000000000, -55.64999999999999858 ) ) ;
#2788 = CARTESIAN_POINT ( 'NONE',  ( 107.0000000000000000, -3.000000000000000000, 0.000000000000000000 ) ) ;
#2789 = CIRCLE ( 'NONE', #1050, 1.599999999999997202 ) ;
#2790 = CARTESIAN_POINT ( 'NONE',  ( 100.0000000000000000, -30.00000000000000000, 62.00000000000000711 ) ) ;
#2791 = EDGE_CURVE ( 'NONE', #2484, #1938, #2077, .T. ) ;
#2792 = AXIS2_PLACEMENT_3D ( 'NONE', #2560, #2750, #558 ) ;
#2793 = ORIENTED_EDGE ( 'NONE', *, *, #1483, .F. ) ;
#2794 = CARTESIAN_POINT ( 'NONE',  ( -110.0000000000000000, -3.000000000000000000, 67.50000000000000000 ) ) ;
#2795 = EDGE_CURVE ( 'NONE', #1928, #931, #1891, .T. ) ;
#2796 = VERTEX_POINT ( 'NONE', #1653 ) ;
#2797 = CARTESIAN_POINT ( 'NONE',  ( 42.00000000000000000, -3.000000000000000000, 0.000000000000000000 ) ) ;
#2798 = DIRECTION ( 'NONE',  ( 0.000000000000000000, 1.000000000000000000, 0.000000000000000000 ) ) ;
#2799 = VECTOR ( 'NONE', #918, 1000.000000000000000 ) ;
#2800 = LINE ( 'NONE', #1355, #502 ) ;
#2801 = VECTOR ( 'NONE', #461, 1000.000000000000000 ) ;
#2802 = VERTEX_POINT ( 'NONE', #2406 ) ;
#2803 = EDGE_LOOP ( 'NONE', ( #550, #1814, #1354, #1882 ) ) ;
#2804 = LINE ( 'NONE', #161, #551 ) ;
#2805 = DIRECTION ( 'NONE',  ( 0.000000000000000000, 1.000000000000000000, 0.000000000000000000 ) ) ;
#2806 = VECTOR ( 'NONE', #1178, 1000.000000000000000 ) ;
#2807 = CARTESIAN_POINT ( 'NONE',  ( -100.0000000000000000, -2.999999999999999112, 62.00000000000000711 ) ) ;
#2808 = CARTESIAN_POINT ( 'NONE',  ( 69.00000000000000000, 0.000000000000000000, -26.30000000000000071 ) ) ;
#2809 = ORIENTED_EDGE ( 'NONE', *, *, #508, .T. ) ;
#2810 = CARTESIAN_POINT ( 'NONE',  ( -48.55677643628300189, -3.000000000000001776, -64.50000000000000000 ) ) ;
#2811 = EDGE_CURVE ( 'NONE', #1861, #978, #458, .T. ) ;
#2812 = EDGE_CURVE ( 'NONE', #2641, #489, #701, .T. ) ;
#2813 = CARTESIAN_POINT ( 'NONE',  ( 107.0000000000000000, -37.00000000000000000, 67.50000000000000000 ) ) ;
#2814 = CARTESIAN_POINT ( 'NONE',  ( -110.0000000000000000, -37.00000000000000000, -67.50000000000000000 ) ) ;
#2815 = ORIENTED_EDGE ( 'NONE', *, *, #2875, .F. ) ;
#2816 = DIRECTION ( 'NONE',  ( -1.000000000000000000, 0.000000000000000000, 0.000000000000000000 ) ) ;
#2817 = EDGE_CURVE ( 'NONE', #2232, #2874, #2235, .T. ) ;
#2818 = ORIENTED_EDGE ( 'NONE', *, *, #672, .T. ) ;
#2819 = ORIENTED_EDGE ( 'NONE', *, *, #543, .T. ) ;
#2820 = CARTESIAN_POINT ( 'NONE',  ( 1.000000000000000000, -3.000000000000000000, 46.70000000000000284 ) ) ;
#2821 = FACE_OUTER_BOUND ( 'NONE', #61, .T. ) ;
#2822 = LINE ( 'NONE', #2787, #709 ) ;
#2823 = DIRECTION ( 'NONE',  ( 0.000000000000000000, -1.000000000000000000, 0.000000000000000000 ) ) ;
#2824 = ORIENTED_EDGE ( 'NONE', *, *, #1245, .F. ) ;
#2825 = CARTESIAN_POINT ( 'NONE',  ( -48.00000000000000000, -7.000000000000000000, -63.00000000000000000 ) ) ;
#2826 = VECTOR ( 'NONE', #469, 1000.000000000000000 ) ;
#2827 = FACE_OUTER_BOUND ( 'NONE', #2135, .T. ) ;
#2828 = VECTOR ( 'NONE', #2530, 1000.000000000000000 ) ;
#2829 = VERTEX_POINT ( 'NONE', #1603 ) ;
#2830 = CARTESIAN_POINT ( 'NONE',  ( -110.0000000000000000, 0.000000000000000000, -67.50000000000000000 ) ) ;
#2831 = ORIENTED_EDGE ( 'NONE', *, *, #2795, .F. ) ;
#2832 = ORIENTED_EDGE ( 'NONE', *, *, #2687, .T. ) ;
#2833 = DIRECTION ( 'NONE',  ( -0.000000000000000000, 0.000000000000000000, 1.000000000000000000 ) ) ;
#2834 = DIRECTION ( 'NONE',  ( 0.000000000000000000, 1.000000000000000000, 0.000000000000000000 ) ) ;
#2835 = CARTESIAN_POINT ( 'NONE',  ( 30.00000000000000000, -4.000000000000000000, 46.70000000000000284 ) ) ;
#2836 = DIRECTION ( 'NONE',  ( 0.000000000000000000, 1.000000000000000000, 0.000000000000000000 ) ) ;
#2837 = DIRECTION ( 'NONE',  ( 0.000000000000000000, 1.000000000000000000, 0.000000000000000000 ) ) ;
#2838 = CIRCLE ( 'NONE', #2225, 1.600000000000004086 ) ;
#2839 = AXIS2_PLACEMENT_3D ( 'NONE', #2470, #521, #751 ) ;
#2840 = DIRECTION ( 'NONE',  ( 0.000000000000000000, -0.000000000000000000, 1.000000000000000000 ) ) ;
#2841 = ORIENTED_EDGE ( 'NONE', *, *, #1963, .T. ) ;
#2842 = LINE ( 'NONE', #970, #148 ) ;
#2843 = LINE ( 'NONE', #175, #1820 ) ;
#2844 = ORIENTED_EDGE ( 'NONE', *, *, #975, .F. ) ;
#2845 = VERTEX_POINT ( 'NONE', #1875 ) ;
#2846 = VECTOR ( 'NONE', #1706, 1000.000000000000000 ) ;
#2847 = LINE ( 'NONE', #2867, #2231 ) ;
#2848 = CARTESIAN_POINT ( 'NONE',  ( 1.000000000000000000, -4.000000000000000000, 46.70000000000000284 ) ) ;
#2849 = VECTOR ( 'NONE', #684, 1000.000000000000000 ) ;
#2850 = VECTOR ( 'NONE', #330, 1000.000000000000000 ) ;
#2851 = EDGE_CURVE ( 'NONE', #798, #827, #1019, .T. ) ;
#2852 = DIRECTION ( 'NONE',  ( 0.000000000000000000, 1.000000000000000000, 0.000000000000000000 ) ) ;
#2853 = EDGE_CURVE ( 'NONE', #2878, #1213, #1676, .T. ) ;
#2854 = DIRECTION ( 'NONE',  ( 1.000000000000000000, 0.000000000000000000, 0.000000000000000000 ) ) ;
#2855 = CARTESIAN_POINT ( 'NONE',  ( -11.00000000000000000, 0.000000000000000000, 46.70000000000000284 ) ) ;
#2856 = AXIS2_PLACEMENT_3D ( 'NONE', #1826, #2577, #77 ) ;
#2857 = EDGE_CURVE ( 'NONE', #2312, #2202, #1622, .T. ) ;
#2858 = VECTOR ( 'NONE', #608, 1000.000000000000000 ) ;
#2859 = CARTESIAN_POINT ( 'NONE',  ( 77.00000000000000000, -37.00000000000000000, 67.50000000000000000 ) ) ;
#2860 = FACE_OUTER_BOUND ( 'NONE', #1045, .T. ) ;
#2861 = ORIENTED_EDGE ( 'NONE', *, *, #2044, .F. ) ;
#2862 = PLANE ( 'NONE',  #1880 ) ;
#2863 = ORIENTED_EDGE ( 'NONE', *, *, #2851, .F. ) ;
#2864 = DIRECTION ( 'NONE',  ( 0.000000000000000000, 1.000000000000000000, 0.000000000000000000 ) ) ;
#2865 = ORIENTED_EDGE ( 'NONE', *, *, #542, .T. ) ;
#2866 = VERTEX_POINT ( 'NONE', #2873 ) ;
#2867 = CARTESIAN_POINT ( 'NONE',  ( 69.00000000000000000, 0.000000000000000000, 43.29999999999999716 ) ) ;
#2868 = CARTESIAN_POINT ( 'NONE',  ( -93.55677643628301610, -7.000000000000000000, -64.50000000000000000 ) ) ;
#2869 = LINE ( 'NONE', #2387, #2703 ) ;
#2870 = LINE ( 'NONE', #2404, #83 ) ;
#2871 = CARTESIAN_POINT ( 'NONE',  ( -12.00000000000000000, -37.00000000000000000, 67.50000000000000000 ) ) ;
#2872 = EDGE_CURVE ( 'NONE', #157, #1196, #2608, .T. ) ;
#2873 = CARTESIAN_POINT ( 'NONE',  ( -107.0000000000000000, -3.000000000000000000, -64.50000000000000000 ) ) ;
#2874 = VERTEX_POINT ( 'NONE', #3094 ) ;
#2875 = EDGE_CURVE ( 'NONE', #834, #2312, #673, .T. ) ;
#2876 = CYLINDRICAL_SURFACE ( 'NONE', #488, 5.000000000000004441 ) ;
#2877 = ORIENTED_EDGE ( 'NONE', *, *, #1248, .F. ) ;
#2878 = VERTEX_POINT ( 'NONE', #3128 ) ;
#2879 = DIRECTION ( 'NONE',  ( 0.000000000000000000, 1.000000000000000000, 0.000000000000000000 ) ) ;
#2880 = AXIS2_PLACEMENT_3D ( 'NONE', #2571, #2621, #618 ) ;
#2881 = ORIENTED_EDGE ( 'NONE', *, *, #547, .T. ) ;
#2882 = ORIENTED_EDGE ( 'NONE', *, *, #2770, .T. ) ;
#2883 = DIRECTION ( 'NONE',  ( 0.000000000000000000, 0.000000000000000000, 1.000000000000000000 ) ) ;
#2884 = DIRECTION ( 'NONE',  ( 1.000000000000000000, -0.000000000000000000, 0.000000000000000000 ) ) ;
#2885 = LINE ( 'NONE', #182, #501 ) ;
#2886 = CARTESIAN_POINT ( 'NONE',  ( -100.0000000000000000, -2.999999999999999112, 52.00000000000000000 ) ) ;
#2887 = CARTESIAN_POINT ( 'NONE',  ( -0.000000000000000000, -3.000000000000000000, -64.50000000000000000 ) ) ;
#2888 = FACE_OUTER_BOUND ( 'NONE', #2316, .T. ) ;
#2889 = EDGE_CURVE ( 'NONE', #3097, #2749, #2375, .T. ) ;
#2890 = CARTESIAN_POINT ( 'NONE',  ( -11.00000000000000000, 0.000000000000000000, 46.70000000000000284 ) ) ;
#2891 = EDGE_CURVE ( 'NONE', #1972, #1170, #471, .T. ) ;
#2892 = ORIENTED_EDGE ( 'NONE', *, *, #462, .F. ) ;
#2893 = LINE ( 'NONE', #706, #1168 ) ;
#2894 = VECTOR ( 'NONE', #1451, 1000.000000000000000 ) ;
#2895 = ORIENTED_EDGE ( 'NONE', *, *, #653, .T. ) ;
#2896 = EDGE_LOOP ( 'NONE', ( #2462, #1467, #1993, #3031 ) ) ;
#2897 = LINE ( 'NONE', #1914, #1260 ) ;
#2898 = CARTESIAN_POINT ( 'NONE',  ( 100.0000000000000000, 0.000000000000000000, 57.00000000000000000 ) ) ;
#2899 = DIRECTION ( 'NONE',  ( -0.000000000000000000, 1.000000000000000000, -0.000000000000000000 ) ) ;
#2900 = DIRECTION ( 'NONE',  ( 0.000000000000000000, 1.000000000000000000, 0.000000000000000000 ) ) ;
#2901 = CARTESIAN_POINT ( 'NONE',  ( -110.0000000000000000, -37.00000000000000000, 67.50000000000000000 ) ) ;
#2902 = VECTOR ( 'NONE', #1799, 1000.000000000000000 ) ;
#2903 = AXIS2_PLACEMENT_3D ( 'NONE', #2752, #1528, #2510 ) ;
#2904 = CARTESIAN_POINT ( 'NONE',  ( -110.0000000000000000, -3.000000000000000000, 67.50000000000000000 ) ) ;
#2905 = AXIS2_PLACEMENT_3D ( 'NONE', #1970, #2230, #44 ) ;
#2906 = CARTESIAN_POINT ( 'NONE',  ( 96.00000000000000000, -7.000000000000000000, -10.39999999999999680 ) ) ;
#2907 = VERTEX_POINT ( 'NONE', #971 ) ;
#2908 = CC_DESIGN_APPROVAL ( #1574, ( #2447 ) ) ;
#2909 = FACE_OUTER_BOUND ( 'NONE', #1069, .T. ) ;
#2910 = EDGE_CURVE ( 'NONE', #929, #2519, #2422, .T. ) ;
#2911 = ADVANCED_FACE ( 'NONE', ( #3162 ), #1936, .T. ) ;
#2912 = ORIENTED_EDGE ( 'NONE', *, *, #2983, .F. ) ;
#2913 = ORIENTED_EDGE ( 'NONE', *, *, #290, .F. ) ;
#2914 = DIRECTION ( 'NONE',  ( -1.000000000000000000, -0.000000000000000000, -0.000000000000000000 ) ) ;
#2915 = CARTESIAN_POINT ( 'NONE',  ( -110.0000000000000000, -3.000000000000000000, 67.50000000000000000 ) ) ;
#2916 = ADVANCED_FACE ( 'NONE', ( #1334 ), #93, .T. ) ;
#2917 = VECTOR ( 'NONE', #1901, 1000.000000000000000 ) ;
#2918 = DIRECTION ( 'NONE',  ( 0.000000000000000000, 1.000000000000000000, 0.000000000000000000 ) ) ;
#2919 = EDGE_CURVE ( 'NONE', #1959, #1468, #2262, .T. ) ;
#2920 = LINE ( 'NONE', #936, #2917 ) ;
#2921 = DIRECTION ( 'NONE',  ( 1.000000000000000000, 0.000000000000000000, 0.000000000000000000 ) ) ;
#2922 = FACE_BOUND ( 'NONE', #769, .T. ) ;
#2923 = FACE_BOUND ( 'NONE', #221, .T. ) ;
#2924 = ORIENTED_EDGE ( 'NONE', *, *, #767, .T. ) ;
#2925 = LINE ( 'NONE', #256, #3106 ) ;
#2926 = EDGE_CURVE ( 'NONE', #1646, #1913, #556, .T. ) ;
#2927 = ORIENTED_EDGE ( 'NONE', *, *, #1748, .T. ) ;
#2928 = ORIENTED_EDGE ( 'NONE', *, *, #2891, .F. ) ;
#2929 = LINE ( 'NONE', #1470, #1721 ) ;
#2930 = DIRECTION ( 'NONE',  ( 1.000000000000000000, 0.000000000000000000, 0.000000000000000000 ) ) ;
#2931 = AXIS2_PLACEMENT_3D ( 'NONE', #100, #2805, #851 ) ;
#2932 = EDGE_LOOP ( 'NONE', ( #2733, #365, #1335, #2491 ) ) ;
#2933 = CYLINDRICAL_SURFACE ( 'NONE', #239, 1.350000000000004086 ) ;
#2934 = AXIS2_PLACEMENT_3D ( 'NONE', #1173, #1457, #1648 ) ;
#2935 = CARTESIAN_POINT ( 'NONE',  ( 0.000000000000000000, -37.00000000000000000, 0.000000000000000000 ) ) ;
#2936 = ORIENTED_EDGE ( 'NONE', *, *, #1748, .F. ) ;
#2937 = FACE_OUTER_BOUND ( 'NONE', #357, .T. ) ;
#2938 = ORIENTED_EDGE ( 'NONE', *, *, #1343, .F. ) ;
#2939 = CARTESIAN_POINT ( 'NONE',  ( -100.0000000000000000, -30.00000000000000000, 62.00000000000000711 ) ) ;
#2940 = ORIENTED_EDGE ( 'NONE', *, *, #2772, .F. ) ;
#2941 = ORIENTED_EDGE ( 'NONE', *, *, #505, .T. ) ;
#2942 = CARTESIAN_POINT ( 'NONE',  ( 107.0000000000000000, -37.00000000000000000, -64.50000000000000000 ) ) ;
#2943 = CIRCLE ( 'NONE', #439, 5.000000000000004441 ) ;
#2944 = ORIENTED_EDGE ( 'NONE', *, *, #632, .T. ) ;
#2945 = AXIS2_PLACEMENT_3D ( 'NONE', #1302, #878, #2033 ) ;
#2946 = CARTESIAN_POINT ( 'NONE',  ( 96.00000000000000000, -7.000000000000000000, 28.39999999999999503 ) ) ;
#2947 = CARTESIAN_POINT ( 'NONE',  ( -80.00000000000000000, 0.000000000000000000, -4.299999999999999822 ) ) ;
#2948 = EDGE_CURVE ( 'NONE', #694, #811, #3034, .T. ) ;
#2949 = ORIENTED_EDGE ( 'NONE', *, *, #3143, .F. ) ;
#2950 = AXIS2_PLACEMENT_3D ( 'NONE', #2321, #900, #1562 ) ;
#2951 = APPROVAL_DATE_TIME ( #1966, #1998 ) ;
#2952 = EDGE_CURVE ( 'NONE', #2845, #1677, #1053, .T. ) ;
#2953 = AXIS2_PLACEMENT_3D ( 'NONE', #1634, #2680, #2172 ) ;
#2954 = VECTOR ( 'NONE', #1389, 1000.000000000000000 ) ;
#2955 = FACE_BOUND ( 'NONE', #1250, .T. ) ;
#2956 = ORIENTED_EDGE ( 'NONE', *, *, #859, .F. ) ;
#2957 = CARTESIAN_POINT ( 'NONE',  ( 92.00000000000001421, -37.00000000000000000, 67.50000000000000000 ) ) ;
#2958 = VECTOR ( 'NONE', #1558, 1000.000000000000000 ) ;
#2959 = AXIS2_PLACEMENT_3D ( 'NONE', #1121, #2798, #3020 ) ;
#2960 = EDGE_LOOP ( 'NONE', ( #614, #1261, #2661, #1795 ) ) ;
#2961 = ORIENTED_EDGE ( 'NONE', *, *, #2044, .T. ) ;
#2962 = DIRECTION ( 'NONE',  ( 0.000000000000000000, 0.000000000000000000, -1.000000000000000000 ) ) ;
#2963 = ORIENTED_EDGE ( 'NONE', *, *, #383, .T. ) ;
#2964 = DIRECTION ( 'NONE',  ( -0.000000000000000000, 0.000000000000000000, 1.000000000000000000 ) ) ;
#2965 = DIRECTION ( 'NONE',  ( 0.000000000000000000, 0.000000000000000000, -1.000000000000000000 ) ) ;
#2966 = APPROVAL_DATE_TIME ( #579, #1574 ) ;
#2967 = CARTESIAN_POINT ( 'NONE',  ( 69.00000000000000000, -3.000000000000000000, 0.000000000000000000 ) ) ;
#2968 = ORIENTED_EDGE ( 'NONE', *, *, #2624, .T. ) ;
#2969 = CARTESIAN_POINT ( 'NONE',  ( -41.99999999999999289, -37.00000000000000000, 67.50000000000000000 ) ) ;
#2970 = EDGE_LOOP ( 'NONE', ( #1243, #755, #874, #228 ) ) ;
#2971 = ORIENTED_EDGE ( 'NONE', *, *, #2889, .T. ) ;
#2972 = DIRECTION ( 'NONE',  ( -0.000000000000000000, 0.000000000000000000, 1.000000000000000000 ) ) ;
#2973 = ORIENTED_EDGE ( 'NONE', *, *, #3048, .F. ) ;
#2974 = CARTESIAN_POINT ( 'NONE',  ( -11.00000000000000000, -4.000000000000000000, 46.70000000000000284 ) ) ;
#2975 = DIRECTION ( 'NONE',  ( -1.000000000000000000, 0.000000000000000000, -0.000000000000000000 ) ) ;
#2976 = AXIS2_PLACEMENT_3D ( 'NONE', #370, #1380, #1130 ) ;
#2977 = VERTEX_POINT ( 'NONE', #2542 ) ;
#2978 = VECTOR ( 'NONE', #1409, 1000.000000000000000 ) ;
#2979 = DATE_AND_TIME ( #2532, #2289 ) ;
#2980 = CARTESIAN_POINT ( 'NONE',  ( -93.00000000000000000, -7.000000000000000000, -18.00000000000000000 ) ) ;
#2981 = ORIENTED_EDGE ( 'NONE', *, *, #1245, .T. ) ;
#2982 = DIRECTION ( 'NONE',  ( 0.000000000000000000, 1.000000000000000000, 0.000000000000000000 ) ) ;
#2983 = EDGE_CURVE ( 'NONE', #884, #645, #1592, .T. ) ;
#2984 = ADVANCED_FACE ( 'NONE', ( #376 ), #862, .F. ) ;
#2985 = VERTEX_POINT ( 'NONE', #571 ) ;
#2986 = ORIENTED_EDGE ( 'NONE', *, *, #2420, .T. ) ;
#2987 = FACE_OUTER_BOUND ( 'NONE', #1583, .T. ) ;
#2988 = ORIENTED_EDGE ( 'NONE', *, *, #2446, .T. ) ;
#2989 = EDGE_CURVE ( 'NONE', #639, #412, #2067, .T. ) ;
#2990 = ORIENTED_EDGE ( 'NONE', *, *, #2624, .F. ) ;
#2991 = CARTESIAN_POINT ( 'NONE',  ( 28.00000000000000000, -4.000000000000000000, -49.00000000000000000 ) ) ;
#2992 = CARTESIAN_POINT ( 'NONE',  ( -100.0000000000000000, -30.00000000000000000, 57.00000000000000000 ) ) ;
#2993 = AXIS2_PLACEMENT_3D ( 'NONE', #1855, #1133, #2840 ) ;
#2994 = APPROVAL_ROLE ( '' ) ;
#2995 = VECTOR ( 'NONE', #1216, 1000.000000000000000 ) ;
#2996 = LINE ( 'NONE', #553, #2119 ) ;
#2997 = VERTEX_POINT ( 'NONE', #2814 ) ;
#2998 = CARTESIAN_POINT ( 'NONE',  ( -0.000000000000000000, -3.000000000000000000, -64.50000000000000000 ) ) ;
#2999 = CIRCLE ( 'NONE', #341, 5.000000000000004441 ) ;
#3000 = VECTOR ( 'NONE', #930, 1000.000000000000000 ) ;
#3001 = ORIENTED_EDGE ( 'NONE', *, *, #2811, .T. ) ;
#3002 = CYLINDRICAL_SURFACE ( 'NONE', #2486, 1.600000000000004086 ) ;
#3003 = CARTESIAN_POINT ( 'NONE',  ( -110.0000000000000000, -6.999999999999999112, -64.50000000000000000 ) ) ;
#3004 = AXIS2_PLACEMENT_3D ( 'NONE', #2310, #2778, #2328 ) ;
#3005 = LINE ( 'NONE', #1103, #199 ) ;
#3006 = EDGE_CURVE ( 'NONE', #2546, #512, #815, .T. ) ;
#3007 = EDGE_CURVE ( 'NONE', #327, #658, #1780, .T. ) ;
#3008 = ORIENTED_EDGE ( 'NONE', *, *, #444, .T. ) ;
#3009 = LINE ( 'NONE', #1247, #1010 ) ;
#3010 = EDGE_CURVE ( 'NONE', #1089, #399, #623, .T. ) ;
#3011 = DIRECTION ( 'NONE',  ( 0.000000000000000000, 0.000000000000000000, 1.000000000000000000 ) ) ;
#3012 = EDGE_CURVE ( 'NONE', #398, #1068, #2331, .T. ) ;
#3013 = PERSON_AND_ORGANIZATION ( #2163, #1477 ) ;
#3014 = DIRECTION ( 'NONE',  ( 0.000000000000000000, 0.000000000000000000, 1.000000000000000000 ) ) ;
#3015 = ORIENTED_EDGE ( 'NONE', *, *, #1073, .F. ) ;
#3016 = CARTESIAN_POINT ( 'NONE',  ( -68.00000000000000000, -3.000000000000000000, -7.700000000000000178 ) ) ;
#3017 = EDGE_LOOP ( 'NONE', ( #2973, #2241, #2861, #880 ) ) ;
#3018 = ORIENTED_EDGE ( 'NONE', *, *, #1131, .F. ) ;
#3019 = LINE ( 'NONE', #830, #1867 ) ;
#3020 = DIRECTION ( 'NONE',  ( 0.000000000000000000, 0.000000000000000000, 1.000000000000000000 ) ) ;
#3021 = DIRECTION ( 'NONE',  ( 0.000000000000000000, -1.000000000000000000, 0.000000000000000000 ) ) ;
#3022 = EDGE_LOOP ( 'NONE', ( #2229, #3081, #2318, #464 ) ) ;
#3023 = VERTEX_POINT ( 'NONE', #1321 ) ;
#3024 = DIRECTION ( 'NONE',  ( 0.000000000000000000, 0.000000000000000000, -1.000000000000000000 ) ) ;
#3025 = CARTESIAN_POINT ( 'NONE',  ( 28.00000000000000000, -4.000000000000000000, -34.00000000000000000 ) ) ;
#3026 = ADVANCED_FACE ( 'NONE', ( #2561 ), #1303, .T. ) ;
#3027 = DIRECTION ( 'NONE',  ( -0.000000000000000000, 1.000000000000000000, -0.000000000000000000 ) ) ;
#3028 = DIRECTION ( 'NONE',  ( 0.000000000000000000, 0.000000000000000000, 1.000000000000000000 ) ) ;
#3029 = VECTOR ( 'NONE', #1096, 1000.000000000000000 ) ;
#3030 = DIRECTION ( 'NONE',  ( 0.000000000000000000, 1.000000000000000000, 0.000000000000000000 ) ) ;
#3031 = ORIENTED_EDGE ( 'NONE', *, *, #1299, .T. ) ;
#3032 = CARTESIAN_POINT ( 'NONE',  ( -48.00000000000000000, -7.000000000000000000, -18.00000000000000000 ) ) ;
#3033 = PLANE ( 'NONE',  #1716 ) ;
#3034 = LINE ( 'NONE', #124, #765 ) ;
#3035 = DIRECTION ( 'NONE',  ( 0.000000000000000000, -1.000000000000000000, 0.000000000000000000 ) ) ;
#3036 = ORIENTED_EDGE ( 'NONE', *, *, #1119, .F. ) ;
#3037 = ORIENTED_EDGE ( 'NONE', *, *, #1152, .T. ) ;
#3038 = DIRECTION ( 'NONE',  ( 1.000000000000000000, 0.000000000000000000, 0.000000000000000000 ) ) ;
#3039 = CARTESIAN_POINT ( 'NONE',  ( -93.00000000000000000, -7.000000000000000000, -18.00000000000000000 ) ) ;
#3040 = LINE ( 'NONE', #2553, #1114 ) ;
#3041 = DIRECTION ( 'NONE',  ( 1.000000000000000000, 0.000000000000000000, 0.000000000000000000 ) ) ;
#3042 = CC_DESIGN_DATE_AND_TIME_ASSIGNMENT ( #2979, #1491, ( #819 ) ) ;
#3043 = EDGE_CURVE ( 'NONE', #2997, #1582, #831, .T. ) ;
#3044 = EDGE_CURVE ( 'NONE', #1270, #568, #2082, .T. ) ;
#3045 = VECTOR ( 'NONE', #472, 1000.000000000000000 ) ;
#3046 = VECTOR ( 'NONE', #76, 1000.000000000000000 ) ;
#3047 = ORIENTED_EDGE ( 'NONE', *, *, #406, .T. ) ;
#3048 = EDGE_CURVE ( 'NONE', #624, #2645, #1527, .T. ) ;
#3049 = CARTESIAN_POINT ( 'NONE',  ( -100.0000000000000000, -30.00000000000000000, -57.00000000000000000 ) ) ;
#3050 = ORIENTED_EDGE ( 'NONE', *, *, #1399, .T. ) ;
#3051 = DIRECTION ( 'NONE',  ( 0.000000000000000000, 0.000000000000000000, 1.000000000000000000 ) ) ;
#3052 = CARTESIAN_POINT ( 'NONE',  ( 28.00000000000000000, -4.000000000000000000, -52.00000000000000000 ) ) ;
#3053 = VERTEX_POINT ( 'NONE', #559 ) ;
#3054 = CIRCLE ( 'NONE', #1466, 1.600000000000004086 ) ;
#3055 = DIRECTION ( 'NONE',  ( 0.000000000000000000, 0.000000000000000000, -1.000000000000000000 ) ) ;
#3056 = VECTOR ( 'NONE', #1150, 1000.000000000000000 ) ;
#3057 = EDGE_LOOP ( 'NONE', ( #2754, #193, #1822, #1105 ) ) ;
#3058 = ORIENTED_EDGE ( 'NONE', *, *, #3010, .F. ) ;
#3059 = DIRECTION ( 'NONE',  ( 0.000000000000000000, -1.000000000000000000, 0.000000000000000000 ) ) ;
#3060 = DIRECTION ( 'NONE',  ( 0.000000000000000000, 0.000000000000000000, 1.000000000000000000 ) ) ;
#3061 = VECTOR ( 'NONE', #1668, 1000.000000000000000 ) ;
#3062 = FACE_OUTER_BOUND ( 'NONE', #2009, .T. ) ;
#3063 = CARTESIAN_POINT ( 'NONE',  ( 42.00000000000000000, 0.000000000000000000, 43.29999999999999716 ) ) ;
#3064 = EDGE_LOOP ( 'NONE', ( #664, #1702, #977, #2537 ) ) ;
#3065 = DIRECTION ( 'NONE',  ( 0.000000000000000000, 0.000000000000000000, 1.000000000000000000 ) ) ;
#3066 = AXIS2_PLACEMENT_3D ( 'NONE', #2252, #791, #65 ) ;
#3067 = CYLINDRICAL_SURFACE ( 'NONE', #597, 1.599999999999997202 ) ;
#3068 = DIRECTION ( 'NONE',  ( -1.000000000000000000, 0.000000000000000000, -0.000000000000000000 ) ) ;
#3069 = ORIENTED_EDGE ( 'NONE', *, *, #18, .T. ) ;
#3070 = CARTESIAN_POINT ( 'NONE',  ( -0.000000000000000000, -3.000000000000000000, 43.29999999999999716 ) ) ;
#3071 = ORIENTED_EDGE ( 'NONE', *, *, #2039, .F. ) ;
#3072 = ORIENTED_EDGE ( 'NONE', *, *, #953, .T. ) ;
#3073 = LINE ( 'NONE', #1597, #337 ) ;
#3074 = CARTESIAN_POINT ( 'NONE',  ( 100.0000000000000000, -2.999999999999999112, 57.00000000000000000 ) ) ;
#3075 = CARTESIAN_POINT ( 'NONE',  ( -48.00000000000000000, -7.000000000000000000, -63.00000000000000000 ) ) ;
#3076 = FACE_OUTER_BOUND ( 'NONE', #275, .T. ) ;
#3077 = CARTESIAN_POINT ( 'NONE',  ( -93.00000000000000000, -7.000000000000000000, -16.39999999999999503 ) ) ;
#3078 = AXIS2_PLACEMENT_3D ( 'NONE', #924, #686, #2405 ) ;
#3079 = LINE ( 'NONE', #1146, #1109 ) ;
#3080 = VECTOR ( 'NONE', #401, 1000.000000000000000 ) ;
#3081 = ORIENTED_EDGE ( 'NONE', *, *, #3048, .T. ) ;
#3082 = DIRECTION ( 'NONE',  ( -1.000000000000000000, 0.000000000000000000, -0.000000000000000000 ) ) ;
#3083 = FACE_BOUND ( 'NONE', #896, .T. ) ;
#3084 = EDGE_CURVE ( 'NONE', #1068, #1357, #316, .T. ) ;
#3085 = EDGE_CURVE ( 'NONE', #973, #1089, #1572, .T. ) ;
#3086 = ORIENTED_EDGE ( 'NONE', *, *, #2791, .T. ) ;
#3087 = VERTEX_POINT ( 'NONE', #1447 ) ;
#3088 = CARTESIAN_POINT ( 'NONE',  ( 81.00000000000000000, 0.000000000000000000, -26.30000000000000071 ) ) ;
#3089 = PLANE ( 'NONE',  #3133 ) ;
#3090 = EDGE_CURVE ( 'NONE', #931, #1147, #173, .T. ) ;
#3091 = CYLINDRICAL_SURFACE ( 'NONE', #84, 1.600000000000004086 ) ;
#3092 = CARTESIAN_POINT ( 'NONE',  ( -0.000000000000000000, -3.000000000000000000, 64.50000000000000000 ) ) ;
#3093 = DIRECTION ( 'NONE',  ( 0.000000000000000000, 0.000000000000000000, -1.000000000000000000 ) ) ;
#3094 = CARTESIAN_POINT ( 'NONE',  ( 100.0000000000000000, -2.999999999999999112, -52.00000000000000000 ) ) ;
#3095 = VECTOR ( 'NONE', #2243, 1000.000000000000000 ) ;
#3096 = CARTESIAN_POINT ( 'NONE',  ( 69.00000000000000000, -4.000000000000000000, -26.30000000000000071 ) ) ;
#3097 = VERTEX_POINT ( 'NONE', #987 ) ;
#3098 = ORIENTED_EDGE ( 'NONE', *, *, #1441, .F. ) ;
#3099 = CYLINDRICAL_SURFACE ( 'NONE', #1471, 1.350000000000004086 ) ;
#3100 = ORIENTED_EDGE ( 'NONE', *, *, #1248, .T. ) ;
#3101 = ORIENTED_EDGE ( 'NONE', *, *, #3007, .T. ) ;
#3102 = VECTOR ( 'NONE', #101, 1000.000000000000000 ) ;
#3103 = FACE_OUTER_BOUND ( 'NONE', #1705, .T. ) ;
#3104 = FACE_OUTER_BOUND ( 'NONE', #240, .T. ) ;
#3105 = EDGE_CURVE ( 'NONE', #2519, #884, #1879, .T. ) ;
#3106 = VECTOR ( 'NONE', #782, 1000.000000000000000 ) ;
#3107 = CARTESIAN_POINT ( 'NONE',  ( 0.000000000000000000, -7.000000000000000000, -10.40000000000000036 ) ) ;
#3108 = ADVANCED_FACE ( 'NONE', ( #1857 ), #10, .F. ) ;
#3109 = CARTESIAN_POINT ( 'NONE',  ( 28.00000000000000000, -4.000000000000000000, -52.00000000000000000 ) ) ;
#3110 = DIRECTION ( 'NONE',  ( -0.000000000000000000, 1.000000000000000000, -0.000000000000000000 ) ) ;
#3111 = AXIS2_PLACEMENT_3D ( 'NONE', #1046, #2558, #73 ) ;
#3112 = EDGE_CURVE ( 'NONE', #3023, #2644, #298, .T. ) ;
#3113 = ORIENTED_EDGE ( 'NONE', *, *, #1842, .T. ) ;
#3114 = CARTESIAN_POINT ( 'NONE',  ( 100.0000000000000000, -30.00000000000000000, 57.00000000000000000 ) ) ;
#3115 = CARTESIAN_POINT ( 'NONE',  ( 30.00000000000000000, 0.000000000000000000, 46.70000000000000284 ) ) ;
#3116 = EDGE_LOOP ( 'NONE', ( #644, #2098, #602, #945 ) ) ;
#3117 = ORIENTED_EDGE ( 'NONE', *, *, #215, .T. ) ;
#3118 = LINE ( 'NONE', #770, #1673 ) ;
#3119 = ORIENTED_EDGE ( 'NONE', *, *, #1885, .F. ) ;
#3120 = EDGE_LOOP ( 'NONE', ( #2844, #2616, #2818, #1434 ) ) ;
#3121 = DIRECTION ( 'NONE',  ( 0.000000000000000000, 0.000000000000000000, 1.000000000000000000 ) ) ;
#3122 = LINE ( 'NONE', #212, #2576 ) ;
#3123 = FACE_OUTER_BOUND ( 'NONE', #612, .T. ) ;
#3124 = DIRECTION ( 'NONE',  ( -1.000000000000000000, 0.000000000000000000, 0.000000000000000000 ) ) ;
#3125 = DIRECTION ( 'NONE',  ( 0.000000000000000000, 0.000000000000000000, 1.000000000000000000 ) ) ;
#3126 = EDGE_CURVE ( 'NONE', #418, #860, #2612, .T. ) ;
#3127 = EDGE_CURVE ( 'NONE', #492, #1, #2350, .T. ) ;
#3128 = CARTESIAN_POINT ( 'NONE',  ( -92.44322356371698390, -3.000000000000000000, -64.50000000000000000 ) ) ;
#3129 = DIRECTION ( 'NONE',  ( -0.000000000000000000, 0.000000000000000000, 1.000000000000000000 ) ) ;
#3130 = EDGE_LOOP ( 'NONE', ( #678, #1386, #2963, #75 ) ) ;
#3131 = AXIS2_PLACEMENT_3D ( 'NONE', #1784, #1770, #564 ) ;
#3132 = CARTESIAN_POINT ( 'NONE',  ( 0.000000000000000000, -3.000000000000000000, 30.00000000000000000 ) ) ;
#3133 = AXIS2_PLACEMENT_3D ( 'NONE', #353, #1832, #1865 ) ;
#3134 = ORIENTED_EDGE ( 'NONE', *, *, #1323, .T. ) ;
#3135 = ORIENTED_EDGE ( 'NONE', *, *, #2460, .F. ) ;
#3136 = DIRECTION ( 'NONE',  ( 0.000000000000000000, 0.000000000000000000, -1.000000000000000000 ) ) ;
#3137 = LINE ( 'NONE', #1694, #2684 ) ;
#3138 = DIRECTION ( 'NONE',  ( 0.000000000000000000, 1.000000000000000000, 0.000000000000000000 ) ) ;
#3139 = DIRECTION ( 'NONE',  ( 0.000000000000000000, 0.000000000000000000, 1.000000000000000000 ) ) ;
#3140 = DIRECTION ( 'NONE',  ( -1.000000000000000000, 0.000000000000000000, 0.000000000000000000 ) ) ;
#3141 = DIRECTION ( 'NONE',  ( 0.000000000000000000, 0.000000000000000000, -1.000000000000000000 ) ) ;
#3142 = EDGE_CURVE ( 'NONE', #932, #2365, #2842, .T. ) ;
#3143 = EDGE_CURVE ( 'NONE', #2048, #1893, #749, .T. ) ;
#3144 = LINE ( 'NONE', #1892, #2432 ) ;
#3145 = ADVANCED_FACE ( 'NONE', ( #2922, #504 ), #2862, .F. ) ;
#3146 = EDGE_LOOP ( 'NONE', ( #1317, #883, #98, #1401 ) ) ;
#3147 = CYLINDRICAL_SURFACE ( 'NONE', #452, 5.000000000000004441 ) ;
#3148 = EDGE_CURVE ( 'NONE', #2018, #860, #1699, .T. ) ;
#3149 = VECTOR ( 'NONE', #1280, 1000.000000000000000 ) ;
#3150 = EDGE_LOOP ( 'NONE', ( #2986, #2005, #1956, #1523 ) ) ;
#3151 = ORIENTED_EDGE ( 'NONE', *, *, #779, .T. ) ;
#3152 = DIRECTION ( 'NONE',  ( 1.000000000000000000, 0.000000000000000000, 0.000000000000000000 ) ) ;
#3153 = CARTESIAN_POINT ( 'NONE',  ( 95.00000000000000000, -4.000000000000000000, -49.00000000000000000 ) ) ;
#3154 = VECTOR ( 'NONE', #3024, 1000.000000000000000 ) ;
#3155 = LINE ( 'NONE', #965, #248 ) ;
#3156 = LINE ( 'NONE', #3109, #2742 ) ;
#3157 = DIRECTION ( 'NONE',  ( 0.000000000000000000, 0.000000000000000000, -1.000000000000000000 ) ) ;
#3158 = AXIS2_PLACEMENT_3D ( 'NONE', #354, #1549, #335 ) ;
#3159 = VECTOR ( 'NONE', #2630, 1000.000000000000000 ) ;
#3160 = VECTOR ( 'NONE', #2179, 1000.000000000000000 ) ;
#3161 = DIRECTION ( 'NONE',  ( -0.000000000000000000, 1.000000000000000000, -0.000000000000000000 ) ) ;
#3162 = FACE_OUTER_BOUND ( 'NONE', #1509, .T. ) ;
#3163 = VECTOR ( 'NONE', #438, 1000.000000000000000 ) ;
#3164 = CARTESIAN_POINT ( 'NONE',  ( -100.0000000000000000, 0.000000000000000000, -58.35000000000000853 ) ) ;
#3165 = ORIENTED_EDGE ( 'NONE', *, *, #2274, .F. ) ;
#3166 = VECTOR ( 'NONE', #2594, 1000.000000000000000 ) ;
#3167 = CARTESIAN_POINT ( 'NONE',  ( -11.00000000000000000, -4.000000000000000000, 43.29999999999999716 ) ) ;
ENDSEC;
END-ISO-10303-21;
