ISO-10303-21;
HEADER;
FILE_DESCRIPTION (( 'STEP AP203' ),
    '1' );
FILE_NAME ('mars_lander_control_box_lid_v1p2.step',
    '2026-07-26T09:24:16',
    ( '' ),
    ( '' ),
    'SwSTEP 2.0',
    'SolidWorks 2022',
    '' );
FILE_SCHEMA (( 'CONFIG_CONTROL_DESIGN' ));
ENDSEC;

DATA;
#1 = CARTESIAN_POINT ( 'NONE',  ( 100.0000000000000000, -2.999999999999999112, -55.20000000000000284 ) ) ;
#2 = DIRECTION ( 'NONE',  ( -0.000000000000000000, 0.000000000000000000, 1.000000000000000000 ) ) ;
#3 = ORIENTED_EDGE ( 'NONE', *, *, #240, .F. ) ;
#4 = ORIENTED_EDGE ( 'NONE', *, *, #937, .T. ) ;
#5 = EDGE_CURVE ( 'NONE', #1676, #1731, #1648, .T. ) ;
#6 = LINE ( 'NONE', #605, #664 ) ;
#7 = PLANE ( 'NONE',  #1244 ) ;
#8 = CARTESIAN_POINT ( 'NONE',  ( 0.000000000000000000, -4.000000000000000000, -54.00000000000000000 ) ) ;
#9 = DIRECTION ( 'NONE',  ( 0.000000000000000000, 0.000000000000000000, 1.000000000000000000 ) ) ;
#10 = ORIENTED_EDGE ( 'NONE', *, *, #1773, .T. ) ;
#11 = CLOSED_SHELL ( 'NONE', ( #889, #1064, #157, #1278, #1010, #1307, #564, #810, #1011, #1498, #89, #1388, #1143, #615, #1597, #1229, #1181, #837, #1322, #1677, #1214, #1338, #1426, #638, #528, #1400, #1351, #1360, #433, #310, #1678, #418, #379, #214, #1027, #137, #788, #37, #421, #1828, #1125, #128, #500, #394, #307, #148, #576, #27, #1298, #1546, #934, #1078, #1163, #518, #202 ) ) ;
#12 = PRODUCT_DEFINITION ( '未知', '', #1371, #1043 ) ;
#13 = CARTESIAN_POINT ( 'NONE',  ( -110.0000000000000000, -3.000000000000000000, -67.50000000000000000 ) ) ;
#14 = VECTOR ( 'NONE', #1871, 1000.000000000000000 ) ;
#15 = CIRCLE ( 'NONE', #1660, 1.799999999999989164 ) ;
#16 = CARTESIAN_POINT ( 'NONE',  ( 46.00000000000000000, 0.000000000000000000, 56.25000000000000000 ) ) ;
#17 = DIRECTION ( 'NONE',  ( -0.000000000000000000, 0.000000000000000000, 1.000000000000000000 ) ) ;
#18 = AXIS2_PLACEMENT_3D ( 'NONE', #1670, #1520, #1203 ) ;
#19 = AXIS2_PLACEMENT_3D ( 'NONE', #1492, #33, #1783 ) ;
#20 = ORIENTED_EDGE ( 'NONE', *, *, #1150, .T. ) ;
#21 = DIRECTION ( 'NONE',  ( 0.000000000000000000, 1.000000000000000000, 0.000000000000000000 ) ) ;
#22 = ORIENTED_EDGE ( 'NONE', *, *, #1171, .T. ) ;
#23 = CARTESIAN_POINT ( 'NONE',  ( -61.00000000000000000, -4.000000000000000000, 25.00000000000000000 ) ) ;
#24 = CARTESIAN_POINT ( 'NONE',  ( -0.000000000000000000, -3.000000000000000000, -0.000000000000000000 ) ) ;
#25 = CARTESIAN_POINT ( 'NONE',  ( 100.0000000000000000, -16.00000000000000000, 57.00000000000000000 ) ) ;
#26 = ORIENTED_EDGE ( 'NONE', *, *, #1414, .T. ) ;
#27 = ADVANCED_FACE ( 'NONE', ( #798 ), #1396, .F. ) ;
#28 = ORIENTED_EDGE ( 'NONE', *, *, #1429, .T. ) ;
#29 = PLANE ( 'NONE',  #482 ) ;
#30 = CARTESIAN_POINT ( 'NONE',  ( -108.0000000000000000, -12.00000000000000000, 65.50000000000000000 ) ) ;
#31 = PLANE ( 'NONE',  #201 ) ;
#32 = DIRECTION ( 'NONE',  ( -0.000000000000000000, -0.000000000000000000, 1.000000000000000000 ) ) ;
#33 = DIRECTION ( 'NONE',  ( -0.000000000000000000, 1.000000000000000000, -0.000000000000000000 ) ) ;
#34 = FACE_BOUND ( 'NONE', #525, .T. ) ;
#35 = ORIENTED_EDGE ( 'NONE', *, *, #674, .F. ) ;
#36 = DIRECTION ( 'NONE',  ( -0.000000000000000000, 0.000000000000000000, 1.000000000000000000 ) ) ;
#37 = ADVANCED_FACE ( 'NONE', ( #459 ), #31, .F. ) ;
#38 = VERTEX_POINT ( 'NONE', #1649 ) ;
#39 = DIRECTION ( 'NONE',  ( 1.000000000000000000, 0.000000000000000000, 0.000000000000000000 ) ) ;
#40 = CARTESIAN_POINT ( 'NONE',  ( 46.00000000000000000, -4.000000000000000000, 11.74999999999999822 ) ) ;
#42 = CARTESIAN_POINT ( 'NONE',  ( 16.00000000000000000, -3.000000000000000000, 0.000000000000000000 ) ) ;
#41 = AXIS2_PLACEMENT_3D ( 'NONE', #554, #857, #830 ) ;
#43 = LOCAL_TIME ( 17, 24, 16.00000000000000000, #840 ) ;
#44 = FACE_OUTER_BOUND ( 'NONE', #768, .T. ) ;
#45 = VECTOR ( 'NONE', #1542, 1000.000000000000000 ) ;
#46 = ORIENTED_EDGE ( 'NONE', *, *, #555, .T. ) ;
#47 = LINE ( 'NONE', #1643, #1406 ) ;
#48 = AXIS2_PLACEMENT_3D ( 'NONE', #1067, #1805, #612 ) ;
#49 = VECTOR ( 'NONE', #1390, 1000.000000000000000 ) ;
#50 = ORGANIZATION ( '未指定', '未指定', '' ) ;
#51 = EDGE_CURVE ( 'NONE', #1154, #1894, #607, .T. ) ;
#52 = ORIENTED_EDGE ( 'NONE', *, *, #65, .F. ) ;
#53 = PLANE ( 'NONE',  #1533 ) ;
#54 = EDGE_CURVE ( 'NONE', #1392, #1419, #445, .T. ) ;
#55 = DIRECTION ( 'NONE',  ( -0.000000000000000000, 0.000000000000000000, 1.000000000000000000 ) ) ;
#56 = ORIENTED_EDGE ( 'NONE', *, *, #1652, .T. ) ;
#57 = CARTESIAN_POINT ( 'NONE',  ( 0.000000000000000000, 0.000000000000000000, -54.00000000000000000 ) ) ;
#58 = ORIENTED_EDGE ( 'NONE', *, *, #1543, .F. ) ;
#59 = CARTESIAN_POINT ( 'NONE',  ( 108.0000000000000000, -12.00000000000000000, -65.50000000000000000 ) ) ;
#60 = EDGE_LOOP ( 'NONE', ( #1335, #1310, #1596, #717 ) ) ;
#61 = CARTESIAN_POINT ( 'NONE',  ( -84.00000000000000000, -4.000000000000000000, -30.00000000000000000 ) ) ;
#62 = ORIENTED_EDGE ( 'NONE', *, *, #187, .F. ) ;
#63 = CARTESIAN_POINT ( 'NONE',  ( 16.00000000000000000, -4.000000000000000000, -30.00000000000000000 ) ) ;
#64 = LINE ( 'NONE', #1105, #1220 ) ;
#65 = EDGE_CURVE ( 'NONE', #438, #1224, #1807, .T. ) ;
#66 = CARTESIAN_POINT ( 'NONE',  ( -60.00000000000000000, 0.000000000000000000, -30.00000000000000000 ) ) ;
#67 = CARTESIAN_POINT ( 'NONE',  ( 46.00000000000000000, -3.000000000000000000, 37.75000000000000000 ) ) ;
#68 = CARTESIAN_POINT ( 'NONE',  ( -56.00000000000000000, -4.000000000000000000, -54.00000000000000000 ) ) ;
#69 = LINE ( 'NONE', #1719, #263 ) ;
#70 = DIRECTION ( 'NONE',  ( 1.000000000000000000, 0.000000000000000000, 0.000000000000000000 ) ) ;
#71 = EDGE_CURVE ( 'NONE', #1554, #290, #179, .T. ) ;
#72 = ORIENTED_EDGE ( 'NONE', *, *, #1296, .F. ) ;
#73 = LINE ( 'NONE', #66, #348 ) ;
#74 = LINE ( 'NONE', #822, #426 ) ;
#75 = VECTOR ( 'NONE', #1021, 1000.000000000000000 ) ;
#76 = DIRECTION ( 'NONE',  ( 1.000000000000000000, 0.000000000000000000, 0.000000000000000000 ) ) ;
#77 = AXIS2_PLACEMENT_3D ( 'NONE', #1257, #1853, #9 ) ;
#78 = AXIS2_PLACEMENT_3D ( 'NONE', #958, #1111, #1710 ) ;
#79 = ORIENTED_EDGE ( 'NONE', *, *, #1532, .T. ) ;
#80 = DIRECTION ( 'NONE',  ( -0.000000000000000000, 1.000000000000000000, -0.000000000000000000 ) ) ;
#81 = CIRCLE ( 'NONE', #48, 9.250000000000003553 ) ;
#82 = ORIENTED_EDGE ( 'NONE', *, *, #1373, .F. ) ;
#83 = ORIENTED_EDGE ( 'NONE', *, *, #1557, .T. ) ;
#84 = DIRECTION ( 'NONE',  ( 0.000000000000000000, 0.000000000000000000, -1.000000000000000000 ) ) ;
#85 = DIRECTION ( 'NONE',  ( -0.000000000000000000, 0.000000000000000000, 1.000000000000000000 ) ) ;
#86 = ORIENTED_EDGE ( 'NONE', *, *, #1151, .F. ) ;
#87 = VERTEX_POINT ( 'NONE', #462 ) ;
#88 = DIRECTION ( 'NONE',  ( 0.000000000000000000, 0.000000000000000000, 1.000000000000000000 ) ) ;
#89 = ADVANCED_FACE ( 'NONE', ( #900 ), #1174, .T. ) ;
#90 = EDGE_LOOP ( 'NONE', ( #708, #549, #896, #1312 ) ) ;
#91 = CYLINDRICAL_SURFACE ( 'NONE', #844, 9.250000000000001776 ) ;
#92 = VERTEX_POINT ( 'NONE', #1202 ) ;
#93 = COORDINATED_UNIVERSAL_TIME_OFFSET ( 8, 0, .AHEAD. ) ;
#94 = VERTEX_POINT ( 'NONE', #620 ) ;
#95 = CARTESIAN_POINT ( 'NONE',  ( 100.0000000000000000, -16.00000000000000000, 58.79999999999999005 ) ) ;
#96 = CARTESIAN_POINT ( 'NONE',  ( 75.00000000000000000, -1.199999999999999956, 9.000000000000000000 ) ) ;
#97 = VERTEX_POINT ( 'NONE', #1774 ) ;
#98 = CARTESIAN_POINT ( 'NONE',  ( -80.00000000000000000, -4.000000000000000000, -54.00000000000000000 ) ) ;
#99 = CC_DESIGN_PERSON_AND_ORGANIZATION_ASSIGNMENT ( #1442, #1270, ( #1371 ) ) ;
#100 = ORIENTED_EDGE ( 'NONE', *, *, #51, .T. ) ;
#101 = CARTESIAN_POINT ( 'NONE',  ( -12.00000000000000000, -4.000000000000000000, -54.00000000000000000 ) ) ;
#102 = EDGE_CURVE ( 'NONE', #998, #132, #1778, .T. ) ;
#103 = VERTEX_POINT ( 'NONE', #1641 ) ;
#104 = CALENDAR_DATE ( 2026, 26, 7 ) ;
#105 = LINE ( 'NONE', #872, #75 ) ;
#106 = LINE ( 'NONE', #1286, #630 ) ;
#107 = EDGE_LOOP ( 'NONE', ( #1529, #1653, #1300, #1769, #360, #72, #52 ) ) ;
#108 = EDGE_LOOP ( 'NONE', ( #1470, #1121, #1723, #1730 ) ) ;
#109 = CARTESIAN_POINT ( 'NONE',  ( -60.00000000000000000, -4.000000000000000000, -54.00000000000000000 ) ) ;
#110 = CIRCLE ( 'NONE', #1182, 1.799999999999989164 ) ;
#111 = VERTEX_POINT ( 'NONE', #296 ) ;
#112 = LINE ( 'NONE', #665, #194 ) ;
#113 = AXIS2_PLACEMENT_3D ( 'NONE', #1768, #1153, #1309 ) ;
#114 = EDGE_CURVE ( 'NONE', #701, #561, #1068, .T. ) ;
#115 = VECTOR ( 'NONE', #1523, 1000.000000000000000 ) ;
#116 = EDGE_LOOP ( 'NONE', ( #923, #1842, #1133, #1460 ) ) ;
#117 = VECTOR ( 'NONE', #690, 1000.000000000000000 ) ;
#118 = EDGE_CURVE ( 'NONE', #1481, #1830, #1519, .T. ) ;
#119 = PLANE ( 'NONE',  #1443 ) ;
#120 = LINE ( 'NONE', #873, #1664 ) ;
#121 = DIRECTION ( 'NONE',  ( -0.000000000000000000, 1.000000000000000000, -0.000000000000000000 ) ) ;
#122 = EDGE_LOOP ( 'NONE', ( #274, #769, #1859, #1018 ) ) ;
#123 = CARTESIAN_POINT ( 'NONE',  ( -12.00000000000000000, -4.000000000000000000, -30.00000000000000000 ) ) ;
#124 = ORIENTED_EDGE ( 'NONE', *, *, #1499, .F. ) ;
#125 = ORIENTED_EDGE ( 'NONE', *, *, #650, .T. ) ;
#126 = LINE ( 'NONE', #427, #1059 ) ;
#127 = LINE ( 'NONE', #1466, #1904 ) ;
#128 = ADVANCED_FACE ( 'NONE', ( #613 ), #922, .F. ) ;
#129 = CARTESIAN_POINT ( 'NONE',  ( 17.00000000000000000, 0.000000000000000000, 9.000000000000000000 ) ) ;
#130 = DIRECTION ( 'NONE',  ( -0.000000000000000000, 1.000000000000000000, -0.000000000000000000 ) ) ;
#131 = ORIENTED_EDGE ( 'NONE', *, *, #624, .T. ) ;
#132 = VERTEX_POINT ( 'NONE', #16 ) ;
#133 = ORIENTED_EDGE ( 'NONE', *, *, #118, .F. ) ;
#134 = CALENDAR_DATE ( 2026, 26, 7 ) ;
#135 = CARTESIAN_POINT ( 'NONE',  ( -110.0000000000000000, 0.000000000000000000, -67.50000000000000000 ) ) ;
#136 = CARTESIAN_POINT ( 'NONE',  ( -100.0000000000000000, -16.00000000000000000, -58.79999999999999005 ) ) ;
#137 = ADVANCED_FACE ( 'NONE', ( #1485 ), #7, .F. ) ;
#138 = CARTESIAN_POINT ( 'NONE',  ( -84.00000000000000000, 0.000000000000000000, -30.00000000000000000 ) ) ;
#139 = CARTESIAN_POINT ( 'NONE',  ( -72.00000000000000000, -4.000000000000000000, -54.00000000000000000 ) ) ;
#140 = EDGE_LOOP ( 'NONE', ( #373, #743, #162, #56 ) ) ;
#141 = CIRCLE ( 'NONE', #574, 9.250000000000005329 ) ;
#142 = VECTOR ( 'NONE', #1299, 1000.000000000000000 ) ;
#143 = DIRECTION ( 'NONE',  ( 1.000000000000000000, 0.000000000000000000, 0.000000000000000000 ) ) ;
#144 = CARTESIAN_POINT ( 'NONE',  ( -61.00000000000000000, -3.000000000000000000, 34.00000000000000000 ) ) ;
#145 = VECTOR ( 'NONE', #781, 1000.000000000000000 ) ;
#146 = DIRECTION ( 'NONE',  ( -1.000000000000000000, 0.000000000000000000, -0.000000000000000000 ) ) ;
#147 = CARTESIAN_POINT ( 'NONE',  ( 17.00000000000000000, -1.199999999999999956, 13.00000000000000000 ) ) ;
#148 = ADVANCED_FACE ( 'NONE', ( #303 ), #746, .F. ) ;
#149 = VERTEX_POINT ( 'NONE', #1799 ) ;
#150 = LINE ( 'NONE', #593, #1447 ) ;
#151 = ORIENTED_EDGE ( 'NONE', *, *, #1020, .F. ) ;
#152 = CARTESIAN_POINT ( 'NONE',  ( -72.00000000000000000, -4.000000000000000000, -30.00000000000000000 ) ) ;
#153 = LINE ( 'NONE', #313, #1444 ) ;
#154 = CARTESIAN_POINT ( 'NONE',  ( -80.00000000000000000, -3.000000000000000000, -54.00000000000000000 ) ) ;
#155 = ORIENTED_EDGE ( 'NONE', *, *, #736, .F. ) ;
#156 = CC_DESIGN_PERSON_AND_ORGANIZATION_ASSIGNMENT ( #1845, #667, ( #929 ) ) ;
#157 = ADVANCED_FACE ( 'NONE', ( #1183 ), #1358, .F. ) ;
#158 = UNCERTAINTY_MEASURE_WITH_UNIT (LENGTH_MEASURE( 1.000000000000000082E-05 ), #943, 'distance_accuracy_value', 'NONE');
#159 = CARTESIAN_POINT ( 'NONE',  ( -100.0000000000000000, 0.000000000000000000, 57.00000000000000000 ) ) ;
#160 = DIRECTION ( 'NONE',  ( 0.000000000000000000, 0.000000000000000000, -1.000000000000000000 ) ) ;
#161 = DIRECTION ( 'NONE',  ( 0.000000000000000000, 0.000000000000000000, -1.000000000000000000 ) ) ;
#162 = ORIENTED_EDGE ( 'NONE', *, *, #1478, .T. ) ;
#163 = CYLINDRICAL_SURFACE ( 'NONE', #754, 1.799999999999989164 ) ;
#164 = ORIENTED_EDGE ( 'NONE', *, *, #1414, .F. ) ;
#165 = ORIENTED_EDGE ( 'NONE', *, *, #1478, .F. ) ;
#166 = AXIS2_PLACEMENT_3D ( 'NONE', #913, #1331, #160 ) ;
#167 = CARTESIAN_POINT ( 'NONE',  ( 108.0000000000000000, -12.00000000000000000, -65.50000000000000000 ) ) ;
#168 = VECTOR ( 'NONE', #1291, 1000.000000000000000 ) ;
#169 = EDGE_CURVE ( 'NONE', #1481, #890, #1669, .T. ) ;
#170 = AXIS2_PLACEMENT_3D ( 'NONE', #816, #1416, #88 ) ;
#171 = DIRECTION ( 'NONE',  ( 0.000000000000000000, 0.000000000000000000, 1.000000000000000000 ) ) ;
#172 = CYLINDRICAL_SURFACE ( 'NONE', #1319, 1.799999999999989164 ) ;
#173 = CIRCLE ( 'NONE', #945, 9.000000000000001776 ) ;
#174 = ORIENTED_EDGE ( 'NONE', *, *, #1236, .F. ) ;
#175 = CARTESIAN_POINT ( 'NONE',  ( 46.00000000000000000, -4.000000000000000000, 47.00000000000000000 ) ) ;
#176 = ORIENTED_EDGE ( 'NONE', *, *, #950, .T. ) ;
#177 = CARTESIAN_POINT ( 'NONE',  ( -108.0000000000000000, -12.00000000000000000, -65.50000000000000000 ) ) ;
#178 = CARTESIAN_POINT ( 'NONE',  ( 108.0000000000000000, -12.00000000000000000, 65.50000000000000000 ) ) ;
#179 = LINE ( 'NONE', #1367, #1530 ) ;
#180 = FACE_BOUND ( 'NONE', #882, .T. ) ;
#181 = VERTEX_POINT ( 'NONE', #185 ) ;
#182 = DIRECTION ( 'NONE',  ( -0.000000000000000000, -0.000000000000000000, 1.000000000000000000 ) ) ;
#183 = CYLINDRICAL_SURFACE ( 'NONE', #1157, 9.250000000000005329 ) ;
#184 = CARTESIAN_POINT ( 'NONE',  ( -80.00000000000000000, -4.000000000000000000, -30.00000000000000000 ) ) ;
#185 = CARTESIAN_POINT ( 'NONE',  ( -110.0000000000000000, -12.00000000000000000, 67.50000000000000000 ) ) ;
#186 = FACE_OUTER_BOUND ( 'NONE', #753, .T. ) ;
#187 = EDGE_CURVE ( 'NONE', #1419, #1392, #110, .T. ) ;
#188 = PLANE ( 'NONE',  #1372 ) ;
#189 = EDGE_CURVE ( 'NONE', #1280, #1134, #1107, .T. ) ;
#190 = ORIENTED_EDGE ( 'NONE', *, *, #1712, .T. ) ;
#191 = FACE_OUTER_BOUND ( 'NONE', #108, .T. ) ;
#192 = CARTESIAN_POINT ( 'NONE',  ( 50.64354390525167560, -4.000000000000000000, 13.00000000000000000 ) ) ;
#193 = ORIENTED_EDGE ( 'NONE', *, *, #1219, .F. ) ;
#195 = CARTESIAN_POINT ( 'NONE',  ( 17.00000000000000000, -1.199999999999999956, 9.000000000000000000 ) ) ;
#194 = VECTOR ( 'NONE', #1395, 1000.000000000000000 ) ;
#196 = LINE ( 'NONE', #1829, #268 ) ;
#197 = VECTOR ( 'NONE', #419, 1000.000000000000000 ) ;
#198 = ORIENTED_EDGE ( 'NONE', *, *, #1705, .F. ) ;
#199 = LINE ( 'NONE', #644, #514 ) ;
#200 = AXIS2_PLACEMENT_3D ( 'NONE', #484, #670, #1085 ) ;
#201 = AXIS2_PLACEMENT_3D ( 'NONE', #483, #324, #758 ) ;
#202 = ADVANCED_FACE ( 'NONE', ( #1238 ), #961, .F. ) ;
#203 = EDGE_LOOP ( 'NONE', ( #22, #1276, #703, #1713 ) ) ;
#204 = LINE ( 'NONE', #907, #655 ) ;
#205 = ORIENTED_EDGE ( 'NONE', *, *, #299, .T. ) ;
#206 = VERTEX_POINT ( 'NONE', #1116 ) ;
#207 = CARTESIAN_POINT ( 'NONE',  ( 17.00000000000000000, -1.199999999999999956, 9.000000000000000000 ) ) ;
#208 = LINE ( 'NONE', #382, #1218 ) ;
#209 = ORIENTED_EDGE ( 'NONE', *, *, #299, .F. ) ;
#210 = DIRECTION ( 'NONE',  ( -0.000000000000000000, 1.000000000000000000, -0.000000000000000000 ) ) ;
#211 = ORIENTED_EDGE ( 'NONE', *, *, #118, .T. ) ;
#212 = DIRECTION ( 'NONE',  ( -0.000000000000000000, 1.000000000000000000, -0.000000000000000000 ) ) ;
#213 = EDGE_CURVE ( 'NONE', #1430, #1822, #1685, .T. ) ;
#214 = ADVANCED_FACE ( 'NONE', ( #1558 ), #656, .F. ) ;
#215 = DIRECTION ( 'NONE',  ( 1.000000000000000000, 0.000000000000000000, 0.000000000000000000 ) ) ;
#216 = CARTESIAN_POINT ( 'NONE',  ( 0.000000000000000000, -3.000000000000000000, -54.00000000000000000 ) ) ;
#217 = CARTESIAN_POINT ( 'NONE',  ( 0.000000000000000000, 0.000000000000000000, -54.00000000000000000 ) ) ;
#218 = ORIENTED_EDGE ( 'NONE', *, *, #1770, .F. ) ;
#219 = FACE_BOUND ( 'NONE', #1858, .T. ) ;
#220 = VERTEX_POINT ( 'NONE', #669 ) ;
#221 = LINE ( 'NONE', #559, #1126 ) ;
#222 = ORIENTED_EDGE ( 'NONE', *, *, #5, .F. ) ;
#223 = DIRECTION ( 'NONE',  ( -1.000000000000000000, -0.000000000000000000, -0.000000000000000000 ) ) ;
#224 = DIRECTION ( 'NONE',  ( -1.000000000000000000, 0.000000000000000000, 0.000000000000000000 ) ) ;
#225 = EDGE_CURVE ( 'NONE', #1240, #1110, #1261, .T. ) ;
#226 = DIRECTION ( 'NONE',  ( -1.000000000000000000, 0.000000000000000000, 0.000000000000000000 ) ) ;
#227 = AXIS2_PLACEMENT_3D ( 'NONE', #841, #1155, #1887 ) ;
#228 = FACE_BOUND ( 'NONE', #498, .T. ) ;
#229 = AXIS2_PLACEMENT_3D ( 'NONE', #374, #804, #505 ) ;
#230 = AXIS2_PLACEMENT_3D ( 'NONE', #25, #343, #1514 ) ;
#231 = ORIENTED_EDGE ( 'NONE', *, *, #911, .F. ) ;
#232 = DIRECTION ( 'NONE',  ( -1.000000000000000000, -0.000000000000000000, -0.000000000000000000 ) ) ;
#233 = CIRCLE ( 'NONE', #1637, 1.799999999999989164 ) ;
#234 = EDGE_LOOP ( 'NONE', ( #722, #1744, #473, #244 ) ) ;
#235 = APPROVAL_ROLE ( '' ) ;
#236 = LINE ( 'NONE', #1827, #598 ) ;
#237 = LINE ( 'NONE', #794, #1287 ) ;
#238 = EDGE_CURVE ( 'NONE', #1548, #1264, #1726, .T. ) ;
#239 = ORIENTED_EDGE ( 'NONE', *, *, #1728, .F. ) ;
#240 = EDGE_CURVE ( 'NONE', #807, #1848, #1421, .T. ) ;
#241 = FACE_BOUND ( 'NONE', #107, .T. ) ;
#242 = ORIENTED_EDGE ( 'NONE', *, *, #585, .T. ) ;
#243 = CARTESIAN_POINT ( 'NONE',  ( -8.000000000000000000, -4.000000000000000000, -30.00000000000000000 ) ) ;
#244 = ORIENTED_EDGE ( 'NONE', *, *, #455, .F. ) ;
#245 = PLANE ( 'NONE',  #1601 ) ;
#246 = FACE_OUTER_BOUND ( 'NONE', #413, .T. ) ;
#247 = VERTEX_POINT ( 'NONE', #57 ) ;
#248 = DIRECTION ( 'NONE',  ( 0.000000000000000000, 0.000000000000000000, 1.000000000000000000 ) ) ;
#249 = EDGE_CURVE ( 'NONE', #488, #1430, #1715, .T. ) ;
#250 = ORIENTED_EDGE ( 'NONE', *, *, #1086, .T. ) ;
#251 = CARTESIAN_POINT ( 'NONE',  ( -100.0000000000000000, -2.999999999999999112, 57.00000000000000000 ) ) ;
#252 = EDGE_CURVE ( 'NONE', #699, #149, #1688, .T. ) ;
#253 = ORIENTED_EDGE ( 'NONE', *, *, #1889, .T. ) ;
#254 = DATE_AND_TIME ( #819, #1031 ) ;
#255 = CARTESIAN_POINT ( 'NONE',  ( 17.00000000000000000, 0.000000000000000000, 13.00000000000000000 ) ) ;
#256 = DIRECTION ( 'NONE',  ( 0.000000000000000000, 0.000000000000000000, 1.000000000000000000 ) ) ;
#257 = CARTESIAN_POINT ( 'NONE',  ( 4.000000000000000000, 0.000000000000000000, -30.00000000000000000 ) ) ;
#258 = AXIS2_PLACEMENT_3D ( 'NONE', #1540, #381, #821 ) ;
#259 = ORIENTED_EDGE ( 'NONE', *, *, #1350, .F. ) ;
#260 = CARTESIAN_POINT ( 'NONE',  ( -72.00000000000000000, 0.000000000000000000, -54.00000000000000000 ) ) ;
#261 = CARTESIAN_POINT ( 'NONE',  ( 0.000000000000000000, -4.000000000000000000, -30.00000000000000000 ) ) ;
#262 = EDGE_LOOP ( 'NONE', ( #338, #845 ) ) ;
#263 = VECTOR ( 'NONE', #389, 1000.000000000000000 ) ;
#264 = AXIS2_PLACEMENT_3D ( 'NONE', #590, #1487, #1327 ) ;
#265 = PERSON ( '未指定', '未指定', '未指定', ('未指定'), ('未指定'), ('未指定') ) ;
#266 = ORIENTED_EDGE ( 'NONE', *, *, #1624, .F. ) ;
#267 = EDGE_LOOP ( 'NONE', ( #820, #524, #83, #20, #863, #815 ) ) ;
#268 = VECTOR ( 'NONE', #1391, 1000.000000000000000 ) ;
#269 = PLANE ( 'NONE',  #227 ) ;
#270 = CARTESIAN_POINT ( 'NONE',  ( -56.00000000000000000, 0.000000000000000000, -54.00000000000000000 ) ) ;
#271 = CARTESIAN_POINT ( 'NONE',  ( -60.00000000000000000, -4.000000000000000000, -54.00000000000000000 ) ) ;
#272 = ORIENTED_EDGE ( 'NONE', *, *, #744, .T. ) ;
#273 = LINE ( 'NONE', #1333, #811 ) ;
#274 = ORIENTED_EDGE ( 'NONE', *, *, #5, .T. ) ;
#275 = EDGE_LOOP ( 'NONE', ( #683, #1482 ) ) ;
#276 = APPROVAL_STATUS ( 'not_yet_approved' ) ;
#277 = EDGE_CURVE ( 'NONE', #97, #458, #73, .T. ) ;
#278 = CARTESIAN_POINT ( 'NONE',  ( 108.0000000000000000, -2.999999999999999112, 65.50000000000000000 ) ) ;
#279 = PLANE ( 'NONE',  #387 ) ;
#280 = PLANE ( 'NONE',  #292 ) ;
#281 = LINE ( 'NONE', #995, #693 ) ;
#282 = ORIENTED_EDGE ( 'NONE', *, *, #757, .T. ) ;
#283 = COORDINATED_UNIVERSAL_TIME_OFFSET ( 8, 0, .AHEAD. ) ;
#284 = LINE ( 'NONE', #95, #752 ) ;
#285 = DIRECTION ( 'NONE',  ( 0.000000000000000000, 0.000000000000000000, -1.000000000000000000 ) ) ;
#286 = EDGE_CURVE ( 'NONE', #718, #103, #1440, .T. ) ;
#287 = DIRECTION ( 'NONE',  ( 0.000000000000000000, 0.000000000000000000, -1.000000000000000000 ) ) ;
#288 = DIRECTION ( 'NONE',  ( -1.000000000000000000, 0.000000000000000000, -0.000000000000000000 ) ) ;
#289 = ORIENTED_EDGE ( 'NONE', *, *, #249, .T. ) ;
#290 = VERTEX_POINT ( 'NONE', #1698 ) ;
#291 = AXIS2_PLACEMENT_3D ( 'NONE', #1145, #986, #527 ) ;
#292 = AXIS2_PLACEMENT_3D ( 'NONE', #868, #287, #146 ) ;
#293 = VECTOR ( 'NONE', #1341, 1000.000000000000000 ) ;
#294 = CARTESIAN_POINT ( 'NONE',  ( -84.00000000000000000, 0.000000000000000000, -30.00000000000000000 ) ) ;
#295 =( GEOMETRIC_REPRESENTATION_CONTEXT ( 3 ) GLOBAL_UNCERTAINTY_ASSIGNED_CONTEXT ( ( #158 ) ) GLOBAL_UNIT_ASSIGNED_CONTEXT ( ( #943, #530, #368 ) ) REPRESENTATION_CONTEXT ( 'NONE', 'WORKASPACE' ) );
#296 = CARTESIAN_POINT ( 'NONE',  ( 46.00000000000000000, -3.000000000000000000, 56.25000000000000000 ) ) ;
#297 = LINE ( 'NONE', #429, #322 ) ;
#298 = EDGE_CURVE ( 'NONE', #766, #839, #236, .T. ) ;
#299 = EDGE_CURVE ( 'NONE', #1334, #1082, #881, .T. ) ;
#300 = CARTESIAN_POINT ( 'NONE',  ( -56.00000000000000000, -3.000000000000000000, -30.00000000000000000 ) ) ;
#301 = ORIENTED_EDGE ( 'NONE', *, *, #800, .F. ) ;
#302 = DIRECTION ( 'NONE',  ( 0.000000000000000000, 1.000000000000000000, 0.000000000000000000 ) ) ;
#303 = FACE_OUTER_BOUND ( 'NONE', #751, .T. ) ;
#304 = CARTESIAN_POINT ( 'NONE',  ( 0.000000000000000000, -1.199999999999999956, 0.000000000000000000 ) ) ;
#305 = ORIENTED_EDGE ( 'NONE', *, *, #777, .T. ) ;
#306 = LINE ( 'NONE', #1651, #908 ) ;
#307 = ADVANCED_FACE ( 'NONE', ( #1818 ), #352, .F. ) ;
#308 = ORIENTED_EDGE ( 'NONE', *, *, #540, .F. ) ;
#309 = VERTEX_POINT ( 'NONE', #1549 ) ;
#310 = ADVANCED_FACE ( 'NONE', ( #1679 ), #342, .F. ) ;
#311 = DIRECTION ( 'NONE',  ( 1.000000000000000000, 0.000000000000000000, 0.000000000000000000 ) ) ;
#312 = CARTESIAN_POINT ( 'NONE',  ( 46.00000000000000000, 0.000000000000000000, 47.00000000000000000 ) ) ;
#313 = CARTESIAN_POINT ( 'NONE',  ( 17.00000000000000000, 0.000000000000000000, 13.00000000000000000 ) ) ;
#314 = ORIENTED_EDGE ( 'NONE', *, *, #213, .T. ) ;
#315 = DIRECTION ( 'NONE',  ( 0.000000000000000000, 0.000000000000000000, -1.000000000000000000 ) ) ;
#316 = LINE ( 'NONE', #361, #318 ) ;
#317 = EDGE_CURVE ( 'NONE', #111, #1489, #1537, .T. ) ;
#318 = VECTOR ( 'NONE', #626, 1000.000000000000000 ) ;
#319 = DIRECTION ( 'NONE',  ( 0.000000000000000000, 1.000000000000000000, 0.000000000000000000 ) ) ;
#320 = VECTOR ( 'NONE', #775, 1000.000000000000000 ) ;
#321 = APPROVAL_PERSON_ORGANIZATION ( #1123, #1266, #980 ) ;
#322 = VECTOR ( 'NONE', #1459, 1000.000000000000000 ) ;
#323 = ORIENTED_EDGE ( 'NONE', *, *, #704, .T. ) ;
#324 = DIRECTION ( 'NONE',  ( 1.000000000000000000, 0.000000000000000000, 0.000000000000000000 ) ) ;
#325 = FACE_BOUND ( 'NONE', #1746, .T. ) ;
#326 = AXIS2_PLACEMENT_3D ( 'NONE', #1130, #1729, #948 ) ;
#327 = EDGE_LOOP ( 'NONE', ( #1197, #1136, #1274, #46 ) ) ;
#328 = CARTESIAN_POINT ( 'NONE',  ( 46.00000000000000000, -1.199999999999999734, 21.00000000000000000 ) ) ;
#329 = ORIENTED_EDGE ( 'NONE', *, *, #1521, .F. ) ;
#330 = CARTESIAN_POINT ( 'NONE',  ( -68.00000000000000000, -3.000000000000000000, -30.00000000000000000 ) ) ;
#331 = DIRECTION ( 'NONE',  ( 0.000000000000000000, 0.000000000000000000, -1.000000000000000000 ) ) ;
#332 = EDGE_CURVE ( 'NONE', #832, #97, #522, .T. ) ;
#333 = VERTEX_POINT ( 'NONE', #571 ) ;
#334 = CARTESIAN_POINT ( 'NONE',  ( 16.00000000000000000, -4.000000000000000000, -54.00000000000000000 ) ) ;
#335 = DIRECTION ( 'NONE',  ( 0.000000000000000000, 0.000000000000000000, 1.000000000000000000 ) ) ;
#336 = EDGE_LOOP ( 'NONE', ( #636, #1042, #1868, #894 ) ) ;
#337 = CARTESIAN_POINT ( 'NONE',  ( 12.00000000000000000, -3.000000000000000000, -54.00000000000000000 ) ) ;
#338 = ORIENTED_EDGE ( 'NONE', *, *, #252, .F. ) ;
#339 = DIRECTION ( 'NONE',  ( -0.000000000000000000, 0.000000000000000000, 1.000000000000000000 ) ) ;
#340 = CARTESIAN_POINT ( 'NONE',  ( -100.0000000000000000, -2.999999999999999112, -57.00000000000000000 ) ) ;
#341 = VERTEX_POINT ( 'NONE', #404 ) ;
#342 = PLANE ( 'NONE',  #450 ) ;
#343 = DIRECTION ( 'NONE',  ( -0.000000000000000000, 1.000000000000000000, -0.000000000000000000 ) ) ;
#344 = EDGE_CURVE ( 'NONE', #871, #652, #946, .T. ) ;
#345 = ORIENTED_EDGE ( 'NONE', *, *, #867, .F. ) ;
#346 = CARTESIAN_POINT ( 'NONE',  ( -110.0000000000000000, 0.000000000000000000, 67.50000000000000000 ) ) ;
#347 = CARTESIAN_POINT ( 'NONE',  ( -108.0000000000000000, -3.000000000000000000, 0.000000000000000000 ) ) ;
#348 = VECTOR ( 'NONE', #971, 1000.000000000000000 ) ;
#349 = EDGE_LOOP ( 'NONE', ( #1424, #1260, #902, #1118 ) ) ;
#350 = ORIENTED_EDGE ( 'NONE', *, *, #565, .F. ) ;
#352 = PLANE ( 'NONE',  #1288 ) ;
#351 = VECTOR ( 'NONE', #1137, 1000.000000000000000 ) ;
#353 = APPROVAL_PERSON_ORGANIZATION ( #1589, #466, #864 ) ;
#354 = CARTESIAN_POINT ( 'NONE',  ( -68.00000000000000000, 0.000000000000000000, -54.00000000000000000 ) ) ;
#355 = AXIS2_PLACEMENT_3D ( 'NONE', #1890, #695, #566 ) ;
#356 = CARTESIAN_POINT ( 'NONE',  ( -0.000000000000000000, -3.000000000000000000, -30.00000000000000000 ) ) ;
#357 = AXIS2_PLACEMENT_3D ( 'NONE', #1167, #1591, #256 ) ;
#358 = AXIS2_PLACEMENT_3D ( 'NONE', #1000, #1727, #1285 ) ;
#359 = EDGE_CURVE ( 'NONE', #774, #963, #1305, .T. ) ;
#360 = ORIENTED_EDGE ( 'NONE', *, *, #791, .F. ) ;
#361 = CARTESIAN_POINT ( 'NONE',  ( -108.0000000000000000, -12.00000000000000000, -67.50000000000000000 ) ) ;
#362 = DIRECTION ( 'NONE',  ( 1.000000000000000000, 0.000000000000000000, 0.000000000000000000 ) ) ;
#363 = FACE_OUTER_BOUND ( 'NONE', #1289, .T. ) ;
#364 = EDGE_LOOP ( 'NONE', ( #376, #1402 ) ) ;
#365 = FACE_BOUND ( 'NONE', #916, .T. ) ;
#366 = DIRECTION ( 'NONE',  ( -0.000000000000000000, -0.000000000000000000, 1.000000000000000000 ) ) ;
#367 = EDGE_CURVE ( 'NONE', #149, #699, #604, .T. ) ;
#368 =( NAMED_UNIT ( * ) SI_UNIT ( $, .STERADIAN. ) SOLID_ANGLE_UNIT ( ) );
#369 = ORIENTED_EDGE ( 'NONE', *, *, #1863, .T. ) ;
#370 = DIRECTION ( 'NONE',  ( -1.000000000000000000, 0.000000000000000000, -0.000000000000000000 ) ) ;
#371 = DIRECTION ( 'NONE',  ( -0.000000000000000000, 1.000000000000000000, -0.000000000000000000 ) ) ;
#372 = ORIENTED_EDGE ( 'NONE', *, *, #1740, .T. ) ;
#373 = ORIENTED_EDGE ( 'NONE', *, *, #1583, .T. ) ;
#374 = CARTESIAN_POINT ( 'NONE',  ( 12.00000000000000000, -4.000000000000000000, -30.00000000000000000 ) ) ;
#375 = CARTESIAN_POINT ( 'NONE',  ( 41.35645609474831730, -1.199999999999999734, 13.00000000000000000 ) ) ;
#376 = ORIENTED_EDGE ( 'NONE', *, *, #1782, .F. ) ;
#377 = PERSON_AND_ORGANIZATION ( #265, #50 ) ;
#378 = PRODUCT_RELATED_PRODUCT_CATEGORY ( 'detail', '', ( #929 ) ) ;
#379 = ADVANCED_FACE ( 'NONE', ( #1604 ), #245, .F. ) ;
#380 = ORIENTED_EDGE ( 'NONE', *, *, #1886, .T. ) ;
#381 = DIRECTION ( 'NONE',  ( -0.000000000000000000, 0.000000000000000000, 1.000000000000000000 ) ) ;
#382 = CARTESIAN_POINT ( 'NONE',  ( 0.000000000000000000, -4.000000000000000000, -54.00000000000000000 ) ) ;
#383 = ORIENTED_EDGE ( 'NONE', *, *, #1728, .T. ) ;
#384 = VECTOR ( 'NONE', #1757, 1000.000000000000000 ) ;
#385 = CARTESIAN_POINT ( 'NONE',  ( -60.00000000000000000, -3.000000000000000000, -54.00000000000000000 ) ) ;
#386 = VECTOR ( 'NONE', #487, 1000.000000000000000 ) ;
#387 = AXIS2_PLACEMENT_3D ( 'NONE', #721, #1623, #1766 ) ;
#388 = EDGE_LOOP ( 'NONE', ( #1035, #1611, #1882, #1451 ) ) ;
#389 = DIRECTION ( 'NONE',  ( 0.000000000000000000, 0.000000000000000000, -1.000000000000000000 ) ) ;
#390 = VECTOR ( 'NONE', #32, 1000.000000000000000 ) ;
#391 = ORIENTED_EDGE ( 'NONE', *, *, #1557, .F. ) ;
#392 = VERTEX_POINT ( 'NONE', #135 ) ;
#393 = COORDINATED_UNIVERSAL_TIME_OFFSET ( 8, 0, .AHEAD. ) ;
#394 = ADVANCED_FACE ( 'NONE', ( #1457 ), #269, .F. ) ;
#395 = LINE ( 'NONE', #1878, #1840 ) ;
#396 = LINE ( 'NONE', #1273, #579 ) ;
#397 = ORIENTED_EDGE ( 'NONE', *, *, #1254, .F. ) ;
#398 = EDGE_CURVE ( 'NONE', #1731, #996, #1765, .T. ) ;
#399 = PLANE ( 'NONE',  #229 ) ;
#400 = CARTESIAN_POINT ( 'NONE',  ( -110.0000000000000000, 0.000000000000000000, -67.50000000000000000 ) ) ;
#401 = EDGE_LOOP ( 'NONE', ( #211, #323, #383, #515 ) ) ;
#402 = VERTEX_POINT ( 'NONE', #1147 ) ;
#403 = SECURITY_CLASSIFICATION_LEVEL ( 'unclassified' ) ;
#404 = CARTESIAN_POINT ( 'NONE',  ( -108.0000000000000000, -12.00000000000000000, -65.50000000000000000 ) ) ;
#405 = DIRECTION ( 'NONE',  ( 0.000000000000000000, 0.000000000000000000, -1.000000000000000000 ) ) ;
#406 = EDGE_LOOP ( 'NONE', ( #1700, #862, #994, #951 ) ) ;
#407 = DIRECTION ( 'NONE',  ( -0.000000000000000000, 1.000000000000000000, -0.000000000000000000 ) ) ;
#408 = EDGE_CURVE ( 'NONE', #832, #1138, #126, .T. ) ;
#409 = ORIENTED_EDGE ( 'NONE', *, *, #1236, .T. ) ;
#410 = LINE ( 'NONE', #1162, #941 ) ;
#411 = ORIENTED_EDGE ( 'NONE', *, *, #714, .T. ) ;
#412 = ORIENTED_EDGE ( 'NONE', *, *, #114, .F. ) ;
#413 = EDGE_LOOP ( 'NONE', ( #681, #369, #100, #259 ) ) ;
#414 = DATE_TIME_ROLE ( 'classification_date' ) ;
#415 = DIRECTION ( 'NONE',  ( 1.000000000000000000, 0.000000000000000000, 0.000000000000000000 ) ) ;
#416 = PLANE ( 'NONE',  #727 ) ;
#417 = LINE ( 'NONE', #1004, #1188 ) ;
#418 = ADVANCED_FACE ( 'NONE', ( #1748 ), #1431, .F. ) ;
#419 = DIRECTION ( 'NONE',  ( -0.000000000000000000, 1.000000000000000000, -0.000000000000000000 ) ) ;
#420 = VERTEX_POINT ( 'NONE', #278 ) ;
#421 = ADVANCED_FACE ( 'NONE', ( #1578 ), #119, .F. ) ;
#422 = CIRCLE ( 'NONE', #511, 1.799999999999989164 ) ;
#423 = VECTOR ( 'NONE', #1582, 1000.000000000000000 ) ;
#424 = ORIENTED_EDGE ( 'NONE', *, *, #624, .F. ) ;
#425 = APPROVAL_DATE_TIME ( #1464, #1266 ) ;
#426 = VECTOR ( 'NONE', #680, 1000.000000000000000 ) ;
#427 = CARTESIAN_POINT ( 'NONE',  ( -60.00000000000000000, -3.000000000000000000, -0.000000000000000000 ) ) ;
#428 = CARTESIAN_POINT ( 'NONE',  ( 110.0000000000000000, -12.00000000000000000, 67.50000000000000000 ) ) ;
#429 = CARTESIAN_POINT ( 'NONE',  ( 0.000000000000000000, -3.000000000000000000, -54.00000000000000000 ) ) ;
#430 = FACE_OUTER_BOUND ( 'NONE', #388, .T. ) ;
#431 = EDGE_LOOP ( 'NONE', ( #1103, #1836, #1646, #729 ) ) ;
#432 = ORIENTED_EDGE ( 'NONE', *, *, #1569, .T. ) ;
#433 = ADVANCED_FACE ( 'NONE', ( #679 ), #720, .F. ) ;
#434 = DIRECTION ( 'NONE',  ( -0.000000000000000000, 1.000000000000000000, -0.000000000000000000 ) ) ;
#435 = CARTESIAN_POINT ( 'NONE',  ( 46.00000000000000000, -3.000000000000000000, 47.00000000000000000 ) ) ;
#436 = DIRECTION ( 'NONE',  ( 1.000000000000000000, 0.000000000000000000, 0.000000000000000000 ) ) ;
#437 = DIRECTION ( 'NONE',  ( 0.000000000000000000, 0.000000000000000000, 1.000000000000000000 ) ) ;
#438 = VERTEX_POINT ( 'NONE', #705 ) ;
#439 = CC_DESIGN_DATE_AND_TIME_ASSIGNMENT ( #1764, #1755, ( #12 ) ) ;
#440 = DIRECTION ( 'NONE',  ( 0.000000000000000000, 0.000000000000000000, -1.000000000000000000 ) ) ;
#441 = EDGE_CURVE ( 'NONE', #1413, #728, #1690, .T. ) ;
#442 = DIRECTION ( 'NONE',  ( -1.000000000000000000, 0.000000000000000000, -0.000000000000000000 ) ) ;
#443 = CARTESIAN_POINT ( 'NONE',  ( -72.00000000000000000, -4.000000000000000000, -30.00000000000000000 ) ) ;
#444 = CARTESIAN_POINT ( 'NONE',  ( -0.000000000000000000, -3.000000000000000000, -30.00000000000000000 ) ) ;
#445 = CIRCLE ( 'NONE', #1190, 1.799999999999989164 ) ;
#446 = ORIENTED_EDGE ( 'NONE', *, *, #686, .F. ) ;
#447 = VECTOR ( 'NONE', #1900, 1000.000000000000000 ) ;
#448 = VECTOR ( 'NONE', #1689, 1000.000000000000000 ) ;
#449 = VECTOR ( 'NONE', #1472, 1000.000000000000000 ) ;
#450 = AXIS2_PLACEMENT_3D ( 'NONE', #195, #1231, #1250 ) ;
#451 = LINE ( 'NONE', #756, #880 ) ;
#452 = EDGE_CURVE ( 'NONE', #935, #1592, #105, .T. ) ;
#453 = DIRECTION ( 'NONE',  ( 0.000000000000000000, 1.000000000000000000, 0.000000000000000000 ) ) ;
#454 = CARTESIAN_POINT ( 'NONE',  ( 110.0000000000000000, -12.00000000000000000, -67.50000000000000000 ) ) ;
#455 = EDGE_CURVE ( 'NONE', #103, #1419, #284, .T. ) ;
#456 = DIRECTION ( 'NONE',  ( 1.000000000000000000, 0.000000000000000000, 0.000000000000000000 ) ) ;
#457 = ORIENTED_EDGE ( 'NONE', *, *, #874, .F. ) ;
#458 = VERTEX_POINT ( 'NONE', #1272 ) ;
#459 = FACE_OUTER_BOUND ( 'NONE', #90, .T. ) ;
#460 = CARTESIAN_POINT ( 'NONE',  ( -110.0000000000000000, 0.000000000000000000, 67.50000000000000000 ) ) ;
#461 = ORIENTED_EDGE ( 'NONE', *, *, #54, .F. ) ;
#462 = CARTESIAN_POINT ( 'NONE',  ( 17.00000000000000000, -1.199999999999999956, 13.00000000000000000 ) ) ;
#463 = DIRECTION ( 'NONE',  ( 0.000000000000000000, 0.000000000000000000, -1.000000000000000000 ) ) ;
#464 = ORIENTED_EDGE ( 'NONE', *, *, #1644, .F. ) ;
#465 = FACE_OUTER_BOUND ( 'NONE', #327, .T. ) ;
#466 = APPROVAL ( #1600, '未指定' ) ;
#467 = EDGE_CURVE ( 'NONE', #402, #966, #1865, .T. ) ;
#468 = ORIENTED_EDGE ( 'NONE', *, *, #477, .T. ) ;
#469 = ORIENTED_EDGE ( 'NONE', *, *, #1205, .T. ) ;
#470 = DIRECTION ( 'NONE',  ( -0.000000000000000000, 1.000000000000000000, -0.000000000000000000 ) ) ;
#471 = ADVANCED_BREP_SHAPE_REPRESENTATION ( 'mars_lander_control_box_lid_v1p2', ( #1577, #551 ), #295 ) ;
#472 = DIRECTION ( 'NONE',  ( -0.000000000000000000, 1.000000000000000000, -0.000000000000000000 ) ) ;
#473 = ORIENTED_EDGE ( 'NONE', *, *, #54, .T. ) ;
#474 = DIRECTION ( 'NONE',  ( 0.000000000000000000, 0.000000000000000000, 1.000000000000000000 ) ) ;
#475 = FACE_BOUND ( 'NONE', #1099, .T. ) ;
#476 = CARTESIAN_POINT ( 'NONE',  ( 41.35645609474831730, -4.000000000000000000, 13.00000000000000000 ) ) ;
#477 = EDGE_CURVE ( 'NONE', #964, #879, #395, .T. ) ;
#478 = EDGE_LOOP ( 'NONE', ( #988, #190, #1709, #176, #1463, #391 ) ) ;
#479 = DIRECTION ( 'NONE',  ( 0.000000000000000000, 0.000000000000000000, 1.000000000000000000 ) ) ;
#480 = CIRCLE ( 'NONE', #1405, 9.000000000000001776 ) ;
#481 = DIRECTION ( 'NONE',  ( -0.000000000000000000, 1.000000000000000000, -0.000000000000000000 ) ) ;
#482 = AXIS2_PLACEMENT_3D ( 'NONE', #1071, #1672, #936 ) ;
#483 = CARTESIAN_POINT ( 'NONE',  ( -68.00000000000000000, -4.000000000000000000, -30.00000000000000000 ) ) ;
#484 = CARTESIAN_POINT ( 'NONE',  ( 0.000000000000000000, -3.000000000000000000, 0.000000000000000000 ) ) ;
#485 = VECTOR ( 'NONE', #1420, 1000.000000000000000 ) ;
#486 = ORIENTED_EDGE ( 'NONE', *, *, #777, .F. ) ;
#487 = DIRECTION ( 'NONE',  ( -1.000000000000000000, -0.000000000000000000, -0.000000000000000000 ) ) ;
#488 = VERTEX_POINT ( 'NONE', #689 ) ;
#489 = CARTESIAN_POINT ( 'NONE',  ( -12.00000000000000000, -4.000000000000000000, -30.00000000000000000 ) ) ;
#490 = LINE ( 'NONE', #1855, #1813 ) ;
#491 = EDGE_CURVE ( 'NONE', #181, #1676, #919, .T. ) ;
#492 = CARTESIAN_POINT ( 'NONE',  ( -12.00000000000000000, -4.000000000000000000, -54.00000000000000000 ) ) ;
#493 = FACE_BOUND ( 'NONE', #275, .T. ) ;
#494 = ORIENTED_EDGE ( 'NONE', *, *, #398, .F. ) ;
#495 = LINE ( 'NONE', #476, #320 ) ;
#496 = ORIENTED_EDGE ( 'NONE', *, *, #1268, .F. ) ;
#497 = FACE_OUTER_BOUND ( 'NONE', #918, .T. ) ;
#498 = EDGE_LOOP ( 'NONE', ( #209, #1762 ) ) ;
#499 = CC_DESIGN_PERSON_AND_ORGANIZATION_ASSIGNMENT ( #999, #1724, ( #942 ) ) ;
#500 = ADVANCED_FACE ( 'NONE', ( #191 ), #53, .F. ) ;
#501 = ORIENTED_EDGE ( 'NONE', *, *, #1387, .T. ) ;
#502 = CARTESIAN_POINT ( 'NONE',  ( 46.00000000000000000, -3.000000000000000000, 47.00000000000000000 ) ) ;
#503 = DIRECTION ( 'NONE',  ( 1.000000000000000000, 0.000000000000000000, 0.000000000000000000 ) ) ;
#504 = ORIENTED_EDGE ( 'NONE', *, *, #960, .T. ) ;
#505 = DIRECTION ( 'NONE',  ( -0.000000000000000000, 0.000000000000000000, 1.000000000000000000 ) ) ;
#506 = ORIENTED_EDGE ( 'NONE', *, *, #1283, .T. ) ;
#507 = DIRECTION ( 'NONE',  ( 0.000000000000000000, 0.000000000000000000, -1.000000000000000000 ) ) ;
#508 = CARTESIAN_POINT ( 'NONE',  ( -100.0000000000000000, 0.000000000000000000, -55.20000000000000995 ) ) ;
#509 = VECTOR ( 'NONE', #1694, 1000.000000000000000 ) ;
#510 = EDGE_LOOP ( 'NONE', ( #1384, #925, #133, #193 ) ) ;
#512 = CARTESIAN_POINT ( 'NONE',  ( -0.000000000000000000, -3.000000000000000000, -65.50000000000000000 ) ) ;
#511 = AXIS2_PLACEMENT_3D ( 'NONE', #251, #1883, #1745 ) ;
#513 = CYLINDRICAL_SURFACE ( 'NONE', #326, 9.000000000000001776 ) ;
#514 = VECTOR ( 'NONE', #1354, 1000.000000000000000 ) ;
#515 = ORIENTED_EDGE ( 'NONE', *, *, #169, .F. ) ;
#516 = CARTESIAN_POINT ( 'NONE',  ( 0.000000000000000000, 0.000000000000000000, -30.00000000000000000 ) ) ;
#517 = VECTOR ( 'NONE', #957, 1000.000000000000000 ) ;
#518 = ADVANCED_FACE ( 'NONE', ( #1814 ), #1386, .F. ) ;
#519 = ORIENTED_EDGE ( 'NONE', *, *, #65, .T. ) ;
#520 = CARTESIAN_POINT ( 'NONE',  ( -61.00000000000000000, 0.000000000000000000, 25.00000000000000000 ) ) ;
#521 = EDGE_LOOP ( 'NONE', ( #4, #1252, #1522, #496 ) ) ;
#522 = LINE ( 'NONE', #947, #1786 ) ;
#523 = DIRECTION ( 'NONE',  ( -1.000000000000000000, -0.000000000000000000, -0.000000000000000000 ) ) ;
#524 = ORIENTED_EDGE ( 'NONE', *, *, #755, .T. ) ;
#525 = EDGE_LOOP ( 'NONE', ( #852, #591 ) ) ;
#526 = PLANE ( 'NONE',  #78 ) ;
#527 = DIRECTION ( 'NONE',  ( 0.000000000000000000, 0.000000000000000000, -1.000000000000000000 ) ) ;
#528 = ADVANCED_FACE ( 'NONE', ( #637 ), #183, .F. ) ;
#529 = VERTEX_POINT ( 'NONE', #1062 ) ;
#530 =( NAMED_UNIT ( * ) PLANE_ANGLE_UNIT ( ) SI_UNIT ( $, .RADIAN. ) );
#531 = DIRECTION ( 'NONE',  ( 0.000000000000000000, 0.000000000000000000, -1.000000000000000000 ) ) ;
#532 = PLANE ( 'NONE',  #1375 ) ;
#533 = ORIENTED_EDGE ( 'NONE', *, *, #249, .F. ) ;
#534 = CARTESIAN_POINT ( 'NONE',  ( -108.0000000000000000, -2.999999999999999112, -65.50000000000000000 ) ) ;
#535 = EDGE_LOOP ( 'NONE', ( #1216, #796, #1164, #239 ) ) ;
#536 = CARTESIAN_POINT ( 'NONE',  ( -68.00000000000000000, -4.000000000000000000, -54.00000000000000000 ) ) ;
#537 = EDGE_CURVE ( 'NONE', #718, #1392, #939, .T. ) ;
#538 = ORIENTED_EDGE ( 'NONE', *, *, #565, .T. ) ;
#539 = ORIENTED_EDGE ( 'NONE', *, *, #1196, .F. ) ;
#540 = EDGE_CURVE ( 'NONE', #103, #718, #1504, .T. ) ;
#541 = CARTESIAN_POINT ( 'NONE',  ( -84.00000000000000000, -4.000000000000000000, -54.00000000000000000 ) ) ;
#542 = LINE ( 'NONE', #59, #1844 ) ;
#543 = ORIENTED_EDGE ( 'NONE', *, *, #1467, .F. ) ;
#544 = VECTOR ( 'NONE', #1704, 1000.000000000000000 ) ;
#545 = CC_DESIGN_APPROVAL ( #466, ( #942 ) ) ;
#546 = DIRECTION ( 'NONE',  ( 0.000000000000000000, 0.000000000000000000, 1.000000000000000000 ) ) ;
#547 = AXIS2_PLACEMENT_3D ( 'NONE', #61, #1787, #456 ) ;
#548 = VECTOR ( 'NONE', #1142, 1000.000000000000000 ) ;
#549 = ORIENTED_EDGE ( 'NONE', *, *, #1065, .T. ) ;
#550 = CARTESIAN_POINT ( 'NONE',  ( 110.0000000000000000, -12.00000000000000000, 67.50000000000000000 ) ) ;
#551 = AXIS2_PLACEMENT_3D ( 'NONE', #1408, #1397, #70 ) ;
#552 = ORIENTED_EDGE ( 'NONE', *, *, #1179, .T. ) ;
#553 = ORIENTED_EDGE ( 'NONE', *, *, #1387, .F. ) ;
#554 = CARTESIAN_POINT ( 'NONE',  ( 100.0000000000000000, 0.000000000000000000, -57.00000000000000000 ) ) ;
#555 = EDGE_CURVE ( 'NONE', #1328, #1867, #316, .T. ) ;
#556 = DIRECTION ( 'NONE',  ( 0.000000000000000000, -1.000000000000000000, 0.000000000000000000 ) ) ;
#557 = EDGE_LOOP ( 'NONE', ( #1206, #1832, #469, #1302 ) ) ;
#558 = FACE_OUTER_BOUND ( 'NONE', #1742, .T. ) ;
#559 = CARTESIAN_POINT ( 'NONE',  ( 16.00000000000000000, -4.000000000000000000, -30.00000000000000000 ) ) ;
#560 = EDGE_LOOP ( 'NONE', ( #1552, #86, #1433, #676 ) ) ;
#561 = VERTEX_POINT ( 'NONE', #1374 ) ;
#562 = CARTESIAN_POINT ( 'NONE',  ( 110.0000000000000000, 0.000000000000000000, 67.50000000000000000 ) ) ;
#563 = CARTESIAN_POINT ( 'NONE',  ( -61.00000000000000000, 0.000000000000000000, 34.00000000000000000 ) ) ;
#564 = ADVANCED_FACE ( 'NONE', ( #1227 ), #731, .F. ) ;
#565 = EDGE_CURVE ( 'NONE', #879, #1539, #1471, .T. ) ;
#566 = DIRECTION ( 'NONE',  ( 0.000000000000000000, 0.000000000000000000, 1.000000000000000000 ) ) ;
#567 = ORIENTED_EDGE ( 'NONE', *, *, #984, .T. ) ;
#568 = DIRECTION ( 'NONE',  ( -1.000000000000000000, 0.000000000000000000, 0.000000000000000000 ) ) ;
#569 = VERTEX_POINT ( 'NONE', #770 ) ;
#570 = ORIENTED_EDGE ( 'NONE', *, *, #1336, .T. ) ;
#571 = CARTESIAN_POINT ( 'NONE',  ( -80.00000000000000000, -3.000000000000000000, -30.00000000000000000 ) ) ;
#572 = LINE ( 'NONE', #1173, #1508 ) ;
#573 = FACE_OUTER_BOUND ( 'NONE', #1146, .T. ) ;
#574 = AXIS2_PLACEMENT_3D ( 'NONE', #1437, #1545, #1843 ) ;
#575 = PLANE ( 'NONE',  #1780 ) ;
#576 = ADVANCED_FACE ( 'NONE', ( #497 ), #1217, .F. ) ;
#577 = AXIS2_PLACEMENT_3D ( 'NONE', #1366, #1052, #1484 ) ;
#578 = VERTEX_POINT ( 'NONE', #1083 ) ;
#579 = VECTOR ( 'NONE', #226, 1000.000000000000000 ) ;
#580 = CARTESIAN_POINT ( 'NONE',  ( 46.00000000000000000, -1.199999999999999734, 21.00000000000000000 ) ) ;
#581 = DIRECTION ( 'NONE',  ( 0.000000000000000000, -0.000000000000000000, -1.000000000000000000 ) ) ;
#582 = DIRECTION ( 'NONE',  ( -0.000000000000000000, -0.000000000000000000, 1.000000000000000000 ) ) ;
#583 = DIRECTION ( 'NONE',  ( 1.000000000000000000, 0.000000000000000000, 0.000000000000000000 ) ) ;
#584 = VERTEX_POINT ( 'NONE', #1683 ) ;
#585 = EDGE_CURVE ( 'NONE', #1110, #1671, #1535, .T. ) ;
#586 = FACE_OUTER_BOUND ( 'NONE', #431, .T. ) ;
#587 = LINE ( 'NONE', #1458, #548 ) ;
#588 = LINE ( 'NONE', #443, #1721 ) ;
#589 = APPLICATION_CONTEXT ( 'configuration controlled 3d designs of mechanical parts and assemblies' ) ;
#590 = CARTESIAN_POINT ( 'NONE',  ( 100.0000000000000000, -2.999999999999999112, -57.00000000000000000 ) ) ;
#591 = ORIENTED_EDGE ( 'NONE', *, *, #757, .F. ) ;
#592 = EDGE_CURVE ( 'NONE', #966, #879, #204, .T. ) ;
#593 = CARTESIAN_POINT ( 'NONE',  ( -68.00000000000000000, 0.000000000000000000, -30.00000000000000000 ) ) ;
#594 = EDGE_CURVE ( 'NONE', #1454, #1089, #480, .T. ) ;
#595 = DIRECTION ( 'NONE',  ( 1.000000000000000000, 0.000000000000000000, 0.000000000000000000 ) ) ;
#596 = CYLINDRICAL_SURFACE ( 'NONE', #230, 1.799999999999989164 ) ;
#597 = DIRECTION ( 'NONE',  ( -0.000000000000000000, 1.000000000000000000, -0.000000000000000000 ) ) ;
#598 = VECTOR ( 'NONE', #362, 1000.000000000000000 ) ;
#599 = VERTEX_POINT ( 'NONE', #330 ) ;
#600 = AXIS2_PLACEMENT_3D ( 'NONE', #580, #434, #1166 ) ;
#601 = ORIENTED_EDGE ( 'NONE', *, *, #1631, .F. ) ;
#602 = AXIS2_PLACEMENT_3D ( 'NONE', #8, #161, #1056 ) ;
#603 = VECTOR ( 'NONE', #628, 1000.000000000000000 ) ;
#604 = CIRCLE ( 'NONE', #41, 1.799999999999989164 ) ;
#605 = CARTESIAN_POINT ( 'NONE',  ( -61.00000000000000000, -4.000000000000000000, 43.00000000000000000 ) ) ;
#606 = EDGE_CURVE ( 'NONE', #181, #1826, #618, .T. ) ;
#607 = LINE ( 'NONE', #740, #843 ) ;
#608 = CARTESIAN_POINT ( 'NONE',  ( -100.0000000000000000, -2.999999999999999112, -57.00000000000000000 ) ) ;
#609 = EDGE_LOOP ( 'NONE', ( #1453, #914, #1016, #446 ) ) ;
#610 = DIRECTION ( 'NONE',  ( -1.000000000000000000, 0.000000000000000000, 0.000000000000000000 ) ) ;
#611 = ORIENTED_EDGE ( 'NONE', *, *, #950, .F. ) ;
#612 = DIRECTION ( 'NONE',  ( 0.000000000000000000, 0.000000000000000000, -1.000000000000000000 ) ) ;
#613 = FACE_OUTER_BOUND ( 'NONE', #789, .T. ) ;
#614 = DIRECTION ( 'NONE',  ( -0.000000000000000000, 1.000000000000000000, -0.000000000000000000 ) ) ;
#615 = ADVANCED_FACE ( 'NONE', ( #586 ), #1510, .T. ) ;
#616 = LINE ( 'NONE', #767, #1603 ) ;
#617 = VERTEX_POINT ( 'NONE', #30 ) ;
#618 = LINE ( 'NONE', #1771, #969 ) ;
#619 = DIRECTION ( 'NONE',  ( 0.000000000000000000, 0.000000000000000000, -1.000000000000000000 ) ) ;
#620 = CARTESIAN_POINT ( 'NONE',  ( -68.00000000000000000, 0.000000000000000000, -30.00000000000000000 ) ) ;
#621 = PLANE ( 'NONE',  #602 ) ;
#622 = ORIENTED_EDGE ( 'NONE', *, *, #1020, .T. ) ;
#623 = CARTESIAN_POINT ( 'NONE',  ( 4.000000000000000000, -3.000000000000000000, -30.00000000000000000 ) ) ;
#624 = EDGE_CURVE ( 'NONE', #402, #1539, #959, .T. ) ;
#625 = VERTEX_POINT ( 'NONE', #1418 ) ;
#626 = DIRECTION ( 'NONE',  ( -1.000000000000000000, -0.000000000000000000, -0.000000000000000000 ) ) ;
#627 = VECTOR ( 'NONE', #232, 1000.000000000000000 ) ;
#628 = DIRECTION ( 'NONE',  ( 1.000000000000000000, 0.000000000000000000, 0.000000000000000000 ) ) ;
#629 = VECTOR ( 'NONE', #742, 1000.000000000000000 ) ;
#630 = VECTOR ( 'NONE', #1156, 1000.000000000000000 ) ;
#631 = CARTESIAN_POINT ( 'NONE',  ( -100.0000000000000000, 0.000000000000000000, 57.00000000000000000 ) ) ;
#632 = DIRECTION ( 'NONE',  ( 0.000000000000000000, -0.000000000000000000, -1.000000000000000000 ) ) ;
#633 = VECTOR ( 'NONE', #223, 1000.000000000000000 ) ;
#634 = ORIENTED_EDGE ( 'NONE', *, *, #856, .T. ) ;
#635 = CARTESIAN_POINT ( 'NONE',  ( -0.000000000000000000, -3.000000000000000000, -30.00000000000000000 ) ) ;
#636 = ORIENTED_EDGE ( 'NONE', *, *, #1124, .T. ) ;
#637 = FACE_OUTER_BOUND ( 'NONE', #267, .T. ) ;
#638 = ADVANCED_FACE ( 'NONE', ( #806 ), #91, .F. ) ;
#639 = CARTESIAN_POINT ( 'NONE',  ( 0.000000000000000000, -3.000000000000000000, -54.00000000000000000 ) ) ;
#640 = DIRECTION ( 'NONE',  ( 0.000000000000000000, 1.000000000000000000, 0.000000000000000000 ) ) ;
#641 = ORIENTED_EDGE ( 'NONE', *, *, #1863, .F. ) ;
#642 = DIRECTION ( 'NONE',  ( -0.000000000000000000, 1.000000000000000000, -0.000000000000000000 ) ) ;
#643 = ORIENTED_EDGE ( 'NONE', *, *, #344, .F. ) ;
#644 = CARTESIAN_POINT ( 'NONE',  ( -84.00000000000000000, 0.000000000000000000, -54.00000000000000000 ) ) ;
#645 = ORIENTED_EDGE ( 'NONE', *, *, #1802, .T. ) ;
#646 = DIRECTION ( 'NONE',  ( -1.000000000000000000, -0.000000000000000000, -0.000000000000000000 ) ) ;
#647 = DIRECTION ( 'NONE',  ( -0.000000000000000000, 1.000000000000000000, -0.000000000000000000 ) ) ;
#648 = EDGE_CURVE ( 'NONE', #996, #392, #1104, .T. ) ;
#649 = DIRECTION ( 'NONE',  ( 0.000000000000000000, 0.000000000000000000, -1.000000000000000000 ) ) ;
#650 = EDGE_CURVE ( 'NONE', #1449, #964, #1112, .T. ) ;
#651 = CARTESIAN_POINT ( 'NONE',  ( -8.000000000000000000, -3.000000000000000000, -30.00000000000000000 ) ) ;
#652 = VERTEX_POINT ( 'NONE', #520 ) ;
#653 = FACE_OUTER_BOUND ( 'NONE', #1247, .T. ) ;
#654 = LINE ( 'NONE', #1711, #168 ) ;
#656 = PLANE ( 'NONE',  #1876 ) ;
#655 = VECTOR ( 'NONE', #1912, 1000.000000000000000 ) ;
#657 = ORIENTED_EDGE ( 'NONE', *, *, #102, .F. ) ;
#658 = CARTESIAN_POINT ( 'NONE',  ( 17.00000000000000000, -1.199999999999999956, 13.00000000000000000 ) ) ;
#659 = VECTOR ( 'NONE', #130, 1000.000000000000000 ) ;
#660 = APPROVAL ( #1567, '未指定' ) ;
#661 = EDGE_CURVE ( 'NONE', #1280, #807, #654, .T. ) ;
#662 = ORIENTED_EDGE ( 'NONE', *, *, #286, .T. ) ;
#663 = FACE_BOUND ( 'NONE', #535, .T. ) ;
#664 = VECTOR ( 'NONE', #1180, 1000.000000000000000 ) ;
#665 = CARTESIAN_POINT ( 'NONE',  ( -100.0000000000000000, -16.00000000000000000, 58.79999999999999005 ) ) ;
#666 = ORIENTED_EDGE ( 'NONE', *, *, #1336, .F. ) ;
#667 = PERSON_AND_ORGANIZATION_ROLE ( 'design_owner' ) ;
#668 = ORIENTED_EDGE ( 'NONE', *, *, #972, .F. ) ;
#669 = CARTESIAN_POINT ( 'NONE',  ( 4.000000000000000000, -3.000000000000000000, -54.00000000000000000 ) ) ;
#670 = DIRECTION ( 'NONE',  ( 0.000000000000000000, -1.000000000000000000, 0.000000000000000000 ) ) ;
#671 = EDGE_LOOP ( 'NONE', ( #1076, #253, #1362, #641 ) ) ;
#672 = VERTEX_POINT ( 'NONE', #1563 ) ;
#673 = CARTESIAN_POINT ( 'NONE',  ( -60.00000000000000000, 0.000000000000000000, -30.00000000000000000 ) ) ;
#674 = EDGE_CURVE ( 'NONE', #1430, #438, #1861, .T. ) ;
#675 = DIRECTION ( 'NONE',  ( 0.000000000000000000, 0.000000000000000000, 1.000000000000000000 ) ) ;
#676 = ORIENTED_EDGE ( 'NONE', *, *, #1886, .F. ) ;
#677 = DIRECTION ( 'NONE',  ( 0.000000000000000000, -1.000000000000000000, 0.000000000000000000 ) ) ;
#678 = ORIENTED_EDGE ( 'NONE', *, *, #592, .T. ) ;
#679 = FACE_OUTER_BOUND ( 'NONE', #1226, .T. ) ;
#680 = DIRECTION ( 'NONE',  ( -0.000000000000000000, 0.000000000000000000, 1.000000000000000000 ) ) ;
#681 = ORIENTED_EDGE ( 'NONE', *, *, #1467, .T. ) ;
#682 = LINE ( 'NONE', #516, #1284 ) ;
#683 = ORIENTED_EDGE ( 'NONE', *, *, #317, .F. ) ;
#684 = CARTESIAN_POINT ( 'NONE',  ( -108.0000000000000000, -12.00000000000000000, 67.50000000000000000 ) ) ;
#685 = ORIENTED_EDGE ( 'NONE', *, *, #1219, .T. ) ;
#686 = EDGE_CURVE ( 'NONE', #92, #1334, #112, .T. ) ;
#687 = ORIENTED_EDGE ( 'NONE', *, *, #921, .F. ) ;
#688 = DATE_AND_TIME ( #134, #1127 ) ;
#689 = CARTESIAN_POINT ( 'NONE',  ( 75.00000000000000000, -1.199999999999999956, 13.00000000000000000 ) ) ;
#690 = DIRECTION ( 'NONE',  ( -0.000000000000000000, 0.000000000000000000, 1.000000000000000000 ) ) ;
#691 = AXIS2_PLACEMENT_3D ( 'NONE', #763, #474, #1632 ) ;
#692 = ORIENTED_EDGE ( 'NONE', *, *, #1114, .F. ) ;
#693 = VECTOR ( 'NONE', #583, 1000.000000000000000 ) ;
#694 = ORIENTED_EDGE ( 'NONE', *, *, #114, .T. ) ;
#695 = DIRECTION ( 'NONE',  ( -0.000000000000000000, 1.000000000000000000, -0.000000000000000000 ) ) ;
#696 = AXIS2_PLACEMENT_3D ( 'NONE', #175, #210, #248 ) ;
#697 = AXIS2_PLACEMENT_3D ( 'NONE', #435, #556, #285 ) ;
#698 = AXIS2_PLACEMENT_3D ( 'NONE', #502, #1847, #1084 ) ;
#699 = VERTEX_POINT ( 'NONE', #1734 ) ;
#700 = DIRECTION ( 'NONE',  ( -0.000000000000000000, 1.000000000000000000, -0.000000000000000000 ) ) ;
#701 = VERTEX_POINT ( 'NONE', #1404 ) ;
#702 = ORIENTED_EDGE ( 'NONE', *, *, #953, .T. ) ;
#703 = ORIENTED_EDGE ( 'NONE', *, *, #1815, .T. ) ;
#704 = EDGE_CURVE ( 'NONE', #1830, #1592, #221, .T. ) ;
#705 = CARTESIAN_POINT ( 'NONE',  ( 75.00000000000000000, 0.000000000000000000, 9.000000000000000000 ) ) ;
#706 = FACE_OUTER_BOUND ( 'NONE', #1311, .T. ) ;
#707 = LINE ( 'NONE', #1175, #944 ) ;
#708 = ORIENTED_EDGE ( 'NONE', *, *, #1668, .T. ) ;
#709 = CARTESIAN_POINT ( 'NONE',  ( 16.00000000000000000, 0.000000000000000000, -54.00000000000000000 ) ) ;
#710 = EDGE_LOOP ( 'NONE', ( #1303, #35, #533, #979 ) ) ;
#711 = ORIENTED_EDGE ( 'NONE', *, *, #1652, .F. ) ;
#712 = DIRECTION ( 'NONE',  ( -0.000000000000000000, 1.000000000000000000, -0.000000000000000000 ) ) ;
#713 = CARTESIAN_POINT ( 'NONE',  ( 46.00000000000000000, -4.000000000000000000, 30.25000000000000711 ) ) ;
#714 = EDGE_CURVE ( 'NONE', #1134, #1407, #978, .T. ) ;
#715 = PLANE ( 'NONE',  #1781 ) ;
#716 = LINE ( 'NONE', #123, #1215 ) ;
#717 = ORIENTED_EDGE ( 'NONE', *, *, #997, .T. ) ;
#718 = VERTEX_POINT ( 'NONE', #1243 ) ;
#719 = APPROVAL_DATE_TIME ( #1576, #466 ) ;
#720 = PLANE ( 'NONE',  #1316 ) ;
#721 = CARTESIAN_POINT ( 'NONE',  ( 4.000000000000000000, -4.000000000000000000, -30.00000000000000000 ) ) ;
#722 = ORIENTED_EDGE ( 'NONE', *, *, #540, .T. ) ;
#723 = DIRECTION ( 'NONE',  ( 1.000000000000000000, 0.000000000000000000, 0.000000000000000000 ) ) ;
#724 = EDGE_CURVE ( 'NONE', #1264, #699, #952, .T. ) ;
#725 = CARTESIAN_POINT ( 'NONE',  ( -8.000000000000000000, 0.000000000000000000, -54.00000000000000000 ) ) ;
#726 = AXIS2_PLACEMENT_3D ( 'NONE', #1909, #734, #437 ) ;
#727 = AXIS2_PLACEMENT_3D ( 'NONE', #831, #858, #581 ) ;
#728 = VERTEX_POINT ( 'NONE', #375 ) ;
#729 = ORIENTED_EDGE ( 'NONE', *, *, #1521, .T. ) ;
#730 = VECTOR ( 'NONE', #472, 1000.000000000000000 ) ;
#731 = CYLINDRICAL_SURFACE ( 'NONE', #1657, 1.799999999999989164 ) ;
#732 = DIRECTION ( 'NONE',  ( 0.000000000000000000, -1.000000000000000000, 0.000000000000000000 ) ) ;
#733 = DIRECTION ( 'NONE',  ( -0.000000000000000000, 1.000000000000000000, -0.000000000000000000 ) ) ;
#734 = DIRECTION ( 'NONE',  ( -0.000000000000000000, 1.000000000000000000, -0.000000000000000000 ) ) ;
#735 = ORIENTED_EDGE ( 'NONE', *, *, #765, .F. ) ;
#736 = EDGE_CURVE ( 'NONE', #617, #341, #1585, .T. ) ;
#737 = EDGE_LOOP ( 'NONE', ( #1415, #79, #838, #539 ) ) ;
#738 = EDGE_CURVE ( 'NONE', #963, #438, #69, .T. ) ;
#739 = LINE ( 'NONE', #1208, #909 ) ;
#740 = CARTESIAN_POINT ( 'NONE',  ( 4.000000000000000000, 0.000000000000000000, -30.00000000000000000 ) ) ;
#741 = DIRECTION ( 'NONE',  ( 0.000000000000000000, 0.000000000000000000, 1.000000000000000000 ) ) ;
#742 = DIRECTION ( 'NONE',  ( -1.000000000000000000, 0.000000000000000000, 0.000000000000000000 ) ) ;
#743 = ORIENTED_EDGE ( 'NONE', *, *, #1439, .F. ) ;
#744 = EDGE_CURVE ( 'NONE', #1676, #1328, #1575, .T. ) ;
#745 = DIRECTION ( 'NONE',  ( 0.000000000000000000, 0.000000000000000000, 1.000000000000000000 ) ) ;
#746 = PLANE ( 'NONE',  #1754 ) ;
#747 = CARTESIAN_POINT ( 'NONE',  ( 4.000000000000000000, -4.000000000000000000, -54.00000000000000000 ) ) ;
#748 = ORIENTED_EDGE ( 'NONE', *, *, #1899, .F. ) ;
#749 = CARTESIAN_POINT ( 'NONE',  ( -8.000000000000000000, -3.000000000000000000, -54.00000000000000000 ) ) ;
#750 = AXIS2_PLACEMENT_3D ( 'NONE', #1222, #1097, #1570 ) ;
#751 = EDGE_LOOP ( 'NONE', ( #1673, #125, #468, #1870 ) ) ;
#752 = VECTOR ( 'NONE', #1141, 1000.000000000000000 ) ;
#753 = EDGE_LOOP ( 'NONE', ( #601, #282, #1587, #205 ) ) ;
#754 = AXIS2_PLACEMENT_3D ( 'NONE', #1048, #1811, #1795 ) ;
#755 = EDGE_CURVE ( 'NONE', #1893, #1249, #1282, .T. ) ;
#756 = CARTESIAN_POINT ( 'NONE',  ( 0.000000000000000000, -3.000000000000000000, -54.00000000000000000 ) ) ;
#757 = EDGE_CURVE ( 'NONE', #584, #92, #422, .T. ) ;
#758 = DIRECTION ( 'NONE',  ( 0.000000000000000000, 0.000000000000000000, -1.000000000000000000 ) ) ;
#759 = DIRECTION ( 'NONE',  ( -0.000000000000000000, -0.000000000000000000, 1.000000000000000000 ) ) ;
#760 = DIRECTION ( 'NONE',  ( 0.000000000000000000, 1.000000000000000000, 0.000000000000000000 ) ) ;
#761 = DIRECTION ( 'NONE',  ( 0.000000000000000000, 0.000000000000000000, 1.000000000000000000 ) ) ;
#762 = CARTESIAN_POINT ( 'NONE',  ( 50.64354390525167560, -1.199999999999999734, 13.00000000000000000 ) ) ;
#763 = CARTESIAN_POINT ( 'NONE',  ( -110.0000000000000000, -3.000000000000000000, 67.50000000000000000 ) ) ;
#764 = FACE_BOUND ( 'NONE', #349, .T. ) ;
#765 = EDGE_CURVE ( 'NONE', #1822, #87, #967, .T. ) ;
#766 = VERTEX_POINT ( 'NONE', #818 ) ;
#767 = CARTESIAN_POINT ( 'NONE',  ( 110.0000000000000000, -3.000000000000000000, -67.50000000000000000 ) ) ;
#768 = EDGE_LOOP ( 'NONE', ( #266, #1191, #1701, #611 ) ) ;
#769 = ORIENTED_EDGE ( 'NONE', *, *, #1752, .F. ) ;
#770 = CARTESIAN_POINT ( 'NONE',  ( -0.000000000000000000, 0.000000000000000000, -30.00000000000000000 ) ) ;
#771 = DIRECTION ( 'NONE',  ( -1.000000000000000000, 0.000000000000000000, -0.000000000000000000 ) ) ;
#772 = DIRECTION ( 'NONE',  ( 0.000000000000000000, 1.000000000000000000, 0.000000000000000000 ) ) ;
#773 = CARTESIAN_POINT ( 'NONE',  ( 17.00000000000000000, -1.199999999999999956, 13.00000000000000000 ) ) ;
#774 = VERTEX_POINT ( 'NONE', #1555 ) ;
#775 = DIRECTION ( 'NONE',  ( -0.000000000000000000, 1.000000000000000000, -0.000000000000000000 ) ) ;
#776 = EDGE_CURVE ( 'NONE', #309, #1884, #141, .T. ) ;
#777 = EDGE_CURVE ( 'NONE', #1895, #1639, #1213, .T. ) ;
#778 = VERTEX_POINT ( 'NONE', #300 ) ;
#779 = CARTESIAN_POINT ( 'NONE',  ( 100.0000000000000000, -2.999999999999999112, 57.00000000000000000 ) ) ;
#780 = VECTOR ( 'NONE', #479, 1000.000000000000000 ) ;
#781 = DIRECTION ( 'NONE',  ( 0.000000000000000000, -1.000000000000000000, 0.000000000000000000 ) ) ;
#782 = VECTOR ( 'NONE', #610, 1000.000000000000000 ) ;
#783 = VECTOR ( 'NONE', #523, 1000.000000000000000 ) ;
#784 = DIRECTION ( 'NONE',  ( 1.000000000000000000, 0.000000000000000000, 0.000000000000000000 ) ) ;
#785 = CARTESIAN_POINT ( 'NONE',  ( 46.00000000000000000, -1.199999999999999734, 11.74999999999999822 ) ) ;
#786 = AXIS2_PLACEMENT_3D ( 'NONE', #1667, #1201, #331 ) ;
#787 = FACE_OUTER_BOUND ( 'NONE', #557, .T. ) ;
#788 = ADVANCED_FACE ( 'NONE', ( #888 ), #861, .F. ) ;
#789 = EDGE_LOOP ( 'NONE', ( #1880, #1017, #380, #1551 ) ) ;
#790 = DIRECTION ( 'NONE',  ( -0.000000000000000000, 1.000000000000000000, -0.000000000000000000 ) ) ;
#791 = EDGE_CURVE ( 'NONE', #1199, #309, #1176, .T. ) ;
#792 = LINE ( 'NONE', #1259, #485 ) ;
#793 = CARTESIAN_POINT ( 'NONE',  ( -72.00000000000000000, 0.000000000000000000, -30.00000000000000000 ) ) ;
#794 = CARTESIAN_POINT ( 'NONE',  ( -84.00000000000000000, -4.000000000000000000, -54.00000000000000000 ) ) ;
#795 = CARTESIAN_POINT ( 'NONE',  ( -100.0000000000000000, 0.000000000000000000, 55.20000000000000284 ) ) ;
#796 = ORIENTED_EDGE ( 'NONE', *, *, #1815, .F. ) ;
#797 = CARTESIAN_POINT ( 'NONE',  ( 46.00000000000000000, -4.000000000000000000, 47.00000000000000000 ) ) ;
#798 = FACE_OUTER_BOUND ( 'NONE', #1864, .T. ) ;
#799 = EDGE_CURVE ( 'NONE', #1825, #488, #281, .T. ) ;
#800 = EDGE_CURVE ( 'NONE', #966, #1449, #1015, .T. ) ;
#801 = CARTESIAN_POINT ( 'NONE',  ( 100.0000000000000000, 0.000000000000000000, -57.00000000000000000 ) ) ;
#802 = LINE ( 'NONE', #1708, #814 ) ;
#803 = EDGE_LOOP ( 'NONE', ( #308, #1665 ) ) ;
#804 = DIRECTION ( 'NONE',  ( -1.000000000000000000, 0.000000000000000000, -0.000000000000000000 ) ) ;
#805 = ORIENTED_EDGE ( 'NONE', *, *, #452, .T. ) ;
#806 = FACE_OUTER_BOUND ( 'NONE', #1572, .T. ) ;
#807 = VERTEX_POINT ( 'NONE', #260 ) ;
#808 = CARTESIAN_POINT ( 'NONE',  ( 12.00000000000000000, 0.000000000000000000, -54.00000000000000000 ) ) ;
#809 = AXIS2_PLACEMENT_3D ( 'NONE', #139, #1008, #288 ) ;
#810 = ADVANCED_FACE ( 'NONE', ( #430 ), #575, .T. ) ;
#812 = CARTESIAN_POINT ( 'NONE',  ( -80.00000000000000000, -4.000000000000000000, -30.00000000000000000 ) ) ;
#811 = VECTOR ( 'NONE', #597, 1000.000000000000000 ) ;
#813 = LINE ( 'NONE', #1412, #1033 ) ;
#814 = VECTOR ( 'NONE', #371, 1000.000000000000000 ) ;
#815 = ORIENTED_EDGE ( 'NONE', *, *, #993, .T. ) ;
#816 = CARTESIAN_POINT ( 'NONE',  ( 46.00000000000000000, 0.000000000000000000, 21.00000000000000000 ) ) ;
#817 = ORIENTED_EDGE ( 'NONE', *, *, #1101, .T. ) ;
#818 = CARTESIAN_POINT ( 'NONE',  ( -84.00000000000000000, -3.000000000000000000, -54.00000000000000000 ) ) ;
#819 = CALENDAR_DATE ( 2026, 26, 7 ) ;
#820 = ORIENTED_EDGE ( 'NONE', *, *, #1712, .F. ) ;
#821 = DIRECTION ( 'NONE',  ( 1.000000000000000000, 0.000000000000000000, 0.000000000000000000 ) ) ;
#822 = CARTESIAN_POINT ( 'NONE',  ( 4.000000000000000000, -3.000000000000000000, 0.000000000000000000 ) ) ;
#823 = EDGE_LOOP ( 'NONE', ( #1599, #131, #1047, #1427 ) ) ;
#824 = EDGE_LOOP ( 'NONE', ( #1661, #1753, #1891, #687 ) ) ;
#825 = FACE_BOUND ( 'NONE', #1080, .T. ) ;
#826 = EDGE_CURVE ( 'NONE', #1438, #935, #410, .T. ) ;
#827 = ORIENTED_EDGE ( 'NONE', *, *, #1763, .F. ) ;
#828 = DIRECTION ( 'NONE',  ( -0.000000000000000000, 1.000000000000000000, -0.000000000000000000 ) ) ;
#829 = ORIENTED_EDGE ( 'NONE', *, *, #359, .T. ) ;
#830 = DIRECTION ( 'NONE',  ( 0.000000000000000000, 0.000000000000000000, 1.000000000000000000 ) ) ;
#831 = CARTESIAN_POINT ( 'NONE',  ( 0.000000000000000000, -12.00000000000000000, 0.000000000000000000 ) ) ;
#832 = VERTEX_POINT ( 'NONE', #1892 ) ;
#833 = DIRECTION ( 'NONE',  ( -1.000000000000000000, 0.000000000000000000, -0.000000000000000000 ) ) ;
#834 = CC_DESIGN_PERSON_AND_ORGANIZATION_ASSIGNMENT ( #1019, #1165, ( #1371 ) ) ;
#835 = ORIENTED_EDGE ( 'NONE', *, *, #1763, .T. ) ;
#836 = CARTESIAN_POINT ( 'NONE',  ( 17.00000000000000000, -1.199999999999999956, 13.00000000000000000 ) ) ;
#837 = ADVANCED_FACE ( 'NONE', ( #1169 ), #1461, .T. ) ;
#838 = ORIENTED_EDGE ( 'NONE', *, *, #1140, .T. ) ;
#839 = VERTEX_POINT ( 'NONE', #154 ) ;
#840 = COORDINATED_UNIVERSAL_TIME_OFFSET ( 8, 0, .AHEAD. ) ;
#841 = CARTESIAN_POINT ( 'NONE',  ( -12.00000000000000000, -4.000000000000000000, -30.00000000000000000 ) ) ;
#842 = FACE_OUTER_BOUND ( 'NONE', #710, .T. ) ;
#843 = VECTOR ( 'NONE', #1194, 1000.000000000000000 ) ;
#844 = AXIS2_PLACEMENT_3D ( 'NONE', #797, #80, #675 ) ;
#845 = ORIENTED_EDGE ( 'NONE', *, *, #367, .F. ) ;
#846 = CC_DESIGN_SECURITY_CLASSIFICATION ( #942, ( #1371 ) ) ;
#847 = DIRECTION ( 'NONE',  ( -1.000000000000000000, 0.000000000000000000, -0.000000000000000000 ) ) ;
#848 = CIRCLE ( 'NONE', #1095, 1.799999999999989164 ) ;
#849 = AXIS2_PLACEMENT_3D ( 'NONE', #261, #1586, #1356 ) ;
#850 = ORIENTED_EDGE ( 'NONE', *, *, #1296, .T. ) ;
#851 = CARTESIAN_POINT ( 'NONE',  ( -110.0000000000000000, -3.000000000000000000, 67.50000000000000000 ) ) ;
#852 = ORIENTED_EDGE ( 'NONE', *, *, #1794, .F. ) ;
#853 = ORIENTED_EDGE ( 'NONE', *, *, #594, .F. ) ;
#854 = EDGE_LOOP ( 'NONE', ( #486, #1810 ) ) ;
#855 = COORDINATED_UNIVERSAL_TIME_OFFSET ( 8, 0, .AHEAD. ) ;
#856 = EDGE_CURVE ( 'NONE', #1830, #1438, #1761, .T. ) ;
#857 = DIRECTION ( 'NONE',  ( 0.000000000000000000, 1.000000000000000000, 0.000000000000000000 ) ) ;
#858 = DIRECTION ( 'NONE',  ( 0.000000000000000000, -1.000000000000000000, 0.000000000000000000 ) ) ;
#859 = PLANE ( 'NONE',  #1873 ) ;
#860 = ORIENTED_EDGE ( 'NONE', *, *, #1740, .F. ) ;
#861 = PLANE ( 'NONE',  #809 ) ;
#862 = ORIENTED_EDGE ( 'NONE', *, *, #238, .T. ) ;
#863 = ORIENTED_EDGE ( 'NONE', *, *, #1910, .T. ) ;
#864 = APPROVAL_ROLE ( '' ) ;
#865 = CARTESIAN_POINT ( 'NONE',  ( -72.00000000000000000, -4.000000000000000000, -30.00000000000000000 ) ) ;
#866 = DIRECTION ( 'NONE',  ( -0.000000000000000000, 1.000000000000000000, -0.000000000000000000 ) ) ;
#867 = EDGE_CURVE ( 'NONE', #1264, #1548, #1409, .T. ) ;
#868 = CARTESIAN_POINT ( 'NONE',  ( 12.00000000000000000, -4.000000000000000000, -54.00000000000000000 ) ) ;
#869 = CARTESIAN_POINT ( 'NONE',  ( -61.00000000000000000, 0.000000000000000000, 43.00000000000000000 ) ) ;
#870 = EDGE_LOOP ( 'NONE', ( #912, #1382, #1505, #1113 ) ) ;
#871 = VERTEX_POINT ( 'NONE', #869 ) ;
#872 = CARTESIAN_POINT ( 'NONE',  ( 12.00000000000000000, 0.000000000000000000, -30.00000000000000000 ) ) ;
#873 = CARTESIAN_POINT ( 'NONE',  ( 108.0000000000000000, -3.000000000000000000, 0.000000000000000000 ) ) ;
#874 = EDGE_CURVE ( 'NONE', #87, #1199, #1469, .T. ) ;
#875 = FACE_OUTER_BOUND ( 'NONE', #1178, .T. ) ;
#876 = VECTOR ( 'NONE', #646, 1000.000000000000000 ) ;
#877 = EDGE_CURVE ( 'NONE', #578, #1294, #716, .T. ) ;
#878 = DIRECTION ( 'NONE',  ( -1.000000000000000000, 0.000000000000000000, 0.000000000000000000 ) ) ;
#879 = VERTEX_POINT ( 'NONE', #725 ) ;
#880 = VECTOR ( 'NONE', #1655, 1000.000000000000000 ) ;
#881 = CIRCLE ( 'NONE', #1132, 1.799999999999989164 ) ;
#882 = EDGE_LOOP ( 'NONE', ( #345, #1170 ) ) ;
#883 = EDGE_LOOP ( 'NONE', ( #494, #222, #272, #567 ) ) ;
#884 = AXIS2_PLACEMENT_3D ( 'NONE', #340, #677, #1074 ) ;
#885 = CARTESIAN_POINT ( 'NONE',  ( -12.00000000000000000, 0.000000000000000000, -30.00000000000000000 ) ) ;
#886 = CARTESIAN_POINT ( 'NONE',  ( 100.0000000000000000, 0.000000000000000000, 57.00000000000000000 ) ) ;
#887 = LINE ( 'NONE', #271, #1903 ) ;
#888 = FACE_OUTER_BOUND ( 'NONE', #1509, .T. ) ;
#889 = ADVANCED_FACE ( 'NONE', ( #1321 ), #1626, .F. ) ;
#890 = VERTEX_POINT ( 'NONE', #709 ) ;
#891 = CARTESIAN_POINT ( 'NONE',  ( 12.00000000000000000, 0.000000000000000000, -30.00000000000000000 ) ) ;
#892 = DIRECTION ( 'NONE',  ( 0.000000000000000000, 0.000000000000000000, -1.000000000000000000 ) ) ;
#893 = DIRECTION ( 'NONE',  ( 0.000000000000000000, -1.000000000000000000, 0.000000000000000000 ) ) ;
#894 = ORIENTED_EDGE ( 'NONE', *, *, #1065, .F. ) ;
#895 = LINE ( 'NONE', #1058, #1565 ) ;
#896 = ORIENTED_EDGE ( 'NONE', *, *, #1741, .T. ) ;
#897 = EDGE_CURVE ( 'NONE', #333, #1628, #1776, .T. ) ;
#898 = EDGE_CURVE ( 'NONE', #1449, #578, #1638, .T. ) ;
#899 = PLANE ( 'NONE',  #1479 ) ;
#900 = FACE_OUTER_BOUND ( 'NONE', #122, .T. ) ;
#901 = FACE_OUTER_BOUND ( 'NONE', #406, .T. ) ;
#902 = ORIENTED_EDGE ( 'NONE', *, *, #1075, .F. ) ;
#903 = LINE ( 'NONE', #1495, #386 ) ;
#904 = VECTOR ( 'NONE', #224, 1000.000000000000000 ) ;
#905 = VECTOR ( 'NONE', #366, 1000.000000000000000 ) ;
#906 = ORIENTED_EDGE ( 'NONE', *, *, #1532, .F. ) ;
#907 = CARTESIAN_POINT ( 'NONE',  ( -8.000000000000000000, -4.000000000000000000, -54.00000000000000000 ) ) ;
#908 = VECTOR ( 'NONE', #315, 1000.000000000000000 ) ;
#909 = VECTOR ( 'NONE', #311, 1000.000000000000000 ) ;
#910 = LINE ( 'NONE', #885, #1725 ) ;
#911 = EDGE_CURVE ( 'NONE', #1822, #1224, #273, .T. ) ;
#912 = ORIENTED_EDGE ( 'NONE', *, *, #937, .F. ) ;
#913 = CARTESIAN_POINT ( 'NONE',  ( -56.00000000000000000, -4.000000000000000000, -30.00000000000000000 ) ) ;
#914 = ORIENTED_EDGE ( 'NONE', *, *, #1631, .T. ) ;
#915 = FACE_BOUND ( 'NONE', #1580, .T. ) ;
#916 = EDGE_LOOP ( 'NONE', ( #666, #657 ) ) ;
#917 = DIRECTION ( 'NONE',  ( -7.501506923142946932E-16, 0.000000000000000000, -1.000000000000000000 ) ) ;
#918 = EDGE_LOOP ( 'NONE', ( #1106, #1692, #1581, #1049 ) ) ;
#919 = LINE ( 'NONE', #1051, #1091 ) ;
#920 = LINE ( 'NONE', #891, #390 ) ;
#921 = EDGE_CURVE ( 'NONE', #1628, #38, #1187, .T. ) ;
#922 = PLANE ( 'NONE',  #166 ) ;
#923 = ORIENTED_EDGE ( 'NONE', *, *, #867, .T. ) ;
#924 = FACE_OUTER_BOUND ( 'NONE', #1620, .T. ) ;
#925 = ORIENTED_EDGE ( 'NONE', *, *, #856, .F. ) ;
#926 = CARTESIAN_POINT ( 'NONE',  ( 12.00000000000000000, 0.000000000000000000, -30.00000000000000000 ) ) ;
#927 = VERTEX_POINT ( 'NONE', #337 ) ;
#928 = DIRECTION ( 'NONE',  ( 0.000000000000000000, 0.000000000000000000, 1.000000000000000000 ) ) ;
#929 = PRODUCT ( 'mars_lander_control_box_lid_v1p2', 'mars_lander_control_box_lid_v1p2', '', ( #1092 ) ) ;
#930 = CARTESIAN_POINT ( 'NONE',  ( 46.00000000000000000, -3.000000000000000000, 11.74999999999999822 ) ) ;
#931 = ORIENTED_EDGE ( 'NONE', *, *, #1086, .F. ) ;
#932 = CARTESIAN_POINT ( 'NONE',  ( 100.0000000000000000, -2.999999999999999112, -57.00000000000000000 ) ) ;
#933 = CARTESIAN_POINT ( 'NONE',  ( -12.00000000000000000, 0.000000000000000000, -30.00000000000000000 ) ) ;
#934 = ADVANCED_FACE ( 'NONE', ( #1344 ), #188, .F. ) ;
#935 = VERTEX_POINT ( 'NONE', #926 ) ;
#936 = DIRECTION ( 'NONE',  ( -1.000000000000000000, 0.000000000000000000, -0.000000000000000000 ) ) ;
#937 = EDGE_CURVE ( 'NONE', #672, #1280, #1506, .T. ) ;
#938 = EDGE_LOOP ( 'NONE', ( #1343, #827, #1258, #1230 ) ) ;
#939 = LINE ( 'NONE', #1525, #1342 ) ;
#940 = VECTOR ( 'NONE', #1340, 1000.000000000000000 ) ;
#941 = VECTOR ( 'NONE', #1619, 1000.000000000000000 ) ;
#942 = SECURITY_CLASSIFICATION ( '', '', #403 ) ;
#943 =( LENGTH_UNIT ( ) NAMED_UNIT ( * ) SI_UNIT ( .MILLI., .METRE. ) );
#944 = VECTOR ( 'NONE', #723, 1000.000000000000000 ) ;
#945 = AXIS2_PLACEMENT_3D ( 'NONE', #144, #732, #405 ) ;
#946 = CIRCLE ( 'NONE', #358, 9.000000000000001776 ) ;
#947 = CARTESIAN_POINT ( 'NONE',  ( -60.00000000000000000, -4.000000000000000000, -30.00000000000000000 ) ) ;
#948 = DIRECTION ( 'NONE',  ( 0.000000000000000000, 0.000000000000000000, 1.000000000000000000 ) ) ;
#949 = LINE ( 'NONE', #1403, #423 ) ;
#950 = EDGE_CURVE ( 'NONE', #728, #309, #495, .T. ) ;
#951 = ORIENTED_EDGE ( 'NONE', *, *, #252, .T. ) ;
#952 = LINE ( 'NONE', #1120, #1806 ) ;
#953 = EDGE_CURVE ( 'NONE', #341, #1110, #47, .T. ) ;
#954 = CARTESIAN_POINT ( 'NONE',  ( -72.00000000000000000, 0.000000000000000000, -30.00000000000000000 ) ) ;
#955 = ORIENTED_EDGE ( 'NONE', *, *, #408, .T. ) ;
#956 = DIRECTION ( 'NONE',  ( 0.000000000000000000, 0.000000000000000000, 1.000000000000000000 ) ) ;
#957 = DIRECTION ( 'NONE',  ( -0.000000000000000000, 1.000000000000000000, -0.000000000000000000 ) ) ;
#958 = CARTESIAN_POINT ( 'NONE',  ( 0.000000000000000000, 0.000000000000000000, 0.000000000000000000 ) ) ;
#959 = LINE ( 'NONE', #101, #1003 ) ;
#960 = EDGE_CURVE ( 'NONE', #1407, #807, #903, .T. ) ;
#961 = PLANE ( 'NONE',  #258 ) ;
#962 = DIRECTION ( 'NONE',  ( -0.000000000000000000, 1.000000000000000000, -0.000000000000000000 ) ) ;
#963 = VERTEX_POINT ( 'NONE', #1081 ) ;
#964 = VERTEX_POINT ( 'NONE', #1662 ) ;
#965 = CARTESIAN_POINT ( 'NONE',  ( -56.00000000000000000, -4.000000000000000000, -30.00000000000000000 ) ) ;
#966 = VERTEX_POINT ( 'NONE', #749 ) ;
#967 = LINE ( 'NONE', #836, #905 ) ;
#968 = ORIENTED_EDGE ( 'NONE', *, *, #1283, .F. ) ;
#969 = VECTOR ( 'NONE', #1090, 1000.000000000000000 ) ;
#971 = DIRECTION ( 'NONE',  ( 1.000000000000000000, 0.000000000000000000, 0.000000000000000000 ) ) ;
#970 = VECTOR ( 'NONE', #1014, 1000.000000000000000 ) ;
#972 = EDGE_CURVE ( 'NONE', #975, #701, #1681, .T. ) ;
#973 = CARTESIAN_POINT ( 'NONE',  ( 100.0000000000000000, 0.000000000000000000, 58.79999999999999005 ) ) ;
#974 = AXIS2_PLACEMENT_3D ( 'NONE', #1184, #614, #741 ) ;
#975 = VERTEX_POINT ( 'NONE', #623 ) ;
#976 = FACE_BOUND ( 'NONE', #1645, .T. ) ;
#977 = VECTOR ( 'NONE', #302, 1000.000000000000000 ) ;
#978 = LINE ( 'NONE', #536, #1030 ) ;
#979 = ORIENTED_EDGE ( 'NONE', *, *, #1543, .T. ) ;
#980 = APPROVAL_ROLE ( '' ) ;
#981 = DIRECTION ( 'NONE',  ( 0.000000000000000000, 0.000000000000000000, -1.000000000000000000 ) ) ;
#982 = DIRECTION ( 'NONE',  ( 0.000000000000000000, 0.000000000000000000, 1.000000000000000000 ) ) ;
#983 = ORIENTED_EDGE ( 'NONE', *, *, #189, .T. ) ;
#984 = EDGE_CURVE ( 'NONE', #1328, #996, #616, .T. ) ;
#985 = CARTESIAN_POINT ( 'NONE',  ( -100.0000000000000000, 0.000000000000000000, -57.00000000000000000 ) ) ;
#986 = DIRECTION ( 'NONE',  ( 0.000000000000000000, -1.000000000000000000, 0.000000000000000000 ) ) ;
#987 = ORIENTED_EDGE ( 'NONE', *, *, #1477, .F. ) ;
#988 = ORIENTED_EDGE ( 'NONE', *, *, #1782, .T. ) ;
#989 = DIRECTION ( 'NONE',  ( -1.000000000000000000, 0.000000000000000000, -0.000000000000000000 ) ) ;
#990 = FACE_OUTER_BOUND ( 'NONE', #1483, .T. ) ;
#991 = ORIENTED_EDGE ( 'NONE', *, *, #1237, .F. ) ;
#992 = LINE ( 'NONE', #1760, #1128 ) ;
#993 = EDGE_CURVE ( 'NONE', #1825, #1413, #1474, .T. ) ;
#994 = ORIENTED_EDGE ( 'NONE', *, *, #724, .T. ) ;
#995 = CARTESIAN_POINT ( 'NONE',  ( 17.00000000000000000, -1.199999999999999956, 13.00000000000000000 ) ) ;
#996 = VERTEX_POINT ( 'NONE', #1531 ) ;
#997 = EDGE_CURVE ( 'NONE', #392, #1826, #1516, .T. ) ;
#998 = VERTEX_POINT ( 'NONE', #1212 ) ;
#999 = PERSON_AND_ORGANIZATION ( #265, #50 ) ;
#1000 = CARTESIAN_POINT ( 'NONE',  ( -61.00000000000000000, 0.000000000000000000, 34.00000000000000000 ) ) ;
#1001 = CARTESIAN_POINT ( 'NONE',  ( 16.00000000000000000, 0.000000000000000000, -30.00000000000000000 ) ) ;
#1002 = AXIS2_PLACEMENT_3D ( 'NONE', #312, #1502, #171 ) ;
#1003 = VECTOR ( 'NONE', #1428, 1000.000000000000000 ) ;
#1004 = CARTESIAN_POINT ( 'NONE',  ( 0.000000000000000000, 0.000000000000000000, -30.00000000000000000 ) ) ;
#1005 = AXIS2_PLACEMENT_3D ( 'NONE', #109, #1242, #833 ) ;
#1006 = AXIS2_PLACEMENT_3D ( 'NONE', #773, #1642, #1368 ) ;
#1007 = ORIENTED_EDGE ( 'NONE', *, *, #467, .F. ) ;
#1008 = DIRECTION ( 'NONE',  ( 0.000000000000000000, 0.000000000000000000, -1.000000000000000000 ) ) ;
#1009 = EDGE_LOOP ( 'NONE', ( #1364, #1041, #301, #1007 ) ) ;
#1010 = ADVANCED_FACE ( 'NONE', ( #1198 ), #163, .F. ) ;
#1011 = ADVANCED_FACE ( 'NONE', ( #465 ), #29, .T. ) ;
#1012 = DIRECTION ( 'NONE',  ( 0.000000000000000000, 0.000000000000000000, -1.000000000000000000 ) ) ;
#1013 = CYLINDRICAL_SURFACE ( 'NONE', #357, 1.799999999999989164 ) ;
#1014 = DIRECTION ( 'NONE',  ( -1.000000000000000000, -0.000000000000000000, -0.000000000000000000 ) ) ;
#1015 = LINE ( 'NONE', #1480, #1473 ) ;
#1016 = ORIENTED_EDGE ( 'NONE', *, *, #1824, .T. ) ;
#1017 = ORIENTED_EDGE ( 'NONE', *, *, #1102, .T. ) ;
#1018 = ORIENTED_EDGE ( 'NONE', *, *, #491, .T. ) ;
#1019 = PERSON_AND_ORGANIZATION ( #265, #50 ) ;
#1020 = EDGE_CURVE ( 'NONE', #1612, #1609, #199, .T. ) ;
#1021 = DIRECTION ( 'NONE',  ( 1.000000000000000000, 0.000000000000000000, 0.000000000000000000 ) ) ;
#1022 = DIRECTION ( 'NONE',  ( 0.000000000000000000, 1.000000000000000000, 0.000000000000000000 ) ) ;
#1023 = DIRECTION ( 'NONE',  ( -0.000000000000000000, -0.000000000000000000, 1.000000000000000000 ) ) ;
#1024 = DIRECTION ( 'NONE',  ( -0.000000000000000000, 1.000000000000000000, -0.000000000000000000 ) ) ;
#1025 = ORIENTED_EDGE ( 'NONE', *, *, #555, .F. ) ;
#1026 = DIRECTION ( 'NONE',  ( -0.000000000000000000, -0.000000000000000000, 1.000000000000000000 ) ) ;
#1027 = ADVANCED_FACE ( 'NONE', ( #787 ), #1383, .F. ) ;
#1028 = DIRECTION ( 'NONE',  ( -0.000000000000000000, 0.000000000000000000, 1.000000000000000000 ) ) ;
#1029 = FACE_OUTER_BOUND ( 'NONE', #116, .T. ) ;
#1030 = VECTOR ( 'NONE', #700, 1000.000000000000000 ) ;
#1031 = LOCAL_TIME ( 17, 24, 16.00000000000000000, #93 ) ;
#1032 = DIRECTION ( 'NONE',  ( -1.000000000000000000, 0.000000000000000000, 0.000000000000000000 ) ) ;
#1033 = VECTOR ( 'NONE', #1866, 1000.000000000000000 ) ;
#1034 = VECTOR ( 'NONE', #649, 1000.000000000000000 ) ;
#1035 = ORIENTED_EDGE ( 'NONE', *, *, #997, .F. ) ;
#1036 = LINE ( 'NONE', #184, #730 ) ;
#1037 = DIRECTION ( 'NONE',  ( -1.000000000000000000, -0.000000000000000000, -0.000000000000000000 ) ) ;
#1038 = PLANE ( 'NONE',  #1006 ) ;
#1039 = EDGE_CURVE ( 'NONE', #1294, #964, #895, .T. ) ;
#1040 = DIRECTION ( 'NONE',  ( 1.000000000000000000, 0.000000000000000000, 0.000000000000000000 ) ) ;
#1041 = ORIENTED_EDGE ( 'NONE', *, *, #898, .F. ) ;
#1042 = ORIENTED_EDGE ( 'NONE', *, *, #1268, .T. ) ;
#1043 = DESIGN_CONTEXT ( 'detailed design', #1379, 'design' ) ;
#1044 = DIRECTION ( 'NONE',  ( 0.000000000000000000, 0.000000000000000000, -1.000000000000000000 ) ) ;
#1045 = DIRECTION ( 'NONE',  ( 0.000000000000000000, 0.000000000000000000, 1.000000000000000000 ) ) ;
#1046 = FACE_BOUND ( 'NONE', #510, .T. ) ;
#1047 = ORIENTED_EDGE ( 'NONE', *, *, #1691, .T. ) ;
#1048 = CARTESIAN_POINT ( 'NONE',  ( -100.0000000000000000, -16.00000000000000000, -57.00000000000000000 ) ) ;
#1049 = ORIENTED_EDGE ( 'NONE', *, *, #650, .F. ) ;
#1050 = EDGE_CURVE ( 'NONE', #578, #402, #306, .T. ) ;
#1051 = CARTESIAN_POINT ( 'NONE',  ( -108.0000000000000000, -12.00000000000000000, 67.50000000000000000 ) ) ;
#1052 = DIRECTION ( 'NONE',  ( 1.000000000000000000, 0.000000000000000000, 0.000000000000000000 ) ) ;
#1053 = ORIENTED_EDGE ( 'NONE', *, *, #344, .T. ) ;
#1054 = DIRECTION ( 'NONE',  ( -0.000000000000000000, 0.000000000000000000, 1.000000000000000000 ) ) ;
#1055 = ORIENTED_EDGE ( 'NONE', *, *, #799, .T. ) ;
#1056 = DIRECTION ( 'NONE',  ( -1.000000000000000000, 0.000000000000000000, -0.000000000000000000 ) ) ;
#1057 = ORIENTED_EDGE ( 'NONE', *, *, #169, .T. ) ;
#1058 = CARTESIAN_POINT ( 'NONE',  ( -12.00000000000000000, 0.000000000000000000, -30.00000000000000000 ) ) ;
#1059 = VECTOR ( 'NONE', #1012, 1000.000000000000000 ) ;
#1060 = VECTOR ( 'NONE', #121, 1000.000000000000000 ) ;
#1061 = ORIENTED_EDGE ( 'NONE', *, *, #477, .F. ) ;
#1062 = CARTESIAN_POINT ( 'NONE',  ( -80.00000000000000000, 0.000000000000000000, -30.00000000000000000 ) ) ;
#1063 = AXIS2_PLACEMENT_3D ( 'NONE', #304, #893, #632 ) ;
#1064 = ADVANCED_FACE ( 'NONE', ( #1204 ), #1801, .F. ) ;
#1065 = EDGE_CURVE ( 'NONE', #599, #94, #949, .T. ) ;
#1066 = VECTOR ( 'NONE', #215, 1000.000000000000000 ) ;
#1067 = CARTESIAN_POINT ( 'NONE',  ( 46.00000000000000000, -3.000000000000000000, 21.00000000000000000 ) ) ;
#1068 = LINE ( 'NONE', #24, #1598 ) ;
#1069 = CARTESIAN_POINT ( 'NONE',  ( -100.0000000000000000, -16.00000000000000000, 57.00000000000000000 ) ) ;
#1070 = ORIENTED_EDGE ( 'NONE', *, *, #744, .F. ) ;
#1071 = CARTESIAN_POINT ( 'NONE',  ( -110.0000000000000000, -3.000000000000000000, -67.50000000000000000 ) ) ;
#1072 = ORIENTED_EDGE ( 'NONE', *, *, #799, .F. ) ;
#1073 = DIRECTION ( 'NONE',  ( 0.000000000000000000, 0.000000000000000000, 1.000000000000000000 ) ) ;
#1074 = DIRECTION ( 'NONE',  ( 0.000000000000000000, 0.000000000000000000, -1.000000000000000000 ) ) ;
#1075 = EDGE_CURVE ( 'NONE', #206, #778, #1573, .T. ) ;
#1076 = ORIENTED_EDGE ( 'NONE', *, *, #972, .T. ) ;
#1077 = DIRECTION ( 'NONE',  ( 0.000000000000000000, 0.000000000000000000, -1.000000000000000000 ) ) ;
#1078 = ADVANCED_FACE ( 'NONE', ( #1553 ), #399, .F. ) ;
#1079 = PLANE ( 'NONE',  #1063 ) ;
#1080 = EDGE_LOOP ( 'NONE', ( #643, #1862 ) ) ;
#1081 = CARTESIAN_POINT ( 'NONE',  ( 75.00000000000000000, 0.000000000000000000, 13.00000000000000000 ) ) ;
#1082 = VERTEX_POINT ( 'NONE', #795 ) ;
#1083 = CARTESIAN_POINT ( 'NONE',  ( -12.00000000000000000, -3.000000000000000000, -30.00000000000000000 ) ) ;
#1084 = DIRECTION ( 'NONE',  ( 0.000000000000000000, 0.000000000000000000, -1.000000000000000000 ) ) ;
#1085 = DIRECTION ( 'NONE',  ( 0.000000000000000000, -0.000000000000000000, -1.000000000000000000 ) ) ;
#1086 = EDGE_CURVE ( 'NONE', #839, #1612, #1718, .T. ) ;
#1087 = ORIENTED_EDGE ( 'NONE', *, *, #1877, .T. ) ;
#1088 = DIRECTION ( 'NONE',  ( -0.000000000000000000, 1.000000000000000000, -0.000000000000000000 ) ) ;
#1089 = VERTEX_POINT ( 'NONE', #1702 ) ;
#1090 = DIRECTION ( 'NONE',  ( 0.000000000000000000, 1.000000000000000000, 0.000000000000000000 ) ) ;
#1091 = VECTOR ( 'NONE', #1517, 1000.000000000000000 ) ;
#1092 = MECHANICAL_CONTEXT ( 'NONE', #589, 'mechanical' ) ;
#1093 = AXIS2_PLACEMENT_3D ( 'NONE', #328, #1225, #917 ) ;
#1094 = ORIENTED_EDGE ( 'NONE', *, *, #1837, .F. ) ;
#1095 = AXIS2_PLACEMENT_3D ( 'NONE', #608, #1792, #463 ) ;
#1096 = AXIS2_PLACEMENT_3D ( 'NONE', #801, #1399, #1856 ) ;
#1097 = DIRECTION ( 'NONE',  ( 0.000000000000000000, -1.000000000000000000, 0.000000000000000000 ) ) ;
#1098 = CARTESIAN_POINT ( 'NONE',  ( 46.00000000000000000, -4.000000000000000000, 56.25000000000000000 ) ) ;
#1099 = EDGE_LOOP ( 'NONE', ( #853, #1271 ) ) ;
#1100 = FACE_BOUND ( 'NONE', #560, .T. ) ;
#1101 = EDGE_CURVE ( 'NONE', #206, #1554, #1393, .T. ) ;
#1102 = EDGE_CURVE ( 'NONE', #778, #458, #1732, .T. ) ;
#1103 = ORIENTED_EDGE ( 'NONE', *, *, #1439, .T. ) ;
#1104 = LINE ( 'NONE', #400, #627 ) ;
#1105 = CARTESIAN_POINT ( 'NONE',  ( -110.0000000000000000, -12.00000000000000000, 67.50000000000000000 ) ) ;
#1106 = ORIENTED_EDGE ( 'NONE', *, *, #898, .T. ) ;
#1107 = LINE ( 'NONE', #216, #1501 ) ;
#1108 = CARTESIAN_POINT ( 'NONE',  ( 16.00000000000000000, -3.000000000000000000, -54.00000000000000000 ) ) ;
#1109 = EDGE_LOOP ( 'NONE', ( #1348, #678, #538, #424 ) ) ;
#1110 = VERTEX_POINT ( 'NONE', #534 ) ;
#1111 = DIRECTION ( 'NONE',  ( 0.000000000000000000, -1.000000000000000000, 0.000000000000000000 ) ) ;
#1112 = LINE ( 'NONE', #243, #1872 ) ;
#1113 = ORIENTED_EDGE ( 'NONE', *, *, #189, .F. ) ;
#1114 = EDGE_CURVE ( 'NONE', #569, #1154, #682, .T. ) ;
#1115 = CARTESIAN_POINT ( 'NONE',  ( -110.0000000000000000, -12.00000000000000000, -67.50000000000000000 ) ) ;
#1116 = CARTESIAN_POINT ( 'NONE',  ( -56.00000000000000000, -3.000000000000000000, -54.00000000000000000 ) ) ;
#1117 = CARTESIAN_POINT ( 'NONE',  ( 110.0000000000000000, -3.000000000000000000, 67.50000000000000000 ) ) ;
#1118 = ORIENTED_EDGE ( 'NONE', *, *, #1773, .F. ) ;
#1119 = LINE ( 'NONE', #356, #1534 ) ;
#1120 = CARTESIAN_POINT ( 'NONE',  ( 100.0000000000000000, -16.00000000000000000, -55.20000000000000995 ) ) ;
#1121 = ORIENTED_EDGE ( 'NONE', *, *, #332, .T. ) ;
#1122 = EDGE_LOOP ( 'NONE', ( #397, #1874, #82, #1494 ) ) ;
#1123 = PERSON_AND_ORGANIZATION ( #265, #50 ) ;
#1124 = EDGE_CURVE ( 'NONE', #599, #672, #1119, .T. ) ;
#1125 = ADVANCED_FACE ( 'NONE', ( #653 ), #1869, .F. ) ;
#1126 = VECTOR ( 'NONE', #212, 1000.000000000000000 ) ;
#1127 = LOCAL_TIME ( 17, 24, 16.00000000000000000, #393 ) ;
#1129 = CARTESIAN_POINT ( 'NONE',  ( 0.000000000000000000, -3.000000000000000000, -54.00000000000000000 ) ) ;
#1128 = VECTOR ( 'NONE', #1290, 1000.000000000000000 ) ;
#1130 = CARTESIAN_POINT ( 'NONE',  ( -61.00000000000000000, -4.000000000000000000, 34.00000000000000000 ) ) ;
#1131 = CIRCLE ( 'NONE', #786, 1.799999999999989164 ) ;
#1132 = AXIS2_PLACEMENT_3D ( 'NONE', #631, #640, #956 ) ;
#1133 = ORIENTED_EDGE ( 'NONE', *, *, #367, .T. ) ;
#1134 = VERTEX_POINT ( 'NONE', #1253 ) ;
#1135 = FACE_BOUND ( 'NONE', #854, .T. ) ;
#1136 = ORIENTED_EDGE ( 'NONE', *, *, #648, .F. ) ;
#1137 = DIRECTION ( 'NONE',  ( 0.000000000000000000, 0.000000000000000000, -1.000000000000000000 ) ) ;
#1138 = VERTEX_POINT ( 'NONE', #385 ) ;
#1139 = ORIENTED_EDGE ( 'NONE', *, *, #317, .T. ) ;
#1140 = EDGE_CURVE ( 'NONE', #1639, #1895, #15, .T. ) ;
#1141 = DIRECTION ( 'NONE',  ( -0.000000000000000000, 1.000000000000000000, -0.000000000000000000 ) ) ;
#1142 = DIRECTION ( 'NONE',  ( 1.000000000000000000, 0.000000000000000000, 0.000000000000000000 ) ) ;
#1143 = ADVANCED_FACE ( 'NONE', ( #663, #1265, #219, #1100, #976, #1851, #241, #365, #825, #1561, #1135, #1435, #228, #1233 ), #526, .F. ) ;
#1144 = DIRECTION ( 'NONE',  ( 0.000000000000000000, 0.000000000000000000, -1.000000000000000000 ) ) ;
#1145 = CARTESIAN_POINT ( 'NONE',  ( 46.00000000000000000, -3.000000000000000000, 21.00000000000000000 ) ) ;
#1146 = EDGE_LOOP ( 'NONE', ( #702, #242, #464, #1398 ) ) ;
#1147 = CARTESIAN_POINT ( 'NONE',  ( -12.00000000000000000, -3.000000000000000000, -54.00000000000000000 ) ) ;
#1148 = CARTESIAN_POINT ( 'NONE',  ( 100.0000000000000000, -2.999999999999999112, -58.79999999999999716 ) ) ;
#1149 = CARTESIAN_POINT ( 'NONE',  ( -72.00000000000000000, -3.000000000000000000, -54.00000000000000000 ) ) ;
#1150 = EDGE_CURVE ( 'NONE', #1884, #774, #1841, .T. ) ;
#1151 = EDGE_CURVE ( 'NONE', #290, #97, #1860, .T. ) ;
#1152 = ORIENTED_EDGE ( 'NONE', *, *, #1636, .T. ) ;
#1153 = DIRECTION ( 'NONE',  ( -1.000000000000000000, 0.000000000000000000, 0.000000000000000000 ) ) ;
#1154 = VERTEX_POINT ( 'NONE', #257 ) ;
#1155 = DIRECTION ( 'NONE',  ( -1.000000000000000000, 0.000000000000000000, -0.000000000000000000 ) ) ;
#1156 = DIRECTION ( 'NONE',  ( 0.000000000000000000, 1.000000000000000000, 0.000000000000000000 ) ) ;
#1157 = AXIS2_PLACEMENT_3D ( 'NONE', #1666, #470, #1073 ) ;
#1158 = AXIS2_PLACEMENT_3D ( 'NONE', #779, #1207, #1234 ) ;
#1159 = CC_DESIGN_APPROVAL ( #1266, ( #1371 ) ) ;
#1160 = DIRECTION ( 'NONE',  ( 0.000000000000000000, 0.000000000000000000, 1.000000000000000000 ) ) ;
#1161 = VECTOR ( 'NONE', #1023, 1000.000000000000000 ) ;
#1162 = CARTESIAN_POINT ( 'NONE',  ( 12.00000000000000000, -4.000000000000000000, -30.00000000000000000 ) ) ;
#1163 = ADVANCED_FACE ( 'NONE', ( #1625 ), #280, .F. ) ;
#1164 = ORIENTED_EDGE ( 'NONE', *, *, #1877, .F. ) ;
#1165 = PERSON_AND_ORGANIZATION_ROLE ( 'creator' ) ;
#1166 = DIRECTION ( 'NONE',  ( 0.000000000000000000, 0.000000000000000000, -1.000000000000000000 ) ) ;
#1167 = CARTESIAN_POINT ( 'NONE',  ( 100.0000000000000000, -16.00000000000000000, 57.00000000000000000 ) ) ;
#1168 = CYLINDRICAL_SURFACE ( 'NONE', #1317, 1.799999999999989164 ) ;
#1169 = FACE_OUTER_BOUND ( 'NONE', #140, .T. ) ;
#1170 = ORIENTED_EDGE ( 'NONE', *, *, #238, .F. ) ;
#1171 = EDGE_CURVE ( 'NONE', #1438, #927, #992, .T. ) ;
#1172 = DIRECTION ( 'NONE',  ( 0.000000000000000000, -1.000000000000000000, 0.000000000000000000 ) ) ;
#1173 = CARTESIAN_POINT ( 'NONE',  ( -108.0000000000000000, -12.00000000000000000, 65.50000000000000000 ) ) ;
#1174 = PLANE ( 'NONE',  #691 ) ;
#1175 = CARTESIAN_POINT ( 'NONE',  ( -72.00000000000000000, 0.000000000000000000, -30.00000000000000000 ) ) ;
#1176 = LINE ( 'NONE', #1610, #447 ) ;
#1177 = ORIENTED_EDGE ( 'NONE', *, *, #1477, .T. ) ;
#1178 = EDGE_LOOP ( 'NONE', ( #906, #501, #1496, #305 ) ) ;
#1179 = EDGE_CURVE ( 'NONE', #1138, #290, #887, .T. ) ;
#1180 = DIRECTION ( 'NONE',  ( -0.000000000000000000, 1.000000000000000000, -0.000000000000000000 ) ) ;
#1181 = ADVANCED_FACE ( 'NONE', ( #573 ), #859, .T. ) ;
#1183 = FACE_OUTER_BOUND ( 'NONE', #1796, .T. ) ;
#1182 = AXIS2_PLACEMENT_3D ( 'NONE', #1791, #772, #1527 ) ;
#1184 = CARTESIAN_POINT ( 'NONE',  ( 100.0000000000000000, -16.00000000000000000, -57.00000000000000000 ) ) ;
#1185 = VECTOR ( 'NONE', #878, 1000.000000000000000 ) ;
#1186 = LOCAL_TIME ( 17, 24, 16.00000000000000000, #855 ) ;
#1187 = LINE ( 'NONE', #1751, #197 ) ;
#1188 = VECTOR ( 'NONE', #582, 1000.000000000000000 ) ;
#1189 = VECTOR ( 'NONE', #1044, 1000.000000000000000 ) ;
#1190 = AXIS2_PLACEMENT_3D ( 'NONE', #886, #453, #1045 ) ;
#1191 = ORIENTED_EDGE ( 'NONE', *, *, #874, .T. ) ;
#1192 = ORIENTED_EDGE ( 'NONE', *, *, #1691, .F. ) ;
#1193 = LINE ( 'NONE', #23, #1759 ) ;
#1194 = DIRECTION ( 'NONE',  ( 0.000000000000000000, 0.000000000000000000, -1.000000000000000000 ) ) ;
#1195 = CARTESIAN_POINT ( 'NONE',  ( -100.0000000000000000, 0.000000000000000000, 58.79999999999999005 ) ) ;
#1196 = EDGE_CURVE ( 'NONE', #625, #1895, #1767, .T. ) ;
#1197 = ORIENTED_EDGE ( 'NONE', *, *, #1816, .T. ) ;
#1198 = FACE_OUTER_BOUND ( 'NONE', #737, .T. ) ;
#1199 = VERTEX_POINT ( 'NONE', #1608 ) ;
#1200 = ORIENTED_EDGE ( 'NONE', *, *, #1039, .F. ) ;
#1201 = DIRECTION ( 'NONE',  ( 0.000000000000000000, -1.000000000000000000, 0.000000000000000000 ) ) ;
#1202 = CARTESIAN_POINT ( 'NONE',  ( -100.0000000000000000, -2.999999999999999112, 58.79999999999999716 ) ) ;
#1203 = DIRECTION ( 'NONE',  ( 0.000000000000000000, 0.000000000000000000, 1.000000000000000000 ) ) ;
#1204 = FACE_OUTER_BOUND ( 'NONE', #1722, .T. ) ;
#1205 = EDGE_CURVE ( 'NONE', #38, #529, #1633, .T. ) ;
#1206 = ORIENTED_EDGE ( 'NONE', *, *, #897, .T. ) ;
#1207 = DIRECTION ( 'NONE',  ( 0.000000000000000000, -1.000000000000000000, 0.000000000000000000 ) ) ;
#1208 = CARTESIAN_POINT ( 'NONE',  ( -110.0000000000000000, 0.000000000000000000, 67.50000000000000000 ) ) ;
#1209 = DIRECTION ( 'NONE',  ( 0.000000000000000000, 0.000000000000000000, -1.000000000000000000 ) ) ;
#1210 = FACE_OUTER_BOUND ( 'NONE', #938, .T. ) ;
#1211 = ORIENTED_EDGE ( 'NONE', *, *, #298, .T. ) ;
#1212 = CARTESIAN_POINT ( 'NONE',  ( 46.00000000000000000, 0.000000000000000000, 37.75000000000000000 ) ) ;
#1213 = CIRCLE ( 'NONE', #77, 1.799999999999989164 ) ;
#1214 = ADVANCED_FACE ( 'NONE', ( #875 ), #1168, .F. ) ;
#1215 = VECTOR ( 'NONE', #1024, 1000.000000000000000 ) ;
#1216 = ORIENTED_EDGE ( 'NONE', *, *, #452, .F. ) ;
#1217 = PLANE ( 'NONE',  #1902 ) ;
#1218 = VECTOR ( 'NONE', #642, 1000.000000000000000 ) ;
#1219 = EDGE_CURVE ( 'NONE', #927, #1481, #297, .T. ) ;
#1220 = VECTOR ( 'NONE', #1547, 1000.000000000000000 ) ;
#1221 = CARTESIAN_POINT ( 'NONE',  ( -80.00000000000000000, 0.000000000000000000, -30.00000000000000000 ) ) ;
#1222 = CARTESIAN_POINT ( 'NONE',  ( 100.0000000000000000, -2.999999999999999112, 57.00000000000000000 ) ) ;
#1223 = FACE_BOUND ( 'NONE', #870, .T. ) ;
#1224 = VERTEX_POINT ( 'NONE', #129 ) ;
#1225 = DIRECTION ( 'NONE',  ( -0.000000000000000000, 1.000000000000000000, -0.000000000000000000 ) ) ;
#1226 = EDGE_LOOP ( 'NONE', ( #850, #457, #735, #1717 ) ) ;
#1227 = FACE_OUTER_BOUND ( 'NONE', #609, .T. ) ;
#1228 = LINE ( 'NONE', #192, #145 ) ;
#1229 = ADVANCED_FACE ( 'NONE', ( #558 ), #715, .T. ) ;
#1230 = ORIENTED_EDGE ( 'NONE', *, *, #225, .F. ) ;
#1231 = DIRECTION ( 'NONE',  ( 0.000000000000000000, 0.000000000000000000, -1.000000000000000000 ) ) ;
#1232 = DIRECTION ( 'NONE',  ( -0.000000000000000000, -0.000000000000000000, 1.000000000000000000 ) ) ;
#1233 = FACE_OUTER_BOUND ( 'NONE', #60, .T. ) ;
#1234 = DIRECTION ( 'NONE',  ( 0.000000000000000000, 0.000000000000000000, -1.000000000000000000 ) ) ;
#1235 = ORIENTED_EDGE ( 'NONE', *, *, #765, .T. ) ;
#1236 = EDGE_CURVE ( 'NONE', #1735, #617, #1775, .T. ) ;
#1237 = EDGE_CURVE ( 'NONE', #1848, #94, #707, .T. ) ;
#1238 = FACE_OUTER_BOUND ( 'NONE', #1747, .T. ) ;
#1239 = FACE_OUTER_BOUND ( 'NONE', #883, .T. ) ;
#1240 = VERTEX_POINT ( 'NONE', #1743 ) ;
#1241 = ORIENTED_EDGE ( 'NONE', *, *, #1151, .T. ) ;
#1242 = DIRECTION ( 'NONE',  ( 0.000000000000000000, 0.000000000000000000, -1.000000000000000000 ) ) ;
#1243 = CARTESIAN_POINT ( 'NONE',  ( 100.0000000000000000, -2.999999999999999112, 55.20000000000000284 ) ) ;
#1244 = AXIS2_PLACEMENT_3D ( 'NONE', #152, #442, #1028 ) ;
#1245 = AXIS2_PLACEMENT_3D ( 'NONE', #1616, #989, #1622 ) ;
#1246 = VECTOR ( 'NONE', #436, 1000.000000000000000 ) ;
#1247 = EDGE_LOOP ( 'NONE', ( #10, #817, #1682, #1594 ) ) ;
#1248 = VECTOR ( 'NONE', #17, 1000.000000000000000 ) ;
#1249 = VERTEX_POINT ( 'NONE', #1318 ) ;
#1250 = DIRECTION ( 'NONE',  ( -1.000000000000000000, 0.000000000000000000, -0.000000000000000000 ) ) ;
#1251 = CARTESIAN_POINT ( 'NONE',  ( 46.00000000000000000, -4.000000000000000000, 37.75000000000000000 ) ) ;
#1252 = ORIENTED_EDGE ( 'NONE', *, *, #661, .T. ) ;
#1253 = CARTESIAN_POINT ( 'NONE',  ( -68.00000000000000000, -3.000000000000000000, -54.00000000000000000 ) ) ;
#1254 = EDGE_CURVE ( 'NONE', #1628, #766, #1475, .T. ) ;
#1255 = PRODUCT_DEFINITION_SHAPE ( 'NONE', 'NONE',  #12 ) ;
#1256 = EDGE_LOOP ( 'NONE', ( #685, #1057, #1087, #124 ) ) ;
#1257 = CARTESIAN_POINT ( 'NONE',  ( -100.0000000000000000, 0.000000000000000000, -57.00000000000000000 ) ) ;
#1258 = ORIENTED_EDGE ( 'NONE', *, *, #585, .F. ) ;
#1259 = CARTESIAN_POINT ( 'NONE',  ( -56.00000000000000000, 0.000000000000000000, -30.00000000000000000 ) ) ;
#1260 = ORIENTED_EDGE ( 'NONE', *, *, #1512, .F. ) ;
#1261 = LINE ( 'NONE', #512, #904 ) ;
#1262 = CARTESIAN_POINT ( 'NONE',  ( 12.00000000000000000, -3.000000000000000000, -30.00000000000000000 ) ) ;
#1263 = VERTEX_POINT ( 'NONE', #1908 ) ;
#1264 = VERTEX_POINT ( 'NONE', #1 ) ;
#1265 = FACE_BOUND ( 'NONE', #1788, .T. ) ;
#1266 = APPROVAL ( #276, '未指定' ) ;
#1267 = DIRECTION ( 'NONE',  ( -0.000000000000000000, 1.000000000000000000, -0.000000000000000000 ) ) ;
#1268 = EDGE_CURVE ( 'NONE', #672, #1848, #588, .T. ) ;
#1269 = ORIENTED_EDGE ( 'NONE', *, *, #1910, .F. ) ;
#1270 = PERSON_AND_ORGANIZATION_ROLE ( 'design_supplier' ) ;
#1271 = ORIENTED_EDGE ( 'NONE', *, *, #1636, .F. ) ;
#1272 = CARTESIAN_POINT ( 'NONE',  ( -56.00000000000000000, 0.000000000000000000, -30.00000000000000000 ) ) ;
#1273 = CARTESIAN_POINT ( 'NONE',  ( -0.000000000000000000, -3.000000000000000000, -30.00000000000000000 ) ) ;
#1274 = ORIENTED_EDGE ( 'NONE', *, *, #984, .F. ) ;
#1275 = DIRECTION ( 'NONE',  ( -1.000000000000000000, 0.000000000000000000, 0.000000000000000000 ) ) ;
#1276 = ORIENTED_EDGE ( 'NONE', *, *, #1499, .T. ) ;
#1277 = CARTESIAN_POINT ( 'NONE',  ( 75.00000000000000000, -1.199999999999999956, 9.000000000000000000 ) ) ;
#1278 = ADVANCED_FACE ( 'NONE', ( #1029 ), #1486, .F. ) ;
#1279 = ORIENTED_EDGE ( 'NONE', *, *, #1490, .T. ) ;
#1280 = VERTEX_POINT ( 'NONE', #1149 ) ;
#1281 = APPROVAL_DATE_TIME ( #254, #660 ) ;
#1282 = CIRCLE ( 'NONE', #291, 9.250000000000003553 ) ;
#1283 = EDGE_CURVE ( 'NONE', #247, #569, #417, .T. ) ;
#1285 = DIRECTION ( 'NONE',  ( 0.000000000000000000, 0.000000000000000000, 1.000000000000000000 ) ) ;
#1284 = VECTOR ( 'NONE', #76, 1000.000000000000000 ) ;
#1286 = CARTESIAN_POINT ( 'NONE',  ( 108.0000000000000000, -12.00000000000000000, 65.50000000000000000 ) ) ;
#1287 = VECTOR ( 'NONE', #1699, 1000.000000000000000 ) ;
#1288 = AXIS2_PLACEMENT_3D ( 'NONE', #492, #1077, #370 ) ;
#1289 = EDGE_LOOP ( 'NONE', ( #829, #58, #1072, #1269 ) ) ;
#1290 = DIRECTION ( 'NONE',  ( 0.000000000000000000, 0.000000000000000000, -1.000000000000000000 ) ) ;
#1291 = DIRECTION ( 'NONE',  ( -0.000000000000000000, 1.000000000000000000, -0.000000000000000000 ) ) ;
#1292 = ORIENTED_EDGE ( 'NONE', *, *, #1705, .T. ) ;
#1293 = ORIENTED_EDGE ( 'NONE', *, *, #1741, .F. ) ;
#1294 = VERTEX_POINT ( 'NONE', #933 ) ;
#1295 = DIRECTION ( 'NONE',  ( 0.000000000000000000, 0.000000000000000000, -1.000000000000000000 ) ) ;
#1296 = EDGE_CURVE ( 'NONE', #1224, #1199, #153, .T. ) ;
#1297 = CARTESIAN_POINT ( 'NONE',  ( -84.00000000000000000, -3.000000000000000000, -30.00000000000000000 ) ) ;
#1298 = ADVANCED_FACE ( 'NONE', ( #924 ), #621, .F. ) ;
#1299 = DIRECTION ( 'NONE',  ( 0.000000000000000000, 0.000000000000000000, -1.000000000000000000 ) ) ;
#1300 = ORIENTED_EDGE ( 'NONE', *, *, #1150, .F. ) ;
#1301 = CARTESIAN_POINT ( 'NONE',  ( -0.000000000000000000, -3.000000000000000000, -30.00000000000000000 ) ) ;
#1302 = ORIENTED_EDGE ( 'NONE', *, *, #1802, .F. ) ;
#1303 = ORIENTED_EDGE ( 'NONE', *, *, #738, .T. ) ;
#1304 = EDGE_LOOP ( 'NONE', ( #1211, #250, #622, #1562 ) ) ;
#1305 = LINE ( 'NONE', #255, #1448 ) ;
#1306 = CARTESIAN_POINT ( 'NONE',  ( -80.00000000000000000, 0.000000000000000000, -54.00000000000000000 ) ) ;
#1307 = ADVANCED_FACE ( 'NONE', ( #1332 ), #596, .F. ) ;
#1308 = CARTESIAN_POINT ( 'NONE',  ( -100.0000000000000000, -16.00000000000000000, -57.00000000000000000 ) ) ;
#1309 = DIRECTION ( 'NONE',  ( 0.000000000000000000, 0.000000000000000000, 1.000000000000000000 ) ) ;
#1310 = ORIENTED_EDGE ( 'NONE', *, *, #398, .T. ) ;
#1311 = EDGE_LOOP ( 'NONE', ( #1025, #1070, #1613, #1094 ) ) ;
#1312 = ORIENTED_EDGE ( 'NONE', *, *, #714, .F. ) ;
#1313 = SHAPE_DEFINITION_REPRESENTATION ( #1255, #471 ) ;
#1314 = CARTESIAN_POINT ( 'NONE',  ( 17.00000000000000000, -1.199999999999999956, 13.00000000000000000 ) ) ;
#1315 = CARTESIAN_POINT ( 'NONE',  ( -12.00000000000000000, 0.000000000000000000, -54.00000000000000000 ) ) ;
#1316 = AXIS2_PLACEMENT_3D ( 'NONE', #1314, #1905, #1590 ) ;
#1317 = AXIS2_PLACEMENT_3D ( 'NONE', #1308, #1881, #1160 ) ;
#1318 = CARTESIAN_POINT ( 'NONE',  ( 46.00000000000000000, -3.000000000000000000, 30.25000000000000711 ) ) ;
#1319 = AXIS2_PLACEMENT_3D ( 'NONE', #1069, #1659, #335 ) ;
#1320 = VECTOR ( 'NONE', #647, 1000.000000000000000 ) ;
#1321 = FACE_OUTER_BOUND ( 'NONE', #478, .T. ) ;
#1322 = ADVANCED_FACE ( 'NONE', ( #186 ), #172, .F. ) ;
#1323 = ORIENTED_EDGE ( 'NONE', *, *, #1373, .T. ) ;
#1324 = DIRECTION ( 'NONE',  ( 0.000000000000000000, 0.000000000000000000, -1.000000000000000000 ) ) ;
#1325 = LINE ( 'NONE', #1749, #117 ) ;
#1326 = CARTESIAN_POINT ( 'NONE',  ( -84.00000000000000000, -3.000000000000000000, -0.000000000000000000 ) ) ;
#1327 = DIRECTION ( 'NONE',  ( 0.000000000000000000, 0.000000000000000000, -1.000000000000000000 ) ) ;
#1328 = VERTEX_POINT ( 'NONE', #454 ) ;
#1329 = CC_DESIGN_PERSON_AND_ORGANIZATION_ASSIGNMENT ( #1737, #1885, ( #12 ) ) ;
#1330 = LINE ( 'NONE', #1779, #603 ) ;
#1331 = DIRECTION ( 'NONE',  ( 1.000000000000000000, 0.000000000000000000, 0.000000000000000000 ) ) ;
#1332 = FACE_OUTER_BOUND ( 'NONE', #234, .T. ) ;
#1333 = CARTESIAN_POINT ( 'NONE',  ( 17.00000000000000000, -1.199999999999999956, 9.000000000000000000 ) ) ;
#1334 = VERTEX_POINT ( 'NONE', #1195 ) ;
#1335 = ORIENTED_EDGE ( 'NONE', *, *, #1752, .T. ) ;
#1336 = EDGE_CURVE ( 'NONE', #132, #998, #1634, .T. ) ;
#1337 = DIRECTION ( 'NONE',  ( -0.000000000000000000, -0.000000000000000000, 1.000000000000000000 ) ) ;
#1338 = ADVANCED_FACE ( 'NONE', ( #901 ), #1353, .F. ) ;
#1339 = CARTESIAN_POINT ( 'NONE',  ( 110.0000000000000000, -3.000000000000000000, 67.50000000000000000 ) ) ;
#1340 = DIRECTION ( 'NONE',  ( -0.000000000000000000, 1.000000000000000000, -0.000000000000000000 ) ) ;
#1341 = DIRECTION ( 'NONE',  ( -0.000000000000000000, 1.000000000000000000, -0.000000000000000000 ) ) ;
#1342 = VECTOR ( 'NONE', #790, 1000.000000000000000 ) ;
#1343 = ORIENTED_EDGE ( 'NONE', *, *, #1583, .F. ) ;
#1344 = FACE_OUTER_BOUND ( 'NONE', #671, .T. ) ;
#1345 = VECTOR ( 'NONE', #1831, 1000.000000000000000 ) ;
#1346 = AXIS2_PLACEMENT_3D ( 'NONE', #1117, #1716, #1849 ) ;
#1347 = ORIENTED_EDGE ( 'NONE', *, *, #1624, .T. ) ;
#1348 = ORIENTED_EDGE ( 'NONE', *, *, #467, .T. ) ;
#1349 = DIRECTION ( 'NONE',  ( -0.000000000000000000, 1.000000000000000000, -0.000000000000000000 ) ) ;
#1350 = EDGE_CURVE ( 'NONE', #220, #1894, #1784, .T. ) ;
#1351 = ADVANCED_FACE ( 'NONE', ( #44 ), #1038, .F. ) ;
#1352 = DIRECTION ( 'NONE',  ( -1.000000000000000000, -0.000000000000000000, -0.000000000000000000 ) ) ;
#1353 = CYLINDRICAL_SURFACE ( 'NONE', #974, 1.799999999999989164 ) ;
#1354 = DIRECTION ( 'NONE',  ( -1.000000000000000000, -0.000000000000000000, -0.000000000000000000 ) ) ;
#1355 = DIRECTION ( 'NONE',  ( 1.000000000000000000, 0.000000000000000000, -0.000000000000000000 ) ) ;
#1356 = DIRECTION ( 'NONE',  ( -0.000000000000000000, 0.000000000000000000, 1.000000000000000000 ) ) ;
#1357 = CARTESIAN_POINT ( 'NONE',  ( -60.00000000000000000, -4.000000000000000000, -30.00000000000000000 ) ) ;
#1358 = CYLINDRICAL_SURFACE ( 'NONE', #19, 9.000000000000001776 ) ;
#1359 = FACE_BOUND ( 'NONE', #803, .T. ) ;
#1360 = ADVANCED_FACE ( 'NONE', ( #1680 ), #1079, .F. ) ;
#1361 = ORIENTED_EDGE ( 'NONE', *, *, #455, .T. ) ;
#1362 = ORIENTED_EDGE ( 'NONE', *, *, #1114, .T. ) ;
#1363 = CARTESIAN_POINT ( 'NONE',  ( 0.000000000000000000, -4.000000000000000000, -30.00000000000000000 ) ) ;
#1364 = ORIENTED_EDGE ( 'NONE', *, *, #1050, .F. ) ;
#1365 = CARTESIAN_POINT ( 'NONE',  ( -100.0000000000000000, -16.00000000000000000, 57.00000000000000000 ) ) ;
#1366 = CARTESIAN_POINT ( 'NONE',  ( 75.00000000000000000, -1.199999999999999956, 13.00000000000000000 ) ) ;
#1367 = CARTESIAN_POINT ( 'NONE',  ( -60.00000000000000000, 0.000000000000000000, -54.00000000000000000 ) ) ;
#1368 = DIRECTION ( 'NONE',  ( 1.000000000000000000, 0.000000000000000000, 0.000000000000000000 ) ) ;
#1369 = DIRECTION ( 'NONE',  ( 1.000000000000000000, 0.000000000000000000, 0.000000000000000000 ) ) ;
#1370 = VECTOR ( 'NONE', #1738, 1000.000000000000000 ) ;
#1371 = PRODUCT_DEFINITION_FORMATION_WITH_SPECIFIED_SOURCE ( '任何', '', #929, .NOT_KNOWN. ) ;
#1372 = AXIS2_PLACEMENT_3D ( 'NONE', #1363, #36, #1369 ) ;
#1373 = EDGE_CURVE ( 'NONE', #839, #333, #1493, .T. ) ;
#1374 = CARTESIAN_POINT ( 'NONE',  ( 0.000000000000000000, -3.000000000000000000, -54.00000000000000000 ) ) ;
#1375 = AXIS2_PLACEMENT_3D ( 'NONE', #658, #85, #503 ) ;
#1376 = VECTOR ( 'NONE', #1707, 1000.000000000000000 ) ;
#1377 = CIRCLE ( 'NONE', #884, 1.799999999999989164 ) ;
#1378 = DIRECTION ( 'NONE',  ( -0.000000000000000000, 1.000000000000000000, -0.000000000000000000 ) ) ;
#1379 = APPLICATION_CONTEXT ( 'configuration controlled 3d designs of mechanical parts and assemblies' ) ;
#1380 = DIRECTION ( 'NONE',  ( 0.000000000000000000, -1.000000000000000000, 0.000000000000000000 ) ) ;
#1381 = CARTESIAN_POINT ( 'NONE',  ( 108.0000000000000000, -12.00000000000000000, 67.50000000000000000 ) ) ;
#1382 = ORIENTED_EDGE ( 'NONE', *, *, #1124, .F. ) ;
#1383 = PLANE ( 'NONE',  #547 ) ;
#1384 = ORIENTED_EDGE ( 'NONE', *, *, #1171, .F. ) ;
#1385 = ORIENTED_EDGE ( 'NONE', *, *, #1852, .T. ) ;
#1386 = PLANE ( 'NONE',  #1630 ) ;
#1387 = EDGE_CURVE ( 'NONE', #1263, #625, #848, .T. ) ;
#1388 = ADVANCED_FACE ( 'NONE', ( #1046, #325, #1650, #764, #1223, #1819, #1503, #493, #475, #180, #915, #1359, #34, #1210 ), #1808, .T. ) ;
#1389 = CARTESIAN_POINT ( 'NONE',  ( 4.000000000000000000, 0.000000000000000000, -54.00000000000000000 ) ) ;
#1390 = DIRECTION ( 'NONE',  ( -0.000000000000000000, -0.000000000000000000, 1.000000000000000000 ) ) ;
#1391 = DIRECTION ( 'NONE',  ( -0.000000000000000000, 1.000000000000000000, -0.000000000000000000 ) ) ;
#1392 = VERTEX_POINT ( 'NONE', #1422 ) ;
#1393 = LINE ( 'NONE', #68, #45 ) ;
#1394 = EDGE_LOOP ( 'NONE', ( #1323, #645, #1497, #931 ) ) ;
#1395 = DIRECTION ( 'NONE',  ( -0.000000000000000000, 1.000000000000000000, -0.000000000000000000 ) ) ;
#1396 = PLANE ( 'NONE',  #849 ) ;
#1397 = DIRECTION ( 'NONE',  ( 0.000000000000000000, 0.000000000000000000, 1.000000000000000000 ) ) ;
#1398 = ORIENTED_EDGE ( 'NONE', *, *, #736, .T. ) ;
#1399 = DIRECTION ( 'NONE',  ( 0.000000000000000000, 1.000000000000000000, 0.000000000000000000 ) ) ;
#1400 = ADVANCED_FACE ( 'NONE', ( #363 ), #532, .F. ) ;
#1401 = LINE ( 'NONE', #1098, #1606 ) ;
#1402 = ORIENTED_EDGE ( 'NONE', *, *, #755, .F. ) ;
#1403 = CARTESIAN_POINT ( 'NONE',  ( -68.00000000000000000, -4.000000000000000000, -30.00000000000000000 ) ) ;
#1404 = CARTESIAN_POINT ( 'NONE',  ( 0.000000000000000000, -3.000000000000000000, -30.00000000000000000 ) ) ;
#1405 = AXIS2_PLACEMENT_3D ( 'NONE', #1833, #1172, #507 ) ;
#1406 = VECTOR ( 'NONE', #760, 1000.000000000000000 ) ;
#1407 = VERTEX_POINT ( 'NONE', #354 ) ;
#1408 = CARTESIAN_POINT ( 'NONE',  ( 0.000000000000000000, 0.000000000000000000, 0.000000000000000000 ) ) ;
#1409 = CIRCLE ( 'NONE', #264, 1.799999999999989164 ) ;
#1410 = VECTOR ( 'NONE', #1232, 1000.000000000000000 ) ;
#1411 = CARTESIAN_POINT ( 'NONE',  ( 75.00000000000000000, -1.199999999999999956, 13.00000000000000000 ) ) ;
#1412 = CARTESIAN_POINT ( 'NONE',  ( -108.0000000000000000, -12.00000000000000000, -65.50000000000000000 ) ) ;
#1413 = VERTEX_POINT ( 'NONE', #785 ) ;
#1414 = EDGE_CURVE ( 'NONE', #1894, #247, #1686, .T. ) ;
#1415 = ORIENTED_EDGE ( 'NONE', *, *, #1899, .T. ) ;
#1416 = DIRECTION ( 'NONE',  ( 0.000000000000000000, 1.000000000000000000, 0.000000000000000000 ) ) ;
#1417 = EDGE_LOOP ( 'NONE', ( #519, #231, #1656, #1544 ) ) ;
#1418 = CARTESIAN_POINT ( 'NONE',  ( -100.0000000000000000, -2.999999999999999112, -55.20000000000000284 ) ) ;
#1419 = VERTEX_POINT ( 'NONE', #973 ) ;
#1420 = DIRECTION ( 'NONE',  ( 0.000000000000000000, 0.000000000000000000, -1.000000000000000000 ) ) ;
#1421 = LINE ( 'NONE', #793, #49 ) ;
#1422 = CARTESIAN_POINT ( 'NONE',  ( 100.0000000000000000, 0.000000000000000000, 55.20000000000000284 ) ) ;
#1423 = ORIENTED_EDGE ( 'NONE', *, *, #187, .T. ) ;
#1424 = ORIENTED_EDGE ( 'NONE', *, *, #408, .F. ) ;
#1425 = CARTESIAN_POINT ( 'NONE',  ( -56.00000000000000000, -3.000000000000000000, -0.000000000000000000 ) ) ;
#1426 = ADVANCED_FACE ( 'NONE', ( #1559 ), #513, .F. ) ;
#1427 = ORIENTED_EDGE ( 'NONE', *, *, #877, .F. ) ;
#1428 = DIRECTION ( 'NONE',  ( -0.000000000000000000, 1.000000000000000000, -0.000000000000000000 ) ) ;
#1429 = EDGE_CURVE ( 'NONE', #1489, #998, #1835, .T. ) ;
#1430 = VERTEX_POINT ( 'NONE', #96 ) ;
#1431 = PLANE ( 'NONE',  #1245 ) ;
#1432 = CARTESIAN_POINT ( 'NONE',  ( -84.00000000000000000, 0.000000000000000000, -54.00000000000000000 ) ) ;
#1433 = ORIENTED_EDGE ( 'NONE', *, *, #71, .F. ) ;
#1434 = ORIENTED_EDGE ( 'NONE', *, *, #332, .F. ) ;
#1435 = FACE_BOUND ( 'NONE', #1621, .T. ) ;
#1436 = EDGE_LOOP ( 'NONE', ( #329, #155, #174, #165 ) ) ;
#1437 = CARTESIAN_POINT ( 'NONE',  ( 46.00000000000000000, 0.000000000000000000, 21.00000000000000000 ) ) ;
#1438 = VERTEX_POINT ( 'NONE', #1262 ) ;
#1439 = EDGE_CURVE ( 'NONE', #1736, #1240, #542, .T. ) ;
#1440 = CIRCLE ( 'NONE', #750, 1.799999999999989164 ) ;
#1441 = ORIENTED_EDGE ( 'NONE', *, *, #1615, .T. ) ;
#1442 = PERSON_AND_ORGANIZATION ( #265, #50 ) ;
#1443 = AXIS2_PLACEMENT_3D ( 'NONE', #865, #1465, #415 ) ;
#1445 = DIRECTION ( 'NONE',  ( -1.000000000000000000, 0.000000000000000000, -0.000000000000000000 ) ) ;
#1444 = VECTOR ( 'NONE', #759, 1000.000000000000000 ) ;
#1446 = PLANE ( 'NONE',  #577 ) ;
#1447 = VECTOR ( 'NONE', #440, 1000.000000000000000 ) ;
#1448 = VECTOR ( 'NONE', #1896, 1000.000000000000000 ) ;
#1449 = VERTEX_POINT ( 'NONE', #651 ) ;
#1450 = CARTESIAN_POINT ( 'NONE',  ( -108.0000000000000000, -12.00000000000000000, 65.50000000000000000 ) ) ;
#1451 = ORIENTED_EDGE ( 'NONE', *, *, #606, .T. ) ;
#1452 = DIRECTION ( 'NONE',  ( 0.000000000000000000, 0.000000000000000000, 1.000000000000000000 ) ) ;
#1453 = ORIENTED_EDGE ( 'NONE', *, *, #1794, .T. ) ;
#1454 = VERTEX_POINT ( 'NONE', #1571 ) ;
#1455 = CALENDAR_DATE ( 2026, 26, 7 ) ;
#1456 = EDGE_CURVE ( 'NONE', #766, #1609, #237, .T. ) ;
#1457 = FACE_OUTER_BOUND ( 'NONE', #823, .T. ) ;
#1458 = CARTESIAN_POINT ( 'NONE',  ( 17.00000000000000000, -1.199999999999999956, 13.00000000000000000 ) ) ;
#1459 = DIRECTION ( 'NONE',  ( 1.000000000000000000, 0.000000000000000000, 0.000000000000000000 ) ) ;
#1460 = ORIENTED_EDGE ( 'NONE', *, *, #724, .F. ) ;
#1461 = PLANE ( 'NONE',  #113 ) ;
#1462 = ORIENTED_EDGE ( 'NONE', *, *, #826, .T. ) ;
#1463 = ORIENTED_EDGE ( 'NONE', *, *, #776, .T. ) ;
#1464 = DATE_AND_TIME ( #1614, #1602 ) ;
#1465 = DIRECTION ( 'NONE',  ( -0.000000000000000000, 0.000000000000000000, 1.000000000000000000 ) ) ;
#1466 = CARTESIAN_POINT ( 'NONE',  ( 75.00000000000000000, -1.199999999999999956, 13.00000000000000000 ) ) ;
#1467 = EDGE_CURVE ( 'NONE', #220, #975, #74, .T. ) ;
#1468 = DIRECTION ( 'NONE',  ( 1.000000000000000000, -0.000000000000000000, 0.000000000000000000 ) ) ;
#1469 = LINE ( 'NONE', #147, #659 ) ;
#1470 = ORIENTED_EDGE ( 'NONE', *, *, #1512, .T. ) ;
#1471 = LINE ( 'NONE', #1823, #876 ) ;
#1472 = DIRECTION ( 'NONE',  ( -0.000000000000000000, 1.000000000000000000, -0.000000000000000000 ) ) ;
#1473 = VECTOR ( 'NONE', #2, 1000.000000000000000 ) ;
#1474 = CIRCLE ( 'NONE', #1093, 9.250000000000003553 ) ;
#1475 = LINE ( 'NONE', #1326, #142 ) ;
#1476 = VECTOR ( 'NONE', #866, 1000.000000000000000 ) ;
#1477 = EDGE_CURVE ( 'NONE', #561, #247, #208, .T. ) ;
#1478 = EDGE_CURVE ( 'NONE', #1736, #1735, #1857, .T. ) ;
#1479 = AXIS2_PLACEMENT_3D ( 'NONE', #1357, #771, #55 ) ;
#1480 = CARTESIAN_POINT ( 'NONE',  ( -8.000000000000000000, -3.000000000000000000, -0.000000000000000000 ) ) ;
#1481 = VERTEX_POINT ( 'NONE', #1108 ) ;
#1482 = ORIENTED_EDGE ( 'NONE', *, *, #1569, .F. ) ;
#1483 = EDGE_LOOP ( 'NONE', ( #1854, #662, #1361, #1423 ) ) ;
#1484 = DIRECTION ( 'NONE',  ( 0.000000000000000000, 0.000000000000000000, -1.000000000000000000 ) ) ;
#1485 = FACE_OUTER_BOUND ( 'NONE', #521, .T. ) ;
#1486 = CYLINDRICAL_SURFACE ( 'NONE', #355, 1.799999999999989164 ) ;
#1487 = DIRECTION ( 'NONE',  ( 0.000000000000000000, -1.000000000000000000, 0.000000000000000000 ) ) ;
#1488 = EDGE_CURVE ( 'NONE', #1548, #149, #196, .T. ) ;
#1489 = VERTEX_POINT ( 'NONE', #67 ) ;
#1490 = EDGE_CURVE ( 'NONE', #111, #132, #1401, .T. ) ;
#1491 = CARTESIAN_POINT ( 'NONE',  ( 17.00000000000000000, -1.199999999999999956, 9.000000000000000000 ) ) ;
#1492 = CARTESIAN_POINT ( 'NONE',  ( -61.00000000000000000, -4.000000000000000000, 34.00000000000000000 ) ) ;
#1493 = LINE ( 'NONE', #1800, #1248 ) ;
#1494 = ORIENTED_EDGE ( 'NONE', *, *, #298, .F. ) ;
#1495 = CARTESIAN_POINT ( 'NONE',  ( -72.00000000000000000, 0.000000000000000000, -54.00000000000000000 ) ) ;
#1496 = ORIENTED_EDGE ( 'NONE', *, *, #1196, .T. ) ;
#1497 = ORIENTED_EDGE ( 'NONE', *, *, #1770, .T. ) ;
#1498 = ADVANCED_FACE ( 'NONE', ( #1239 ), #1550, .T. ) ;
#1499 = EDGE_CURVE ( 'NONE', #927, #1574, #802, .T. ) ;
#1500 = LINE ( 'NONE', #40, #1875 ) ;
#1502 = DIRECTION ( 'NONE',  ( 0.000000000000000000, 1.000000000000000000, 0.000000000000000000 ) ) ;
#1501 = VECTOR ( 'NONE', #784, 1000.000000000000000 ) ;
#1503 = FACE_BOUND ( 'NONE', #364, .T. ) ;
#1504 = CIRCLE ( 'NONE', #1158, 1.799999999999989164 ) ;
#1505 = ORIENTED_EDGE ( 'NONE', *, *, #1668, .F. ) ;
#1506 = LINE ( 'NONE', #1821, #115 ) ;
#1507 = VECTOR ( 'NONE', #182, 1000.000000000000000 ) ;
#1508 = VECTOR ( 'NONE', #1888, 1000.000000000000000 ) ;
#1509 = EDGE_LOOP ( 'NONE', ( #983, #411, #504, #1515 ) ) ;
#1510 = PLANE ( 'NONE',  #1564 ) ;
#1511 = LINE ( 'NONE', #294, #1568 ) ;
#1512 = EDGE_CURVE ( 'NONE', #778, #832, #396, .T. ) ;
#1513 = CARTESIAN_POINT ( 'NONE',  ( -8.000000000000000000, -4.000000000000000000, -30.00000000000000000 ) ) ;
#1514 = DIRECTION ( 'NONE',  ( 0.000000000000000000, 0.000000000000000000, 1.000000000000000000 ) ) ;
#1515 = ORIENTED_EDGE ( 'NONE', *, *, #661, .F. ) ;
#1516 = LINE ( 'NONE', #346, #1507 ) ;
#1517 = DIRECTION ( 'NONE',  ( 1.000000000000000000, 0.000000000000000000, 0.000000000000000000 ) ) ;
#1518 = LINE ( 'NONE', #1221, #1812 ) ;
#1519 = LINE ( 'NONE', #42, #1607 ) ;
#1520 = DIRECTION ( 'NONE',  ( 0.000000000000000000, 1.000000000000000000, 0.000000000000000000 ) ) ;
#1521 = EDGE_CURVE ( 'NONE', #341, #1736, #813, .T. ) ;
#1522 = ORIENTED_EDGE ( 'NONE', *, *, #240, .T. ) ;
#1523 = DIRECTION ( 'NONE',  ( 0.000000000000000000, 0.000000000000000000, -1.000000000000000000 ) ) ;
#1524 = ORIENTED_EDGE ( 'NONE', *, *, #1429, .F. ) ;
#1525 = CARTESIAN_POINT ( 'NONE',  ( 100.0000000000000000, -16.00000000000000000, 55.20000000000000995 ) ) ;
#1526 = LINE ( 'NONE', #808, #633 ) ;
#1527 = DIRECTION ( 'NONE',  ( 0.000000000000000000, 0.000000000000000000, 1.000000000000000000 ) ) ;
#1528 = LINE ( 'NONE', #136, #1663 ) ;
#1529 = ORIENTED_EDGE ( 'NONE', *, *, #738, .F. ) ;
#1530 = VECTOR ( 'NONE', #1037, 1000.000000000000000 ) ;
#1531 = CARTESIAN_POINT ( 'NONE',  ( 110.0000000000000000, 0.000000000000000000, -67.50000000000000000 ) ) ;
#1532 = EDGE_CURVE ( 'NONE', #1263, #1639, #1528, .T. ) ;
#1533 = AXIS2_PLACEMENT_3D ( 'NONE', #1674, #1654, #39 ) ;
#1534 = VECTOR ( 'NONE', #1275, 1000.000000000000000 ) ;
#1535 = LINE ( 'NONE', #347, #780 ) ;
#1536 = CIRCLE ( 'NONE', #697, 9.250000000000001776 ) ;
#1537 = CIRCLE ( 'NONE', #698, 9.250000000000001776 ) ;
#1538 = CARTESIAN_POINT ( 'NONE',  ( 46.00000000000000000, 0.000000000000000000, 30.25000000000000711 ) ) ;
#1539 = VERTEX_POINT ( 'NONE', #1315 ) ;
#1540 = CARTESIAN_POINT ( 'NONE',  ( 12.00000000000000000, -4.000000000000000000, -30.00000000000000000 ) ) ;
#1541 = DIRECTION ( 'NONE',  ( 0.000000000000000000, 1.000000000000000000, 0.000000000000000000 ) ) ;
#1542 = DIRECTION ( 'NONE',  ( -0.000000000000000000, 1.000000000000000000, -0.000000000000000000 ) ) ;
#1543 = EDGE_CURVE ( 'NONE', #488, #963, #127, .T. ) ;
#1544 = ORIENTED_EDGE ( 'NONE', *, *, #674, .T. ) ;
#1545 = DIRECTION ( 'NONE',  ( 0.000000000000000000, 1.000000000000000000, 0.000000000000000000 ) ) ;
#1546 = ADVANCED_FACE ( 'NONE', ( #246 ), #279, .F. ) ;
#1547 = DIRECTION ( 'NONE',  ( -0.000000000000000000, -0.000000000000000000, 1.000000000000000000 ) ) ;
#1548 = VERTEX_POINT ( 'NONE', #1148 ) ;
#1549 = CARTESIAN_POINT ( 'NONE',  ( 41.35645609474831730, 0.000000000000000000, 13.00000000000000000 ) ) ;
#1550 = PLANE ( 'NONE',  #1346 ) ;
#1551 = ORIENTED_EDGE ( 'NONE', *, *, #1101, .F. ) ;
#1552 = ORIENTED_EDGE ( 'NONE', *, *, #277, .F. ) ;
#1553 = FACE_OUTER_BOUND ( 'NONE', #203, .T. ) ;
#1554 = VERTEX_POINT ( 'NONE', #270 ) ;
#1555 = CARTESIAN_POINT ( 'NONE',  ( 50.64354390525167560, 0.000000000000000000, 13.00000000000000000 ) ) ;
#1556 = LINE ( 'NONE', #639, #1066 ) ;
#1557 = EDGE_CURVE ( 'NONE', #1249, #1884, #1739, .T. ) ;
#1558 = FACE_OUTER_BOUND ( 'NONE', #1394, .T. ) ;
#1559 = FACE_OUTER_BOUND ( 'NONE', #1846, .T. ) ;
#1560 = EDGE_LOOP ( 'NONE', ( #955, #552, #1241, #1434 ) ) ;
#1561 = FACE_BOUND ( 'NONE', #262, .T. ) ;
#1562 = ORIENTED_EDGE ( 'NONE', *, *, #1456, .F. ) ;
#1563 = CARTESIAN_POINT ( 'NONE',  ( -72.00000000000000000, -3.000000000000000000, -30.00000000000000000 ) ) ;
#1564 = AXIS2_PLACEMENT_3D ( 'NONE', #177, #761, #1355 ) ;
#1565 = VECTOR ( 'NONE', #1040, 1000.000000000000000 ) ;
#1566 = ORIENTED_EDGE ( 'NONE', *, *, #441, .F. ) ;
#1567 = APPROVAL_STATUS ( 'not_yet_approved' ) ;
#1568 = VECTOR ( 'NONE', #1337, 1000.000000000000000 ) ;
#1569 = EDGE_CURVE ( 'NONE', #1489, #111, #1536, .T. ) ;
#1570 = DIRECTION ( 'NONE',  ( 0.000000000000000000, 0.000000000000000000, -1.000000000000000000 ) ) ;
#1571 = CARTESIAN_POINT ( 'NONE',  ( -61.00000000000000000, -3.000000000000000000, 43.00000000000000000 ) ) ;
#1572 = EDGE_LOOP ( 'NONE', ( #1524, #432, #1279, #570 ) ) ;
#1573 = LINE ( 'NONE', #1425, #1345 ) ;
#1574 = VERTEX_POINT ( 'NONE', #1617 ) ;
#1575 = LINE ( 'NONE', #550, #351 ) ;
#1576 = DATE_AND_TIME ( #1455, #1186 ) ;
#1577 = MANIFOLD_SOLID_BREP ( 'Vent_Slot_6', #11 ) ;
#1578 = FACE_OUTER_BOUND ( 'NONE', #336, .T. ) ;
#1579 = LINE ( 'NONE', #1897, #1476 ) ;
#1580 = EDGE_LOOP ( 'NONE', ( #748, #553 ) ) ;
#1581 = ORIENTED_EDGE ( 'NONE', *, *, #1039, .T. ) ;
#1582 = DIRECTION ( 'NONE',  ( -0.000000000000000000, 1.000000000000000000, -0.000000000000000000 ) ) ;
#1583 = EDGE_CURVE ( 'NONE', #420, #1240, #120, .T. ) ;
#1584 = ORIENTED_EDGE ( 'NONE', *, *, #102, .T. ) ;
#1585 = LINE ( 'NONE', #684, #544 ) ;
#1586 = DIRECTION ( 'NONE',  ( -1.000000000000000000, 0.000000000000000000, -0.000000000000000000 ) ) ;
#1587 = ORIENTED_EDGE ( 'NONE', *, *, #686, .T. ) ;
#1588 = ORIENTED_EDGE ( 'NONE', *, *, #1350, .T. ) ;
#1589 = PERSON_AND_ORGANIZATION ( #265, #50 ) ;
#1590 = DIRECTION ( 'NONE',  ( -0.000000000000000000, 0.000000000000000000, 1.000000000000000000 ) ) ;
#1591 = DIRECTION ( 'NONE',  ( -0.000000000000000000, 1.000000000000000000, -0.000000000000000000 ) ) ;
#1592 = VERTEX_POINT ( 'NONE', #1001 ) ;
#1593 = CARTESIAN_POINT ( 'NONE',  ( -108.0000000000000000, -12.00000000000000000, 67.50000000000000000 ) ) ;
#1594 = ORIENTED_EDGE ( 'NONE', *, *, #1179, .F. ) ;
#1595 = CARTESIAN_POINT ( 'NONE',  ( -0.000000000000000000, -3.000000000000000000, -30.00000000000000000 ) ) ;
#1596 = ORIENTED_EDGE ( 'NONE', *, *, #648, .T. ) ;
#1597 = ADVANCED_FACE ( 'NONE', ( #706, #1913 ), #416, .T. ) ;
#1598 = VECTOR ( 'NONE', #1209, 1000.000000000000000 ) ;
#1599 = ORIENTED_EDGE ( 'NONE', *, *, #1050, .T. ) ;
#1600 = APPROVAL_STATUS ( 'not_yet_approved' ) ;
#1601 = AXIS2_PLACEMENT_3D ( 'NONE', #541, #1295, #1445 ) ;
#1602 = LOCAL_TIME ( 17, 24, 16.00000000000000000, #283 ) ;
#1604 = FACE_OUTER_BOUND ( 'NONE', #1304, .T. ) ;
#1603 = VECTOR ( 'NONE', #21, 1000.000000000000000 ) ;
#1605 = DIRECTION ( 'NONE',  ( -0.000000000000000000, 1.000000000000000000, -0.000000000000000000 ) ) ;
#1606 = VECTOR ( 'NONE', #962, 1000.000000000000000 ) ;
#1607 = VECTOR ( 'NONE', #1054, 1000.000000000000000 ) ;
#1608 = CARTESIAN_POINT ( 'NONE',  ( 17.00000000000000000, 0.000000000000000000, 13.00000000000000000 ) ) ;
#1609 = VERTEX_POINT ( 'NONE', #1432 ) ;
#1610 = CARTESIAN_POINT ( 'NONE',  ( 17.00000000000000000, 0.000000000000000000, 13.00000000000000000 ) ) ;
#1611 = ORIENTED_EDGE ( 'NONE', *, *, #1816, .F. ) ;
#1612 = VERTEX_POINT ( 'NONE', #1306 ) ;
#1613 = ORIENTED_EDGE ( 'NONE', *, *, #491, .F. ) ;
#1614 = CALENDAR_DATE ( 2026, 26, 7 ) ;
#1615 = EDGE_CURVE ( 'NONE', #652, #871, #1695, .T. ) ;
#1616 = CARTESIAN_POINT ( 'NONE',  ( -84.00000000000000000, -4.000000000000000000, -30.00000000000000000 ) ) ;
#1617 = CARTESIAN_POINT ( 'NONE',  ( 12.00000000000000000, 0.000000000000000000, -54.00000000000000000 ) ) ;
#1618 = DIRECTION ( 'NONE',  ( 0.000000000000000000, 0.000000000000000000, -1.000000000000000000 ) ) ;
#1619 = DIRECTION ( 'NONE',  ( -0.000000000000000000, 1.000000000000000000, -0.000000000000000000 ) ) ;
#1620 = EDGE_LOOP ( 'NONE', ( #1385, #1588, #26, #987 ) ) ;
#1621 = EDGE_LOOP ( 'NONE', ( #62, #461 ) ) ;
#1622 = DIRECTION ( 'NONE',  ( -0.000000000000000000, 0.000000000000000000, 1.000000000000000000 ) ) ;
#1623 = DIRECTION ( 'NONE',  ( 1.000000000000000000, 0.000000000000000000, 0.000000000000000000 ) ) ;
#1624 = EDGE_CURVE ( 'NONE', #87, #728, #587, .T. ) ;
#1625 = FACE_OUTER_BOUND ( 'NONE', #1256, .T. ) ;
#1626 = CYLINDRICAL_SURFACE ( 'NONE', #726, 9.250000000000005329 ) ;
#1627 = ORIENTED_EDGE ( 'NONE', *, *, #1644, .T. ) ;
#1628 = VERTEX_POINT ( 'NONE', #1297 ) ;
#1629 = LINE ( 'NONE', #1790, #1189 ) ;
#1630 = AXIS2_PLACEMENT_3D ( 'NONE', #63, #1804, #1324 ) ;
#1631 = EDGE_CURVE ( 'NONE', #584, #1082, #1579, .T. ) ;
#1632 = DIRECTION ( 'NONE',  ( 1.000000000000000000, 0.000000000000000000, -0.000000000000000000 ) ) ;
#1633 = LINE ( 'NONE', #138, #1246 ) ;
#1634 = CIRCLE ( 'NONE', #18, 9.250000000000001776 ) ;
#1635 = AXIS2_PLACEMENT_3D ( 'NONE', #932, #1380, #531 ) ;
#1636 = EDGE_CURVE ( 'NONE', #1089, #1454, #173, .T. ) ;
#1637 = AXIS2_PLACEMENT_3D ( 'NONE', #159, #319, #745 ) ;
#1638 = LINE ( 'NONE', #1301, #629 ) ;
#1639 = VERTEX_POINT ( 'NONE', #1772 ) ;
#1640 = LINE ( 'NONE', #13, #977 ) ;
#1641 = CARTESIAN_POINT ( 'NONE',  ( 100.0000000000000000, -2.999999999999999112, 58.79999999999999716 ) ) ;
#1642 = DIRECTION ( 'NONE',  ( -0.000000000000000000, 0.000000000000000000, 1.000000000000000000 ) ) ;
#1643 = CARTESIAN_POINT ( 'NONE',  ( -108.0000000000000000, -12.00000000000000000, -65.50000000000000000 ) ) ;
#1644 = EDGE_CURVE ( 'NONE', #617, #1671, #572, .T. ) ;
#1645 = EDGE_LOOP ( 'NONE', ( #991, #3, #1901, #1293 ) ) ;
#1646 = ORIENTED_EDGE ( 'NONE', *, *, #953, .F. ) ;
#1647 = FACE_OUTER_BOUND ( 'NONE', #1560, .T. ) ;
#1648 = LINE ( 'NONE', #1339, #509 ) ;
#1649 = CARTESIAN_POINT ( 'NONE',  ( -84.00000000000000000, 0.000000000000000000, -30.00000000000000000 ) ) ;
#1650 = FACE_BOUND ( 'NONE', #1009, .T. ) ;
#1651 = CARTESIAN_POINT ( 'NONE',  ( -12.00000000000000000, -3.000000000000000000, -0.000000000000000000 ) ) ;
#1652 = EDGE_CURVE ( 'NONE', #1735, #420, #106, .T. ) ;
#1653 = ORIENTED_EDGE ( 'NONE', *, *, #359, .F. ) ;
#1654 = DIRECTION ( 'NONE',  ( -0.000000000000000000, 0.000000000000000000, 1.000000000000000000 ) ) ;
#1655 = DIRECTION ( 'NONE',  ( 1.000000000000000000, 0.000000000000000000, 0.000000000000000000 ) ) ;
#1656 = ORIENTED_EDGE ( 'NONE', *, *, #213, .F. ) ;
#1658 = CARTESIAN_POINT ( 'NONE',  ( 17.00000000000000000, 0.000000000000000000, 9.000000000000000000 ) ) ;
#1657 = AXIS2_PLACEMENT_3D ( 'NONE', #1365, #1693, #928 ) ;
#1659 = DIRECTION ( 'NONE',  ( -0.000000000000000000, 1.000000000000000000, -0.000000000000000000 ) ) ;
#1660 = AXIS2_PLACEMENT_3D ( 'NONE', #985, #1839, #546 ) ;
#1661 = ORIENTED_EDGE ( 'NONE', *, *, #1254, .T. ) ;
#1662 = CARTESIAN_POINT ( 'NONE',  ( -8.000000000000000000, 0.000000000000000000, -30.00000000000000000 ) ) ;
#1663 = VECTOR ( 'NONE', #1605, 1000.000000000000000 ) ;
#1664 = VECTOR ( 'NONE', #1906, 1000.000000000000000 ) ;
#1665 = ORIENTED_EDGE ( 'NONE', *, *, #286, .F. ) ;
#1666 = CARTESIAN_POINT ( 'NONE',  ( 46.00000000000000000, -4.000000000000000000, 21.00000000000000000 ) ) ;
#1667 = CARTESIAN_POINT ( 'NONE',  ( -100.0000000000000000, -2.999999999999999112, 57.00000000000000000 ) ) ;
#1668 = EDGE_CURVE ( 'NONE', #1134, #599, #1325, .T. ) ;
#1669 = LINE ( 'NONE', #334, #940 ) ;
#1670 = CARTESIAN_POINT ( 'NONE',  ( 46.00000000000000000, 0.000000000000000000, 47.00000000000000000 ) ) ;
#1671 = VERTEX_POINT ( 'NONE', #1758 ) ;
#1672 = DIRECTION ( 'NONE',  ( 0.000000000000000000, 0.000000000000000000, -1.000000000000000000 ) ) ;
#1673 = ORIENTED_EDGE ( 'NONE', *, *, #800, .T. ) ;
#1674 = CARTESIAN_POINT ( 'NONE',  ( -60.00000000000000000, -4.000000000000000000, -30.00000000000000000 ) ) ;
#1675 = CARTESIAN_POINT ( 'NONE',  ( 16.00000000000000000, -3.000000000000000000, -30.00000000000000000 ) ) ;
#1676 = VERTEX_POINT ( 'NONE', #428 ) ;
#1677 = ADVANCED_FACE ( 'NONE', ( #990 ), #1013, .F. ) ;
#1678 = ADVANCED_FACE ( 'NONE', ( #842 ), #1446, .F. ) ;
#1679 = FACE_OUTER_BOUND ( 'NONE', #1417, .T. ) ;
#1680 = FACE_OUTER_BOUND ( 'NONE', #1703, .T. ) ;
#1681 = LINE ( 'NONE', #635, #782 ) ;
#1682 = ORIENTED_EDGE ( 'NONE', *, *, #71, .T. ) ;
#1683 = CARTESIAN_POINT ( 'NONE',  ( -100.0000000000000000, -2.999999999999999112, 55.20000000000000284 ) ) ;
#1684 = LINE ( 'NONE', #1817, #1320 ) ;
#1685 = LINE ( 'NONE', #207, #1376 ) ;
#1686 = LINE ( 'NONE', #217, #783 ) ;
#1687 = EDGE_CURVE ( 'NONE', #1609, #38, #1511, .T. ) ;
#1688 = CIRCLE ( 'NONE', #1096, 1.799999999999989164 ) ;
#1689 = DIRECTION ( 'NONE',  ( -0.000000000000000000, 1.000000000000000000, -0.000000000000000000 ) ) ;
#1690 = CIRCLE ( 'NONE', #600, 9.250000000000003553 ) ;
#1691 = EDGE_CURVE ( 'NONE', #1539, #1294, #910, .T. ) ;
#1692 = ORIENTED_EDGE ( 'NONE', *, *, #877, .T. ) ;
#1693 = DIRECTION ( 'NONE',  ( -0.000000000000000000, 1.000000000000000000, -0.000000000000000000 ) ) ;
#1694 = DIRECTION ( 'NONE',  ( 0.000000000000000000, 1.000000000000000000, 0.000000000000000000 ) ) ;
#1695 = CIRCLE ( 'NONE', #1785, 9.000000000000001776 ) ;
#1696 = VECTOR ( 'NONE', #1352, 1000.000000000000000 ) ;
#1697 = APPLICATION_PROTOCOL_DEFINITION ( 'international standard', 'config_control_design', 1994, #589 ) ;
#1698 = CARTESIAN_POINT ( 'NONE',  ( -60.00000000000000000, 0.000000000000000000, -54.00000000000000000 ) ) ;
#1699 = DIRECTION ( 'NONE',  ( -0.000000000000000000, 1.000000000000000000, -0.000000000000000000 ) ) ;
#1700 = ORIENTED_EDGE ( 'NONE', *, *, #1488, .F. ) ;
#1701 = ORIENTED_EDGE ( 'NONE', *, *, #791, .T. ) ;
#1702 = CARTESIAN_POINT ( 'NONE',  ( -61.00000000000000000, -3.000000000000000000, 25.00000000000000000 ) ) ;
#1703 = EDGE_LOOP ( 'NONE', ( #1055, #289, #314, #1235, #1347, #1566, #1733 ) ) ;
#1704 = DIRECTION ( 'NONE',  ( 0.000000000000000000, 0.000000000000000000, -1.000000000000000000 ) ) ;
#1705 = EDGE_CURVE ( 'NONE', #1454, #871, #6, .T. ) ;
#1706 = ORIENTED_EDGE ( 'NONE', *, *, #594, .T. ) ;
#1707 = DIRECTION ( 'NONE',  ( -1.000000000000000000, -0.000000000000000000, -0.000000000000000000 ) ) ;
#1708 = CARTESIAN_POINT ( 'NONE',  ( 12.00000000000000000, -4.000000000000000000, -54.00000000000000000 ) ) ;
#1709 = ORIENTED_EDGE ( 'NONE', *, *, #441, .T. ) ;
#1710 = DIRECTION ( 'NONE',  ( 0.000000000000000000, -0.000000000000000000, -1.000000000000000000 ) ) ;
#1711 = CARTESIAN_POINT ( 'NONE',  ( -72.00000000000000000, -4.000000000000000000, -54.00000000000000000 ) ) ;
#1712 = EDGE_CURVE ( 'NONE', #1893, #1413, #1500, .T. ) ;
#1713 = ORIENTED_EDGE ( 'NONE', *, *, #826, .F. ) ;
#1714 = APPLICATION_PROTOCOL_DEFINITION ( 'international standard', 'config_control_design', 1994, #1379 ) ;
#1715 = LINE ( 'NONE', #1411, #1034 ) ;
#1716 = DIRECTION ( 'NONE',  ( 1.000000000000000000, -0.000000000000000000, 0.000000000000000000 ) ) ;
#1717 = ORIENTED_EDGE ( 'NONE', *, *, #911, .T. ) ;
#1718 = LINE ( 'NONE', #98, #1809 ) ;
#1719 = CARTESIAN_POINT ( 'NONE',  ( 75.00000000000000000, 0.000000000000000000, 13.00000000000000000 ) ) ;
#1720 = CC_DESIGN_APPROVAL ( #660, ( #12 ) ) ;
#1721 = VECTOR ( 'NONE', #407, 1000.000000000000000 ) ;
#1722 = EDGE_LOOP ( 'NONE', ( #1139, #28, #1584, #1820 ) ) ;
#1723 = ORIENTED_EDGE ( 'NONE', *, *, #277, .T. ) ;
#1724 = PERSON_AND_ORGANIZATION_ROLE ( 'classification_officer' ) ;
#1725 = VECTOR ( 'NONE', #1026, 1000.000000000000000 ) ;
#1726 = CIRCLE ( 'NONE', #1635, 1.799999999999989164 ) ;
#1727 = DIRECTION ( 'NONE',  ( 0.000000000000000000, 1.000000000000000000, 0.000000000000000000 ) ) ;
#1728 = EDGE_CURVE ( 'NONE', #1592, #890, #1629, .T. ) ;
#1729 = DIRECTION ( 'NONE',  ( -0.000000000000000000, 1.000000000000000000, -0.000000000000000000 ) ) ;
#1730 = ORIENTED_EDGE ( 'NONE', *, *, #1102, .F. ) ;
#1731 = VERTEX_POINT ( 'NONE', #1798 ) ;
#1732 = LINE ( 'NONE', #965, #448 ) ;
#1733 = ORIENTED_EDGE ( 'NONE', *, *, #993, .F. ) ;
#1734 = CARTESIAN_POINT ( 'NONE',  ( 100.0000000000000000, 0.000000000000000000, -55.20000000000000995 ) ) ;
#1735 = VERTEX_POINT ( 'NONE', #178 ) ;
#1736 = VERTEX_POINT ( 'NONE', #167 ) ;
#1737 = PERSON_AND_ORGANIZATION ( #265, #50 ) ;
#1738 = DIRECTION ( 'NONE',  ( 1.000000000000000000, 0.000000000000000000, 0.000000000000000000 ) ) ;
#1739 = LINE ( 'NONE', #713, #449 ) ;
#1740 = EDGE_CURVE ( 'NONE', #1089, #652, #1193, .T. ) ;
#1741 = EDGE_CURVE ( 'NONE', #94, #1407, #150, .T. ) ;
#1742 = EDGE_LOOP ( 'NONE', ( #1627, #835, #711, #409 ) ) ;
#1743 = CARTESIAN_POINT ( 'NONE',  ( 108.0000000000000000, -3.000000000000000000, -65.50000000000000000 ) ) ;
#1744 = ORIENTED_EDGE ( 'NONE', *, *, #537, .T. ) ;
#1745 = DIRECTION ( 'NONE',  ( 0.000000000000000000, 0.000000000000000000, -1.000000000000000000 ) ) ;
#1746 = EDGE_LOOP ( 'NONE', ( #412, #668, #543, #1789 ) ) ;
#1747 = EDGE_LOOP ( 'NONE', ( #634, #1462, #805, #1838 ) ) ;
#1748 = FACE_OUTER_BOUND ( 'NONE', #824, .T. ) ;
#1749 = CARTESIAN_POINT ( 'NONE',  ( -68.00000000000000000, -3.000000000000000000, -0.000000000000000000 ) ) ;
#1750 = CARTESIAN_POINT ( 'NONE',  ( -100.0000000000000000, -16.00000000000000000, -55.20000000000000995 ) ) ;
#1751 = CARTESIAN_POINT ( 'NONE',  ( -84.00000000000000000, -4.000000000000000000, -30.00000000000000000 ) ) ;
#1752 = EDGE_CURVE ( 'NONE', #1826, #1731, #739, .T. ) ;
#1753 = ORIENTED_EDGE ( 'NONE', *, *, #1456, .T. ) ;
#1754 = AXIS2_PLACEMENT_3D ( 'NONE', #1513, #595, #892 ) ;
#1755 = DATE_TIME_ROLE ( 'creation_date' ) ;
#1757 = DIRECTION ( 'NONE',  ( 0.000000000000000000, 0.000000000000000000, -1.000000000000000000 ) ) ;
#1756 = VECTOR ( 'NONE', #1032, 1000.000000000000000 ) ;
#1758 = CARTESIAN_POINT ( 'NONE',  ( -108.0000000000000000, -2.999999999999999112, 65.50000000000000000 ) ) ;
#1759 = VECTOR ( 'NONE', #481, 1000.000000000000000 ) ;
#1760 = CARTESIAN_POINT ( 'NONE',  ( 12.00000000000000000, -3.000000000000000000, 0.000000000000000000 ) ) ;
#1761 = LINE ( 'NONE', #1595, #1185 ) ;
#1762 = ORIENTED_EDGE ( 'NONE', *, *, #1824, .F. ) ;
#1763 = EDGE_CURVE ( 'NONE', #1671, #420, #1330, .T. ) ;
#1764 = DATE_AND_TIME ( #104, #43 ) ;
#1765 = LINE ( 'NONE', #562, #384 ) ;
#1766 = DIRECTION ( 'NONE',  ( 0.000000000000000000, 0.000000000000000000, -1.000000000000000000 ) ) ;
#1767 = LINE ( 'NONE', #1750, #1060 ) ;
#1768 = CARTESIAN_POINT ( 'NONE',  ( 108.0000000000000000, -12.00000000000000000, 67.50000000000000000 ) ) ;
#1769 = ORIENTED_EDGE ( 'NONE', *, *, #776, .F. ) ;
#1770 = EDGE_CURVE ( 'NONE', #529, #1612, #1518, .T. ) ;
#1771 = CARTESIAN_POINT ( 'NONE',  ( -110.0000000000000000, -3.000000000000000000, 67.50000000000000000 ) ) ;
#1772 = CARTESIAN_POINT ( 'NONE',  ( -100.0000000000000000, 0.000000000000000000, -58.79999999999999716 ) ) ;
#1773 = EDGE_CURVE ( 'NONE', #1138, #206, #451, .T. ) ;
#1774 = CARTESIAN_POINT ( 'NONE',  ( -60.00000000000000000, 0.000000000000000000, -30.00000000000000000 ) ) ;
#1775 = LINE ( 'NONE', #1450, #970 ) ;
#1776 = LINE ( 'NONE', #444, #1756 ) ;
#1777 = ORIENTED_EDGE ( 'NONE', *, *, #1687, .F. ) ;
#1778 = CIRCLE ( 'NONE', #1002, 9.250000000000001776 ) ;
#1779 = CARTESIAN_POINT ( 'NONE',  ( -0.000000000000000000, -3.000000000000000000, 65.50000000000000000 ) ) ;
#1780 = AXIS2_PLACEMENT_3D ( 'NONE', #851, #568, #1452 ) ;
#1781 = AXIS2_PLACEMENT_3D ( 'NONE', #1898, #1144, #847 ) ;
#1782 = EDGE_CURVE ( 'NONE', #1249, #1893, #81, .T. ) ;
#1783 = DIRECTION ( 'NONE',  ( 0.000000000000000000, 0.000000000000000000, 1.000000000000000000 ) ) ;
#1784 = LINE ( 'NONE', #747, #293 ) ;
#1785 = AXIS2_PLACEMENT_3D ( 'NONE', #563, #1022, #982 ) ;
#1786 = VECTOR ( 'NONE', #712, 1000.000000000000000 ) ;
#1787 = DIRECTION ( 'NONE',  ( -0.000000000000000000, 0.000000000000000000, 1.000000000000000000 ) ) ;
#1788 = EDGE_LOOP ( 'NONE', ( #692, #968, #164, #1850 ) ) ;
#1789 = ORIENTED_EDGE ( 'NONE', *, *, #1852, .F. ) ;
#1790 = CARTESIAN_POINT ( 'NONE',  ( 16.00000000000000000, 0.000000000000000000, -30.00000000000000000 ) ) ;
#1791 = CARTESIAN_POINT ( 'NONE',  ( 100.0000000000000000, 0.000000000000000000, 57.00000000000000000 ) ) ;
#1792 = DIRECTION ( 'NONE',  ( 0.000000000000000000, -1.000000000000000000, 0.000000000000000000 ) ) ;
#1793 = CC_DESIGN_DATE_AND_TIME_ASSIGNMENT ( #688, #414, ( #942 ) ) ;
#1794 = EDGE_CURVE ( 'NONE', #92, #584, #1131, .T. ) ;
#1795 = DIRECTION ( 'NONE',  ( 0.000000000000000000, 0.000000000000000000, 1.000000000000000000 ) ) ;
#1796 = EDGE_LOOP ( 'NONE', ( #1706, #372, #1441, #198 ) ) ;
#1797 = ORIENTED_EDGE ( 'NONE', *, *, #1205, .F. ) ;
#1798 = CARTESIAN_POINT ( 'NONE',  ( 110.0000000000000000, 0.000000000000000000, 67.50000000000000000 ) ) ;
#1799 = CARTESIAN_POINT ( 'NONE',  ( 100.0000000000000000, 0.000000000000000000, -58.79999999999999716 ) ) ;
#1800 = CARTESIAN_POINT ( 'NONE',  ( -80.00000000000000000, -3.000000000000000000, -0.000000000000000000 ) ) ;
#1801 = CYLINDRICAL_SURFACE ( 'NONE', #696, 9.250000000000001776 ) ;
#1802 = EDGE_CURVE ( 'NONE', #333, #529, #1036, .T. ) ;
#1803 = EDGE_LOOP ( 'NONE', ( #1797, #1777, #151, #218 ) ) ;
#1804 = DIRECTION ( 'NONE',  ( 1.000000000000000000, 0.000000000000000000, 0.000000000000000000 ) ) ;
#1805 = DIRECTION ( 'NONE',  ( 0.000000000000000000, -1.000000000000000000, 0.000000000000000000 ) ) ;
#1807 = LINE ( 'NONE', #1658, #1696 ) ;
#1806 = VECTOR ( 'NONE', #828, 1000.000000000000000 ) ;
#1808 = PLANE ( 'NONE',  #200 ) ;
#1809 = VECTOR ( 'NONE', #1088, 1000.000000000000000 ) ;
#1810 = ORIENTED_EDGE ( 'NONE', *, *, #1140, .F. ) ;
#1811 = DIRECTION ( 'NONE',  ( -0.000000000000000000, 1.000000000000000000, -0.000000000000000000 ) ) ;
#1812 = VECTOR ( 'NONE', #619, 1000.000000000000000 ) ;
#1813 = VECTOR ( 'NONE', #1378, 1000.000000000000000 ) ;
#1814 = FACE_OUTER_BOUND ( 'NONE', #401, .T. ) ;
#1815 = EDGE_CURVE ( 'NONE', #1574, #935, #920, .T. ) ;
#1816 = EDGE_CURVE ( 'NONE', #1867, #392, #1640, .T. ) ;
#1817 = CARTESIAN_POINT ( 'NONE',  ( 4.000000000000000000, -4.000000000000000000, -30.00000000000000000 ) ) ;
#1818 = FACE_OUTER_BOUND ( 'NONE', #1109, .T. ) ;
#1819 = FACE_BOUND ( 'NONE', #1122, .T. ) ;
#1820 = ORIENTED_EDGE ( 'NONE', *, *, #1490, .F. ) ;
#1821 = CARTESIAN_POINT ( 'NONE',  ( -72.00000000000000000, -3.000000000000000000, -0.000000000000000000 ) ) ;
#1822 = VERTEX_POINT ( 'NONE', #1491 ) ;
#1823 = CARTESIAN_POINT ( 'NONE',  ( -12.00000000000000000, 0.000000000000000000, -54.00000000000000000 ) ) ;
#1824 = EDGE_CURVE ( 'NONE', #1082, #1334, #233, .T. ) ;
#1825 = VERTEX_POINT ( 'NONE', #762 ) ;
#1826 = VERTEX_POINT ( 'NONE', #460 ) ;
#1827 = CARTESIAN_POINT ( 'NONE',  ( 0.000000000000000000, -3.000000000000000000, -54.00000000000000000 ) ) ;
#1828 = ADVANCED_FACE ( 'NONE', ( #1647 ), #899, .F. ) ;
#1829 = CARTESIAN_POINT ( 'NONE',  ( 100.0000000000000000, -16.00000000000000000, -58.79999999999999005 ) ) ;
#1830 = VERTEX_POINT ( 'NONE', #1675 ) ;
#1831 = DIRECTION ( 'NONE',  ( -0.000000000000000000, 0.000000000000000000, 1.000000000000000000 ) ) ;
#1832 = ORIENTED_EDGE ( 'NONE', *, *, #921, .T. ) ;
#1833 = CARTESIAN_POINT ( 'NONE',  ( -61.00000000000000000, -3.000000000000000000, 34.00000000000000000 ) ) ;
#1834 = DIRECTION ( 'NONE',  ( 1.000000000000000000, 0.000000000000000000, 0.000000000000000000 ) ) ;
#1835 = LINE ( 'NONE', #1251, #517 ) ;
#1836 = ORIENTED_EDGE ( 'NONE', *, *, #225, .T. ) ;
#1837 = EDGE_CURVE ( 'NONE', #1867, #181, #64, .T. ) ;
#1838 = ORIENTED_EDGE ( 'NONE', *, *, #704, .F. ) ;
#1839 = DIRECTION ( 'NONE',  ( 0.000000000000000000, 1.000000000000000000, 0.000000000000000000 ) ) ;
#1840 = VECTOR ( 'NONE', #981, 1000.000000000000000 ) ;
#1841 = CIRCLE ( 'NONE', #170, 9.250000000000005329 ) ;
#1842 = ORIENTED_EDGE ( 'NONE', *, *, #1488, .T. ) ;
#1843 = DIRECTION ( 'NONE',  ( 0.000000000000000000, 0.000000000000000000, 1.000000000000000000 ) ) ;
#1844 = VECTOR ( 'NONE', #1541, 1000.000000000000000 ) ;
#1845 = PERSON_AND_ORGANIZATION ( #265, #50 ) ;
#1846 = EDGE_LOOP ( 'NONE', ( #860, #1152, #1292, #1053 ) ) ;
#1847 = DIRECTION ( 'NONE',  ( 0.000000000000000000, -1.000000000000000000, 0.000000000000000000 ) ) ;
#1848 = VERTEX_POINT ( 'NONE', #954 ) ;
#1849 = DIRECTION ( 'NONE',  ( 0.000000000000000000, 0.000000000000000000, -1.000000000000000000 ) ) ;
#1850 = ORIENTED_EDGE ( 'NONE', *, *, #51, .F. ) ;
#1851 = FACE_BOUND ( 'NONE', #1803, .T. ) ;
#1852 = EDGE_CURVE ( 'NONE', #561, #220, #1556, .T. ) ;
#1853 = DIRECTION ( 'NONE',  ( 0.000000000000000000, 1.000000000000000000, 0.000000000000000000 ) ) ;
#1854 = ORIENTED_EDGE ( 'NONE', *, *, #537, .F. ) ;
#1855 = CARTESIAN_POINT ( 'NONE',  ( 0.000000000000000000, -4.000000000000000000, -30.00000000000000000 ) ) ;
#1856 = DIRECTION ( 'NONE',  ( 0.000000000000000000, 0.000000000000000000, 1.000000000000000000 ) ) ;
#1857 = LINE ( 'NONE', #1381, #1410 ) ;
#1858 = EDGE_LOOP ( 'NONE', ( #1200, #1192, #350, #1061 ) ) ;
#1859 = ORIENTED_EDGE ( 'NONE', *, *, #606, .F. ) ;
#1860 = LINE ( 'NONE', #673, #1161 ) ;
#1861 = LINE ( 'NONE', #1277, #14 ) ;
#1862 = ORIENTED_EDGE ( 'NONE', *, *, #1615, .F. ) ;
#1863 = EDGE_CURVE ( 'NONE', #975, #1154, #1684, .T. ) ;
#1864 = EDGE_LOOP ( 'NONE', ( #694, #1177, #506, #1911 ) ) ;
#1865 = LINE ( 'NONE', #1129, #1370 ) ;
#1866 = DIRECTION ( 'NONE',  ( 1.000000000000000000, 0.000000000000000000, 0.000000000000000000 ) ) ;
#1867 = VERTEX_POINT ( 'NONE', #1115 ) ;
#1868 = ORIENTED_EDGE ( 'NONE', *, *, #1237, .T. ) ;
#1869 = PLANE ( 'NONE',  #1005 ) ;
#1870 = ORIENTED_EDGE ( 'NONE', *, *, #592, .F. ) ;
#1871 = DIRECTION ( 'NONE',  ( -0.000000000000000000, 1.000000000000000000, -0.000000000000000000 ) ) ;
#1872 = VECTOR ( 'NONE', #1267, 1000.000000000000000 ) ;
#1873 = AXIS2_PLACEMENT_3D ( 'NONE', #1593, #1468, #1618 ) ;
#1874 = ORIENTED_EDGE ( 'NONE', *, *, #897, .F. ) ;
#1875 = VECTOR ( 'NONE', #1349, 1000.000000000000000 ) ;
#1876 = AXIS2_PLACEMENT_3D ( 'NONE', #812, #1834, #84 ) ;
#1877 = EDGE_CURVE ( 'NONE', #890, #1574, #1526, .T. ) ;
#1878 = CARTESIAN_POINT ( 'NONE',  ( -8.000000000000000000, 0.000000000000000000, -30.00000000000000000 ) ) ;
#1879 = DIRECTION ( 'NONE',  ( -0.000000000000000000, 1.000000000000000000, -0.000000000000000000 ) ) ;
#1880 = ORIENTED_EDGE ( 'NONE', *, *, #1075, .T. ) ;
#1881 = DIRECTION ( 'NONE',  ( -0.000000000000000000, 1.000000000000000000, -0.000000000000000000 ) ) ;
#1882 = ORIENTED_EDGE ( 'NONE', *, *, #1837, .T. ) ;
#1883 = DIRECTION ( 'NONE',  ( 0.000000000000000000, -1.000000000000000000, 0.000000000000000000 ) ) ;
#1884 = VERTEX_POINT ( 'NONE', #1538 ) ;
#1885 = PERSON_AND_ORGANIZATION_ROLE ( 'creator' ) ;
#1886 = EDGE_CURVE ( 'NONE', #458, #1554, #792, .T. ) ;
#1887 = DIRECTION ( 'NONE',  ( -0.000000000000000000, 0.000000000000000000, 1.000000000000000000 ) ) ;
#1888 = DIRECTION ( 'NONE',  ( 0.000000000000000000, 1.000000000000000000, 0.000000000000000000 ) ) ;
#1889 = EDGE_CURVE ( 'NONE', #701, #569, #490, .T. ) ;
#1890 = CARTESIAN_POINT ( 'NONE',  ( 100.0000000000000000, -16.00000000000000000, -57.00000000000000000 ) ) ;
#1891 = ORIENTED_EDGE ( 'NONE', *, *, #1687, .T. ) ;
#1892 = CARTESIAN_POINT ( 'NONE',  ( -60.00000000000000000, -3.000000000000000000, -30.00000000000000000 ) ) ;
#1893 = VERTEX_POINT ( 'NONE', #930 ) ;
#1894 = VERTEX_POINT ( 'NONE', #1389 ) ;
#1895 = VERTEX_POINT ( 'NONE', #508 ) ;
#1896 = DIRECTION ( 'NONE',  ( 1.000000000000000000, 0.000000000000000000, 0.000000000000000000 ) ) ;
#1897 = CARTESIAN_POINT ( 'NONE',  ( -100.0000000000000000, -16.00000000000000000, 55.20000000000000995 ) ) ;
#1898 = CARTESIAN_POINT ( 'NONE',  ( -108.0000000000000000, -12.00000000000000000, 65.50000000000000000 ) ) ;
#1899 = EDGE_CURVE ( 'NONE', #625, #1263, #1377, .T. ) ;
#1900 = DIRECTION ( 'NONE',  ( 1.000000000000000000, 0.000000000000000000, 0.000000000000000000 ) ) ;
#1901 = ORIENTED_EDGE ( 'NONE', *, *, #960, .F. ) ;
#1902 = AXIS2_PLACEMENT_3D ( 'NONE', #489, #339, #143 ) ;
#1903 = VECTOR ( 'NONE', #733, 1000.000000000000000 ) ;
#1905 = DIRECTION ( 'NONE',  ( -1.000000000000000000, 0.000000000000000000, -0.000000000000000000 ) ) ;
#1904 = VECTOR ( 'NONE', #1879, 1000.000000000000000 ) ;
#1906 = DIRECTION ( 'NONE',  ( 0.000000000000000000, 0.000000000000000000, -1.000000000000000000 ) ) ;
#1907 = APPROVAL_PERSON_ORGANIZATION ( #377, #660, #235 ) ;
#1908 = CARTESIAN_POINT ( 'NONE',  ( -100.0000000000000000, -2.999999999999999112, -58.79999999999999716 ) ) ;
#1909 = CARTESIAN_POINT ( 'NONE',  ( 46.00000000000000000, -4.000000000000000000, 21.00000000000000000 ) ) ;
#1910 = EDGE_CURVE ( 'NONE', #774, #1825, #1228, .T. ) ;
#1911 = ORIENTED_EDGE ( 'NONE', *, *, #1889, .F. ) ;
#1912 = DIRECTION ( 'NONE',  ( -0.000000000000000000, 1.000000000000000000, -0.000000000000000000 ) ) ;
#1913 = FACE_BOUND ( 'NONE', #1436, .T. ) ;
ENDSEC;
END-ISO-10303-21;
